range	title	id	is_folder	createdTime	modifiedTime
0000-0999	0966	1R0c2j8d_q0VIVYZjRqzZFNXshlgEHc6T	TRUE	2026-06-19T01:45:48.291Z	2026-09-07T05:12:20.825Z
0000-0999	0946	16SD0zle7Zk4XTedB7islpvEQlxazeo8c	TRUE	2026-06-19T01:45:48.247Z	2026-09-07T05:12:20.822Z
0000-0999	0841	1O_hFCkZYcgEdU2wtKAgvvJL4eRRAruKs	TRUE	2026-06-19T01:45:48.184Z	2026-09-07T05:12:20.817Z
0000-0999	0823	1kg__sgPWyjep7QrXg4J9b9VvNlcojEFA	TRUE	2026-06-19T01:45:48.147Z	2026-09-07T05:12:20.810Z
0000-0999	0814	12JJsdWVQpxJ2Bubj_tnr3Z9_C7BSEmKy	TRUE	2026-06-19T01:45:48.211Z	2026-09-07T05:12:22.593Z
0000-0999	0635	1CVVCVlJ7zBjT2XorGYy5lESVd2IfHjBW	TRUE	2026-06-19T01:45:48.154Z	2026-09-07T05:12:20.805Z
0000-0999	0634	1mwtv4LGi26NCRkBhEwgiTDRyJn3yuUT3	TRUE	2026-06-19T01:45:48.225Z	2026-09-07T05:12:20.801Z
0000-0999	0947	1v7aeyCKlugiWVotRqlUQJJms64aX4E0b	TRUE	2026-06-19T01:45:48.181Z	2026-08-09T07:01:04.783Z
0000-0999	0922	1gN5yGM4PATT7H8RNyYvZuCte3RyV60h4	TRUE	2026-06-19T01:45:48.259Z	2026-08-09T06:59:56.673Z
0000-0999	0898	140P9f5W5dNgfdYofo9x0Zrc7Qc03YZxZ	TRUE	2026-06-19T01:45:48.168Z	2026-08-09T06:59:55.076Z
0000-0999	0815	1tD7sE0s5mOAlilJN7FRfAEXbIQGcMKcp	TRUE	2026-06-19T01:45:48.212Z	2026-08-09T06:57:02.547Z
0000-0999	0636	17TYitn6o791BR4rCIVJqbMD1_9GoHMF4	TRUE	2026-06-19T01:45:48.189Z	2026-08-09T06:56:56.222Z
0000-0999	0625	1eF1GrPv_N7xEnnOF34sQX5NCRLOm4qqh	TRUE	2026-06-19T01:45:48.221Z	2026-08-09T06:55:04.958Z
0000-0999	0615	1mrsY0sCQ0ifM9Q0B-DDXDdF00nPPHwL0	TRUE	2026-06-19T01:45:48.196Z	2026-08-09T06:55:02.775Z
0000-0999	0612	16XN0peiA1PCdSFJ4fISidpWN-ZrxIx4F	TRUE	2026-06-19T01:45:48.170Z	2026-08-09T06:54:58.608Z
0000-0999	0610	1WYaDibgmvaPtEW09Ckrtzt4cytI-gVNG	TRUE	2026-06-19T01:45:48.290Z	2026-08-09T06:54:52.725Z
0000-0999	0609	1I1tGRbMabRcIztXtvX8NMXNFSDPEj513	TRUE	2026-06-19T01:45:48.185Z	2026-08-09T06:51:47.746Z
0000-0999	0576	1a6wFOmpalv0XvAl-R8PlwEp1Sb11fdlt	TRUE	2026-06-19T01:45:48.223Z	2026-08-09T06:51:46.639Z
0000-0999	0574	1s527atW6Oxl4IvOHGhZKNqB3kxnRyE5d	TRUE	2026-06-19T01:45:48.152Z	2026-08-09T06:51:46.053Z
0000-0999	0572	1MQaDSeu_1ZsnCWxVLyMt1M0wHwX7_bCj	TRUE	2026-06-19T01:45:48.299Z	2026-08-09T06:51:45.497Z
0000-0999	0553	1D-ibc414-AzhIXD3xJj4d1X-dfD_FIyP	TRUE	2026-06-19T01:45:48.178Z	2026-08-09T06:51:44.418Z
0000-0999	0450	1nuG6V8jht8R1ZiSfAUMHR5UfJ2lvsYJW	TRUE	2026-06-19T01:45:48.174Z	2026-08-09T06:51:43.329Z
0000-0999	0442	1RdIUmlUAaDW7XYS2BOP-eX4tiHa4RI8F	TRUE	2026-06-19T01:45:48.287Z	2026-08-09T06:51:40.056Z
0000-0999	0412	1Ct4SACQ1fVOvHDLyDe3mqRB4YLHDnRJv	TRUE	2026-06-19T01:45:48.230Z	2026-08-09T06:51:36.645Z
0000-0999	0405	1z_2pb0bhokbVs1cnOevG4GMs2ShNt3gk	TRUE	2026-06-19T01:45:48.145Z	2026-08-09T06:51:35.553Z
0000-0999	0333	1jwBkW_vDU_qJ26dvwdxomx1f1Z4T0MWp	TRUE	2026-06-19T01:45:48.217Z	2026-08-09T06:51:34.377Z
0000-0999	0036	1TYEIjR83HOSJ-eUAphNgGuu_-xD1w8pR	TRUE	2026-06-19T01:45:48.256Z	2026-08-09T06:51:33.230Z
0000-0999	946	1XE79eEDKzNgJZd6uWHOQkapUUj_JYbY0	TRUE	2026-06-19T01:45:48.171Z	2026-07-26T01:00:48.459Z
0000-0999	0964	1wUPC6KodTDGscTI8rWHMHYami_Uh1O8H	TRUE	2026-06-19T01:45:48.303Z	2026-07-26T01:02:46.825Z
0000-0999	0951	1SnhB0r7ey5Pn_zE-bOt3wyCWjzP9q-o3	TRUE	2026-06-19T01:45:48.298Z	2026-07-26T01:00:43.679Z
0000-0999	0942	1uvLL3hW3xSSlqAxditE46sNPS8yvuPim	TRUE	2026-06-19T01:45:48.199Z	2026-07-26T01:02:46.792Z
0000-0999	0938	13iiRA0yTiNKqRrz4wJgs3dlvafeFTJS7	TRUE	2026-06-19T01:45:48.249Z	2026-07-26T01:02:46.738Z
0000-0999	0900	1VUDiATPOH0i_0Yjy44e3z2CU59yj0JxH	TRUE	2026-06-19T01:45:48.137Z	2026-07-26T01:02:46.683Z
0000-0999	0839	1WVuObFIjrzo67-aD66f9tVI_XSftwiSf	TRUE	2026-06-19T01:45:48.209Z	2026-07-26T01:00:30.339Z
0000-0999	0837	12yKQNlt3GLqfX80ajM62n4uhxLaBmd1q	TRUE	2026-06-19T01:45:48.218Z	2026-07-26T01:00:30.285Z
0000-0999	0826	1GBcbZha1jO0XKV4mDpVw4KI8WKXjnwc9	TRUE	2026-06-19T01:45:48.149Z	2026-07-26T01:00:30.065Z
0000-0999	0818	1NWT7pcCIKEY10tzIvr7tMz_H5pzXH7IU	TRUE	2026-06-19T01:45:48.202Z	2026-07-26T01:02:46.564Z
0000-0999	0817	1V5V83y8E3Cw8Ab7K7bIzudyOkj6G5lPs	TRUE	2026-06-19T01:45:48.215Z	2026-07-26T01:02:46.525Z
0000-0999	0812	1Kd7eMtz0YqtIvf61rt6e6qG5s9WVrAyn	TRUE	2026-06-19T01:45:48.193Z	2026-07-26T01:00:29.071Z
0000-0999	0811	1iIDl6vwhmiRtMP8bARS3aiUpwkbzpR6H	TRUE	2026-06-19T01:45:48.232Z	2026-07-26T01:00:28.953Z
0000-0999	0810	1Fti0KvTdOJl9c8gC39WekZyf5vijTS7z	TRUE	2026-06-19T01:45:48.301Z	2026-07-26T01:00:28.884Z
0000-0999	0806	15zVX-eMTGUa-mthyhVnCZFoGz2j4zR1s	TRUE	2026-06-19T01:45:48.233Z	2026-07-26T01:00:28.687Z
0000-0999	0762	1hnBHd6_d4biLoqNhhWQm1XT7j1mPXK3o	TRUE	2026-06-19T01:45:48.216Z	2026-07-26T01:00:28.638Z
0000-0999	0645	1AjJssMF9zkOkSMklScBGi-doh7nCoxCx	TRUE	2026-06-19T01:45:48.208Z	2026-07-26T01:02:46.397Z
0000-0999	0716	1LdPLoOVivcryHN9GUMA4A-f8FZSW1r6V	TRUE	2026-06-19T01:45:48.239Z	2026-07-26T01:00:27.331Z
0000-0999	0641	1vX0VVSaeSTO-vGv-PXH_mq0P7u1O21ud	TRUE	2026-06-19T01:45:48.289Z	2026-07-26T01:02:46.365Z
0000-0999	0630	17ZyzJ0OE4MjDjeRgZd47-9u92VqxxPri	TRUE	2026-06-19T01:45:48.258Z	2026-07-26T01:02:46.290Z
0000-0999	0623	1iuKzvJGWTQlBYPdQWxTv5ItQUrisMUmr	TRUE	2026-06-19T01:45:48.132Z	2026-07-26T01:00:24.073Z
0000-0999	0622	1x1r5iSE6H4BRgEXp-zR4EgkRgmK5kQ7_	TRUE	2026-06-19T01:45:48.191Z	2026-07-26T01:00:24.036Z
0000-0999	0617	1do9SpIBqcaHFey9qB8Kjv_CzW_f3wK5p	TRUE	2026-06-19T01:45:48.156Z	2026-07-26T01:00:23.620Z
0000-0999	0611	18oXRKVewvgdvRE3k_FCp7sBWr7Ma2TwX	TRUE	2026-06-19T01:45:48.261Z	2026-07-26T01:00:23.228Z
0000-0999	0605	1Q2-jtyCj3vWvC1ztgf5cVrALILsr6Hjp	TRUE	2026-06-19T01:45:48.205Z	2026-07-26T01:00:09.141Z
0000-0999	0599	1pnPdOq2l0aPdJTapRPm6jy5e1EJ0RVGD	TRUE	2026-06-19T01:45:48.182Z	2026-07-26T01:00:01.989Z
0000-0999	0598	120K2srRqKnEwtlBLtK638LHDRwYSrGaT	TRUE	2026-06-19T01:45:48.142Z	2026-07-26T01:00:01.921Z
0000-0999	0594	1TZoRlwveU8IejSUpdBk6WVnED6iOkygX	TRUE	2026-06-19T01:45:48.177Z	2026-07-26T01:00:01.671Z
0000-0999	0593	12xaId4CYag8yfvOnCOyOypwI8YcPRMqB	TRUE	2026-06-19T01:45:48.234Z	2026-07-26T01:00:01.334Z
0000-0999	0591	155qvYEzyMskTHuit5mquHyaTNd3qup_Z	TRUE	2026-06-19T01:45:48.192Z	2026-07-26T01:00:00.741Z
0000-0999	0590	1zcfFnYSLpCEOfdvq-EjyqHw_R_bsYzyM	TRUE	2026-06-19T01:45:48.229Z	2026-07-26T01:00:00.488Z
0000-0999	0588	1AO2eyqefEcw7tOWQnbb7nop54t9j-CvC	TRUE	2026-06-19T01:45:48.143Z	2026-07-26T01:00:00.428Z
0000-0999	0578	1Y7nYHL5cuMh0A-qUsNzkHGuTfrZZJmZH	TRUE	2026-06-19T01:45:48.200Z	2026-07-26T01:02:46.163Z
0000-0999	0587	1rjdf5ETS-rfMMhbK0zAf92pA9fGji3VD	TRUE	2026-06-19T01:45:48.224Z	2026-07-26T01:00:00.359Z
0000-0999	0577	171DRO4h4_Ui9Dz-uQNAz-YaQR8kqX9YC	TRUE	2026-06-19T01:45:48.255Z	2026-07-26T01:00:00.274Z
0000-0999	0573	1QmkV2EkF8taNRmsdMlmVaQF8CvvfiowN	TRUE	2026-06-19T01:45:48.163Z	2026-07-26T01:02:46.119Z
0000-0999	0571	1DyEAOeHVFmyPztvEvITCXjOHArBdV989	TRUE	2026-06-19T01:45:48.135Z	2026-07-26T00:59:59.459Z
0000-0999	0505	100jrauJK4XXk9a7n__zsWl9VNpTI7VvZ	TRUE	2026-06-19T01:45:48.282Z	2026-07-26T01:02:46.010Z
0000-0999	0538	16TP9W4BIfkPAYieyTPqT_iGljReYtuUP	TRUE	2026-06-19T01:45:48.285Z	2026-07-26T00:59:58.576Z
0000-0999	0489	1rR0wyHRtjJ7aXNFcOVGoNIM8LpW0WD67	TRUE	2026-06-19T01:45:48.214Z	2026-07-26T01:02:45.986Z
0000-0999	0475	1Rx3mTXaAr2HEbW34UDoa-_cvSOxNuFAv	TRUE	2026-06-19T01:45:48.163Z	2026-07-26T01:02:45.950Z
0000-0999	0488	16mlTLywv-1bqlasWLIA6xJEB3-lNwHDv	TRUE	2026-06-19T01:45:48.296Z	2026-07-26T00:59:58.194Z
0000-0999	0456	1CVwB6cBjrPzBmmyHq0v8L2eFoKrfq7Oa	TRUE	2026-06-19T01:45:48.198Z	2026-07-26T00:59:57.979Z
0000-0999	0448	1_ambdhiCa4px2tINYFtY77wXHCvcMiwm	TRUE	2026-06-19T01:45:48.237Z	2026-07-26T00:59:50.505Z
0000-0999	0437	1gIPtVsRRB1EV-aqAjhoiWHD6RhPbCuxo	TRUE	2026-06-19T01:45:48.283Z	2026-07-26T00:59:50.015Z
0000-0999	0434	1-hKw-4TMJcI4zD_ugIs1fytI700hj5oz	TRUE	2026-06-19T01:45:48.295Z	2026-07-26T01:02:45.720Z
0000-0999	0433	10pKy3GuvV61BkTJB2NYuVMxe8PMVewcy	TRUE	2026-06-19T01:45:48.262Z	2026-07-26T01:01:54.252Z
0000-0999	0420	1fcLTnZ1qQkCPxOCjqDIu1S9HbeIkFIWb	TRUE	2026-06-19T01:45:48.166Z	2026-07-26T01:02:45.632Z
0000-0999	0428	1vTO2xrKDiLtY6rnR2Nsdm5741kYRUCHh	TRUE	2026-06-19T01:45:48.300Z	2026-07-26T00:59:34.184Z
0000-0999	0427	1AaYbBnTJgdj5NB5mfm2OOtPbv3LYyxiP	TRUE	2026-06-19T01:45:48.210Z	2026-07-26T00:59:34.131Z
0000-0999	0425	1OmNN7JJuXy49BJLOvIOVfs5RAfpTyMTX	TRUE	2026-06-19T01:45:48.157Z	2026-07-26T00:59:33.972Z
0000-0999	0424	1O9NaJHvxq7Vb5gcZv6zk7vr2ChGAGqlu	TRUE	2026-06-19T01:45:48.148Z	2026-07-26T00:59:33.780Z
0000-0999	0406	1QeafG2o-xBCPjKzrcLQqS1_9ldkskBXv	TRUE	2026-06-19T01:45:48.281Z	2026-07-26T00:59:33.236Z
0000-0999	0402	15HsoJT8xtlkrLAILaBQaPKNqhFoY-Fpn	TRUE	2026-06-19T01:45:48.146Z	2026-07-26T01:03:06.135Z
0000-0999	0277	1viknBw9flyMY6qTKhHpBN124RpWL2Pa3	TRUE	2026-06-19T01:45:48.161Z	2026-07-26T01:02:45.562Z
0000-0999	0397	1HS9xzf4zQBdt-DCdo7W6nHYEGM8Qarab	TRUE	2026-06-19T01:45:48.253Z	2026-07-26T00:59:32.071Z
0000-0999	0393	1D72ky6mSOy7WN1T8xOy3pxH63kr0be5d	TRUE	2026-06-19T01:45:48.204Z	2026-07-26T00:59:31.709Z
0000-0999	0389	1GzYrV8hywtRhnPBHGqFaj5lXSal5qGD0	TRUE	2026-06-19T01:45:48.294Z	2026-07-26T00:59:31.538Z
0000-0999	0370	1EfB8M6yXK_6IZG1BiE37Bf8KgqpbIrfk	TRUE	2026-06-19T01:45:48.286Z	2026-07-26T00:59:31.406Z
0000-0999	0200	1eA63wREKBGMJUAgGPO03Mwicy8f9UXx4	TRUE	2026-06-19T01:45:48.195Z	2026-07-26T01:02:45.542Z
0000-0999	0183	1oHwyFDaFMWJ76Ns2up-gszotUe9-LmE1	TRUE	2026-06-19T01:45:48.257Z	2026-07-26T01:02:45.512Z
0000-0999	0092_Zaavaruud	1xzlJn7x_xeSutHwcIy3Iw5npPGwl-tDd	TRUE	2026-06-19T01:45:48.140Z	2026-07-26T01:02:45.469Z
0000-0999	0087	1IExV08XgIU4McyIijSifIxSOcWA6l5BP	TRUE	2026-06-19T01:45:48.160Z	2026-07-26T01:02:45.358Z
0000-0999	0057	1q3SjTFxgiFXWKAnTIu7bEU4XWRU3D5lV	TRUE	2026-06-19T01:45:48.292Z	2026-07-26T01:02:45.338Z
0000-0999	0089	1XAaLiTgU5K6VFoMQfHJD-h-kNvT8b9FK	TRUE	2026-06-19T01:45:48.173Z	2026-07-26T00:59:27.882Z
0000-0999	0056	1L3DQxEEgnVP5YqCl7-PieJgndwivafZ6	TRUE	2026-06-19T01:45:48.159Z	2026-07-26T01:02:45.319Z
0000-0999	0055	1REjCf3EnxtAQTi58RoA9ghFrLyRfEI9F	TRUE	2026-06-19T01:45:48.139Z	2026-07-26T01:02:45.298Z
0000-0999	0051	1lwuC5DywByRTASRCjgHPwjLc6AScpGWB	TRUE	2026-06-19T01:45:48.279Z	2026-07-26T01:02:45.273Z
0000-0999	0050	1GswIEoxwsrdUDmRRfyFK6W3aiUmTzjXu	TRUE	2026-06-19T01:45:48.151Z	2026-07-26T00:58:50.201Z
0000-0999	0038	1Jn4XjfeCIvIcDYUHLQYMBeJije-etDPX	TRUE	2026-06-19T01:45:48.240Z	2026-07-26T01:02:45.236Z
0000-0999	0002	1NNlZkX0CVrDHCFyrlyEEpajFImNf4wwd	TRUE	2026-06-19T01:45:48.167Z	2026-07-26T00:58:48.510Z
1000-1999	1963	1G4jeMjdQ0BXeJqJmc8bdHi88I3KtMNZ2	TRUE	2026-06-18T08:20:44.085Z	2026-09-07T05:12:20.871Z
1000-1999	1913	1aMxKuMeUa_U60Yt6KqP5RbyvFBKlnWwY	TRUE	2026-06-18T08:20:44.065Z	2026-09-07T05:12:20.861Z
1000-1999	1895	1yE_SzJwfGSFNkJJBt5A-VNTblsHcy0Rk	TRUE	2026-06-18T08:20:44.059Z	2026-09-07T05:12:22.597Z
1000-1999	1820	1lJ2oVlMBvt0cu7vjW_LIVuLJIpBU0LCx	TRUE	2026-06-18T08:20:44.016Z	2026-09-07T05:12:20.857Z
1000-1999	1556	1U8yBiHMLku4zLctqpQzhz0GBMe7kxGuC	TRUE	2026-06-18T08:20:43.892Z	2026-09-07T05:12:20.853Z
1000-1999	1546	1oeJgKheKqgb-GttPvfEY8P3VSw-0k1sX	TRUE	2026-06-18T08:20:43.887Z	2026-09-07T05:12:20.849Z
1000-1999	1955	16V2mJ9jWhYU-xrPfoF4ysdsrD8H7bUwb	TRUE	2026-06-18T08:20:44.081Z	2026-08-09T07:18:46.816Z
1000-1999	1949	1s4Bykoec4hTbtgTvM_APEeybzohNDnji	TRUE	2026-06-18T08:20:44.078Z	2026-08-09T07:18:32.747Z
1000-1999	1948	1x5mEd3kJYNh-p-MeYqXLpIGYEQoRN9ul	TRUE	2026-06-18T08:20:44.077Z	2026-08-09T07:18:25.341Z
1000-1999	1946	1ng2RMw6sofndM9f6ld-j7s3zpJOqFeKN	TRUE	2026-06-18T08:20:44.075Z	2026-08-09T07:18:23.749Z
1000-1999	1927	1eZNbpZg1DRLbwVNn3HEGmymPuulvS8gc	TRUE	2026-06-18T08:20:44.071Z	2026-08-09T07:17:53.897Z
1000-1999	1924	1FwihsD2nj2k68mNuOQ7UvhWXjEzShN9e	TRUE	2026-06-18T08:20:44.068Z	2026-08-09T07:17:52.812Z
1000-1999	1911	1tEXCyh-5Np3fD1en_UtF4AaCXye0LT5z	TRUE	2026-06-18T08:20:44.064Z	2026-08-09T07:17:05.964Z
1000-1999	1906	15jq5BXTy_GvuQaxmn7SZ5DNZMi6sA0is	TRUE	2026-06-18T08:20:44.061Z	2026-08-09T07:16:39.691Z
1000-1999	1894	17eXUoJ9Dch6qS7D-J40GWgr9Td2CC1C-	TRUE	2026-06-18T08:20:44.057Z	2026-08-09T07:15:41.358Z
1000-1999	1883	1zXu_GzJOR5Si3e924YHquhJgzZAttdbg	TRUE	2026-06-18T08:20:44.047Z	2026-08-09T07:15:23.197Z
1000-1999	1877	1Y3_CSyML12GA7oN1rTuWtuFAbhMjHjSF	TRUE	2026-06-18T08:20:44.046Z	2026-08-09T07:15:19.931Z
1000-1999	1868	12VXbe9ev9bXbTfws8jJA2DUdNXdJaLaG	TRUE	2026-06-18T08:20:44.043Z	2026-08-09T07:15:19.247Z
1000-1999	1853	16kGl-70kVAgMc9TtKfwowZOw87sYbN59	TRUE	2026-06-18T08:20:44.038Z	2026-08-09T07:15:12.877Z
1000-1999	1844	1CyPFMWBkK_AhQkl3Fb_0F2bsDF_r1QFB	TRUE	2026-06-18T08:20:44.032Z	2026-08-09T07:14:58.206Z
1000-1999	1843	1WfhNss4Ri0mF1ZEi-jm2J1FPEcKE96hd	TRUE	2026-06-18T08:20:44.030Z	2026-08-09T07:14:42.216Z
1000-1999	1813	1Vz8mGSNTiBAb3PjdjathvZUCI5iaoR3v	TRUE	2026-06-18T08:20:44.014Z	2026-08-09T07:14:05.915Z
1000-1999	1811	15R6Gt3wO6PvmNRxzXs_uuYTph4RvsrY1	TRUE	2026-06-18T08:20:44.013Z	2026-08-09T07:13:58.063Z
1000-1999	1802	1SxhRAQr7_i1MAKIYX7tKdyLe140xJ2on	TRUE	2026-06-18T08:20:44.008Z	2026-08-09T07:13:56.448Z
1000-1999	1799	1ORauso6Bb9yLkAcMuSf_cqacLaQoHiqG	TRUE	2026-06-18T08:20:43.985Z	2026-08-09T07:13:33.338Z
1000-1999	1771	1kfluiAGRRs0KNTV-OHEbgC6Ouy5XuPHG	TRUE	2026-06-18T08:20:43.979Z	2026-08-09T07:13:30.195Z
1000-1999	1762	1ClhZsQCsUQdWIHzPBizhgLGK7Ojp7t2d	TRUE	2026-06-18T08:20:43.976Z	2026-08-09T07:13:28.561Z
1000-1999	1758	1J7zTawMNirdp0BshKYscxOZjL1Q1KpEr	TRUE	2026-06-18T08:20:43.975Z	2026-08-09T07:12:56.873Z
1000-1999	1757	1WvwW15jtCAgdDDYiCTVKFHeos2xniRFj	TRUE	2026-06-18T08:20:43.973Z	2026-08-09T07:12:40.294Z
1000-1999	1750	16eyRRJrciorPNLaUIVpxrOIpi7St13uD	TRUE	2026-06-18T08:20:43.966Z	2026-08-09T07:11:44.534Z
1000-1999	1734	1x2afk7b7AZNvy9Pb72JP711JOcgOQqXK	TRUE	2026-06-18T08:20:43.963Z	2026-08-09T07:11:42.891Z
1000-1999	1724	1QH_fdnie_jLa_W0PQdDpTCZybNdfqW2X	TRUE	2026-06-18T08:20:43.958Z	2026-08-09T07:11:35.261Z
1000-1999	1721	1NwBDPN1xDrwp1fzBmloH1AZLbRKq4YHm	TRUE	2026-06-18T08:20:43.954Z	2026-08-09T07:11:23.060Z
1000-1999	1714	1ZO0PshyasBGwKeZ7yyQ3QNKNQbPkiSuL	TRUE	2026-06-18T08:20:43.950Z	2026-08-09T07:11:09.307Z
1000-1999	1710	1qZ3vIWQDVyXRqRhZu7ixWwAOFKeOfudo	TRUE	2026-06-18T08:20:43.948Z	2026-08-09T07:11:08.754Z
1000-1999	1701	1W-81xlK8K1pwsoms1BfsdkdEIXNEAXR8	TRUE	2026-06-18T08:20:43.943Z	2026-08-09T07:10:54.989Z
1000-1999	1694	1KkoCSARKgwYXRblS2w7BtS7bafln6BZ8	TRUE	2026-06-18T08:20:43.939Z	2026-08-09T07:10:53.158Z
1000-1999	1667	1yglZcg5_okMFqwBg_6ldogGoJU0pZS5g	TRUE	2026-06-18T08:20:43.930Z	2026-08-09T07:10:50.917Z
1000-1999	1651	1IsqgaO-MbKoo3PxOszSMMGNyeQENL2OK	TRUE	2026-06-18T08:20:43.925Z	2026-08-09T07:06:13.788Z
1000-1999	1643	149oQvNWZKrxV9jbwUVx4NUAipxuzjbRC	TRUE	2026-06-18T08:20:43.920Z	2026-08-09T07:05:40.785Z
1000-1999	1642	1TMbIg80jGSPFrzWApxeNU_JQOuEQFHbb	TRUE	2026-06-18T08:20:43.919Z	2026-08-09T07:05:39.205Z
1000-1999	1629	1NbJaDsV2Q5WWOW_peDp0-qMx3ueO6KNM	TRUE	2026-06-18T08:20:43.916Z	2026-08-09T07:05:08.648Z
1000-1999	1628	1nVUEvoi0cun9vw7NlDG-GH2Y1wOPySuN	TRUE	2026-06-18T08:20:43.914Z	2026-08-09T07:05:03.354Z
1000-1999	1620	1NB4NdMz9xL-4xFIwAKHkFA0wzCV4ky63	TRUE	2026-06-18T08:20:43.910Z	2026-08-09T07:04:57.499Z
1000-1999	1603	1iu4E-g_JrQGKDLbMv62XcwSKrkbZsiA7	TRUE	2026-06-18T08:20:43.906Z	2026-08-09T07:04:52.804Z
1000-1999	1591	1DMQOBkEUT6MRNDjSkMaV9E6x0B3SsV_f	TRUE	2026-06-18T08:20:43.903Z	2026-08-09T07:04:47.625Z
1000-1999	1586	11EdfhQpzRJMBQridE8i8j2MkiH-gEmMP	TRUE	2026-06-18T08:20:43.900Z	2026-08-09T07:04:45.495Z
1000-1999	1563	1YMBhIxDU-TxWXKuaLifeewFaNerhUi7L	TRUE	2026-06-18T08:20:43.894Z	2026-08-09T07:04:44.986Z
1000-1999	1555	1BbRsPg-nOk-dBPagfMAEtD7PCZ5TRrjr	TRUE	2026-06-18T08:20:43.891Z	2026-08-09T07:04:38.153Z
1000-1999	1510	1oFLHRi8Ip9qsPw8XcLdiv6dny4eUT1mg	TRUE	2026-06-18T08:20:43.882Z	2026-08-09T07:04:22.184Z
1000-1999	1475	1TizCPRqb2KdS47RqA7nSg29HEH6w2LYv	TRUE	2026-06-18T08:20:43.872Z	2026-08-09T07:04:18.992Z
1000-1999	1438	1OWaM1hxVWqyqd4vCspBv-icXjQdh8dHF	TRUE	2026-06-18T08:20:43.868Z	2026-08-09T07:04:12.981Z
1000-1999	1324	1RbGuw0uvXodM3feUyWEOi3UhQ25xUZM9	TRUE	2026-06-18T08:20:43.851Z	2026-08-09T07:04:09.552Z
1000-1999	1323	1X1wLFHEjyDF2ustFJW7s8iTDXkHraZX7	TRUE	2026-06-18T08:20:43.850Z	2026-08-09T07:04:06.371Z
1000-1999	1315	1iR-6qWCHagwrr-QHpv7YyM8gr5YpQ-so	TRUE	2026-06-18T08:20:43.848Z	2026-08-09T07:03:58.229Z
1000-1999	1313	1Ik7BJz3dINavwOgbT360nRs_AHNtf1lK	TRUE	2026-06-18T08:20:43.847Z	2026-08-09T07:03:53.017Z
1000-1999	1311	15tXvDDKOeaSvrVBLJpMjSoVwPrpFYpk5	TRUE	2026-06-18T08:20:43.844Z	2026-08-09T07:03:38.174Z
1000-1999	1309	1DigXNRslWlxYQyDha75zluBP5DOy-ll8	TRUE	2026-06-18T08:20:43.842Z	2026-08-09T07:03:35.432Z
1000-1999	1304	1KrZl-52Tbcma1zAyLJolX91neCEqkNMO	TRUE	2026-06-18T08:20:43.374Z	2026-08-09T07:03:34.830Z
1000-1999	1303	1SBGPdvU2Lf8p1xvZsO6MGU16OC58-9m3	TRUE	2026-06-18T08:20:43.322Z	2026-08-09T07:03:27.603Z
1000-1999	1293	1Y6y8OVWmBWgn9DR0WKYvoD4pw88IdOWX	TRUE	2026-06-18T08:20:43.279Z	2026-08-09T07:03:21.919Z
1000-1999	1281	1NuOocAoQYCi7EoEgGBHmhhYUHKdXAEKO	TRUE	2026-06-18T08:20:42.923Z	2026-08-09T07:03:08.952Z
1000-1999	1199	1abk1KZTtMLGfSCt3_o_tbJLSVylJ8cYs	TRUE	2026-06-18T08:20:42.812Z	2026-08-09T07:03:01.085Z
1000-1999	1997	1GIXRwVAtUObj2GN_U9xMBg3HRogC5Abm	TRUE	2026-06-18T08:20:44.092Z	2026-07-26T01:57:37.187Z
1000-1999	1987	1Rk0qDsQjarrvnkN9CoP7zx5B3m6iHIQw	TRUE	2026-06-18T08:20:44.091Z	2026-07-26T01:57:34.926Z
1000-1999	1980	1sqSQPsMOkj2MXSptx2uvrnwsdllO6r0k	TRUE	2026-06-18T08:20:44.089Z	2026-07-26T01:57:42.567Z
1000-1999	1975	1ecoL_J7BNfVZGASMbwTjNY-UuBcAcKMH	TRUE	2026-06-18T08:20:44.088Z	2026-07-26T01:57:36.069Z
1000-1999	1964	1NkEb9Pse4mgWDub94ZF1hJXy_-M08Llj	TRUE	2026-06-18T08:20:44.087Z	2026-07-26T00:53:08.347Z
1000-1999	1960	1YwWrJ1q6LSn38kdF3Vyn05NKQ4NfqFFz	TRUE	2026-06-18T08:20:44.084Z	2026-07-26T01:57:33.326Z
1000-1999	1952	1dAAQyv7JvJIUNEM3HC7uJl5Oofv2Ndiq	TRUE	2026-06-18T08:20:44.080Z	2026-07-26T02:17:36.342Z
1000-1999	1957	11K7DD-IT8cvNtNynfVsa-bKuoamjJuNt	TRUE	2026-06-18T08:20:44.082Z	2026-07-26T00:53:08.278Z
1000-1999	1939	1PbeOCDrV9OoKrC2mIgPO0c3t4t4u8D0E	TRUE	2026-06-18T08:20:44.074Z	2026-07-26T01:57:21.735Z
1000-1999	1938	1LhXEqs4B539mI4UbR8a7CNIVe1qiVmmx	TRUE	2026-06-18T08:20:44.072Z	2026-07-26T01:57:24.273Z
1000-1999	1926	1Yb1BW3AFv0cDfh_-Am66jmSnSkB9m24U	TRUE	2026-06-18T08:20:44.069Z	2026-07-26T01:57:17.811Z
1000-1999	1914	1onSjCAkMXikCYYn5-Fz29zasniPENWcr	TRUE	2026-06-18T08:20:44.066Z	2026-07-26T01:57:20.681Z
1000-1999	1909	1IjLoyiZREEmg4c1b7Rids-NVsdjUjjTp	TRUE	2026-06-18T08:20:44.062Z	2026-07-26T01:57:15.850Z
1000-1999	1885	1WO2R_a5LZdQvBfb1jRwSjX3FRA5hRIoy	TRUE	2026-06-18T08:20:44.051Z	2026-07-26T02:17:29.112Z
1000-1999	1889	1Vmq3GTNNfgznUIvhUuOYGaO6V4rCYRMq	TRUE	2026-06-18T08:20:44.056Z	2026-07-26T01:57:10.995Z
1000-1999	1888	1sLymasR4CWI4YOZbhT4qIVrIsxAHlLE6	TRUE	2026-06-18T08:20:44.054Z	2026-07-26T01:57:11.036Z
1000-1999	1886	1Nb7fo9pkXiYDk0XI2MsCGAx7UGKYjHpX	TRUE	2026-06-18T08:20:44.053Z	2026-07-26T01:57:10.473Z
1000-1999	1884	1ahYa71VpiCuD_Syu7Rors5A0IPG53HDH	TRUE	2026-06-18T08:20:44.049Z	2026-07-26T01:57:07.790Z
1000-1999	1871	11Wcs9lBFWWvFNbSbpX63tWV_5faxeXlT	TRUE	2026-06-18T08:20:44.044Z	2026-07-26T01:57:05.099Z
1000-1999	1860	15BXs97JkahkprdbIegv3UfiBZ8MJAmFc	TRUE	2026-06-18T08:20:44.040Z	2026-07-26T01:57:05.646Z
1000-1999	1852	1f2QwUfXhQHHYhJR-a_FDrh_ZbbV9HzoU	TRUE	2026-06-18T08:20:44.036Z	2026-07-26T01:57:05.889Z
1000-1999	1851	1tnWBdxmYOvk7kR4aOi6q4hjVVSBWu8sA	TRUE	2026-06-18T08:20:44.035Z	2026-07-26T01:57:03.896Z
1000-1999	1849	1DGyqwLSS4jrj8Vd8b6Q2xWDljiIDpRP4	TRUE	2026-06-18T08:20:44.033Z	2026-07-26T01:57:05.719Z
1000-1999	1864	1G1qMtR3PduXtDCDPkLLXEKrpilhVZsP8	TRUE	2026-06-18T08:20:44.041Z	2026-07-26T00:53:07.003Z
1000-1999	1842	1ChKa6DojJEQ9CB1PCujaAV09eUK_0_kC	TRUE	2026-06-18T08:20:44.028Z	2026-07-26T01:57:01.927Z
1000-1999	1840	1VLi_480DNAuB8IrZNwGb4rXPOySQVWgj	TRUE	2026-06-18T08:20:44.027Z	2026-07-26T01:57:03.232Z
1000-1999	1837	1MDmZZtsBwy4t3YHkBT0E6s2EMqpoAlTp	TRUE	2026-06-18T08:20:44.025Z	2026-07-26T01:57:01.874Z
1000-1999	1836	1BEDxa2wCoPl4ni7bxDeisuGGqFe5frQc	TRUE	2026-06-18T08:20:44.023Z	2026-07-26T01:56:59.307Z
1000-1999	1832	1-DU6zPX5-DpTh7xKweiHv2LwAtdHpMkZ	TRUE	2026-06-18T08:20:44.022Z	2026-07-26T01:57:02.852Z
1000-1999	1831	1MUiEJ16bHAhXwqL4OAyREnlnLuDQchxc	TRUE	2026-06-18T08:20:44.021Z	2026-07-26T01:57:01.448Z
1000-1999	1827	1BxjxaWRCxbHB29efeL5zeauP7QzyLoeR	TRUE	2026-06-18T08:20:44.019Z	2026-07-26T01:56:59.476Z
1000-1999	1822	1-OtG9yBnNEkGi1UrPtDsQmOFrZp7TYPG	TRUE	2026-06-18T08:20:44.017Z	2026-07-26T01:56:59.517Z
1000-1999	1814	1qZ9gGmH_vaTNXJoRtgTNG5zV6xcmWVhM	TRUE	2026-06-18T08:20:44.015Z	2026-07-26T01:56:44.565Z
1000-1999	1803	1cNRvYh7YmC_4whfVOQIe73lsCuuEv75f	TRUE	2026-06-18T08:20:44.009Z	2026-07-26T02:17:27.288Z
1000-1999	1809	118aRqHEUjM57B-qJjqUXPXgYoAQbLx32	TRUE	2026-06-18T08:20:44.012Z	2026-07-26T00:53:06.292Z
1000-1999	1808	1Wq268OJ4oPmCyx0FcMlqPL5zn1sG_RQL	TRUE	2026-06-18T08:20:44.011Z	2026-07-26T00:53:06.255Z
1000-1999	1787	1SwunAuSSsJcobqvGAZzLrNyAw9Qv-_kY	TRUE	2026-06-18T08:20:43.982Z	2026-07-26T00:53:06.084Z
1000-1999	1795	16g_ITqK_p8c5b2AZGvu0vLX94wEokmrQ	TRUE	2026-06-18T08:20:43.983Z	2026-07-26T00:50:25.713Z
1000-1999	1779	1Rm3TdFw1ROTMwq8-vITpn8GJ6PIoSMgl	TRUE	2026-06-18T08:20:43.980Z	2026-07-26T00:50:25.605Z
1000-1999	1763	1Zr1AF-BTD3rJUXni8qgjXFUsdUs7zVfn	TRUE	2026-06-18T08:20:43.978Z	2026-07-26T00:50:17.339Z
1000-1999	1756	1Qx9Dt6ENB6oK38d9KUR4fy5y-itSwl7b	TRUE	2026-06-18T08:20:43.972Z	2026-07-26T00:53:05.924Z
1000-1999	1755	11I8teHRkkgqGk6C-tfz7juhcyQK7v5cd	TRUE	2026-06-18T08:20:43.970Z	2026-07-26T00:50:06.825Z
1000-1999	1754	1FgsEx2Z5SW9i33ak5OK3h4Qx9BxGW2zx	TRUE	2026-06-18T08:20:43.969Z	2026-07-26T00:50:06.758Z
1000-1999	1751	1pqV0scEFl2x-SqgN36fv3hfocW4xrNic	TRUE	2026-06-18T08:20:43.968Z	2026-07-26T00:50:06.719Z
1000-1999	1749	1A0XNYBv60RL-4sACF0yvPiDZym3AA7q6	TRUE	2026-06-18T08:20:43.965Z	2026-07-26T00:49:59.461Z
1000-1999	1730	1eRmISrHSu11vo76rZSJeZqAU6EwDYJFX	TRUE	2026-06-18T08:20:43.962Z	2026-07-26T00:49:51.543Z
1000-1999	1725	1cOcHlsMJEu1kGrbn3vANX-D23Xd86J6q	TRUE	2026-06-18T08:20:43.959Z	2026-07-26T00:53:05.715Z
1000-1999	1726	1lSc1__ZFZobAFdAryMUleMdz9_AAKg_6	TRUE	2026-06-18T08:20:43.961Z	2026-07-26T00:49:43.965Z
1000-1999	1723	1LERg0b8HHw48wKGjSNHBiYaVx0Ccpdt5	TRUE	2026-06-18T08:20:43.957Z	2026-07-26T00:49:40.712Z
1000-1999	1722	1KyHHIopexB_8FnMf5rBupXT2Zoby0Ofb	TRUE	2026-06-18T08:20:43.956Z	2026-07-26T00:53:05.598Z
1000-1999	1719	1eNHjSLlYdyNZycXlpq5k8VZ1qeXgjlsm	TRUE	2026-06-18T08:20:43.953Z	2026-07-26T00:49:38.378Z
1000-1999	1718	1j5fiBIWLd3AlTvqNVNbG82dRhxeR40Ua	TRUE	2026-06-18T08:20:43.952Z	2026-07-26T00:49:38.293Z
1000-1999	1704	1Ta_mqhxbWlyhawUG1YgsOx1iJ7MRBiOz	TRUE	2026-06-18T08:20:43.945Z	2026-07-26T00:53:58.948Z
1000-1999	1708	1ZHOZoq5rKmmGhCmh37sSBbiLwAwSIeC9	TRUE	2026-06-18T08:20:43.946Z	2026-07-26T00:49:37.435Z
1000-1999	1695	1fR9ErMQ-wXP2412h8vfRccNDX7thI1JO	TRUE	2026-06-18T08:20:43.941Z	2026-07-26T00:53:05.443Z
1000-1999	1697	1FMYpOdYdqao2ywLKncTxeVbhpNhcYV_u	TRUE	2026-06-18T08:20:43.942Z	2026-07-26T00:49:36.299Z
1000-1999	1682	1LoQNAggs0NtxoDrhUXfSRJxBY8HP_YhX	TRUE	2026-06-18T08:20:43.932Z	2026-07-26T00:53:05.389Z
1000-1999	1692	1A_V6WGvNEJi9VyO2ajRPTdSUpF24CbNf	TRUE	2026-06-18T08:20:43.938Z	2026-07-26T00:49:35.719Z
1000-1999	1691	1qjqy2XToZq-SVibnboFSIJuxm8mDg-ng	TRUE	2026-06-18T08:20:43.937Z	2026-07-26T00:49:35.669Z
1000-1999	1690	1P_-7SUEg0Gc7AZJTfZ82b81c5JKA0lXd	TRUE	2026-06-18T08:20:43.935Z	2026-07-26T00:49:35.383Z
1000-1999	1689	1ssi0OuOy0eqcRD6IfnYmK5fQLdSk-Vov	TRUE	2026-06-18T08:20:43.934Z	2026-07-26T00:49:35.333Z
1000-1999	1685	1Asx2b6yf6mSgLyLaKK4REFTnISGz7sFv	TRUE	2026-06-18T08:20:43.933Z	2026-07-26T00:49:35.192Z
1000-1999	1663	1AIDqaB6LUEsZiUI1-48cfpFPoUAjUYdl	TRUE	2026-06-18T08:20:43.929Z	2026-07-26T00:53:05.365Z
1000-1999	1657	1cP06215CR-gB5LkSJROy3xHGUCpLmjGo	TRUE	2026-06-18T08:20:43.928Z	2026-07-26T00:53:05.301Z
1000-1999	1656	1cvuFMvnOd00qUtvtnQ1Xyjp9JBwnSLuo	TRUE	2026-06-18T08:20:43.926Z	2026-07-26T00:49:30.875Z
1000-1999	1649	16H0E7zhTe3jD9EIf6xRmPhJwVL9tbH--	TRUE	2026-06-18T08:20:43.924Z	2026-07-26T00:49:30.614Z
1000-1999	1647	1MK8VeWCgaU_PQKxF5C4lklg6avh91sSh	TRUE	2026-06-18T08:20:43.923Z	2026-07-26T00:49:30.553Z
1000-1999	1646	1yY63_Y21DlOiseyZD1T0vIQTG99HbSVG	TRUE	2026-06-18T08:20:43.921Z	2026-07-26T00:49:30.472Z
1000-1999	1630	1zLNUVe-LCfMTdiFyk7vB7Pd6oyl58419	TRUE	2026-06-18T08:20:43.917Z	2026-07-26T00:49:29.217Z
1000-1999	1622	1DFYy6tSPhu-N4EylAALwidItDtKa_puJ	TRUE	2026-06-18T08:20:43.913Z	2026-07-26T00:49:21.268Z
1000-1999	1621	1TIfJ-mXHE5aikbHuYsitHKZZOZCBuPMa	TRUE	2026-06-18T08:20:43.911Z	2026-07-26T00:49:19.336Z
1000-1999	1619	15rfWawIw91T4J7egJMMhpUYdXc9mK7ux	TRUE	2026-06-18T08:20:43.909Z	2026-07-26T00:49:17.937Z
1000-1999	1612	1B_tBWDKoB_AVwPZ_xXoFmZcQnZ4wlTr_	TRUE	2026-06-18T08:20:43.907Z	2026-07-26T00:49:17.904Z
1000-1999	1601	1JNyZn-FTcNNr2acG4ozQoTpmr1dD5aZ0	TRUE	2026-06-18T08:20:43.904Z	2026-07-26T00:49:17.691Z
1000-1999	1590	10VVgngXdQYwyObstMlw8Z2xFMr5gDZUU	TRUE	2026-06-18T08:20:43.901Z	2026-07-26T00:53:04.836Z
1000-1999	1585	1x8KSIoSEZrzaV7JFT64gbftaR_w7aegc	TRUE	2026-06-18T08:20:43.899Z	2026-07-26T00:53:04.742Z
1000-1999	1582	1fvA9zV1BrvL9k6nYaovxvJ9pkDSywM1k	TRUE	2026-06-18T08:20:43.897Z	2026-07-26T00:49:17.052Z
1000-1999	1578	1q1Sz_6bGCIY_c2Qo-Wizk2RJrr2wV3g7	TRUE	2026-06-18T08:20:43.896Z	2026-07-26T00:49:16.947Z
1000-1999	1566	1YXApOn7nHCdxZU7U2tu2d-D2mSIBBIms	TRUE	2026-06-18T08:20:43.895Z	2026-07-26T00:53:04.690Z
1000-1999	1554	1oDLbE7FVWfFuZVuBq3k6NLvbx1t0lHZ-	TRUE	2026-06-18T08:20:43.890Z	2026-07-26T00:49:12.438Z
1000-1999	1552	149WKP_WG4h-A5QLEZa6UF9dZi_VWNz9J	TRUE	2026-06-18T08:20:43.889Z	2026-07-26T00:49:12.292Z
1000-1999	1529	1xLe9tXUdn2zGslL6BNulzkboQIdtxzl8	TRUE	2026-06-18T08:20:43.886Z	2026-07-26T00:53:04.558Z
1000-1999	1517	11yXSu4LyRzhfYw30PyUY2qvUNI6QeEpN	TRUE	2026-06-18T08:20:43.885Z	2026-07-26T00:53:04.490Z
1000-1999	1515	186hweQ2lUp3AJSu18Fg9oX3oe1OGhDVX	TRUE	2026-06-18T08:20:43.883Z	2026-07-26T00:49:11.769Z
1000-1999	1507	11d_xI0_7yucAEpRoOiy6_3h5Sfv5cscZ	TRUE	2026-06-18T08:20:43.881Z	2026-07-26T00:53:04.416Z
1000-1999	1501	1riuYrE6V-ifCZXEfCpnpbri9oJRcV1Jk	TRUE	2026-06-18T08:20:43.879Z	2026-07-26T00:53:04.384Z
1000-1999	1500	1An4vZwOosgeon9jcAgNPzEfrHe6UnFwN	TRUE	2026-06-18T08:20:43.877Z	2026-07-26T00:53:29.181Z
1000-1999	1491	1CRyzwGBsM6hUddcBv0ddmFtrdZ9HNC3j	TRUE	2026-06-18T08:20:43.876Z	2026-07-26T00:53:04.346Z
1000-1999	1478	1iEh62juB0Q2CHR_jwPzuDOb3gMzbqNzu	TRUE	2026-06-18T08:20:43.874Z	2026-07-26T00:49:10.895Z
1000-1999	1477	1qS7Fi8nK2_0gGq73DSDshvWCWzAjEkJ2	TRUE	2026-06-18T08:20:43.873Z	2026-07-26T00:49:10.756Z
1000-1999	1429	1r5098Az8IXJwL2jZzabsHaKfRaSybYyx	TRUE	2026-06-18T08:20:43.867Z	2026-07-26T00:53:04.279Z
1000-1999	1452	1TKX1Cs8KrkqBqzqEw12fF-u8PRSw_EIr	TRUE	2026-06-18T08:20:43.871Z	2026-07-26T00:49:09.948Z
1000-1999	1446	10KHQC3Q9koaTiLphgITI74nOrcvpvA3A	TRUE	2026-06-18T08:20:43.869Z	2026-07-26T00:49:09.912Z
1000-1999	1424	17p8t_fUaetnuBflOWodzIvN0RLIND2vr	TRUE	2026-06-18T08:20:43.865Z	2026-07-26T00:53:04.245Z
1000-1999	1409	1-lLDrFYh3dNvrd6fHHiFh7GSioRV2nnp	TRUE	2026-06-18T08:20:43.863Z	2026-07-26T00:53:04.206Z
1000-1999	1421	1SuIuOF8aUginpqfUMN2IDIw21UpYjApJ	TRUE	2026-06-18T08:20:43.864Z	2026-07-26T00:49:09.007Z
1000-1999	1396	1u77PNm508WtPGxQvxoIZ58OGiOFSZKGb	TRUE	2026-06-18T08:20:43.860Z	2026-07-26T00:53:04.149Z
1000-1999	1372	1Gz4O91qBtFtdQWStVzILYx2S2_U4Tcqv	TRUE	2026-06-18T08:20:43.857Z	2026-07-26T00:53:04.121Z
1000-1999	1404	1liJ5UiCL7PiDce0OhWa3aJ7wQWKVkL1T	TRUE	2026-06-18T08:20:43.861Z	2026-07-26T00:49:08.642Z
1000-1999	1393	1ZBUGUOHge1A_zYkOsraUsIRrTy9F__MN	TRUE	2026-06-18T08:20:43.859Z	2026-07-26T00:49:08.535Z
1000-1999	1371	1_riViIEDThjnNKYVa47NaR0bCVr86cyQ	TRUE	2026-06-18T08:20:43.856Z	2026-07-26T00:49:08.465Z
1000-1999	1357	13fDc4RApb-E-79YgyAX4r1uK-eYCPS4L	TRUE	2026-06-18T08:20:43.855Z	2026-07-26T00:53:04.088Z
1000-1999	1328	1GTM5nZk_QpGN9HMWvKCqZq81EwgBe3Dz	TRUE	2026-06-18T08:20:43.854Z	2026-07-26T00:49:08.224Z
1000-1999	1327	1_71Qlp2MX1IoFkLAxbY3_TGkEPWwF1d4	TRUE	2026-06-18T08:20:43.852Z	2026-07-26T00:49:08.189Z
1000-1999	1312	1I02bjc_bYIX4Cb_K5ye5ZXFo0TNRVq6a	TRUE	2026-06-18T08:20:43.846Z	2026-07-26T00:53:03.994Z
1000-1999	1310	1Wl8MYdTlVRvph_KArW5fqKP_DIp3IfhL	TRUE	2026-06-18T08:20:43.843Z	2026-07-26T00:53:03.965Z
1000-1999	1308	105DsUOioHPshUtLZK99PlpijwR6B5Lfn	TRUE	2026-06-18T08:20:43.401Z	2026-07-26T00:53:03.921Z
1000-1999	1307	1xYfxOTwSzcdU9h7kmigRtoVhES92q57t	TRUE	2026-06-18T08:20:43.398Z	2026-07-26T00:48:54.224Z
1000-1999	1294	19Cwt2FFgUnbQ5DOywDQTbBu8egTwcAGu	TRUE	2026-06-18T08:20:43.312Z	2026-07-26T00:48:52.686Z
1000-1999	1290	1YHa_aLWX5-4RSPP3_buykXraP3FCq4qL	TRUE	2026-06-18T08:20:42.934Z	2026-07-26T00:53:03.850Z
1000-1999	1273	1TyTnyqRuK_KV0JBDKuZsvj9kMMj89DmH	TRUE	2026-06-18T08:20:42.886Z	2026-07-26T00:53:03.777Z
1000-1999	1280	1pKrouHS9WaFpQ0URH0R5UCUM7oVW9f_N	TRUE	2026-06-18T08:20:42.919Z	2026-07-26T00:48:39.377Z
1000-1999	1279	1pmjNPtIplcN8Brw8PZqh2NGliiNNDyHw	TRUE	2026-06-18T08:20:42.917Z	2026-07-26T00:48:39.301Z
1000-1999	1278	1uJqAlhpu_3unEvnApqLLtHMS7N78boYS	TRUE	2026-06-18T08:20:42.914Z	2026-07-26T00:48:39.262Z
1000-1999	1258	1sASMuvZhrPwAqFzTqadB1xhkpLbLLWzO	TRUE	2026-06-18T08:20:42.879Z	2026-07-26T00:48:38.984Z
1000-1999	1225	1Kf0gcccU8VP8QSL4kHjhDA32ismfZp8T	TRUE	2026-06-18T08:20:42.876Z	2026-07-26T00:48:38.870Z
1000-1999	1219	1q5gIvLfd8k9PffIgsZWzbB8N8O0dP34G	TRUE	2026-06-18T08:20:42.873Z	2026-07-26T00:48:38.808Z
1000-1999	1207	1Fl05hretPgD5gf71Nao-n6kfOuvS1ggQ	TRUE	2026-06-18T08:20:42.861Z	2026-07-26T00:48:38.663Z
1000-1999	1206	1og-chqHgOpFy1j8XGLCz50h4J-60KtHx	TRUE	2026-06-18T08:20:42.832Z	2026-07-26T00:48:38.403Z
1000-1999	1198	1hG82YofKM6T5iIq-xH17nmg-lZf75q1I	TRUE	2026-06-18T08:20:42.808Z	2026-07-26T00:48:37.316Z
1000-1999	1196	1ICFUNYbqe7DfU4ZYt2o9W5x_WmIg4E3c	TRUE	2026-06-18T08:20:42.805Z	2026-07-26T00:48:37.244Z
1000-1999	1195	1TbxqU5qaYCaX-nFOVdYEM84yNbBtxPjD	TRUE	2026-06-18T08:20:42.796Z	2026-07-26T00:48:37.180Z
1000-1999	1188	1N39R7xqoXNu2a7Q6P2dJK_hDqq-HS-Rn	TRUE	2026-06-18T08:20:42.794Z	2026-07-26T00:48:37.063Z
1000-1999	1187	1Fof-1GPco5pVc3Ws3LqQM2H0qfJrf-g_	TRUE	2026-06-18T08:20:42.792Z	2026-07-26T00:48:37.011Z
1000-1999	1162	1g5G0tGEfioDPZyQ8yfOCwHGeYPmhSOq-	TRUE	2026-06-18T08:20:42.786Z	2026-07-26T00:48:36.949Z
1000-1999	1043	1Hh3JyzOy_2oDRGryg8fv-vlvYLbgECTm	TRUE	2026-06-18T08:20:42.760Z	2026-07-26T00:53:03.395Z
1000-1999	1147	1GDBjDo1iVp9cdhfO1fmGFn6hQJsCggGE	TRUE	2026-06-18T08:20:42.767Z	2026-07-26T00:48:36.799Z
1000-1999	1056	1fY2ogpE8TqCMp4yU5xuD3QNUkB6nzwlj	TRUE	2026-06-18T08:20:42.763Z	2026-07-26T00:48:36.434Z
1000-1999	1036	1z0fyoR7JiT5uZ_rcByTHMORQtuy3ztKv	TRUE	2026-06-18T08:20:42.756Z	2026-07-26T00:48:36.338Z
2000-2999	2986	1JJakv09nf9xFgIG7NMRzgfvSmynLQGQA	TRUE	2026-06-18T08:21:07.539Z	2026-09-07T05:12:21.490Z
2000-2999	2981	1AqK4UwYxNUA4alBIyPOpjCrgCd1fSJJE	TRUE	2026-06-18T08:21:07.525Z	2026-09-07T05:12:21.470Z
2000-2999	2983	1eOM2G0aqg-NYHQR777pC8NrZLbUOhts1	TRUE	2026-06-18T08:21:07.531Z	2026-09-07T05:12:21.484Z
2000-2999	2954	1XPETona-qmfm2wnOw0VdKgpn9clBNn2J	TRUE	2026-06-18T08:21:07.503Z	2026-09-07T05:12:21.444Z
2000-2999	2740	14lO5WGQ89h43r6xIvMstO4oTuZSpQ4Ve	TRUE	2026-06-18T08:21:07.413Z	2026-09-07T05:12:20.997Z
2000-2999	2723	1TVD0TXDvH2Pdwu-gVLSi2-bpljDWjQ02	TRUE	2026-06-18T08:21:07.403Z	2026-09-07T05:12:20.988Z
2000-2999	2691	1KwZn71eQir-OXaSYrTlDNpdpbgU-r5uU	TRUE	2026-06-18T08:21:07.372Z	2026-09-07T05:12:20.986Z
2000-2999	2473	1lPEMxzFOQLnO5qarWFG8Rv0HbijMO-hD	TRUE	2026-06-18T08:21:07.304Z	2026-09-07T05:12:20.980Z
2000-2999	2330	1-FPpYIyYclVP10UL5iLr3cqWz6_jR_iY	TRUE	2026-06-18T08:21:07.168Z	2026-09-07T05:12:20.975Z
2000-2999	2082	1w2L5LapqhciZNQuyFvhPf_bHGdaKOTlK	TRUE	2026-06-18T08:21:06.981Z	2026-09-07T05:12:20.972Z
2000-2999	2081	1PacbWLPJVq6_Pi0t4SJXK4hZ8uktFNcv	TRUE	2026-06-18T08:21:06.635Z	2026-09-07T05:12:20.899Z
2000-2999	2043	1ebf2fmPEYVIYOzh8MFXSW_Of811TytKG	TRUE	2026-06-18T08:21:06.085Z	2026-09-07T05:12:20.887Z
2000-2999	2035	1T2x7QKOQZAFujwnoIOigQP73nMKxXjte	TRUE	2026-06-18T08:21:05.683Z	2026-09-07T05:12:20.879Z
2000-2999	2996	18iMnKh9y84pQbSrBTighKktrQRXcLJC_	TRUE	2026-06-18T08:21:07.561Z	2026-08-09T07:28:55.064Z
2000-2999	2999	1kUFPhJ3GU3GHqdpKEEgM8bTevDhDEUuw	TRUE	2026-06-18T08:21:07.569Z	2026-07-25T10:13:13.713Z
2000-2999	2998	1EfPU6Gz9RK2AsMKKQlTWJ8IL21TZ4MJy	TRUE	2026-06-18T08:21:07.565Z	2026-07-25T10:13:13.085Z
2000-2999	2995	11-droam6XRjFBpl3LxFsVrnTp3Yo3BIu	TRUE	2026-06-18T08:21:07.558Z	2026-07-25T10:13:12.184Z
2000-2999	2993	1suPyqt4rO4mb7eEdnwIFT15-vvDvUloJ	TRUE	2026-06-18T08:21:07.554Z	2026-07-25T10:13:01.446Z
2000-2999	2973	1QB438lBtFdy1RQY4330HvjhogmsJB6a-	TRUE	2026-06-18T08:21:07.515Z	2026-08-09T07:27:00.111Z
2000-2999	2937	19DLHkxSv-ZsgKE9Drh9gujcRp4a7rFfZ	TRUE	2026-06-18T08:21:07.489Z	2026-08-09T07:26:52.931Z
2000-2999	2924	11Em9QabaW2WwsAB42hWdJU_6O7iuPxt7	TRUE	2026-06-18T08:21:07.482Z	2026-08-09T07:26:46.233Z
2000-2999	2919	1kbAkId1PJhLN1ofdGOF50wb-2d4u3WOL	TRUE	2026-06-18T08:21:07.477Z	2026-08-09T07:26:44.104Z
2000-2999	2796	1fC0BRE7530_jhbLKez0FS4cmkCXIqBJr	TRUE	2026-06-18T08:21:07.444Z	2026-08-09T07:26:34.039Z
2000-2999	2765	18vWsJcRkxJv2RKqJgHnQOwc-KsF8CSKY	TRUE	2026-06-18T08:21:07.429Z	2026-08-09T07:26:19.562Z
2000-2999	2651	1-nyJRiUktj8SiAqQCL_fUG0ATyiv1asO	TRUE	2026-06-18T08:21:07.330Z	2026-08-09T07:25:51.264Z
2000-2999	2575	1o_2rpfzGbLM2MgH65qG0vStxrHxnhGhL	TRUE	2026-06-18T08:21:07.319Z	2026-08-09T07:25:50.437Z
2000-2999	2464	10C0SaLXBjFfo2_b09itFnRupT8KGoEJQ	TRUE	2026-06-18T08:21:07.292Z	2026-08-09T07:25:49.421Z
2000-2999	2462	1hUqyxUTIQjGRu7LnYiKA7oqN68nd_0TF	TRUE	2026-06-18T08:21:07.287Z	2026-08-09T07:25:35.613Z
2000-2999	2456	1CSfOQbX8fzHLEvT1NUYTTBtNY9FZ2w-v	TRUE	2026-06-18T08:21:07.279Z	2026-08-09T07:25:29.736Z
2000-2999	2455	1cv_KiRLfldqbLZjct-RB6iqsUkKPJxm6	TRUE	2026-06-18T08:21:07.276Z	2026-08-09T07:25:26.170Z
2000-2999	2453	1DgZ_nYmbNtmTuv8WPDiRI1jpF6sPlbSD	TRUE	2026-06-18T08:21:07.272Z	2026-08-09T07:25:13.222Z
2000-2999	2452	18oOOU_crQCQTFzFOF7qJFA-Wh0njsqHl	TRUE	2026-06-18T08:21:07.268Z	2026-08-09T07:25:04.536Z
2000-2999	2451	1o2JDS_IdPNI9K3MYx_SAAGvcYm2W0CIL	TRUE	2026-06-18T08:21:07.264Z	2026-08-09T07:24:53.586Z
2000-2999	2449	1kmoSzaV2kQImP5bOCqEhQhajbDLZTKE0	TRUE	2026-06-18T08:21:07.258Z	2026-08-09T07:24:44.784Z
2000-2999	2448	1np0ZLpx6kMlWDfYvDvQ4F5iFNQjptbiI	TRUE	2026-06-18T08:21:07.255Z	2026-08-09T07:24:26.762Z
2000-2999	2447	1_lrK-Bx8mNep5CIZHxbCEQJC33kC34z-	TRUE	2026-06-18T08:21:07.251Z	2026-08-09T07:24:22.154Z
2000-2999	2442	19sokODpsNv3qWE8TgbPvqlMujRJ6XOmR	TRUE	2026-06-18T08:21:07.247Z	2026-08-09T07:24:14.223Z
2000-2999	2439	1Dtm9qSFEpqjCi9nlibZce5oy57WCclWb	TRUE	2026-06-18T08:21:07.245Z	2026-08-09T07:24:03.360Z
2000-2999	2436	1egk-upkdWZpdnZi0fxfwujEtG8bqYYrU	TRUE	2026-06-18T08:21:07.240Z	2026-08-09T07:23:59.642Z
2000-2999	2433	1bb_jxphRNfROMJlpdAJoC5UWKVS1b4F7	TRUE	2026-06-18T08:21:07.236Z	2026-08-09T07:23:30.893Z
2000-2999	2429	1Ndtm-NiGgyh4QM934ARIMoeCh2tS4R3P	TRUE	2026-06-18T08:21:07.224Z	2026-08-09T07:23:10.892Z
2000-2999	2427	1Il4aTVa6qhOOewVlEju8PPF51XVfwpyO	TRUE	2026-06-18T08:21:07.217Z	2026-08-09T07:23:07.634Z
2000-2999	2426	1JeG7961zk1oYr0q9vrGRvunjBotIIzjh	TRUE	2026-06-18T08:21:07.213Z	2026-08-09T07:23:03.204Z
2000-2999	2419	1Rs4we1r1VL8DpEJ3e4H80R83tOeaexzu	TRUE	2026-06-18T08:21:07.209Z	2026-08-09T07:22:56.669Z
2000-2999	2414	1yx7VBWMqaEfd2qnowmqjtaAcG5WhYJFa	TRUE	2026-06-18T08:21:07.196Z	2026-08-09T07:22:26.890Z
2000-2999	2317	1kGo9TLylnlJ6tP29t9FB4trxptIQdkz5	TRUE	2026-06-18T08:21:07.163Z	2026-08-09T07:21:55.162Z
2000-2999	2283	1VD6A3e54V1M5llIw7g-qc1NBYXgDPFAg	TRUE	2026-06-18T08:21:07.137Z	2026-08-09T07:21:33.465Z
2000-2999	2267	1dMF17sutAwauoaWPjK3Bh4ar0Wy57-cT	TRUE	2026-06-18T08:21:07.129Z	2026-08-09T07:21:30.224Z
2000-2999	2256	1BX4fvPvmfWBZ8TbA_xPBl5WHdw1eSs6N	TRUE	2026-06-18T08:21:07.125Z	2026-08-09T07:21:15.010Z
2000-2999	2159	1mknmoPTo3BZaDlp7t7KcpV3wz_zrryq3	TRUE	2026-06-18T08:21:07.092Z	2026-08-09T07:20:17.764Z
2000-2999	2118	1dQ61PvlbyXmxR7LUeg_CHdbJKjrZwyKX	TRUE	2026-06-18T08:21:07.056Z	2026-08-09T07:20:11.470Z
2000-2999	2085	1zuopiJAed4wfXENv5wfaAdCCM1bQ_cEP	TRUE	2026-06-18T08:21:06.988Z	2026-08-09T07:19:49.459Z
2000-2999	2078	1k3hCJ_YwQDWfL9QURWB4uNf8N8znDBY5	TRUE	2026-06-18T08:21:06.569Z	2026-08-09T07:19:41.393Z
2000-2999	2075	16_yaXYLbV01ylSoJ2kJle0vYNtVlR604	TRUE	2026-06-18T08:21:06.534Z	2026-08-09T07:19:39.288Z
2000-2999	2044	14MulEIJWMaWxh2EGbE9KaGbm0-w82pNK	TRUE	2026-06-18T08:21:06.393Z	2026-08-09T07:19:37.697Z
2000-2999	2041	1v4_oRsnAQkisxNQg7qGQE-ThCP51nV3T	TRUE	2026-06-18T08:21:05.923Z	2026-08-09T07:19:32.405Z
2000-2999	2027	1t_w9oYvik8vZ05Xj8k3eCBTvoJ0rjJ2A	TRUE	2026-06-18T08:21:05.537Z	2026-08-09T07:19:16.961Z
2000-2999	2026	11PjM6sanc0LANwm0nisza8VuQtsz2Zu5	TRUE	2026-06-18T08:21:05.404Z	2026-08-09T07:19:09.954Z
2000-2999	2024	1xJbTRLPCQxAKjBQrv4Jt_oBcH15iAJhJ	TRUE	2026-06-18T08:21:05.335Z	2026-08-09T07:18:56.768Z
2000-2999	2992	1swA3ESXoxZL-ESYCbV0Dd0wAbEP9aGBv	TRUE	2026-06-18T08:21:07.550Z	2026-07-25T10:12:49.078Z
2000-2999	2991	1ckSk-HX-fkjJ5nytzpOpgD8yCB8CuVGo	TRUE	2026-06-18T08:21:07.546Z	2026-07-25T10:12:48.971Z
2000-2999	2990	12DN3tBP2WkrV69kRM6l2GVfSATmGvfYD	TRUE	2026-06-18T08:21:07.543Z	2026-07-25T10:12:48.787Z
2000-2999	2985	18zlGRyueSFLn8iAbRuEAu73o8OjCAHcC	TRUE	2026-06-18T08:21:07.535Z	2026-07-25T10:12:47.915Z
2000-2999	2982	1BHeDvILKIN27iUGrtWqFMpEqQ6JfmdGQ	TRUE	2026-06-18T08:21:07.528Z	2026-07-25T10:12:42.445Z
2000-2999	2975	1xn-9mpdIqvjnrZefKjm0w3C4rSSEsPk_	TRUE	2026-06-18T08:21:07.522Z	2026-07-25T10:19:30.483Z
2000-2999	2974	18ziVb9wBfbf6OajMjQj9BJWiBQU42u6q	TRUE	2026-06-18T08:21:07.519Z	2026-07-25T10:19:30.465Z
2000-2999	2960	1pPjfF1_J28HJTQtCe8NWFOZvICn-7XlL	TRUE	2026-06-18T08:21:07.511Z	2026-07-25T10:19:30.408Z
2000-2999	2958	1OslwPCdjKUu8CLpwmRJEgJwrbQ_IvoSJ	TRUE	2026-06-18T08:21:07.507Z	2026-07-25T10:19:30.383Z
2000-2999	2942	1p1BgOWg8CxkYYAOsuAYYqYFhvlAD3KZ0	TRUE	2026-06-18T08:21:07.499Z	2026-07-25T10:19:30.313Z
2000-2999	2939	1GA7CpXmxCzJUx-jPQ6oU0EcawmuUlyV8	TRUE	2026-06-18T08:21:07.494Z	2026-07-25T10:12:38.647Z
2000-2999	2930	1wwRXqoJmmws__dc6XWtr43dWI6N2FbJa	TRUE	2026-06-18T08:21:07.485Z	2026-07-25T10:12:38.352Z
2000-2999	2929	1jeJuxAx7M6xcZ_z-PPHJi7TqOgfx-tOD	TRUE	2026-06-18T08:21:07.483Z	2026-07-25T10:12:38.250Z
2000-2999	2923	1AQxCb8igLN4Y8Py6iexRz3fhMvR947XH	TRUE	2026-06-18T08:21:07.480Z	2026-07-25T10:12:38.022Z
2000-2999	2846	1JfQz3lnuPDD6Z1WegWecxCbMNQ3lgewD	TRUE	2026-06-18T08:21:07.453Z	2026-07-25T10:20:33.119Z
2000-2999	2898	1_Ij8TNaabA-17NS80t9QCWducwE2y5dA	TRUE	2026-06-18T08:21:07.472Z	2026-07-25T10:12:37.355Z
2000-2999	2861	1kDtyILNljtxfgjmSNjlfpynL3oHjM7Ha	TRUE	2026-06-18T08:21:07.468Z	2026-07-25T10:12:37.196Z
2000-2999	2855	1ptvgny76Tg4_tP4Do_cuYdL_SnwfAVWd	TRUE	2026-06-18T08:21:07.464Z	2026-07-25T10:12:37.155Z
2000-2999	2818	1OQ3UcenG4hdh9Tu0W8dyj7twUcNzs4C-	TRUE	2026-06-18T08:21:07.447Z	2026-07-25T10:12:37.030Z
2000-2999	2772	1mYrtBXxAa5gJxOyu_MITXf93p0dkkHf1	TRUE	2026-06-18T08:21:07.439Z	2026-07-25T10:12:36.185Z
2000-2999	2758	1ow8sp9hsLcep8kntylG5o0PzCP7DOQnJ	TRUE	2026-06-18T08:21:07.418Z	2026-07-25T10:15:46.318Z
2000-2999	2735	1Og0glRy5GWxHxw5euGBlMiuijduBQwA1	TRUE	2026-06-18T08:21:07.408Z	2026-07-25T10:19:30.040Z
2000-2999	2739	1bGffo6yRsH9EzVRveq2gDIdi1NoSDIBe	TRUE	2026-06-18T08:21:07.410Z	2026-07-25T10:12:35.598Z
2000-2999	2724	1iVKT_wT-4VwQIhZDfaVRWn-bUQfT3_hk	TRUE	2026-06-18T08:21:07.406Z	2026-07-25T10:19:30.020Z
2000-2999	2711	1YCWHoVRGdUp7dTfqk5cDpdRPGlAttbz8	TRUE	2026-06-18T08:21:07.399Z	2026-07-25T10:12:22.738Z
2000-2999	2710	1vLfHzG3XmrKR6vw74ApypxP7EKgZ60WA	TRUE	2026-06-18T08:21:07.392Z	2026-07-25T10:12:21.060Z
2000-2999	2707	1bp4ejWLxOrf9OKqI-JRx70oylqe_8UXB	TRUE	2026-06-18T08:21:07.385Z	2026-07-25T10:12:20.746Z
2000-2999	2660	1DiWhgI8XxyFXHUGxtV8FF7AXDIidwN0e	TRUE	2026-06-18T08:21:07.338Z	2026-07-25T10:20:12.577Z
2000-2999	2705	1K6hJbfuwTKOlqDylZ7YmuE0X9Af40npL	TRUE	2026-06-18T08:21:07.380Z	2026-07-25T10:12:18.386Z
2000-2999	2704	14gOXLlFh8Cx88hDaZB-CSBu_CoJCKerx	TRUE	2026-06-18T08:21:07.375Z	2026-07-25T10:12:17.589Z
2000-2999	2685	1r0W3jnXSV_hEEkgr5WyrOE54xRCEl7Pt	TRUE	2026-06-18T08:21:07.366Z	2026-07-25T10:12:17.139Z
2000-2999	2676	1HQRVbgv7Kb8YhmNeb3CGnIcwfEgAo6yH	TRUE	2026-06-18T08:21:07.342Z	2026-07-25T10:12:17.111Z
2000-2999	2652	1IWSy7xsQWRQrgXaQQlLuFiJACyDLgtf4	TRUE	2026-06-18T08:21:07.333Z	2026-07-25T10:19:29.803Z
2000-2999	2648	1ZuhJsHPxkBNNCYmMdcc5aT-7RdV_4VBv	TRUE	2026-06-18T08:21:07.326Z	2026-07-25T10:12:13.949Z
2000-2999	2576	1Vq2imvdzC0xuLhmH9cOyxSnTh0HLKWLH	TRUE	2026-06-18T08:21:07.323Z	2026-07-25T10:12:12.681Z
2000-2999	2541	1dhDmZrPil8pqJI6fhKbEmC76aE9yrfFw	TRUE	2026-06-18T08:21:07.314Z	2026-07-25T10:11:59.289Z
2000-2999	2513	1XSxQOaZ4JnVJ3iGAgZ-e7r35TZKyRAa8	TRUE	2026-06-18T08:21:07.308Z	2026-07-25T10:11:52.566Z
2000-2999	2472	1ODpG6Ny9qJowyW_eHYTGARv5D7ikB9Q9	TRUE	2026-06-18T08:21:07.300Z	2026-07-25T10:20:12.081Z
2000-2999	2466	1Nik-kBlXLYti1KLg_vRSIgTTfU4fy9lJ	TRUE	2026-06-18T08:21:07.296Z	2026-07-25T10:11:51.089Z
2000-2999	2459	12fYsGTme93q4lz9YE6J90oh1N9vV6Rat	TRUE	2026-06-18T08:21:07.283Z	2026-07-25T10:11:29.406Z
2000-2999	2450	1AkcWhdJU7b-SthLYXkmrQlf9i-VLjou5	TRUE	2026-06-18T08:21:07.261Z	2026-07-25T10:10:49.892Z
2000-2999	2432	1DadCFof2M7LGF-OdB5SP0xqx3JeALmQ8	TRUE	2026-06-18T08:21:07.232Z	2026-07-25T10:09:52.580Z
2000-2999	2430	1vJi5BrVxpForzZVAankskuBCUqnP_i9S	TRUE	2026-06-18T08:21:07.228Z	2026-07-25T10:19:29.223Z
2000-2999	2428	1Ga5T5HNnlIXxB5SdK9Gsg-9Zuc0T7DjD	TRUE	2026-06-18T08:21:07.221Z	2026-07-25T10:09:45.307Z
2000-2999	2417	1y3EghoemIBbLsVe_AYrM72K4UmxyYuce	TRUE	2026-06-18T08:21:07.205Z	2026-07-25T10:09:38.164Z
2000-2999	2416	1LgBYxpAQA712anQ5OM7oxg1J27TuNQdj	TRUE	2026-06-18T08:21:07.201Z	2026-07-25T10:09:38.103Z
2000-2999	2411	1w8pmpz-ReX-22JR0AyMGv4Sx1irfCh9F	TRUE	2026-06-18T08:21:07.192Z	2026-07-25T10:09:35.017Z
2000-2999	2409	1g_f-oJ__K3dKVIJ-SjBqwfh5LTYJuJKZ	TRUE	2026-06-18T08:21:07.183Z	2026-07-25T10:14:31.598Z
2000-2999	2410	1LUQOy1oSoRuo6qIGLrkAe6Rvmkfry2ci	TRUE	2026-06-18T08:21:07.187Z	2026-07-25T10:09:33.340Z
2000-2999	2369	1sdHsZmqnAMAgndCTszEqGgg7JFFBP3QB	TRUE	2026-06-18T08:21:07.176Z	2026-07-25T10:09:33.045Z
2000-2999	2348	1xZH_c81aOvS5WMM62ZSmH84tzH5duB_s	TRUE	2026-06-18T08:21:07.172Z	2026-07-25T10:09:33Z
2000-2999	2384_shlih	14IVxRMIudz2oKevt5-jgJTeGrj4DCe_Z	TRUE	2026-06-18T08:21:07.180Z	2026-07-25T08:40:43.393Z
2000-2999	2322	1CIjpTHP3TzguQTXuxKKH-tXV-9P_9Y8R	TRUE	2026-06-18T08:21:07.166Z	2026-07-25T10:08:24.365Z
2000-2999	2315	1C3Qlmk53cg9Tk2l1XZi0LLKlx7fbIB9w	TRUE	2026-06-18T08:21:07.160Z	2026-07-25T10:08:22.458Z
2000-2999	2311	1Zw2WnFkUBLRQdqDb64BCeXuuk2E0cGdp	TRUE	2026-06-18T08:21:07.156Z	2026-07-25T10:08:22.294Z
2000-2999	2301	1J3QYxa9RCmsDvQgOV0_drnkqXgosbjcO	TRUE	2026-06-18T08:21:07.144Z	2026-07-25T10:19:28.807Z
2000-2999	2305	1uZvH_tpU0uICdyD28p624yS7adFyujSy	TRUE	2026-06-18T08:21:07.153Z	2026-07-25T10:08:21.961Z
2000-2999	2303	1PWtjP1-Cd63UFVaK2KYXnI9YoMSQgr4G	TRUE	2026-06-18T08:21:07.148Z	2026-07-25T10:08:21.912Z
2000-2999	2285	14N6vCeAqvoiOTr3ZNokwmprclBRHcDyW	TRUE	2026-06-18T08:21:07.141Z	2026-07-25T10:08:21.500Z
2000-2999	2277	1TmxZnRX_EAur6dUV0r9LuTc7HIHDW7bi	TRUE	2026-06-18T08:21:07.132Z	2026-07-25T10:19:28.775Z
2000-2999	2221	1bbJWp6w1M7aeU2vuj6LzYfoYqlcisaLY	TRUE	2026-06-18T08:21:07.122Z	2026-07-25T10:08:18.605Z
2000-2999	2215	1nxD38-QioDaVMvWB-UBSF3nC-LVczSwo	TRUE	2026-06-18T08:21:07.118Z	2026-07-25T10:08:18.560Z
2000-2999	2191	1iGH7cljmfL0yM14MjzowFnMirArLplAe	TRUE	2026-06-18T08:21:07.113Z	2026-07-25T10:08:18.427Z
2000-2999	2190	1pBZrTNyvrTWz5OgMkceWJtCgjYGEQlUX	TRUE	2026-06-18T08:21:07.109Z	2026-07-25T10:08:18.367Z
2000-2999	2179	1mE8NlfwgYg8t5JnDVs1KppEXN7bvxkqr	TRUE	2026-06-18T08:21:07.104Z	2026-07-25T10:08:18.331Z
2000-2999	2174	14rScphFRvyRMgzJ4TI8y8oTCkoOnMPD2	TRUE	2026-06-18T08:21:07.100Z	2026-07-25T10:08:18.307Z
2000-2999	2155	1VIZMXbTNTO68z7zlUF7beSaQJfdkl5Qb	TRUE	2026-06-18T08:21:07.084Z	2026-07-25T10:19:28.662Z
2000-2999	2165	1S-uPox7m0Jl3rXF1VvgAYx24kMSEE8qC	TRUE	2026-06-18T08:21:07.095Z	2026-07-25T10:08:18.218Z
2000-2999	2154	1ghFJyJ-mR7v5-5PF75y3OI9muGM45vnY	TRUE	2026-06-18T08:21:07.080Z	2026-07-25T10:19:28.637Z
2000-2999	2157	1PWrj-g1CL2sY_WQdZqVjQs5mipAzTpZQ	TRUE	2026-06-18T08:21:07.087Z	2026-07-25T10:08:17.857Z
2000-2999	2144	1rNGnFtnfEjxRP2j2qX0riKH26WnW8lJM	TRUE	2026-06-18T08:21:07.068Z	2026-07-25T10:19:28.608Z
2000-2999	2123	1OgqrResCbncgUr1DonHC5r6EN-E8tzO2	TRUE	2026-06-18T08:21:07.064Z	2026-07-25T10:19:28.581Z
2000-2999	2153	1YGj_liQtLcMmFxwUmprbYNWuk1pnALKL	TRUE	2026-06-18T08:21:07.076Z	2026-07-25T10:08:17.235Z
2000-2999	2149	1FLcrnP3I2hfLSv0cwikwisv_8VjIvrvU	TRUE	2026-06-18T08:21:07.072Z	2026-07-25T10:08:17.208Z
2000-2999	2122	18I7bBNZkrSE20ZZZVOe6bRT3AGSgFa15	TRUE	2026-06-18T08:21:07.060Z	2026-07-25T10:08:17.121Z
2000-2999	2115	1f9U_nELQmckPOIKa34YI5IKDjzByoRxF	TRUE	2026-06-18T08:21:07.052Z	2026-07-25T10:08:16.500Z
2000-2999	2101	1OaSzflvnbXdtM8o8Cr2UtgjVMUJ9sDcV	TRUE	2026-06-18T08:21:07.047Z	2026-07-25T10:08:16.392Z
2000-2999	2099	1ogPCfTaJ94mMwVwOTJAxLVtTQtUCuZog	TRUE	2026-06-18T08:21:07.044Z	2026-07-25T10:08:16.368Z
2000-2999	2098	1RlsuefOLpq6AP5uGpoFf0Yx2m8P1osix	TRUE	2026-06-18T08:21:07.040Z	2026-07-25T10:08:16.352Z
2000-2999	2097	1io-7GHcrAWxYfZFdjYBS0pJEp0nYMK88	TRUE	2026-06-18T08:21:07.036Z	2026-07-25T10:08:16.338Z
2000-2999	2096	1fZY_uTaTzskJAz1TJineCDSSziW2en8H	TRUE	2026-06-18T08:21:07.016Z	2026-07-25T10:08:16.315Z
2000-2999	2089	1jwW4rHy96sCWMRW-7kG2jhRrtRnYaYRd	TRUE	2026-06-18T08:21:07.002Z	2026-07-25T10:19:28.437Z
2000-2999	2093	1XjrIXcOZ5nEn9WiQkwlnPuVi8cZ6JFOQ	TRUE	2026-06-18T08:21:07.012Z	2026-07-25T10:08:16.279Z
2000-2999	2092	12C3LJwFGLSjG4ZDL0sxU617NJYmMGrg2	TRUE	2026-06-18T08:21:07.009Z	2026-07-25T10:08:16.259Z
2000-2999	2090	1FVeTiT432S8pffucvkydZlxCtwVIuoSK	TRUE	2026-06-18T08:21:07.005Z	2026-07-25T10:08:16.239Z
2000-2999	2088	1e4299i2Sowsj5zDQ5USmGo9jMG6EQrMe	TRUE	2026-06-18T08:21:06.999Z	2026-07-25T10:08:16.104Z
2000-2999	2087	1mFJcjQH_URJgIYnou6bDjj-ENS0KEBuo	TRUE	2026-06-18T08:21:06.995Z	2026-07-25T10:08:16.078Z
2000-2999	2086	1Nwe-aqUC3ufmHdBm1CU9rHo5Ho7WMC_O	TRUE	2026-06-18T08:21:06.992Z	2026-07-25T10:08:16.052Z
2000-2999	2083	1sNdjmvdMCuvvaF6or5dn16bjnNXCSgEY	TRUE	2026-06-18T08:21:06.985Z	2026-07-25T10:08:15.937Z
2000-2999	2080	1uil0Sk3wOcm3PcF6u4xCz_ZyuCTy_acx	TRUE	2026-06-18T08:21:06.597Z	2026-07-25T10:19:28.323Z
2000-2999	2071	1AjlK2ajyS7DZWr6FuU0j3-44tBqRrE8q	TRUE	2026-06-18T08:21:06.465Z	2026-07-25T10:08:13.033Z
2000-2999	2053	1exFjooL4LJEMiNNu_26lvIC7zhUU5Hjg	TRUE	2026-06-18T08:21:06.443Z	2026-07-25T10:08:12.889Z
2000-2999	2040	1bnSa9ZB13mhSA3asBNlC7su-4PNiv_1g	TRUE	2026-06-18T08:21:05.790Z	2026-07-25T10:19:28.249Z
2000-2999	2037	1FFlwOLw7SaBxKB72sHhVmOX5TlDMGLP1	TRUE	2026-06-18T08:21:05.776Z	2026-07-25T10:08:11.114Z
2000-2999	2034	1k-iEnXvVsuz7crBNzuHKvdSMcCVHcwTt	TRUE	2026-06-18T08:21:05.634Z	2026-07-25T10:19:28.188Z
2000-2999	2025	1xrnptHlbSNS6knnHK2qPzZLep8uomblB	TRUE	2026-06-18T08:21:05.399Z	2026-07-25T10:08:08.191Z
2000-2999	2023	1fpsqNqjQWOqyLaO9_4zzsRZN-xAQlo-k	TRUE	2026-06-18T08:21:05.332Z	2026-07-25T10:08:06.702Z
2000-2999	2018	1xHAvfhq1TufhioLV-Jn62IvA9EUP7PqH	TRUE	2026-06-18T08:21:05.271Z	2026-07-25T10:08:06.672Z
2000-2999	2016	11yiqEr9RwRAlDpTWNe_2QZ7njnHLwDl3	TRUE	2026-06-18T08:21:05.268Z	2026-07-25T10:19:28.091Z
2000-2999	2012	1JwX9P7K1RnKv4XbOAZ-m6VRUS1pOSTyF	TRUE	2026-06-18T08:21:05.188Z	2026-07-25T10:19:28.048Z
2000-2999	2013	1M1YzWa-qau0MU5K009X9BE8EdUInss93	TRUE	2026-06-18T08:21:05.205Z	2026-07-25T10:08:05.977Z
2000-2999	2009	1YLkNW4XYAZvwWfxJpGVUTYMlUsHnjhTo	TRUE	2026-06-18T08:21:05.095Z	2026-07-25T10:08:05.399Z
2000-2999	2008	1Bod8-Qz1TCKy7aHkb6WMj5SKFLnNVBiZ	TRUE	2026-06-18T08:21:05.087Z	2026-07-25T10:19:27.975Z
2000-2999	2006	1cLkrWALaYuBd7DBmXo8ihKezKpCvC17I	TRUE	2026-06-18T08:21:05.084Z	2026-07-25T10:19:27.934Z
2000-2999	2003	1HdnDyFzOSoEF5EgZN-4WsjgDb_SIgF3r	TRUE	2026-06-18T08:21:05.081Z	2026-07-25T10:19:27.916Z
2000-2999	2000	1QpehU1UxfnKyvY3vzA2pa_7S1Cs5q77-	TRUE	2026-06-18T08:21:04.557Z	2026-07-25T10:19:27.893Z
3000-3999	3978	127J3WI_Aq2d205P-xosSN47x6F2zKPUI	TRUE	2026-06-18T08:21:35.348Z	2026-09-07T05:12:21.859Z
3000-3999	3912	1QHnpDi0qjnNJKkbi6U4u2n9kDwu3PEzd	TRUE	2026-06-18T08:21:35.263Z	2026-09-07T05:12:20.307Z
3000-3999	3914	1FRHcJMV4t22YoqnWGFlAERsB9fJzuwN1	TRUE	2026-06-18T08:21:35.264Z	2026-09-07T05:12:22.804Z
3000-3999	3788	1H9TSksQNBnFGltJi4mQgoYVJQ1wzs5B2	TRUE	2026-06-18T08:21:35.235Z	2026-09-07T05:12:21.840Z
3000-3999	3781	1QDTWn9Np3TI5ft_uX1GaRykJNrX86CU3	TRUE	2026-06-18T08:21:35.234Z	2026-09-07T05:12:21.837Z
3000-3999	3711	180pbBXjk72P7gNjDy-Ueoz4njR7E55g5	TRUE	2026-06-18T08:21:35.216Z	2026-09-07T05:12:21.835Z
3000-3999	3676	11Gf-MC3_6QH7X6GgMVemqie4FW_sCU2e	TRUE	2026-06-18T08:21:35.195Z	2026-09-07T05:12:21.741Z
3000-3999	3646	1AT8y5mNWBuUfG7xQ4MHMtq_yG2fjwbPa	TRUE	2026-06-18T08:21:35.186Z	2026-09-07T05:12:21.737Z
3000-3999	3624	1Fm19-aXR8srYg45qglBUKLRBtCv48JfC	TRUE	2026-06-18T08:21:35.178Z	2026-09-07T05:12:21.730Z
3000-3999	3592	1mu53Uw98n2ZVTY_NKQAQ29DDnEZpIyEo	TRUE	2026-06-18T08:21:35.166Z	2026-09-07T05:12:21.703Z
3000-3999	3576	1if5cIwia-dT0xlDJYI4nwgbyf66LCCFg	TRUE	2026-06-18T08:21:35.162Z	2026-09-07T05:12:21.534Z
3000-3999	3569	1GuZhfwqjeN7KNRAwjjSR5iJA11vjLVbN	TRUE	2026-06-18T08:21:35.161Z	2026-09-07T05:12:22.800Z
3000-3999	3539	1q7Kx4dIE9WeSu20j14fPBdYs-gDeUgpa	TRUE	2026-06-18T08:21:35.156Z	2026-09-07T05:12:21.524Z
3000-3999	3538	1NX1_rILgNDg2DWNru-HHhJYtDj2jGMpV	TRUE	2026-06-18T08:21:35.155Z	2026-09-07T05:12:22.790Z
3000-3999	3301	1gouEbFpQLWURXU87WCHHoeSNkzevFv1M	TRUE	2026-06-18T08:21:35.124Z	2026-09-07T05:12:22.787Z
3000-3999	3155	14Gn7Ca6-NrUqoMCacB-3PzAiO8yj7oID	TRUE	2026-06-18T08:21:35.098Z	2026-09-07T05:12:21.513Z
3000-3999	3045	1EF0t5N3mrHxp3rIQytExdnwQhKELA99X	TRUE	2026-06-18T08:21:34.134Z	2026-09-07T05:12:21.506Z
3000-3999	3041	1ZjnINaonq3lt7sZ4EZjDxkuuqwK451Dh	TRUE	2026-06-18T08:21:34.088Z	2026-09-07T05:12:21.501Z
3000-3999	3976	14yuJkrD7bCvhfwvXM4e4F3ibRFAFNWt3	TRUE	2026-06-18T08:21:35.345Z	2026-08-09T07:40:18.121Z
3000-3999	3936	1pO6lDW-a_63Rr0pj889O-TpixxsCKQzE	TRUE	2026-06-18T08:21:35.314Z	2026-08-09T07:39:50.136Z
3000-3999	3935	1BPgarQb3aPEviRLebiljyL5s_NmhsVUF	TRUE	2026-06-18T08:21:35.313Z	2026-08-09T07:39:22.385Z
3000-3999	3908	1-ic3jLaaZ-nDJ5l1XpVHNbkR-CBvZc1U	TRUE	2026-06-18T08:21:35.261Z	2026-08-09T07:38:25.299Z
3000-3999	3905	1t9R-GaMB9NrStBd2sehRRHR9xXjwmtjN	TRUE	2026-06-18T08:21:35.260Z	2026-08-09T07:38:24.233Z
3000-3999	3882	1hD8OoKqlh_Un2xtRo3LFbnt9rEPsAvw1	TRUE	2026-06-18T08:21:35.258Z	2026-08-09T07:38:22.582Z
3000-3999	3865	1rzpTQO4JB1rlVvikGUdMVblhbncKhm6f	TRUE	2026-06-18T08:21:35.254Z	2026-08-09T07:38:19.956Z
3000-3999	3861	1xOT_JNtC7FJbENDERxU9YWwdUSeHDzFl	TRUE	2026-06-18T08:21:35.253Z	2026-08-09T07:38:12.340Z
3000-3999	3850	14YA3JEgg6SrslMS7Xh0EJ_PibNApDh5G	TRUE	2026-06-18T08:21:35.251Z	2026-08-09T07:38:11.338Z
3000-3999	3817	1rj2m0-DRthU7wcduZw1RHdDVAfz807kd	TRUE	2026-06-18T08:21:35.245Z	2026-08-09T07:36:15.308Z
3000-3999	3762	1SwHbL_NDUFH2RBqqTif09pvUgvuDhxeZ	TRUE	2026-06-18T08:21:35.231Z	2026-08-09T07:36:00.603Z
3000-3999	3704	1m_nyMgpQETNIKvcrDeLAeVgjPkWr-A8C	TRUE	2026-06-18T08:21:35.214Z	2026-08-09T07:35:57.457Z
3000-3999	3703	1sgjhe32G82-hdkfcaCVcDXs8Eyjy23rv	TRUE	2026-06-18T08:21:35.213Z	2026-08-09T07:35:38.884Z
3000-3999	3684	1Y8jcKK0dyL36J-8Yx9Ua40kSTIEa5frv	TRUE	2026-06-18T08:21:35.201Z	2026-08-09T07:35:31.951Z
3000-3999	3625	1-5lTMjRwEcASrSljLU4HXqTqWVoz8gbP	TRUE	2026-06-18T08:21:35.179Z	2026-08-09T07:35:08.534Z
3000-3999	3615	1TQ4SgBxa-4Db_8asaNoEMsFCt141R3Eu	TRUE	2026-06-18T08:21:35.176Z	2026-08-09T07:34:54.890Z
3000-3999	3600	1R713x_AZSsaITpglU6j9scn_x-2egPMI	TRUE	2026-06-18T08:21:35.169Z	2026-08-09T07:34:50.620Z
3000-3999	3507	1vTidZDjz3MeINK4tfbeDCJ_X0NEDBgxM	TRUE	2026-06-18T08:21:35.151Z	2026-08-09T07:31:08.782Z
3000-3999	3451	1tCOI16VJWJ1EseIfOLo8RfNtr5mcAKvb	TRUE	2026-06-18T08:21:35.135Z	2026-08-09T07:31:07.714Z
3000-3999	3319	13rWjLM138i3QerdzjO54mjZ2IJ4-w7WK	TRUE	2026-06-18T08:21:35.128Z	2026-08-09T07:31:07.160Z
3000-3999	3283	1_2XzzIDBWi66q2O2kgVwJDe08kmwLlZG	TRUE	2026-06-18T08:21:35.121Z	2026-08-09T07:29:07.411Z
3000-3999	3228	1kUCN-TfVlrLvTy94CFM5aIq6vjD2rRv4	TRUE	2026-06-18T08:21:35.117Z	2026-08-09T07:29:06.840Z
3000-3999	3209	1_WsP9hHll5RYP6p4h_TEnZIegbfTtpnE	TRUE	2026-06-18T08:21:35.113Z	2026-08-09T07:29:02.056Z
3000-3999	3171	196-P96X8PWoAiMKYTwP6zHkz1h4_AkS_	TRUE	2026-06-18T08:21:35.106Z	2026-08-09T07:28:59.310Z
3000-3999	3012	1ywT4JQM-bOepkGlXDoXZK7QbsiZWuxGp	TRUE	2026-06-18T08:21:34.048Z	2026-08-09T07:28:58.756Z
3000-3999	3997	13Ze3WuiCGaEvKVp6Q36iGxUMYQWcoTqX	TRUE	2026-06-18T08:21:35.372Z	2026-07-22T15:28:54.282Z
3000-3999	3988	1Mdjcs0C0Tup8yfhGuwh-BkHc4u4Ic7jY	TRUE	2026-06-18T08:21:35.370Z	2026-07-22T15:28:54.196Z
3000-3999	3979	1dBK3yfzvth4I-s2F4dh1dw_nuDZ6pIga	TRUE	2026-06-18T08:21:35.350Z	2026-07-22T15:32:22.123Z
3000-3999	3977	17XfBdvzSGhk3USD0xYUkeu0pFRxn5wdt	TRUE	2026-06-18T08:21:35.347Z	2026-07-22T15:28:51.905Z
3000-3999	3973	1Xtvdp_o0k3CnbtTyz1jTSjSdEnoaeMLa	TRUE	2026-06-18T08:21:35.343Z	2026-07-22T15:28:48.907Z
3000-3999	3939	1U_bvhxXQ5J2h6y7tRRd5qDNYcS8oPEkd	TRUE	2026-06-18T08:21:35.316Z	2026-07-22T15:32:22.021Z
3000-3999	3964	1UAJAuuaMAPIhIOua6TpV52mXTsCJwvix	TRUE	2026-06-18T08:21:35.341Z	2026-07-22T15:28:47.232Z
3000-3999	3953	1ImZBjDM6WlBI1N2oE8uUMhycHnyhszRb	TRUE	2026-06-18T08:21:35.340Z	2026-07-22T15:28:47.152Z
3000-3999	3940	1MSfpjMSzKbvExy7lHarnwcR2zx_pnx-o	TRUE	2026-06-18T08:21:35.318Z	2026-07-22T15:28:47.108Z
3000-3999	3931	1qqlQc4yURH-CcO8AKw0Adeb_0JGGYSN5	TRUE	2026-06-18T08:21:35.311Z	2026-07-22T15:28:46.323Z
3000-3999	3918	1Z9-Cxy5Y4T2lLfis15UYHfcvQ5JPc4y1	TRUE	2026-06-18T08:21:35.265Z	2026-07-22T15:32:21.974Z
3000-3999	3923	1FxUJ15fbRYLcfPGdsy86isEGDE7SeJcS	TRUE	2026-06-18T08:21:35.267Z	2026-07-22T15:28:46.270Z
3000-3999	3880	1uF7YPLXrJHp0ZXUdd_W0X0SDpG-epYif	TRUE	2026-06-18T08:21:35.257Z	2026-07-22T15:28:32.499Z
3000-3999	3879	1paLKI_VqUh33yy7cqgcm71Jc6gItckXY	TRUE	2026-06-18T08:21:35.256Z	2026-07-22T15:28:31.156Z
3000-3999	3851	1oF7SXRYtLf1LDhFteolSBZDdQa5bh4tQ	TRUE	2026-06-18T08:21:35.252Z	2026-07-22T15:28:19.464Z
3000-3999	3840	1DuqRwZLpUvBls_4A-E580aeZUbKJxiNh	TRUE	2026-06-18T08:21:35.249Z	2026-07-22T15:28:19.034Z
3000-3999	3827	1UHDfx5wvSK6RFRN5JTIe-HVRSfkZ0SH9	TRUE	2026-06-18T08:21:35.248Z	2026-07-22T15:32:21.521Z
3000-3999	3825	18wwgkVauCeVxwDYNfcrGDxG2k02GNUvm	TRUE	2026-06-18T08:21:35.246Z	2026-07-22T15:28:18.679Z
3000-3999	3813	1rvjoqPr6kFeqPTZ6BVeTkviF2sLaK0Tj	TRUE	2026-06-18T08:21:35.243Z	2026-07-22T15:28:17.746Z
3000-3999	3805	15Z23w7-u6CrAkpfx30TXgs8xhTgcm1pH	TRUE	2026-06-18T08:21:35.242Z	2026-07-22T15:28:17.689Z
3000-3999	3802	1tGthw1pvEqGJVVqPSFQUjthXEQr1jDgg	TRUE	2026-06-18T08:21:35.241Z	2026-07-22T15:32:21.454Z
3000-3999	3797	15wZiADOB9VaZRFhHvsh1ByqHLLCgvpHf	TRUE	2026-06-18T08:21:35.239Z	2026-07-22T15:31:51.046Z
3000-3999	3792	1fS-0yI3-MYMEeY62XMPwCacLqtMLY51R	TRUE	2026-06-18T08:21:35.238Z	2026-07-22T15:28:14.993Z
3000-3999	3791	10h39c2xLlOKJjRzHPAIKOnVno75cXR9y	TRUE	2026-06-18T08:21:35.237Z	2026-07-22T15:32:21.432Z
3000-3999	3779	1_scgXQ8t1A5c_0mmMJs5hUa3_c80CmI6	TRUE	2026-06-18T08:21:35.233Z	2026-07-22T15:28:14.046Z
3000-3999	3754	1GzOpMxmU6sWI2P7b9TW8Tid4atjq4rbu	TRUE	2026-06-18T08:21:35.230Z	2026-07-22T15:28:13.505Z
3000-3999	3752	1uEvX1s0RkZpFoTdBj9LI_xchgwoHg0et	TRUE	2026-06-18T08:21:35.228Z	2026-07-22T15:28:12.860Z
3000-3999	3748	1LQ-yLnlLbsZ3BJjh4K9kvdGbte3Xeulb	TRUE	2026-06-18T08:21:35.227Z	2026-07-22T15:28:06.676Z
3000-3999	3743	1xwLK5FRydkDU-N-uXRhRmJVlAa5i1O-k	TRUE	2026-06-18T08:21:35.226Z	2026-07-22T15:28:06.109Z
3000-3999	3742	1wgGguI__4w5tM8D1F-1y_n4v3shVJi9W	TRUE	2026-06-18T08:21:35.224Z	2026-07-22T15:32:21.355Z
3000-3999	3740	1Zq3OJsNAxcq9afrfZq2hkSq9KQmb1_lw	TRUE	2026-06-18T08:21:35.223Z	2026-07-22T15:32:21.344Z
3000-3999	3726	15nC6mETNh4qMQoydOQieZ0ZHXfGiN-nr	TRUE	2026-06-18T08:21:35.222Z	2026-07-22T15:32:21.281Z
3000-3999	3723	1bJoEpTdtXvdtD7dgHv4DeEyWBagprDzF	TRUE	2026-06-18T08:21:35.221Z	2026-07-22T15:27:56.927Z
3000-3999	3721	1PTalli4RAlveqoJSPgWW1MaxfqbRt3Li	TRUE	2026-06-18T08:21:35.219Z	2026-07-22T15:27:56.850Z
3000-3999	3720	16jnBYMyv8popiVqT7ovjy3srs_hh5nT_	TRUE	2026-06-18T08:21:35.218Z	2026-07-22T15:27:56.489Z
3000-3999	3700	1weJZrGVxc4IDmCSeunynCUrMTLtfg7gj	TRUE	2026-06-18T08:21:35.212Z	2026-07-22T15:32:21.157Z
3000-3999	3697	12CzmgznjYHej42mLNSEzKpPGC8BpNqxU	TRUE	2026-06-18T08:21:35.210Z	2026-07-22T15:27:51.564Z
3000-3999	3695	1vnA3EMp6tg_GSDzvplNwGQhsYGwzmJ-U	TRUE	2026-06-18T08:21:35.209Z	2026-07-22T15:32:21.052Z
3000-3999	3694	1TEFQ5rOaTqsZBD_WtfhngJ9KXktNb-bP	TRUE	2026-06-18T08:21:35.208Z	2026-07-22T15:32:21.042Z
3000-3999	3693	1uzpb4XB4HrOmmn6Iem3gUBgzOMj1JE64	TRUE	2026-06-18T08:21:35.206Z	2026-07-22T15:32:21.025Z
3000-3999	3691	1LutGytTSi-SrMAHadAoUiQEJV9ZibTWr	TRUE	2026-06-18T08:21:35.205Z	2026-07-22T15:27:49.283Z
3000-3999	3690	1fcmyiijyMvoBLUuHJTdAgiYquy-K2IpA	TRUE	2026-06-18T08:21:35.204Z	2026-07-22T15:27:49.121Z
3000-3999	3687	1X-cHpy7Xk83Zx21GyIg78FYNIm5GAL18	TRUE	2026-06-18T08:21:35.202Z	2026-07-22T15:27:48.490Z
3000-3999	3683	1lP00h9pwYyHV1hczBbkDI3i643lYSIa-	TRUE	2026-06-18T08:21:35.200Z	2026-07-22T15:27:48.088Z
3000-3999	3682	16P9jPmH2w-tVql14tGHC1gk4j-uRZOV6	TRUE	2026-06-18T08:21:35.198Z	2026-07-22T15:32:20.970Z
3000-3999	3681	1DQFBI_RZHXUd08UhiFCmYumZdOYHIpam	TRUE	2026-06-18T08:21:35.197Z	2026-07-22T15:27:44.236Z
3000-3999	3672	1cmKVTG8ImF-VCeuT_ZNddZoRQplxH_aM	TRUE	2026-06-18T08:21:35.194Z	2026-07-22T15:27:43.653Z
3000-3999	3666	11sKXTGjTlmS7uWraegMeYCwl-7W18mXh	TRUE	2026-06-18T08:21:35.193Z	2026-07-22T15:27:43.399Z
3000-3999	3657	19hHutgKVLYQmSQC33e1vz6AKMB4JJf9x	TRUE	2026-06-18T08:21:35.192Z	2026-07-22T15:27:43.198Z
3000-3999	3651	1z3U_GApyfg7ygvWrTUy4htyZWn6SOoDy	TRUE	2026-06-18T08:21:35.190Z	2026-07-22T15:27:43.070Z
3000-3999	3649	1gJO3l7wQdV9wsXP-zIlESo3t9kNoNCH5	TRUE	2026-06-18T08:21:35.189Z	2026-07-22T15:27:42.957Z
3000-3999	3648	1EoRIOrAFJz-TZrLGEa1ILh9xCYU7Uc7B	TRUE	2026-06-18T08:21:35.187Z	2026-07-22T15:27:42.739Z
3000-3999	3642	1ndUhoV2ITle1FhZwu0yWV353xbWgJRBH	TRUE	2026-06-18T08:21:35.185Z	2026-07-22T15:32:20.719Z
3000-3999	3641	1h6oNa4e38ZrIpml8ya3ytIs-alTyaov0	TRUE	2026-06-18T08:21:35.183Z	2026-07-22T15:27:16.935Z
3000-3999	3639	16pZfm774EYGcrWmlnHgu4yoKsRwZmc5O	TRUE	2026-06-18T08:21:35.182Z	2026-07-22T15:27:16.666Z
3000-3999	3637	1NFl2E3xFRYXo8iaJSKNO9YbtnTjoKY-D	TRUE	2026-06-18T08:21:35.180Z	2026-07-22T15:32:20.668Z
3000-3999	3613	16gOkyHT4wAaulUOmyDh2--h9M1UVA5R2	TRUE	2026-06-18T08:21:35.174Z	2026-07-22T15:26:58.204Z
3000-3999	3612	1Kw72RlBFl9tBXY2sEvYONIdPt3WR5e5L	TRUE	2026-06-18T08:21:35.173Z	2026-07-22T15:26:57.796Z
3000-3999	3611	1HniiWMjs1F7qhGPRsLdBARo0vRcT8vj1	TRUE	2026-06-18T08:21:35.172Z	2026-07-22T15:26:57.073Z
3000-3999	3602	1dgifo8BrYGMQCKVyb_qla2tyIFVYP0Tl	TRUE	2026-06-18T08:21:35.171Z	2026-07-22T15:32:20.278Z
3000-3999	3594	1TgjiSxy_v2V4_9oZ8OU8dQZs_m3If72J	TRUE	2026-06-18T08:21:35.168Z	2026-07-22T15:32:20.248Z
3000-3999	3589	1INce1Uvjar4p8-M_c-Ym8Y4GvHT5fJhc	TRUE	2026-06-18T08:21:35.165Z	2026-07-22T15:26:32.353Z
3000-3999	3579	13VItsaCQEQI6A1yUWDfl-wspLMv3ztOd	TRUE	2026-06-18T08:21:35.163Z	2026-07-22T15:26:32.206Z
3000-3999	3543	1PM-bplOKHmMY9Rlntix71jHTobm7t6cG	TRUE	2026-06-18T08:21:35.158Z	2026-07-22T15:32:19.936Z
3000-3999	3562	1F4HXyAnS615Rjh-iMytYCMNvk3D-tlMs	TRUE	2026-06-18T08:21:35.159Z	2026-07-22T15:26:31.383Z
3000-3999	3509	1sx81ajKxmApOibqABfnX9KZGCLq7rXc5	TRUE	2026-06-18T08:21:35.154Z	2026-07-22T15:26:25.121Z
3000-3999	3508	1dMNrt2WXqRo0Zt_54jLeILHgApQZ9mVW	TRUE	2026-06-18T08:21:35.152Z	2026-07-22T15:26:24.891Z
3000-3999	3503	1ZNat8pI7NgNlDdi_xt5LBhLtWQQoBAmJ	TRUE	2026-06-18T08:21:35.150Z	2026-07-22T15:32:19.863Z
3000-3999	3493	1lHoDESMgTjioSl7vdJd2ApWD5OYH-mqA	TRUE	2026-06-18T08:21:35.147Z	2026-07-22T15:32:19.852Z
3000-3999	3502	1oZK-5ZazcnqU4A1Mb7Pgy8aClhTnolRz	TRUE	2026-06-18T08:21:35.148Z	2026-07-22T15:26:24.179Z
3000-3999	3490	1SR-Bwr_9Mx0NSaeM0aoFK_UTzRRMUrmP	TRUE	2026-06-18T08:21:35.146Z	2026-07-22T15:32:19.798Z
3000-3999	3480	1PZPiDMjlOCYDQe846z68YOf6yBIiItI0	TRUE	2026-06-18T08:21:35.145Z	2026-07-22T15:26:22.324Z
3000-3999	3458	1CARVGp4HnukLXp9_vCERxl2irwuICmUa	TRUE	2026-06-18T08:21:35.138Z	2026-07-22T15:32:19.715Z
3000-3999	3477	1CR5DYKU_ZWdzOz75yRTs_8XvZ-3qLqab	TRUE	2026-06-18T08:21:35.143Z	2026-07-22T15:26:21.643Z
3000-3999	3469	1d1TJeMPSBskzJ2VegfK1Cng4K-Hy0BrM	TRUE	2026-06-18T08:21:35.142Z	2026-07-22T15:26:21.574Z
3000-3999	3465	1gKakvsc29V_worPaqhuyRmibsbb3qoR4	TRUE	2026-06-18T08:21:35.141Z	2026-07-22T15:26:20.868Z
3000-3999	3460	1jzM7TOFPK43AxcayQ_iXr3ieRaYdM6HG	TRUE	2026-06-18T08:21:35.139Z	2026-07-22T15:26:20.431Z
3000-3999	3454	1y7qVvsw0dADY8lRxnR5uNzPj6IIxQv6I	TRUE	2026-06-18T08:21:35.136Z	2026-07-22T15:26:19.924Z
3000-3999	3435	12imUQK3oEVS6kl0d11wYF_CrlYzmRvWg	TRUE	2026-06-18T08:21:35.134Z	2026-07-22T15:26:12.866Z
3000-3999	3431	1GGPEbCBaqu_3AIFF86_36YYhR1cpSbGN	TRUE	2026-06-18T08:21:35.132Z	2026-07-22T15:31:01.613Z
3000-3999	3366	10vJvZ9Q-lEvEJcARKd2BA_-eBBcrgBVl	TRUE	2026-06-18T08:21:35.131Z	2026-07-22T15:26:12.519Z
3000-3999	3361	1vawRvgw8CHSCvJM45aFYG6MgauFPk02W	TRUE	2026-06-18T08:21:35.129Z	2026-07-22T15:26:11.594Z
3000-3999	3358	1EE9H-KH-FmHAvymsRo4n5Qih8tAVJyDx	TRUE	2026-06-18T08:21:35.128Z	2026-07-22T15:26:11.554Z
3000-3999	3318	1BrT_53PLe9PKaTNJW1xULcLGQbCpvzbY	TRUE	2026-06-18T08:21:35.126Z	2026-07-22T15:25:50.636Z
3000-3999	3291	1wgyohLdPSHBsYJuzcR3ue1bBBTLkJM17	TRUE	2026-06-18T08:21:35.123Z	2026-07-22T15:25:49.857Z
3000-3999	3282	17vfa-n7f0fPpZG9bgjaqYQjaLvvsAFIf	TRUE	2026-06-18T08:21:35.121Z	2026-07-22T15:25:49.676Z
3000-3999	3229	12-tKTE18bkqPbE7HQjtUWwIhxib73kmc	TRUE	2026-06-18T08:21:35.119Z	2026-07-22T15:25:49.349Z
3000-3999	3212	1uez_v8L7mqVSR09gmZUI8yPX0jjsihTI	TRUE	2026-06-18T08:21:35.115Z	2026-07-22T15:31:45.640Z
3000-3999	3223	1-zNfXtnZcR_6utq1SSI79yCja9f-vRev	TRUE	2026-06-18T08:21:35.117Z	2026-07-22T15:25:47.229Z
3000-3999	3221	1fb-s5la0JaUgKEEsbdSF4fpVLpfcW3GO	TRUE	2026-06-18T08:21:35.116Z	2026-07-22T15:25:47.190Z
3000-3999	3206	19othSNPLFiNO_MvZHxc3E8r4_2xdLsdV	TRUE	2026-06-18T08:21:35.112Z	2026-07-22T15:25:43.160Z
3000-3999	3202	1bU-TMeIW8ulK1WyerDtVNnbdIZO6jx3M	TRUE	2026-06-18T08:21:35.111Z	2026-07-22T15:25:43.017Z
3000-3999	3190	15RrQLey2uymsuQclvTuFbc3fO9A1SPSL	TRUE	2026-06-18T08:21:35.110Z	2026-07-22T15:25:42.863Z
3000-3999	3176	1vQ6uaeTEQ70LWB6kRVVWkhNN-nXOjOcY	TRUE	2026-06-18T08:21:35.106Z	2026-07-22T15:32:19.588Z
3000-3999	3181	18GpbsrwzVc8xcFUz6t7x3uqHFaZqJflX	TRUE	2026-06-18T08:21:35.108Z	2026-07-22T15:25:42.209Z
3000-3999	3169	1-QAdapsSsa4WG-2Akwang7bc8wCzaoWS	TRUE	2026-06-18T08:21:35.104Z	2026-07-22T15:25:41.774Z
3000-3999	3166	11qq0jsGUhiVv7TYm_vIq6B_naKfke_0E	TRUE	2026-06-18T08:21:35.103Z	2026-07-22T15:25:41.581Z
3000-3999	3156	1Mv4EGI9RU0mhPHemYdE8iY3XA8IvRm9J	TRUE	2026-06-18T08:21:35.099Z	2026-07-22T15:31:45.028Z
3000-3999	3159	1h2HD8hryDj-ZaO48s7O1xtjcXtIPi5NY	TRUE	2026-06-18T08:21:35.102Z	2026-07-22T15:25:39.409Z
3000-3999	3158	1KbTGFE7-pCb7N0TTMDf28FK-HVHdv4m0	TRUE	2026-06-18T08:21:35.101Z	2026-07-22T15:25:38.895Z
3000-3999	3151	1KRYS0R2t7yjfm9wVcNDxaaDP1TVhrXy_	TRUE	2026-06-18T08:21:34.465Z	2026-07-22T15:30:38.565Z
3000-3999	3150	1Nu_epfHJJrxV1MlNVgbKltqri7nKRGMz	TRUE	2026-06-18T08:21:34.395Z	2026-07-22T15:25:35.746Z
3000-3999	3147	1BbhVVifZxV-XnQVGfCWn4e_SOTUAyJfz	TRUE	2026-06-18T08:21:34.367Z	2026-07-22T15:32:19.431Z
3000-3999	3141	1xJenWZ8Vi4r-abLK6qhois03rUkowTcP	TRUE	2026-06-18T08:21:34.167Z	2026-07-22T15:25:32.361Z
3000-3999	3122	1lKJFy4qwi49xXe0uT9PF3MOpHYC80eRj	TRUE	2026-06-18T08:21:34.155Z	2026-07-22T15:25:28.175Z
3000-3999	3062	1BTEZ3NBwQx9kxqElIwCwOXP5t3GVSBFI	TRUE	2026-06-18T08:21:34.145Z	2026-07-22T15:25:27.963Z
3000-3999	3042	1W7NrZgFTPKaN2eSCiLtZkDzhpbX-dprx	TRUE	2026-06-18T08:21:34.093Z	2026-07-22T15:25:27.472Z
3000-3999	3034	1pefOzYYamy3-CNcTFrF-JOoCNGDUsN15	TRUE	2026-06-18T08:21:34.079Z	2026-07-22T15:25:26.825Z
3000-3999	3022	1QCg6-aBkALSHWGxXCpUG6MtN2EXuwjrY	TRUE	2026-06-18T08:21:34.067Z	2026-07-22T15:25:26.744Z
3000-3999	3011	1Z-_ocjtmpYWTPEDeJonwxARTG5FYC2T0	TRUE	2026-06-18T08:21:34.041Z	2026-07-22T15:25:26.364Z
3000-3999	3003	1n2O73Ulr-opvvRZdjZ6_KbaQHVKjyAPj	TRUE	2026-06-18T08:21:34.035Z	2026-07-22T15:25:26.290Z
4000-4999	4973	1DlGTelrzD_tITJrBU3vzSOlnos-YeKS2	TRUE	2026-06-18T08:21:58.774Z	2026-09-07T05:12:23.451Z
4000-4999	4965	1YN9cIuBdEPEwwW_t52JAbcxE3rB0p0BS	TRUE	2026-06-18T08:21:58.759Z	2026-09-07T05:12:23.340Z
4000-4999	4942	1YEs6WX309b5luVDGwOF7hIqGUyp06Z2_	TRUE	2026-06-18T08:21:58.745Z	2026-09-07T05:12:22.246Z
4000-4999	4865	1ZEmcWCAqKjUGOf6W-732PBLImpaqyeh9	TRUE	2026-06-18T08:21:58.695Z	2026-09-07T05:12:22.205Z
4000-4999	4861	14pOu4BhnieV9c8QUiHw0Tx_VbTHqkn82	TRUE	2026-06-18T08:21:58.685Z	2026-09-07T05:12:22.115Z
4000-4999	4792	1ghV2RsXp5ekmZqUQcXAa0aGx3c0wrjU5	TRUE	2026-06-18T08:21:58.648Z	2026-09-07T05:12:22.105Z
4000-4999	4747	1KMopsa2_80dWXFm8fBwm-Y6BV3O-ILRU	TRUE	2026-06-18T08:21:58.614Z	2026-09-07T05:12:22.089Z
4000-4999	4730	1l9gg25g78lg4oPmlL8aWhGzlhleAm6hJ	TRUE	2026-06-18T08:21:58.578Z	2026-09-07T05:12:23.317Z
4000-4999	4623	1cQbzJeGMAwjEgBe0sPeMTcRvCxzkMKmw	TRUE	2026-06-18T08:21:58.477Z	2026-09-07T05:12:23.298Z
4000-4999	4553	1NjVdKDKyyHm7ZtD-PA42Ls1hrG_yT_n4	TRUE	2026-06-18T08:21:58.434Z	2026-09-07T05:12:23.296Z
4000-4999	4548	11ivin4-wq0ZoaNMPO4dqm8jC8ofeMG6E	TRUE	2026-06-18T08:21:58.429Z	2026-09-07T05:12:23.280Z
4000-4999	4521	1pY3fMVWho8OETV6aG0wfkAFiGGKK0B8t	TRUE	2026-06-18T08:21:58.414Z	2026-09-07T05:12:23.258Z
4000-4999	4520	1JOt6RXtHlEPpsGPjb57iSEVDVKZo8PiZ	TRUE	2026-06-18T08:21:58.412Z	2026-09-07T05:12:23.088Z
4000-4999	4506	1CdF5Pr4qmsU00N4D79hVrT0E8phAwydm	TRUE	2026-06-18T08:21:58.404Z	2026-09-07T05:12:23.039Z
4000-4999	4505	1bePc7r7uFDrWWEoi6KxgV9WOlPB3wapo	TRUE	2026-06-18T08:21:58.402Z	2026-09-07T05:12:23.026Z
4000-4999	4504	1SbsbOypSQSMuFswhVpjwHquMyN-rgJmb	TRUE	2026-06-18T08:21:58.399Z	2026-09-07T05:12:22.830Z
4000-4999	4477	1h6L28JU4hoecx6FdbUyVYniWFPMUHrla	TRUE	2026-06-18T08:21:58.380Z	2026-09-07T05:12:22.067Z
4000-4999	4429	15dCe_-nkSzGaDekHJ_ET-spfPSivdXKI	TRUE	2026-06-18T08:21:58.346Z	2026-09-07T05:12:22.820Z
4000-4999	4421	1lxrlw1FXGOMefbcHWfqJ8Sr0bGFKrN1c	TRUE	2026-06-18T08:21:58.332Z	2026-09-07T05:12:22.040Z
4000-4999	4420	1l_SGBdTFFkpamcpXRgDbQEkxmI6dUOfq	TRUE	2026-06-18T08:21:58.330Z	2026-09-07T05:12:22.818Z
4000-4999	4415	10_o-T1dy5jZkOD7Lz_PdB0LdqEdzuiOB	TRUE	2026-06-18T08:21:58.320Z	2026-09-07T05:12:20.509Z
4000-4999	4313	1VzKbEo7mh9diXsL3VhJ-dfOlDd9ZLERW	TRUE	2026-06-18T08:21:58.208Z	2026-09-07T05:12:22.016Z
4000-4999	4276	13PQ1kiwzHux2Pkd5Yv03NH26ujoXVfi8	TRUE	2026-06-18T08:21:58.175Z	2026-09-07T05:12:20.399Z
4000-4999	4186	1XmmSJ37RmhY29jWie7AqikiRIUJSTrkh	TRUE	2026-06-18T08:21:58.123Z	2026-09-07T05:12:21.914Z
4000-4999	4100	1VpIw8jc-HIBCh6A8lhK4HKea7eHFYobe	TRUE	2026-06-18T08:21:58.049Z	2026-09-07T05:12:21.895Z
4000-4999	4094	1TiwuAu622HK2iAJy8OJJm8ikTvlogNEj	TRUE	2026-06-18T08:21:58.033Z	2026-09-07T05:12:21.869Z
4000-4999	4985	1NTtECg5FnUVlxM0G3JMcNaig3xH0EVcZ	TRUE	2026-06-18T08:21:58.784Z	2026-08-10T03:05:05.172Z
4000-4999	4969	1EQQK4beMvhq9RVpv2TnNomTWp1DO2b10	TRUE	2026-06-18T08:21:58.765Z	2026-08-10T03:05:01.492Z
4000-4999	4949	1fXLuL0E55culOld8mlbZAMfihe7miDSR	TRUE	2026-06-18T08:21:58.754Z	2026-08-10T03:04:03.588Z
4000-4999	4940	1G19KsZQNhOitJDJuO8QA1ry3sLjJouBC	TRUE	2026-06-18T08:21:58.743Z	2026-08-10T03:03:22.722Z
4000-4999	4938	1sLujuWUCE0azGIKCpci01WfSRRxYCd1i	TRUE	2026-06-18T08:21:58.738Z	2026-08-09T07:51:53.665Z
4000-4999	4936	1nyfB7sznl_yXq5Q4XGQwzSFUNShNOJFj	TRUE	2026-06-18T08:21:58.736Z	2026-08-09T07:51:37.580Z
4000-4999	4889	1meVVsaN3jpI3c6iLW7KbhIlOLtHbStku	TRUE	2026-06-18T08:21:58.705Z	2026-08-09T07:51:24.317Z
4000-4999	4859	1Kr-KhN0fsP1hq4PUEaSQBR6ZlRCN28Vq	TRUE	2026-06-18T08:21:58.683Z	2026-08-09T07:50:03.955Z
4000-4999	4856	1bH_dDZMofxHMm_Rc_qhI5X3I86bnqIFs	TRUE	2026-06-18T08:21:58.680Z	2026-08-09T07:49:59.125Z
4000-4999	4853	1MbDbtJV7qCbhJYtsBiVRmRfFdk9ET3xn	TRUE	2026-06-18T08:21:58.678Z	2026-08-09T07:49:45.984Z
4000-4999	4838	15NH2ik30dl4Z5dfSDnrZaFvsrqQGtmUH	TRUE	2026-06-18T08:21:58.670Z	2026-08-09T07:49:38.418Z
4000-4999	4804	1YeO1z4XP3V2Kf48q1KjbEDNUCmmqKIiv	TRUE	2026-06-18T08:21:58.660Z	2026-08-09T07:49:33.631Z
4000-4999	4800	1GKrXugCYp8Kv5QescLJaiFfVbjAzx7LN	TRUE	2026-06-18T08:21:58.656Z	2026-08-09T07:49:00.149Z
4000-4999	4793	1GCfLmjf7qbwaTKYq0A0rSl7aKkc74Vfi	TRUE	2026-06-18T08:21:58.650Z	2026-08-09T07:48:36.800Z
4000-4999	4782	1x_zzpWy-IOw9DusTaUGd-wW7MbFAh6-C	TRUE	2026-06-18T08:21:58.635Z	2026-08-09T07:48:27.481Z
4000-4999	4749	1U2sRKjmcz99f0ABFZ1_2OSfxQjioFoba	TRUE	2026-06-18T08:21:58.617Z	2026-08-09T07:48:25.392Z
4000-4999	4727	1WYa5amhIXwmmtFJ8cIUwpMEEZL6a2_WL	TRUE	2026-06-18T08:21:58.576Z	2026-08-09T07:48:24.703Z
4000-4999	4726	18x24gwH8wQvIgMS99shtxdHP0VQDB05v	TRUE	2026-06-18T08:21:58.574Z	2026-08-09T07:48:19.752Z
4000-4999	4654	1i8ADH-KXrWcL-T8Ujn1G3GvHAQEakPwS	TRUE	2026-06-18T08:21:58.515Z	2026-08-09T07:47:42.821Z
4000-4999	4633	1w67UearTVJBvpRSqaVwAZ-Enu4i7ucij	TRUE	2026-06-18T08:21:58.493Z	2026-08-09T07:47:41.225Z
4000-4999	4624	1yuXAEVtUOpEW1D7ommlrGg-Sr8jHMv4b	TRUE	2026-06-18T08:21:58.480Z	2026-08-09T07:47:02.856Z
4000-4999	4622	1wqTiai199njI8JahCLEUNVUgoc5p_pYT	TRUE	2026-06-18T08:21:58.475Z	2026-08-09T07:46:58.415Z
4000-4999	4613	1c7rKT7cSvt1t9vmjdD7oape7d-nbDUd9	TRUE	2026-06-18T08:21:58.473Z	2026-08-09T07:46:57.700Z
4000-4999	4555	1jZNRCE-ITOyGmtWW2_LRa2dXneLYxPXh	TRUE	2026-06-18T08:21:58.440Z	2026-08-09T07:46:56.639Z
4000-4999	4545	1HzBm_TEXod7ho3sqyT40hyY2SZ6ZvEHH	TRUE	2026-06-18T08:21:58.425Z	2026-08-09T07:46:32.910Z
4000-4999	4544	1tgD4G6buD75H3Zv0PmFnEkE-YvngtfVs	TRUE	2026-06-18T08:21:58.422Z	2026-08-09T07:46:32.338Z
4000-4999	4543	1P5hDSRGvGFl0o8p1b2kjfMRbMgwqAzl8	TRUE	2026-06-18T08:21:58.420Z	2026-08-09T07:46:21.386Z
4000-4999	_georef_worklog	1J88gnVAzWPYyA1BcAu87ykQSvrwT5srY	TRUE	2026-07-27T02:07:02.016Z	2026-08-07T06:04:16.399Z
4000-4999	4489	1F2Td5gMexeeFbIGdyXbDIuS5L2gMd-u2	TRUE	2026-06-18T08:21:58.384Z	2026-08-09T07:45:08.781Z
4000-4999	4443	1kVBDj9yGAcUuW1eMPjGmhzz0TEMU_oMs	TRUE	2026-06-18T08:21:58.356Z	2026-08-09T07:44:36.815Z
4000-4999	4465	18sOgWV7TYSqqv_62ahR9HgZ0jyGgKQli	TRUE	2026-06-18T08:21:58.373Z	2026-08-09T06:50:32.094Z
4000-4999	4414	1Bk081CspRXDIwXh3NLhDAq2GE64uTqe1	TRUE	2026-06-18T08:21:58.319Z	2026-08-09T07:43:40.645Z
4000-4999	4410	1quoyL2HcmDMhEvDHCY0WgKFqaJBSAfX8	TRUE	2026-06-18T08:21:58.314Z	2026-08-09T07:43:39.526Z
4000-4999	4403	1VBL-wFU7bkZjy1DZB9c1lNmqM-5EHy6O	TRUE	2026-06-18T08:21:58.300Z	2026-08-09T07:43:38.401Z
4000-4999	4397	1AtTKbqA7Dx3IHak-658A0Hq99_IFyl_m	TRUE	2026-06-18T08:21:58.299Z	2026-08-09T07:43:24.611Z
4000-4999	4377	18T3gcOtQJ8o7ee4ZSQpGdfCy-vdw5Kw2	TRUE	2026-06-18T08:21:58.287Z	2026-08-09T07:43:19.092Z
4000-4999	4364	1qSpCGFu33bUCAlhJsc_j_2_pDeuSS16t	TRUE	2026-06-18T08:21:58.281Z	2026-08-09T06:50:47.966Z
4000-4999	4354	1kr54JJHMFPMUhKkmAlcuWZbErA45gmq9	TRUE	2026-06-18T08:21:58.233Z	2026-08-09T06:51:09.987Z
4000-4999	4316	1b3rSVTInoTbUbpcQ2WCSpXymeeLblbkR	TRUE	2026-06-18T08:21:58.210Z	2026-08-09T07:42:34.196Z
4000-4999	4289	1hOCBAvq5-E5E9W0eQiL81IX1LR06kxk0	TRUE	2026-06-18T08:21:58.187Z	2026-08-09T06:51:16.802Z
4000-4999	4229	18Ew0OC36YF-CP3FWttoxu_Dtl-87FsF9	TRUE	2026-06-18T08:21:58.152Z	2026-08-09T07:42:15.068Z
4000-4999	4208	1KuHvICOFTL3kIhjA3Zr31iAx3TiUcS-f	TRUE	2026-06-18T08:21:58.141Z	2026-08-09T07:42:11.313Z
4000-4999	4189	1fDgFGhJg9AjuChsYn4JxMc2qPOkzEgUy	TRUE	2026-06-18T08:21:58.127Z	2026-08-09T07:42:10.240Z
4000-4999	4135	1PAiAQ89OgApwumTz49qyIicLBU7pdRb_	TRUE	2026-06-18T08:21:58.101Z	2026-08-09T07:42:07.046Z
4000-4999	4106	1-KPqi-Ws4cISBSBXmkdtZDHxiXVuLe0F	TRUE	2026-06-18T08:21:58.066Z	2026-08-09T07:41:55.427Z
4000-4999	4102	1o0zDg58gK8gWT06RtHrVm-gRMacPPCye	TRUE	2026-06-18T08:21:58.051Z	2026-08-09T07:41:50.693Z
4000-4999	4098	1IigtdopoL19E_LDbAjldACad62GYE2t7	TRUE	2026-06-18T08:21:58.043Z	2026-08-09T07:41:35.812Z
4000-4999	4084	1sqnZYc5B-DkhAj3JhaCzVY7DQVWgGdiy	TRUE	2026-06-18T08:21:58.028Z	2026-08-09T07:40:54.897Z
4000-4999	4079	1h2ri-ed0TtVTRjD6TMWGfbhgO8r8jBIw	TRUE	2026-06-18T08:21:58.025Z	2026-08-09T07:40:45.504Z
4000-4999	4073	1osrOxR69Vo6kMDSApMxGWy_eDOKZ--VN	TRUE	2026-06-18T08:21:58.019Z	2026-08-09T07:40:36.359Z
4000-4999	4041	1PdnVgLJbituKRINootYuId8mcPRX_k0n	TRUE	2026-06-18T08:21:58.012Z	2026-08-09T07:40:35.296Z
4000-4999	4039	1Kqi2PS4g9uRl6yg80KaWug3WmXli4nPW	TRUE	2026-06-18T08:21:57.544Z	2026-08-09T07:40:31.431Z
4000-4999	4005	10SMgcv_wYVxoBMSzkbGewFjFIaMkt2WK	TRUE	2026-06-18T08:21:57.375Z	2026-08-09T07:40:26.908Z
4000-4999	4002	1EMX-nrQCkagqju87kwK91w4DIa3paqGu	TRUE	2026-06-18T08:21:57.199Z	2026-08-09T07:40:25.848Z
4000-4999	4976	132H2oqat6y8dgAvgnJeSyvZq3NrlZ5PH	TRUE	2026-06-18T08:21:58.776Z	2026-07-27T09:44:50.016Z
4000-4999	4862	1WCx2KLcTBm2G6gs-eny2CNTAq2k448aS	TRUE	2026-06-18T08:21:58.688Z	2026-07-27T08:59:51.861Z
4000-4999	4839	1dSpyhkoIcoSRfpTQ-8iuNWHwgfP9JADq	TRUE	2026-06-18T08:21:58.673Z	2026-07-27T08:51:49.131Z
4000-4999	4713	1poXlNLsgAnfVtZcdLQTrzlCmB4DhmFWJ	TRUE	2026-06-18T08:21:58.557Z	2026-07-26T06:25:22.325Z
4000-4999	4680	11X6WWHrhJMKC0rv3o7eG-LzrYPs7yv9j	TRUE	2026-06-18T08:21:58.531Z	2026-07-26T06:25:22.313Z
4000-4999	4578	1WAKSjkW21znjXMHpBJ9Pr6Qll11Ya9Mb	TRUE	2026-06-18T08:21:58.450Z	2026-07-26T06:16:16.632Z
4000-4999	4500	1Qq6D8mM9QM-jIjzEc1ARBeJ0gq5O4ni5	TRUE	2026-06-18T08:21:58.391Z	2026-07-28T03:18:01.827Z
4000-4999	4451	1g5lge0xSfY2b8Ul5lGDRQ7eBjTyksDtO	TRUE	2026-06-18T08:21:58.361Z	2026-07-28T04:54:05.816Z
4000-4999	4463	1sEHqEFbLs5zyVtw9dPjG4WS8Xo4C4PQy	TRUE	2026-06-18T08:21:58.370Z	2026-07-28T03:58:54.185Z
4000-4999	4418	1sbTN9tXGm8fa9VD9Teo0-kaJ3Ufre9Sf	TRUE	2026-06-18T08:21:58.328Z	2026-07-28T06:19:45.674Z
4000-4999	4375	1K8qkaUywL965cKv7SXk7T142-Fkab7Nj	TRUE	2026-06-18T08:21:58.285Z	2026-07-28T11:04:02.820Z
4000-4999	4357	1Y-f_qy2fFp_ZRi4YeuoiBgB5pi0zx3A4	TRUE	2026-06-18T08:21:58.273Z	2026-07-28T11:04:03.285Z
4000-4999	4411	1T8pTJ3U_tpyT1zW34XUrx_C3MbsfmroJ	TRUE	2026-06-18T08:21:58.316Z	2026-07-28T04:16:30.136Z
4000-4999	4341	1nIu1IwSqcwJXY3n54mdRWTWYWpPtLZs4	TRUE	2026-06-18T08:21:58.219Z	2026-07-28T10:04:41.411Z
4000-4999	4383	1wUncVSBpPPP5l37gRCbg_k87yU9APjtJ	TRUE	2026-06-18T08:21:58.294Z	2026-07-28T04:13:58.524Z
4000-4999	4351	1QPuhQdygTH7NOviF3QZVNl2a6NNmDT68	TRUE	2026-06-18T08:21:58.231Z	2026-07-28T03:18:35.014Z
4000-4999	4358	1a6oXnGqdKWARZ4p7DJ0lk8iEIhMG17Tl	TRUE	2026-06-18T08:21:58.278Z	2026-07-28T01:31:34.659Z
4000-4999	4252	1jjV9PAehNL1Te7R5guA8D76X4Oz4KEkG	TRUE	2026-06-18T08:21:58.171Z	2026-07-28T09:15:59.577Z
4000-4999	4188	1Gm3IFkEr900i-FRYmiCEfjCdSoxf_rPd	TRUE	2026-06-18T08:21:58.125Z	2026-07-28T10:50:02.746Z
4000-4999	4207	120FNGeRJuUhIJr1VUS0Rn9INU8YS9edr	TRUE	2026-06-18T08:21:58.139Z	2026-07-28T07:30:08.457Z
4000-4999	4992	1-5flNuIopoPJavlHNOjqOSQZmOVbVHhQ	TRUE	2026-06-18T08:21:58.793Z	2026-07-22T01:32:16.672Z
4000-4999	4991	1qaKa1Z7f-Wc6zKaGf2GyzM_Xf7ZlUowP	TRUE	2026-06-18T08:21:58.790Z	2026-07-22T01:32:16.647Z
4000-4999	4989	1KFGrZ2a160NtMG9NNRDM_tk6rbPHonLk	TRUE	2026-06-18T08:21:58.788Z	2026-07-22T01:32:16.536Z
4000-4999	4988	1w53qMO2WuTn5DkUgOSXx8OgcSSei6Ulz	TRUE	2026-06-18T08:21:58.786Z	2026-07-22T01:32:16.369Z
4000-4999	4346	1momjG7q48efIzLt9AUnj6_dcSnM4imnt	TRUE	2026-06-18T08:21:58.228Z	2026-07-27T16:02:14.863Z
4000-4999	4977	1i79Hbxo5VT2DqdBy-_dgpqrAA03TCzbW	TRUE	2026-06-18T08:21:58.779Z	2026-07-22T01:37:14.841Z
4000-4999	4978	1vOIDa-8SgvYrhU5kW_8DcCM_AKgSaQB6	TRUE	2026-06-18T08:21:58.781Z	2026-07-22T01:32:15.348Z
4000-4999	4408	1rWoHCV6GQWDrshIgra0vtkyWTSzmnRjI	TRUE	2026-06-18T08:21:58.309Z	2026-07-27T10:17:26.416Z
4000-4999	4972	1ZF_ambjCXREpPJFAdrCtGAPRGfM5hscx	TRUE	2026-06-18T08:21:58.770Z	2026-07-22T01:32:07.186Z
4000-4999	4971	1hQ7uoQkhVCMamdu9jdcTfrmOtmm8PuEF	TRUE	2026-06-18T08:21:58.768Z	2026-07-22T01:37:14.672Z
4000-4999	4966	1Cyh-Qpdh1SI_xUIMW-zqG2xJAlzupAWJ	TRUE	2026-06-18T08:21:58.762Z	2026-07-22T01:35:25.265Z
4000-4999	4957	1UA4l1CcOuaUyDXhv_TUNdNTua02rLzx6	TRUE	2026-06-18T08:21:58.756Z	2026-07-22T01:32:00.398Z
4000-4999	4405	1SwtvFSh-80obgc7lOGquVoZcv7rcicIQ	TRUE	2026-06-18T08:21:58.303Z	2026-07-27T10:09:27.205Z
4000-4999	4308	1zAjCs8wmUNEWGUYkGMugLeQCfnbf45KR	TRUE	2026-06-18T08:21:58.203Z	2026-07-27T15:54:20.423Z
4000-4999	4946	1X3exRIwfDsFcq3vGDDnw4D-dDIL8piV8	TRUE	2026-06-18T08:21:58.750Z	2026-07-22T01:31:59.671Z
4000-4999	4944	1q1Ri0ahFahFMhGNmXhnT8VUYFOeVz24_	TRUE	2026-06-18T08:21:58.747Z	2026-07-22T01:31:59.623Z
4000-4999	4939	1hEyLzibYN26P_52qYquPsJzllNFVIwMr	TRUE	2026-06-18T08:21:58.740Z	2026-07-22T01:37:14.461Z
4000-4999	4935	1RRPGCRCJenN9g-sHWb7s8f-vIE7B0Kgo	TRUE	2026-06-18T08:21:58.733Z	2026-07-22T01:31:45.145Z
4000-4999	4286	1K4yJxEy4LiGtVYRQSmXyPamh7M2akw6J	TRUE	2026-06-18T08:21:58.182Z	2026-07-27T15:00:23.274Z
4000-4999	4920	18tsYNrlK6KTywkYQ-a0SjZCEGs4MKl1p	TRUE	2026-06-18T08:21:58.731Z	2026-07-22T01:31:44.948Z
4000-4999	4280	1OV9D_Hzn-0UEfweRQ-9yg9lXAsaIedVP	TRUE	2026-06-18T08:21:58.180Z	2026-07-27T14:43:03.126Z
4000-4999	4918	1TQblpbu3LL6EqeudM3xl0W12fsK82ieK	TRUE	2026-06-18T08:21:58.729Z	2026-07-22T01:31:44.660Z
4000-4999	4907	1yvby-fT3Q-BFJgh4CM-oWMuY2UY7qJoN	TRUE	2026-06-18T08:21:58.722Z	2026-07-22T01:37:14.381Z
4000-4999	4916	1LLNxs4e0dkYuZMvS2d621YOBuYdW3Fn5	TRUE	2026-06-18T08:21:58.727Z	2026-07-22T01:31:44.617Z
4000-4999	4915	1d9qlClJ7QpOZGAEKzQUD2zTChDvSgx_a	TRUE	2026-06-18T08:21:58.724Z	2026-07-22T01:31:44.538Z
4000-4999	4904	18HFpCklN3AqmbYxXfWwzIOvUsrah5uer	TRUE	2026-06-18T08:21:58.719Z	2026-07-22T01:31:44.428Z
4000-4999	4900	1DyWQ2Cjl7hYB47mo4RjCJ0xNWd8CgPTQ	TRUE	2026-06-18T08:21:58.717Z	2026-07-22T01:31:44.400Z
4000-4999	4899	1iWTKtYJ2lZThfLPu79p1UmVW2jy8_t_N	TRUE	2026-06-18T08:21:58.715Z	2026-07-22T01:31:44.358Z
4000-4999	4896	1ZJEIFcqGzthAIFIXo5iDmljYCGTzKxWK	TRUE	2026-06-18T08:21:58.712Z	2026-07-22T01:31:44.153Z
4000-4999	4895	12YDe1Ma30vZ4y2F5reK0pOO79X-qwSES	TRUE	2026-06-18T08:21:58.710Z	2026-07-22T01:31:44.078Z
4000-4999	4893	1qNRgrcJ-6LL7lvmyqBqcdx80ZaLJ59qO	TRUE	2026-06-18T08:21:58.707Z	2026-07-22T01:31:44.025Z
4000-4999	4877	1S4FSZ5o4M_KRR-UUQNRlaNU5TPHMl0w8	TRUE	2026-06-18T08:21:58.703Z	2026-07-22T01:37:14.165Z
4000-4999	4269	1aFwpnQVbQAmY8n4MWGp2LLkkmerviL99	TRUE	2026-06-18T08:21:58.173Z	2026-07-27T14:04:56.579Z
4000-4999	4876	1X6ca6HOobiuwnqwNV1BDr9JAnjXFHiz-	TRUE	2026-06-18T08:21:58.701Z	2026-07-22T01:37:14.140Z
4000-4999	4872	1XTA95QSpg-lox4hNZIIAi082f1MSPqnN	TRUE	2026-06-18T08:21:58.699Z	2026-07-22T01:37:14.092Z
4000-4999	4870	1qxGGE0lnC0LLeG8WPZuyWLi4ikyGo3Cb	TRUE	2026-06-18T08:21:58.697Z	2026-07-22T01:37:14.039Z
4000-4999	4241	1WA_O9yR9BbwCgBBbWBGPH055CoDlb2nV	TRUE	2026-06-18T08:21:58.168Z	2026-07-27T12:06:16.155Z
4000-4999	4239	1bimBqOF5dh9zlVgVJK5dPwV1Mv4jo7aV	TRUE	2026-06-18T08:21:58.162Z	2026-07-27T11:34:00.028Z
4000-4999	4236	1XEET78YA0TD-s91HoYqxe7YFEpfVNR48	TRUE	2026-06-18T08:21:58.155Z	2026-07-27T11:19:56.715Z
4000-4999	4864	1eC916LM2ftvuWlvEvO0Pu2W7QuOaRYPv	TRUE	2026-06-18T08:21:58.693Z	2026-07-22T01:37:13.974Z
4000-4999	4863	1jIwx_jWxZcFnvhnx0crFb6UN2Txy9SNJ	TRUE	2026-06-18T08:21:58.690Z	2026-07-22T01:31:24.211Z
4000-4999	4028	1tvx6tysiiNg74jzgW-Q6Ibnt_bH1nUg5	TRUE	2026-06-18T08:21:57.478Z	2026-07-28T13:33:55.567Z
4000-4999	4018	1iRztCD4nFQ9vGz4Ef20RHtewDEn9jFCT	TRUE	2026-06-18T08:21:57.440Z	2026-07-28T13:17:08.086Z
4000-4999	4089	1-gtQ5TxxvVQdVsu3KaXFMC0BfHZTxwBo	TRUE	2026-06-18T08:21:58.030Z	2026-07-28T08:10:57.350Z
4000-4999	4004	1bs50nXiu2GEOkG6mp4CveI1qgpImvmsg	TRUE	2026-06-18T08:21:57.358Z	2026-07-28T12:57:11.070Z
4000-4999	4225	1KyUmM2X8lJVbjlLAa-VWEoOcoHRWuDwV	TRUE	2026-06-18T08:21:58.150Z	2026-07-27T11:06:06.466Z
4000-4999	4218	1iDDVb2SaiEv23YU9c3ubAX0G4LT3k_zR	TRUE	2026-06-18T08:21:58.146Z	2026-07-27T11:03:36.892Z
4000-4999	4202	1DhsDY7LU7bGMP2xtohwahHf7rlk0IJ3E	TRUE	2026-06-18T08:21:58.136Z	2026-07-27T10:14:58.471Z
4000-4999	4841	1ZIhKog5QP7FW1wyPuoGUGNYSXXB6QIA0	TRUE	2026-06-18T08:21:58.676Z	2026-07-22T01:31:06.818Z
4000-4999	4835	1OHOJWgV8dBULyVJE45y36TjF_43yaA7b	TRUE	2026-06-18T08:21:58.669Z	2026-07-22T01:37:13.690Z
4000-4999	4825	16UdG10kGZ9Vd277UqxZd8UGx9QJIvm8i	TRUE	2026-06-18T08:21:58.666Z	2026-07-22T01:31:02.294Z
4000-4999	4815	1YqnF6Zf7Hofva0SqwcKDEfTYBqUiQSlY	TRUE	2026-06-18T08:21:58.664Z	2026-07-22T01:31:00.992Z
4000-4999	4807	1rmf8LOqYBCBua856YR4u4bT2x6juT9XU	TRUE	2026-06-18T08:21:58.662Z	2026-07-22T01:31:00.872Z
4000-4999	4803	1NhkMt6W7woHQ_3bPK2P0bWoLVmOFiGIk	TRUE	2026-06-18T08:21:58.658Z	2026-07-22T01:37:13.581Z
4000-4999	4799	1AgqhifgrOSDeEqDVgFfQpE0Q4MXY8Bh9	TRUE	2026-06-18T08:21:58.654Z	2026-07-22T01:30:56.613Z
4000-4999	4794	1BFMP6P04KPFHVmDIuoH4Z6nKcHFwxJhi	TRUE	2026-06-18T08:21:58.652Z	2026-07-22T01:37:13.508Z
4000-4999	4788	1hLxrTZTBiJp933MkwJ-rOoPAl_g-BO38	TRUE	2026-06-18T08:21:58.642Z	2026-07-22T01:37:13.427Z
4000-4999	4791	1tN2r-HPSq7YLc5L_gXDPpjAqK00XgtvY	TRUE	2026-06-18T08:21:58.644Z	2026-07-22T01:30:53.858Z
4000-4999	4786	1YqFabnZLyATnGzeECYrbBdmMeAvOwNBl	TRUE	2026-06-18T08:21:58.640Z	2026-07-22T01:30:53.375Z
4000-4999	4784	1ooBCDGU9dqpo_3L16gpuFlHGCFmGzyC-	TRUE	2026-06-18T08:21:58.637Z	2026-07-22T01:37:13.401Z
4000-4999	4773	1FVJ6bFy5cZDsIptQznv2pg-XW9MTGPAs	TRUE	2026-06-18T08:21:58.633Z	2026-07-22T01:30:51.358Z
4000-4999	4772	1ikX71F-NIc1S8iZKOoHhBcTBQ3DbaMjE	TRUE	2026-06-18T08:21:58.630Z	2026-07-22T01:30:51.041Z
4000-4999	4771	1vm_9L5HHkLhFmNDXUfvAwWZDWAZsNk6u	TRUE	2026-06-18T08:21:58.628Z	2026-07-22T01:30:51.011Z
4000-4999	4770	1Zwv3_zNM5tENeJJL906WKYxy9EEn4N2V	TRUE	2026-06-18T08:21:58.626Z	2026-07-22T01:30:50.770Z
4000-4999	4767	1Ap3pGvG-GqrOEVsm8K2XZM5nGqBntiWd	TRUE	2026-06-18T08:21:58.624Z	2026-07-22T01:30:50.540Z
4000-4999	4762	1LDGHW3KHFDhSc70HQhK7ZBv_P72-FNpv	TRUE	2026-06-18T08:21:58.621Z	2026-07-22T01:30:50.344Z
4000-4999	4756	1nKA_w1V8wK6Ugonni1fFbMhVKWy1jRwA	TRUE	2026-06-18T08:21:58.619Z	2026-07-22T01:30:50.287Z
4000-4999	4746	17sMy3ua3hjxOsoEMeINHXJV6G92p8CN-	TRUE	2026-06-18T08:21:58.612Z	2026-07-22T01:30:46.395Z
4000-4999	4740	1SWUNeAjKdGC2q_OJ7XVvQ9RBruhNCEj4	TRUE	2026-06-18T08:21:58.610Z	2026-07-22T01:37:13.255Z
4000-4999	4739	13tINrUHsoEV-KSyL6pAmorfpFclth9Ee	TRUE	2026-06-18T08:21:58.607Z	2026-07-22T01:30:43.794Z
4000-4999	4738	1eKsR5GJNvggexZUHiW9GG-VF-7xLLLs1	TRUE	2026-06-18T08:21:58.605Z	2026-07-22T01:30:37.322Z
4000-4999	4737	18niZSf3QBX21nHrhtC3G5MnsMTyds2eR	TRUE	2026-06-18T08:21:58.603Z	2026-07-22T01:30:37.141Z
4000-4999	4185	16AjRW8j2--AGFA_97myoHhIv0ZDgKB6w	TRUE	2026-06-18T08:21:58.119Z	2026-07-27T09:45:32.569Z
4000-4999	4735	1aOZhkv9YuLKUaJgof8OQzn4TAd_x8D3M	TRUE	2026-06-18T08:21:58.599Z	2026-07-22T01:37:13.233Z
4000-4999	4732	1OhlFHxCCUMmWqyjQwCdGjYfmfHTWn5VR	TRUE	2026-06-18T08:21:58.598Z	2026-07-22T01:30:35.040Z
4000-4999	4723	1kslFWZjnQF8ber53anonZX7no6D8Hdgg	TRUE	2026-06-18T08:21:58.572Z	2026-07-22T01:37:12.930Z
4000-4999	4155	1nkkjydG2FB_OP935Y4Urqzkrh06lidd_	TRUE	2026-06-18T08:21:58.110Z	2026-07-27T08:17:23.582Z
4000-4999	4722	1IlpR23k7IZ3YfK1pnYX6QcZoEtxxiWEp	TRUE	2026-06-18T08:21:58.570Z	2026-07-22T01:30:25.643Z
4000-4999	4719	15pcuIUMvnB_3x24iQjMsDVbiCHC45JHe	TRUE	2026-06-18T08:21:58.568Z	2026-07-22T01:37:12.895Z
4000-4999	4717	13uksxHoix3a4l16ELSiHGTzAjjVS6Sqp	TRUE	2026-06-18T08:21:58.562Z	2026-07-22T01:37:12.847Z
4000-4999	4718	1Rsf1PX3PtBJogOyuhcawHkQkcE8RMIYs	TRUE	2026-06-18T08:21:58.565Z	2026-07-22T01:30:24.894Z
4000-4999	4714	1FO-FsL4gnTN6Vm20SdSt-Ox6PccP7nwd	TRUE	2026-06-18T08:21:58.559Z	2026-07-22T01:30:24.361Z
4000-4999	4413	1ybthNdednpDGuUIzsT79tmQBJaF7sEWt	TRUE	2026-06-18T08:21:58.318Z	2026-07-26T02:20:30.273Z
4000-4999	4144	1k5ayWUbUHr2s2IQDrgKKyU2GGirAgGgn	TRUE	2026-06-18T08:21:58.105Z	2026-07-27T06:17:29.506Z
4000-4999	4710	1iO7Hlq4qYKf-bSh-Bnu4FCMh3SRK5X3U	TRUE	2026-06-18T08:21:58.555Z	2026-07-22T01:30:23.070Z
4000-4999	4707	1hUn7Qmih4sX7rOZ2M0DMaHMX8eDyIBuo	TRUE	2026-06-18T08:21:58.553Z	2026-07-22T01:30:22.994Z
4000-4999	4706	1tJF613JsQ9316XPccCpkMUdQEgII8D8u	TRUE	2026-06-18T08:21:58.549Z	2026-07-22T01:30:22.882Z
4000-4999	4702	1x-VpcOQ5lh1gUAdJrlifZg0lnj0hulIG	TRUE	2026-06-18T08:21:58.543Z	2026-07-22T01:35:34.670Z
4000-4999	4705	1_EPYx3hHnIchH67awh0rO9JKXeKwJlRl	TRUE	2026-06-18T08:21:58.547Z	2026-07-22T01:30:21.944Z
4000-4999	4694	1BLf71DrcdFWZyM4HwKF2iZOThoJCgBTE	TRUE	2026-06-18T08:21:58.540Z	2026-07-22T01:37:12.662Z
4000-4999	4687	1W3dpFGZJEnNbFOToBjACWi1afoLU-Eqt	TRUE	2026-06-18T08:21:58.536Z	2026-07-22T01:37:12.617Z
4000-4999	4692	1y0_kinjfOdrQQRdb-pxsTGJrVQCnqGig	TRUE	2026-06-18T08:21:58.538Z	2026-07-22T01:30:20.728Z
4000-4999	4685	1m23aJ_eA0us1JxKja9Q0H1ru1ECYYfYv	TRUE	2026-06-18T08:21:58.533Z	2026-07-22T01:30:20.629Z
4000-4999	4677	1UwSiRf_jKqzG4-B_qbT9yHiQgkN2d8VG	TRUE	2026-06-18T08:21:58.529Z	2026-07-22T01:37:12.548Z
4000-4999	4676	1QqTcWzgVsYxf7ufr_wHXfVqUMxNrFQCg	TRUE	2026-06-18T08:21:58.525Z	2026-07-22T01:30:17.201Z
4000-4999	4675	1jYLSAdBNlpu3jW76cG0Lhryu8xI9SIXD	TRUE	2026-06-18T08:21:58.522Z	2026-07-22T01:30:17.188Z
4000-4999	4674	1-uScwt_VX44TtCGWVBqnP_6TurPUgWwX	TRUE	2026-06-18T08:21:58.520Z	2026-07-22T01:30:16.618Z
4000-4999	4659	1HMJmhTejqb5-z4li1XxQVJeUpkmOmhaM	TRUE	2026-06-18T08:21:58.517Z	2026-07-22T01:30:15.084Z
4000-4999	4650	1ok4P8WE57ZAxHJK4g0ZNGOsbmszMOFRA	TRUE	2026-06-18T08:21:58.511Z	2026-07-22T01:37:12.459Z
4000-4999	4651	1N2-uCuatcKsGQKIt7-4gIG-sPg5b0YQr	TRUE	2026-06-18T08:21:58.513Z	2026-07-22T01:30:13.750Z
4000-4999	4643	1iDkuknBG_6F1gh1ZYESrx39HKzB0-Ix5	TRUE	2026-06-18T08:21:58.503Z	2026-07-22T01:37:12.432Z
4000-4999	4648	1vh9SsQFlYnpfidWw9SHmSBUZtATJ5AqT	TRUE	2026-06-18T08:21:58.507Z	2026-07-22T01:30:12.162Z
4000-4999	4646	1elBtc9rvvbbyaxw4CXq9DfeMNy5kv5o_	TRUE	2026-06-18T08:21:58.505Z	2026-07-22T01:30:12.064Z
4000-4999	4640	1mdTDfF3c_3l3Ahn8u6rmfU7uBjZkFUYa	TRUE	2026-06-18T08:21:58.501Z	2026-07-22T01:30:11.821Z
4000-4999	4637	1LItVOdfgWa6aLvsfRRZmpTdILcZRXs8Q	TRUE	2026-06-18T08:21:58.499Z	2026-07-22T01:37:12.384Z
4000-4999	4634	1HUapBgQKYUi-_ifermlhxYWFuy43fiRz	TRUE	2026-06-18T08:21:58.497Z	2026-07-22T01:30:11.339Z
4000-4999	4114	1YZkFW7SGbC5G6huLmIeXv7BKT0kdgWSl	TRUE	2026-06-18T08:21:58.074Z	2026-07-27T05:54:19.322Z
4000-4999	4632	1oFyJRj6l-79666XdiKp-yxI4m2o-QUmF	TRUE	2026-06-18T08:21:58.491Z	2026-07-22T01:37:12.340Z
4000-4999	4628	1dNrVtm7E8mneh2C7tFMnqXweMGBVJAUd	TRUE	2026-06-18T08:21:58.487Z	2026-07-22T01:37:12.287Z
4000-4999	4630	1ib1DkD4UFkosk2eAiSDBow7hHjuF6JLj	TRUE	2026-06-18T08:21:58.489Z	2026-07-22T01:29:57.763Z
4000-4999	4627	1TgLBPLo_WZQJ_phSlNo3EFsuU1UvF1-t	TRUE	2026-06-18T08:21:58.484Z	2026-07-22T01:29:57.558Z
4000-4999	4626	1tNOjgdxUfxBAL7vBkEScq7m1O4JUA0YU	TRUE	2026-06-18T08:21:58.482Z	2026-07-22T01:29:56.815Z
4000-4999	4099	11w8QrOzv_VjEspsPHPbgaRpuriK_sHjT	TRUE	2026-06-18T08:21:58.046Z	2026-07-27T05:09:13.580Z
4000-4999	4117	1-ls_x2ZwtBUw5rv6o4yLNrH0qvACyKdf	TRUE	2026-06-18T08:21:58.082Z	2026-07-27T00:07:49.071Z
4000-4999	4611	14rejwqvSbunIx1xhCfzN-i1qyyk8KrqT	TRUE	2026-06-18T08:21:58.470Z	2026-07-22T01:29:51.338Z
4000-4999	4097	1XWrX3sdX4-8EybO3DXEs3HV0Km1oX12n	TRUE	2026-06-18T08:21:58.039Z	2026-07-27T05:00:47.944Z
4000-4999	4601	1OCPJa12GBfX6tc2ErAWRIz8ia03t212-	TRUE	2026-06-18T08:21:58.468Z	2026-07-22T01:29:50.719Z
4000-4999	4600	17epODgZnggOnsUardEHGSGogqKTr50yK	TRUE	2026-06-18T08:21:58.466Z	2026-07-22T01:29:50.449Z
4000-4999	4053	1Esi2TgL3EWkH8yCxFwisaOirWnyyvHez	TRUE	2026-06-18T08:21:58.015Z	2026-07-27T04:03:12.962Z
4000-4999	4597	1V7sZHverkxzmGFBUSZSoz7duJbKhJK53	TRUE	2026-06-18T08:21:58.464Z	2026-07-22T01:37:12.129Z
4000-4999	4038	1zako2RhdN5H4TlENp9RXC2HAmXngtGaT	TRUE	2026-06-18T08:21:57.516Z	2026-07-27T04:49:10.408Z
4000-4999	4596	1EE-Aj807V_GidgXEL0qDgy39Or5nMvwW	TRUE	2026-06-18T08:21:58.461Z	2026-07-22T01:29:49.988Z
4000-4999	4037	1Fv8nArkqiHXeO0sffCII-pjyi3BAfKRX	TRUE	2026-06-18T08:21:57.508Z	2026-07-27T04:03:13.417Z
4000-4999	4595	13p2YiPBp_2CKvrLr0fkTPjwfnTq_SMED	TRUE	2026-06-18T08:21:58.459Z	2026-07-22T01:29:49.852Z
4000-4999	4590	1LlpLLkQi9kBKEB0UQ7Dek7xNv-tIJB5N	TRUE	2026-06-18T08:21:58.457Z	2026-07-22T01:29:49.832Z
4000-4999	4029	1ndAyi1qqHDN1HCpvATki6azeD8arI5C9	TRUE	2026-06-18T08:21:57.491Z	2026-07-27T03:39:53.706Z
4000-4999	4587	11_KCLuRVyJnr12yxsUDZuh9Bus7jXb_h	TRUE	2026-06-18T08:21:58.455Z	2026-07-22T01:29:47.813Z
4000-4999	4586	1gsf6ZuQ3p-N0JbjtKvPLNcwZLMtMLzSZ	TRUE	2026-06-18T08:21:58.452Z	2026-07-22T01:37:12.087Z
4000-4999	4576	1rxifwjfwy6dx3pZUO-KcYi6N3Dw-l1-w	TRUE	2026-06-18T08:21:58.447Z	2026-07-22T01:37:10.786Z
4000-4999	4562	1YMZrH_1mbpKE786C04B0aYsSf0qIm-OV	TRUE	2026-06-18T08:21:58.445Z	2026-07-22T01:29:43.277Z
4000-4999	4559	1X6LbmNDCxMWqATLVaIJbhSFbqBYYVAkw	TRUE	2026-06-18T08:21:58.443Z	2026-07-22T01:29:40.908Z
4000-4999	4015	1ZzNKxVdzXvjeAwimArmk1GSrRFXhD4H2	TRUE	2026-06-18T08:21:57.424Z	2026-07-27T02:38:11.946Z
4000-4999	4552	1FFcfjAt8L8mbA0yeuJ3DjAhwtzraWWOa	TRUE	2026-06-18T08:21:58.431Z	2026-07-22T01:35:22.515Z
4000-4999	4547	1xMb4_8bxrn_CEB6BX7nMY-1dNveP-yoo	TRUE	2026-06-18T08:21:58.427Z	2026-07-22T01:29:20.813Z
4000-4999	4527	1G1-Kg7LQecXI28kjO_Dih33bQfQN5Gmm	TRUE	2026-06-18T08:21:58.418Z	2026-07-22T01:29:16.997Z
4000-4999	4522	1qdi5Uy3s-4jHsnjuNT3It3u8LHLWRBIj	TRUE	2026-06-18T08:21:58.416Z	2026-07-22T01:29:16.231Z
4000-4999	4514	1OG3DNX3kZPJNSzwNuUi9ccV6CvzLxIc_	TRUE	2026-06-18T08:21:58.409Z	2026-07-22T01:29:07.966Z
4000-4999	4503	1TnFYu-278sUnBvq6hmdJqCJiL1cZVeBk	TRUE	2026-06-18T08:21:58.396Z	2026-07-22T01:28:43.309Z
4000-4999	4502	1vTEZNsfnl46DwpwgRx2Olu0vm6I7tOEr	TRUE	2026-06-18T08:21:58.394Z	2026-07-22T01:28:42.591Z
4000-4999	4497	1kUINKaZqwyfgqQ7J73_YkcYiyiYkhRl3	TRUE	2026-06-18T08:21:58.389Z	2026-07-22T01:28:42.494Z
4000-4999	4496	1OUp2kgS5Gp6MWyXI-tMm4OBfKhB0vZ90	TRUE	2026-06-18T08:21:58.387Z	2026-07-22T01:28:42.426Z
4000-4999	4479	15-RzY3J5-faYiQbn2VpOVzInT-RfSlpv	TRUE	2026-06-18T08:21:58.382Z	2026-07-22T01:28:34.836Z
4000-4999	4474	1cjFX4m9dqkes-RAyBe25h60lIn3eCBMN	TRUE	2026-06-18T08:21:58.378Z	2026-07-22T01:27:52.959Z
4000-4999	4467	19dwsgMERfWlMMywutL11sskhIUvkI1dg	TRUE	2026-06-18T08:21:58.375Z	2026-07-22T01:27:52.619Z
4000-4999	4462	1owV_vyskle-gJyNgCoH1gSTFtZV9H53y	TRUE	2026-06-18T08:21:58.368Z	2026-07-22T01:37:09.255Z
4000-4999	4454	1TGi4iX__AVwAr1GrVarD-PiqqCvtxFJX	TRUE	2026-06-18T08:21:58.366Z	2026-07-22T01:27:50.024Z
4000-4999	4452	1FPPYT6T0D64KmPaz9zb-A9X-xc8wFVrb	TRUE	2026-06-18T08:21:58.364Z	2026-07-22T01:27:49.879Z
4000-4999	4444	1iuDoVoQrNN08keaEohFN6bi_2Ggfjqur	TRUE	2026-06-18T08:21:58.359Z	2026-07-22T01:27:47.589Z
4000-4999	4441	1MhpoiwRC33JBAuKnCyagRjE_X1Sj8GQI	TRUE	2026-06-18T08:21:58.354Z	2026-07-22T01:37:09.126Z
4000-4999	4437	1Giv7s1YlLlIrr2FUS9Swiyras_8OltOa	TRUE	2026-06-18T08:21:58.352Z	2026-07-22T01:27:43.311Z
4000-4999	4428	1_4sYAUlF0bn-YIj_nxtepmxfHK0IWL0U	TRUE	2026-06-18T08:21:58.342Z	2026-07-22T01:27:42.227Z
4000-4999	4427	1KSE_01WedauZfrPiY0I0pz5wN1-F-SNu	TRUE	2026-06-18T08:21:58.339Z	2026-07-22T01:27:40.143Z
4000-4999	4426	1VNpCJjslz89FvrKcJF97pXmij6PIWDSd	TRUE	2026-06-18T08:21:58.336Z	2026-07-22T01:27:40.057Z
4000-4999	4425	14S3WkhgzhcLc4BtceZ3SRhPDqAY_43RI	TRUE	2026-06-18T08:21:58.334Z	2026-07-22T01:27:39.865Z
4000-4999	4417	13AeG_jVluRRvJ75fWSZuZxQJjXOF457J	TRUE	2026-06-18T08:21:58.325Z	2026-07-22T01:37:08.959Z
4000-4999	4416	172_Uy_gdd6BdbJDhfWikkSOmBhnYJWch	TRUE	2026-06-18T08:21:58.322Z	2026-07-22T01:26:55.805Z
4000-4999	4409	1ygx7tdmi_4wg-cN5ivEtIu9Ak6ILqHG-	TRUE	2026-06-18T08:21:58.311Z	2026-07-22T01:37:08.698Z
4000-4999	4407	1H-WIt_pZql8ThQnj0_y6bVabIS2V8Z5n	TRUE	2026-06-18T08:21:58.307Z	2026-07-22T01:26:32.184Z
4000-4999	4406	1NfpHadodITb3-obRa8MpUNm9RGTzFHPr	TRUE	2026-06-18T08:21:58.305Z	2026-07-22T01:26:31.131Z
4000-4999	4396	1KA1Y4CfXsGnasYfNrEPUVDa4rvLi2vte	TRUE	2026-06-18T08:21:58.297Z	2026-07-22T01:26:10.793Z
4000-4999	4378	1YD7gqtpXHY6QGE2lWuJyjWgvUkqeR2F2	TRUE	2026-06-18T08:21:58.291Z	2026-07-22T01:26:10.299Z
4000-4999	4367	1wS7jSZh6n43HJVwUJv4xTd2QI2XYRqoM	TRUE	2026-06-18T08:21:58.283Z	2026-07-22T01:37:08.378Z
4000-4999	4345	1ZyDmUEVBA4K1V5CirLeAxJ5REazH0ggA	TRUE	2026-06-18T08:21:58.226Z	2026-07-22T01:37:08.279Z
4000-4999	4344	1g8AjMp4Vj_Coy9rfJ51EHb59JEzLTxPj	TRUE	2026-06-18T08:21:58.224Z	2026-07-22T01:26:08.044Z
4000-4999	4343	1TKHWL1BV3VU2MrF8zHYgeRotZSfrJ4H3	TRUE	2026-06-18T08:21:58.221Z	2026-07-22T01:26:07.979Z
4000-4999	4327	1qdFIZShTkM1pudKpuIgiAKXBGXU8o0T5	TRUE	2026-06-18T08:21:58.214Z	2026-07-22T01:37:08.221Z
4000-4999	4340	1SNcdGEuWu1TNsQnNYGkabdZt7aQnlYcl	TRUE	2026-06-18T08:21:58.217Z	2026-07-22T01:26:03.414Z
4000-4999	4311	1tckfTocJ8nWotMc0rnP_hX1mBWunV-9M	TRUE	2026-06-18T08:21:58.206Z	2026-07-22T01:25:57.721Z
4000-4999	4307	1DcXlQclaVPyGLrx1X47sd-QHKqZJlcaj	TRUE	2026-06-18T08:21:58.201Z	2026-07-22T01:25:57.156Z
4000-4999	4306	1HuNfMYQmGG36rqn5g_iQ963jchsfVEH9	TRUE	2026-06-18T08:21:58.199Z	2026-07-22T01:25:57.040Z
4000-4999	4304	18bELslBIDmjO6vt1KNbAfGahprBwe7p_	TRUE	2026-06-18T08:21:58.197Z	2026-07-22T01:25:56.956Z
4000-4999	4302	1nPZGyCe95COjCeDvmz9T4KdC_Ace9u2G	TRUE	2026-06-18T08:21:58.195Z	2026-07-22T01:25:56.789Z
4000-4999	4298	1CZwHGRNt6NLHsLUcnpopbJue4IApZHma	TRUE	2026-06-18T08:21:58.193Z	2026-07-22T01:25:56.685Z
4000-4999	4297	1bnSLdrwzgMo26FS0j5Lv59cvbGTnCOTN	TRUE	2026-06-18T08:21:58.189Z	2026-07-22T01:37:08.087Z
4000-4999	4288	1hpIHFoktGFXAQ_XTDg1qfSHUQcbUaZ4e	TRUE	2026-06-18T08:21:58.184Z	2026-07-22T01:25:54.717Z
4000-4999	4277	1fdxQtZt75bHRBJ68TV3J9ymRO9EGHV7j	TRUE	2026-06-18T08:21:58.178Z	2026-07-22T01:25:52.215Z
4000-4999	4240	1A7ZsZu2N-l8Vu8hxpJicThDExoR4uZpP	TRUE	2026-06-18T08:21:58.166Z	2026-07-22T01:25:50.488Z
4000-4999	4238	1jtlZ1G4VgOvlDSCB8WKNJS5zORobrFGy	TRUE	2026-06-18T08:21:58.160Z	2026-07-22T01:25:49.535Z
4000-4999	4237	1C36BP3Shkcn6Hzns-F0ailBAngIyLOmP	TRUE	2026-06-18T08:21:58.158Z	2026-07-22T01:25:49.499Z
4000-4999	4230	1qxcMSHd2ufuX8u7U84SXPAk27PUYPW15	TRUE	2026-06-18T08:21:58.154Z	2026-07-22T01:37:07.844Z
4000-4999	4222	1UeI-6OkCOMYCu71cYUkoco4JoNj9PVzK	TRUE	2026-06-18T08:21:58.147Z	2026-07-22T01:37:07.654Z
4000-4999	4209	1dAzNO1ul7hBNTh725VQXgZ9H4PDmMMmI	TRUE	2026-06-18T08:21:58.144Z	2026-07-22T01:37:07.627Z
4000-4999	4200	18AzruvKldUe6-1i0bctbsSglobdVi0vn	TRUE	2026-06-18T08:21:58.134Z	2026-07-22T01:37:07.601Z
4000-4999	4197	1BhKEVEUW8VLCkQXPzYLD3CJCqcIIEvLM	TRUE	2026-06-18T08:21:58.132Z	2026-07-22T01:25:41.981Z
4000-4999	4191	1RMmRhNMSld8mVu2jDXr-dTHG9qg68RbM	TRUE	2026-06-18T08:21:58.130Z	2026-07-22T01:25:41.852Z
4000-4999	4175	17Vw3ILxNfA5GM9VTHTIHM6Y-cmcdvkHb	TRUE	2026-06-18T08:21:58.116Z	2026-07-22T01:25:41.197Z
4000-4999	4171	185zzepNyW9Nu8wOrApFDGH5EysehtGmu	TRUE	2026-06-18T08:21:58.113Z	2026-07-22T01:25:41.170Z
4000-4999	4146	1Th9_e6cOvSJTCiYK_6bazhwud4bw0XFb	TRUE	2026-06-18T08:21:58.108Z	2026-07-22T01:25:40.840Z
4000-4999	4134	1kGfcVIECCls6yUSNArMyREBUMsGGk14W	TRUE	2026-06-18T08:21:58.097Z	2026-07-22T01:25:39.959Z
4000-4999	4128	1bgL5k51HDE8Ue4ijbkDB7khLuMv580AD	TRUE	2026-06-18T08:21:58.095Z	2026-07-22T01:25:39.110Z
4000-4999	4127	1uQq0IMRYBQ9cQqb25ZLBS-GEfsVRYUQN	TRUE	2026-06-18T08:21:58.093Z	2026-07-22T01:25:39.067Z
4000-4999	4126	192FmBC3gXh-2AyXXOnC-JNJWKDTcg7FE	TRUE	2026-06-18T08:21:58.088Z	2026-07-22T01:25:39.003Z
4000-4999	4119	1mSK8xiBPhzQ2PoK2ybah_hTgaxaoc2Lp	TRUE	2026-06-18T08:21:58.085Z	2026-07-22T01:25:38.967Z
4000-4999	4116	12qRRSH2rWtAT7Tv3LPUjAVrjR7tTw4mV	TRUE	2026-06-18T08:21:58.079Z	2026-07-22T01:25:36.059Z
4000-4999	4108	1YZGGDRN1gKlCyIKJrU5EiuBzxKi7CD2w	TRUE	2026-06-18T08:21:58.070Z	2026-07-22T01:25:35.755Z
4000-4999	4107	1QVP-fLXkFMU6U2oLZSAPon8dzs8faKBv	TRUE	2026-06-18T08:21:58.068Z	2026-07-22T01:25:35.727Z
4000-4999	4104	1otMhTC3nqb-Uh8LW5KOvksTbPTlPGklj	TRUE	2026-06-18T08:21:58.061Z	2026-07-22T01:37:07.263Z
4000-4999	4095	1tlZagpLGS6J5CSnWVRvC62RLrzIbuDRz	TRUE	2026-06-18T08:21:58.036Z	2026-07-22T01:25:16.611Z
4000-4999	4076	1YfkcAHm4JGiZvqhy1-NmC5vqRjwiZVFx	TRUE	2026-06-18T08:21:58.022Z	2026-07-22T01:25:12.440Z
4000-4999	4040	117LzzckX1aAVuRZXz-ApL8bdEARhzKFQ	TRUE	2026-06-18T08:21:58.007Z	2026-07-22T01:37:07.011Z
5000-5999	5980	1tm3bR8pzdiLjReq3jntCf7cU96bFuPdW	TRUE	2026-07-17T03:02:53.906Z	2026-08-10T09:16:28.291Z
5000-5999	5950	1R70fg2WooJoA68BNGyOt4_kuVagVyj1i	TRUE	2026-07-17T03:02:54.059Z	2026-08-10T09:16:28.243Z
5000-5999	5915	1IvMJ9Gd7ii1aR57jdCpME3HpsvZunKmh	TRUE	2026-07-17T03:02:53.781Z	2026-08-10T09:14:13.697Z
5000-5999	5910	1nYYKw1JqN0mQYLcaIt4eQZ3l3dOiIiDj	TRUE	2026-07-17T03:02:53.876Z	2026-08-10T09:17:36.552Z
5000-5999	5905	1C8rqCo_OjV-Ljftxu7i4mdg__84hkktL	TRUE	2026-07-17T03:02:53.868Z	2026-08-10T09:13:32.623Z
5000-5999	5865	1H89f_ETI7UBGYNv24JD3hxqyAe4Sn13o	TRUE	2026-07-17T03:02:53.689Z	2026-08-10T09:13:09.231Z
5000-5999	5862	14RDAPwRdXcEnuPmgrDVjiv4SbOEXhhsa	TRUE	2026-07-17T03:02:53.920Z	2026-08-10T09:12:10.833Z
5000-5999	5810	1NevcV8qF5yM8esgugcUBEiKD574wmfpP	TRUE	2026-07-17T03:02:53.912Z	2026-08-10T09:16:46.919Z
5000-5999	5860	13FYAKnp-i45T1_T8hBXv2Hdo0TneQo7X	TRUE	2026-06-19T08:32:36.571Z	2026-08-10T09:12:10.155Z
5000-5999	5805	1X54dXQy6bso2JdN-h9AZF5d1c-V4a0dZ	TRUE	2026-07-17T03:02:53.778Z	2026-08-10T09:11:29.538Z
5000-5999	5795	1m6A0_19e3bVYiqFpwfygStialB8t5mdc	TRUE	2026-07-17T03:02:53.883Z	2026-08-10T09:10:43.581Z
5000-5999	5794	1k9d1p6Pyz0mOrQmWuMhXoiprZubB5CiY	TRUE	2026-07-17T03:02:53.716Z	2026-08-10T09:10:45.917Z
5000-5999	5793	1yNh-JWqrg7t28nK-BaCP5yqxoYIYCiOd	TRUE	2026-06-19T08:32:36.590Z	2026-08-10T09:10:24.855Z
5000-5999	5792	1mAk6aziLxtAtbQLX1nFjpybl1D0GSxLW	TRUE	2026-07-17T03:02:53.873Z	2026-08-10T09:10:24.348Z
5000-5999	5791	12KinuXoLimIUQQsQX5QHK373jmLtrrsT	TRUE	2026-07-17T03:02:53.866Z	2026-08-10T09:12:07.933Z
5000-5999	5790	1LO9x0b4CanfTMYGw6bs1Xudkg6OU4fup	TRUE	2026-07-17T03:02:53.803Z	2026-08-10T09:10:21.175Z
5000-5999	5789	1oYzcxUdNeU3qM8l9Io2w2-gB9x1PpY_8	TRUE	2026-07-17T03:02:54.027Z	2026-08-10T09:10:20.003Z
5000-5999	5782	1KtP3VNr41fLMbAb5UIqzUeFPGeSd55wL	TRUE	2026-07-17T03:02:53.800Z	2026-08-10T09:10:19.404Z
5000-5999	5781	1ZIaJzLOJVSVg2MNmXCkUY_9bw4dL9AMs	TRUE	2026-07-17T03:02:54.044Z	2026-08-10T09:10:18.704Z
5000-5999	5780	1GNNTSHWIEYlEh0GUHAUaCJWpgLfOTpiw	TRUE	2026-07-17T03:02:53.797Z	2026-08-10T09:14:07.229Z
5000-5999	5757	1u0npt9piHKkBDB0Wz5x_suzzhuXolxiK	TRUE	2026-07-17T03:02:54.064Z	2026-08-10T09:10:13.115Z
5000-5999	5740	1AqcTzeKrWf3zF2y2KoiNqobfJEZcJ2YI	TRUE	2026-07-17T03:02:53.853Z	2026-08-10T09:10:12.899Z
5000-5999	5719	1Rn3KV-u2Vd1oVhLcqYE-OZZsCNv1O0i9	TRUE	2026-07-17T03:02:54.009Z	2026-08-10T09:10:12.682Z
5000-5999	5716	1qdL3fBaYLsaqlFSyoBlbDRBtNeMFeI1F	TRUE	2026-07-17T03:02:53.849Z	2026-08-10T09:10:12.560Z
5000-5999	5700	1exuz-EqLf5Ns3HT_ouGcHxXoOZSHPiF5	TRUE	2026-07-17T03:02:53.721Z	2026-08-10T09:10:21.536Z
5000-5999	5692	1gm2Q7rrpDVLY55bhPRjR9fvRc7_8rwJY	TRUE	2026-07-17T03:02:54.023Z	2026-08-10T09:10:08.427Z
5000-5999	5690	1_U6rbGxDr9t6WVVxURUjUOsJCwaXIIT3	TRUE	2026-07-17T03:02:53.909Z	2026-08-10T09:10:08.383Z
5000-5999	5685	1Ol4zkJK4tKf6qpEslZqwgY-itVzXaL9e	TRUE	2026-07-17T03:02:54.049Z	2026-08-10T09:10:08.360Z
5000-5999	5680	1o5v0Fpycgpo1WCJHzlZviS6cLQN5OhxR	TRUE	2026-06-19T08:32:36.577Z	2026-08-10T09:10:08.316Z
5000-5999	5660	1hO0coiL5wkWJEUIpmr45lIbj8wKwgiE7	TRUE	2026-07-17T03:02:53.862Z	2026-08-10T09:10:08.306Z
5000-5999	5650	145rZmk3ikvURUxo6Gh4_ijCWnkxuo-Sp	TRUE	2026-07-17T03:02:53.915Z	2026-08-10T09:10:08.349Z
5000-5999	5645	1HCyVLEbIPIjiJts03B4O_h2kJAtULr2U	TRUE	2026-07-17T03:02:53.685Z	2026-08-10T09:09:48.621Z
5000-5999	5640	1pP0fQuzjbHFBHXrnMB6Iifb1hL7IICua	TRUE	2026-07-17T03:02:53.794Z	2026-08-10T09:09:48.153Z
5000-5999	5635	1Bh47AXSOxZh3-uDred7cxFFBimOPIUH1	TRUE	2026-07-17T03:02:53.681Z	2026-08-10T09:09:48.091Z
5000-5999	5632	17Uj2IWAq-rEOEP-vKuHumL807zgTiA8Q	TRUE	2026-07-17T03:02:53.698Z	2026-08-10T09:09:47.741Z
5000-5999	5631	1zvEjX4-HyJ3F5vNTsDYeKc54iNbwRLHA	TRUE	2026-07-17T03:02:54.019Z	2026-08-10T09:09:47.375Z
5000-5999	5630	1Dqytlb76WpQ0becKL0APZvxRbl2rQrFT	TRUE	2026-07-17T03:02:53.917Z	2026-08-10T09:09:47.277Z
5000-5999	5626	1kaG2exz-qwlPGUPVoX0JaSKuN06i_J6l	TRUE	2026-07-17T03:02:54.014Z	2026-08-10T09:09:46.984Z
5000-5999	5625	13Hi1Lg6xaW5M0Zt4MdTTQHITe-zHgFbh	TRUE	2026-07-17T03:02:54.053Z	2026-08-10T09:09:46.845Z
5000-5999	5624	1_QB04ktE3JnQ_UYr4pMx5Rsq4MnpSLgR	TRUE	2026-07-17T03:02:53.775Z	2026-08-10T09:09:46.676Z
5000-5999	5623	1FfRIKWhxwjA_Tc1VcOhtbhjzHNQ0p-lN	TRUE	2026-07-17T03:02:53.773Z	2026-08-10T09:09:46.085Z
5000-5999	5622	1wfaBQjzuFwg9S3x_QrOFoyb7QBkW2Oae	TRUE	2026-07-17T03:02:53.696Z	2026-08-10T09:09:45.367Z
5000-5999	5619	1RrjlKYXIbZbDx1pK9AplP8SVW1lNCp_P	TRUE	2026-07-17T03:02:53.785Z	2026-08-10T09:10:27.103Z
5000-5999	5615	1Mgg4V7Lzc2JZW1ItneUwuxT2ziyLQlEO	TRUE	2026-07-17T03:02:53.859Z	2026-08-10T09:09:44.251Z
5000-5999	5611	19rYN8UeKam3K4TRham7U2dCipeGvQ2hi	TRUE	2026-07-17T03:02:53.677Z	2026-08-10T09:09:43.565Z
5000-5999	5606	1PBZdPTk07zsOhnPSgrCW0uOtqD9yYZP6	TRUE	2026-07-17T03:02:54.035Z	2026-08-10T09:09:43.176Z
5000-5999	5605	1ROFtxKR8Gm_3dkW0Su5cxabpAyu3U8lm	TRUE	2026-07-17T03:02:54.039Z	2026-08-10T09:09:48.643Z
5000-5999	5604	1_XJvCL1h8T1TmAIHG_RgJgkf03n8MtjH	TRUE	2026-07-17T03:02:53.788Z	2026-08-10T09:09:22.069Z
5000-5999	5603	1FphSYBOokokpuCOIjYpRNUPq11_iQC5-	TRUE	2026-06-19T08:32:36.587Z	2026-08-10T09:09:25.832Z
5000-5999	5602	12mAi59otFAWBuJGJXf9Qpe5RJ5h5gNMe	TRUE	2026-07-17T03:02:53.692Z	2026-08-10T09:09:21.123Z
5000-5999	5601	1wCE0c9WXL698seQluL2lR-SEqr541dwR	TRUE	2026-07-17T03:02:53.706Z	2026-08-10T09:09:20.762Z
5000-5999	5600	1OrO8gS1oaiD942qv_cZVZ4ICKd5kPx86	TRUE	2026-07-17T03:02:53.713Z	2026-08-10T09:09:23.012Z
5000-5999	5599	1JSY6ecetAOFUDNYHYwiPxgnTEgpVN6mH	TRUE	2026-07-17T03:02:53.770Z	2026-08-10T09:09:14.272Z
5000-5999	5598	1TlqY96VLuL12ArvgKbfZUgYxu3xqXlH8	TRUE	2026-07-17T03:02:53.846Z	2026-08-10T09:09:14.188Z
5000-5999	5597	1NGeJ9unE2SbZiMzlFmhGJYOTaja3iyVw	TRUE	2026-07-17T03:02:53.843Z	2026-08-10T09:09:13.833Z
5000-5999	5596	1V6-M3OaMyWkeiQqNvxkot3211lsXsAXK	TRUE	2026-07-17T03:02:53.709Z	2026-08-10T09:09:13.708Z
5000-5999	5595	1qkSAlaNTZPyT6cVPSWgzinHxfVEgZmZU	TRUE	2026-07-17T03:02:53.791Z	2026-08-10T09:09:21.644Z
5000-5999	5594	1MLFGVzs6gL1dNDykGJ9gy7ojYZbhqwU8	TRUE	2026-07-17T03:02:53.768Z	2026-08-10T09:09:13.381Z
5000-5999	5593	1UBReWR5EXFsTT4GkgVd16FcS3RfSkZwU	TRUE	2026-07-17T03:02:53.888Z	2026-08-10T09:09:12.959Z
5000-5999	5588	1ck-u8YAqebfaei2ZLZ-4rQ9tI9vWEqEi	TRUE	2026-07-17T03:02:53.856Z	2026-08-10T09:09:12.975Z
5000-5999	5587	1gweUnh-jQUSlB-IJaEHsTo35GayV6Soq	TRUE	2026-07-17T03:02:53.764Z	2026-08-10T09:09:12.519Z
5000-5999	5585	1BcXH_1g9tIH8cS4J5wgPjNPJZb9Txltg	TRUE	2026-06-19T08:32:36.592Z	2026-08-10T09:09:12.410Z
5000-5999	5584	1mvCtV4XP9CT2F63a0-kxfVQhTdxtAv8y	TRUE	2026-07-17T03:02:53.885Z	2026-08-10T09:09:12.396Z
5000-5999	5583	1_4FAOs0Ny2OuLG9X7MHw4GLHVMwpzzpD	TRUE	2026-07-17T03:02:53.880Z	2026-08-10T09:09:12.158Z
5000-5999	5582	1HFjnVl1nldBDDnKW0EodpmCJuCKHzXRA	TRUE	2026-07-08T06:50:35.204Z	2026-08-10T09:09:12.034Z
5000-5999	5581	1vB1_Q3Axtj7km1D4e-XOxy_mZWZKrRVt	TRUE	2026-07-08T06:54:52.942Z	2026-08-04T09:00:17.190Z
5000-5999	5580	1hMAB2HCymYKvgR8DLPRpIqsR6GGyYLIS	TRUE	2026-07-08T06:50:34.830Z	2026-08-04T09:00:17.183Z
5000-5999	5523	1BrRsLnWnJWQrBzQKG90LATvQh3OCpNWi	TRUE	2026-07-08T06:50:34.994Z	2026-08-04T09:00:17.174Z
5000-5999	5579	1y_yC9vxjGf618vygg_qmmtTz3PRvGjmd	TRUE	2026-07-08T06:50:35.200Z	2026-07-26T05:49:59.381Z
5000-5999	5577	1JGD5YI_JoSR9-X-FZb7Ha5f3kzhxnNIF	TRUE	2026-07-08T06:50:35.198Z	2026-07-26T05:49:59.374Z
5000-5999	5576	1_rQUP5G267OU-0rdFNb6m4hrFM87kqd7	TRUE	2026-07-08T06:50:35.195Z	2026-07-26T05:49:59.367Z
5000-5999	5565	127JXa8Ga0Yy_F4wZliS0qLFBjn7dIUQm	TRUE	2026-07-08T06:50:34.954Z	2026-07-26T05:49:57.193Z
5000-5999	5563	1gLcYhbFFB-zYxnZMhQ3Ha4Ia-Ke1oMxT	TRUE	2026-07-08T06:50:34.667Z	2026-07-26T05:49:59.355Z
5000-5999	5560	1HHK9zaPIVQvPaIudeam-RPqO8K4E0jhr	TRUE	2026-07-08T06:50:34.776Z	2026-07-26T05:49:59.346Z
5000-5999	5556	1mHCllyeo8wDASH81_HZnAWMjYTuMB9Tb	TRUE	2026-07-08T06:50:35.164Z	2026-07-26T05:58:16.925Z
5000-5999	5559	1Eqdh52LGE0PYnGKxV1HWCOynfU85aBl7	TRUE	2026-07-08T06:50:35.170Z	2026-07-26T05:49:59.339Z
5000-5999	5557	1dU2GIMUDE_MNUj4K4Y7JLJlxz4USQ12X	TRUE	2026-07-08T06:50:35.167Z	2026-07-26T05:49:59.326Z
5000-5999	5555	1KHjETNKZsjUCr6vNmsoAJ3RPJCmf9Uvl	TRUE	2026-07-08T06:50:37.058Z	2026-07-26T05:49:56.193Z
5000-5999	5554	1Smb5LRixRORkaRbakqTlyGAa5I9rn8Dk	TRUE	2026-06-19T08:32:36.575Z	2026-07-26T05:49:59.250Z
5000-5999	5552	1sLKGA95k6nTDkmyf7bQiXpeXwYJiJjv5	TRUE	2026-07-08T06:50:35.160Z	2026-07-26T05:58:13.486Z
5000-5999	5553	129XAWb_kCcEF2ogZw-lX2FQ-amizYe6V	TRUE	2026-07-08T06:50:34.674Z	2026-07-26T05:49:59.198Z
5000-5999	5548	1TCSKlHlNiBQpJJ6VUl-oe8A-pnYB2KIV	TRUE	2026-07-08T06:50:35.149Z	2026-07-26T05:58:12.740Z
5000-5999	5551	1nWtFFTOsIKxvoF2Vll0A_-Aa7fsx93DQ	TRUE	2026-07-08T06:50:35.156Z	2026-07-26T05:49:59.138Z
5000-5999	5549	1C-Ohpa1cwds-_uLsBgLz-sA1lnLGfDPC	TRUE	2026-07-08T06:50:35.153Z	2026-07-26T05:49:59.111Z
5000-5999	5546	1egeTlR6GFiYbwE0PPXEZOLL0CudCjWV5	TRUE	2026-07-08T06:50:35.147Z	2026-07-26T05:49:59.095Z
5000-5999	5545	1KcipW_veZdDzGAlMgHF0Z80DrwPc93cw	TRUE	2026-07-08T06:50:35.072Z	2026-07-26T05:58:10.321Z
5000-5999	5540	1Efetgnglypfm-4l6DfsRVryv8sgcqgCP	TRUE	2026-07-08T06:50:35.030Z	2026-07-26T05:58:08.038Z
5000-5999	5544	1A2_Y29gef5ndSgOUovhEKQ4B_BOw92sy	TRUE	2026-07-08T06:50:35.144Z	2026-07-26T05:49:59.065Z
5000-5999	5542	1ksfLheHKhfIiA9ts8YxcDQXfESCLxwh7	TRUE	2026-07-08T06:50:35.140Z	2026-07-26T05:49:59.042Z
5000-5999	5541	1gj6sWPMTlxSVX5cMIIpPFotqBkvtE4mr	TRUE	2026-07-08T06:50:35.137Z	2026-07-26T05:49:59.022Z
5000-5999	5538	1_M3zegJxXYvfizgtb6ZS7k97iGIEE9uI	TRUE	2026-07-08T06:50:35.135Z	2026-07-26T05:58:06.842Z
5000-5999	5537	16ZxpNdfswEiTF_gAqA1abpMKGd0WoQwu	TRUE	2026-07-08T06:50:35.028Z	2026-07-26T05:49:41.792Z
5000-5999	5534	11wVnWXwBoKjYBqW9fjziK5C9in6qE1Ze	TRUE	2026-07-08T06:50:34.989Z	2026-07-26T05:49:41.775Z
5000-5999	5533	1JCQPD69rHrBqBcPkxEruhR-d27N067Lc	TRUE	2026-07-08T06:50:34.983Z	2026-07-26T05:49:41.767Z
5000-5999	5532	1kUDeMOosGCxna9-n8zT5pmB0_f0TdNdV	TRUE	2026-06-19T08:32:36.579Z	2026-07-26T05:49:41.750Z
5000-5999	5531	1WaOa5YUYoLlcSiW-8Qk2WAgcYd6RRa0i	TRUE	2026-06-19T08:32:36.574Z	2026-07-26T05:49:41.725Z
5000-5999	5530	1mobBEdWgsHrCgp_ATlUROOotrmRUxfjW	TRUE	2026-07-08T06:50:34.570Z	2026-07-26T05:49:41.718Z
5000-5999	5524	1T1J1YxaJE_23-NBVafYJ78hXyhvgDkcL	TRUE	2026-07-08T06:50:34.751Z	2026-07-26T05:58:05.603Z
5000-5999	5525	1kTlEyYtCFugzdImLzldqc-5hpronleja	TRUE	2026-07-08T06:50:34.637Z	2026-07-26T05:49:34.423Z
5000-5999	5522	1kiGchRvQzp76WXD3dLUPPbvos05r2UZm	TRUE	2026-07-08T06:50:35.179Z	2026-07-26T05:57:22.592Z
5000-5999	5477	14cg3eHHKwGSNca_5QLZ4owQ67DPBnbqy	TRUE	2026-06-19T01:45:50.146Z	2026-08-10T03:13:45.974Z
5000-5999	5470	12lHUStoheGWFs-who2bL2f7twV5KyOMS	TRUE	2026-06-19T01:45:50.176Z	2026-08-10T03:11:31.631Z
5000-5999	5409	1Bd-cZyWlbd9YYWb-8YUW2gfoTMCsnvj_	TRUE	2026-06-19T01:45:52.409Z	2026-08-10T03:11:26.807Z
5000-5999	5384	1A68QZiaJT7WPEHtpf_gIPWf8EopHJqKa	TRUE	2026-06-19T01:45:50.198Z	2026-08-10T03:08:27.227Z
5000-5999	5349	1HIl8_UnUl_hy0PxDGeg2yVhobuwZ2Lrp	TRUE	2026-06-19T01:45:50.106Z	2026-08-10T03:08:23.685Z
5000-5999	5306	1NfJWjzPP7_Va8U2KxERzGK5JjZpXdx7I	TRUE	2026-06-19T01:45:50.237Z	2026-08-10T03:08:14.306Z
5000-5999	5271	11AM55zGEzn5InUsv57WhqeugP6-4lvmG	TRUE	2026-06-19T01:45:50.111Z	2026-08-10T03:05:25.337Z
5000-5999	5170	1n4tUScwh3Qe1IzNTT80GgvscjBP0O3ru	TRUE	2026-06-19T01:45:50.129Z	2026-08-10T03:05:19.831Z
5000-5999	5407	11nV0-Z14Mutlduybz1XeS6cl3_lFCzPT	TRUE	2026-06-19T01:45:50.121Z	2026-08-04T09:00:17.168Z
5000-5999	5252	1vIDBJVF0QNWOgUpiJIxDJytGBay_KNOq	TRUE	2026-06-19T01:45:52.412Z	2026-08-04T09:00:17.163Z
5000-5999	5521	1uKPnHonZDaE_iz2hOWEdcvKFRe6_SEYw	TRUE	2026-07-08T06:50:34.949Z	2026-07-26T05:57:22.238Z
5000-5999	5520	1GAmvAcy5Fpc1a8T5QJQRcBIVsY7s69cq	TRUE	2026-07-08T06:50:35.202Z	2026-07-26T05:57:18.334Z
5000-5999	5519	1ASd3UNtRJ86jdv8lF7F7f93JGKxgphbr	TRUE	2026-07-08T06:50:34.793Z	2026-07-26T05:57:15.923Z
5000-5999	5509	1rT_Z-wct7hY3PTC3nJjJErKr4KEyb5Ew	TRUE	2026-07-08T06:50:34.823Z	2026-07-26T05:57:15.160Z
5000-5999	5518	1uHxERWUgoaLtT2A_ZghAtSyxkhdVcui2	TRUE	2026-07-08T06:50:34.945Z	2026-07-26T05:47:18.524Z
5000-5999	5516	1f7kcE_pg2TZrPK6B-ZCes9-qAMeNtfoq	TRUE	2026-07-08T06:50:34.941Z	2026-07-26T05:47:18.509Z
5000-5999	5512	17gtwQohYiMeKgEBB-lZmuQMYFA12xu5L	TRUE	2026-07-08T06:50:34.596Z	2026-07-26T05:47:18.490Z
5000-5999	5506	1fe6jMMPUTgs8UK114ch3bql-cl1S0JFt	TRUE	2026-07-08T06:50:34.696Z	2026-07-26T05:57:14.514Z
5000-5999	5510	11BdItAzk6b7ZfaB-4QV6yy6xxUuhQrfe	TRUE	2026-07-08T06:50:34.825Z	2026-07-26T05:47:18.480Z
5000-5999	5507	1rzMwTdmB-FfC0Ko2RNKbyZ0bPQBv76vV	TRUE	2026-07-08T06:50:34.662Z	2026-07-26T05:47:18.452Z
5000-5999	5503	1opqvTEFUDs3-jGfACWmELi5XGwLgnWnI	TRUE	2026-07-08T06:50:34.613Z	2026-07-26T05:47:10.396Z
5000-5999	5502	1EXWOPRmGuKvvD5X1JzWWjAknhL7FMMfC	TRUE	2026-07-08T06:50:35.197Z	2026-07-26T05:57:10.299Z
5000-5999	5485	1bbM9AuOxqsE-Lg-H2npGtZKRWa-lOjo0	TRUE	2026-06-19T01:45:49.331Z	2026-07-26T05:57:09.202Z
5000-5999	5501	1Njm_yzsa-adqKOInDFouPFFQcntSbkZv	TRUE	2026-07-08T06:50:35.175Z	2026-07-26T05:47:10.368Z
5000-5999	5497	1MeZIxueDtKO6OBi_DVFIufEhigTTqMHF	TRUE	2026-06-19T01:45:50.075Z	2026-07-26T05:47:10.353Z
5000-5999	5496	1Ld2j0EY-LxRG0rdlIbvcqiAD04j0SPkD	TRUE	2026-06-19T01:45:49.314Z	2026-07-26T05:47:10.324Z
5000-5999	5495	1w9PfIIvtJhvvydpvMH26Ide0MOID1ZAC	TRUE	2026-06-19T01:45:50.170Z	2026-07-26T05:47:10.306Z
5000-5999	5494	1qtR5AfCtVHPWkpNOTkaE-onLSQJ1k7Xn	TRUE	2026-06-19T01:45:50.144Z	2026-07-26T05:47:10.300Z
5000-5999	5492	1RlLf7cWFSJLr5h3D8kh1Wdv4SJbLYyWj	TRUE	2026-06-19T01:45:50.099Z	2026-07-26T05:47:10.272Z
5000-5999	5491	1U6Hce-dzuXF5COLRNnYiKmgcaZQ1KYo4	TRUE	2026-06-19T01:45:49.322Z	2026-07-26T05:47:10.254Z
5000-5999	5490	1gA7E52sS_NQks3iIyhJWESRv-c0DnFOb	TRUE	2026-06-19T01:45:50.155Z	2026-07-26T05:47:02.372Z
5000-5999	5489	16FPz1MYM5pt4z2EzG8lOLQ-yIxLZpKoN	TRUE	2026-06-19T01:45:50.119Z	2026-07-26T05:46:51.879Z
5000-5999	5488	1laCLkIt6aH_GeEEwTwkmuTqS4oxP8MqK	TRUE	2026-06-19T01:45:50.089Z	2026-07-26T05:46:51.859Z
5000-5999	5484	1hzPZ93YvMoEDILK6XXBCCBdYowYY9llm	TRUE	2026-06-19T01:45:52.424Z	2026-07-26T05:46:51.839Z
5000-5999	5483	1BU2AaVSrphTWH1j_ISeYgxdmz6ahPzEL	TRUE	2026-06-19T01:45:50.162Z	2026-07-26T05:46:51.821Z
5000-5999	5480	1pt-g-6AHO9HXX3UxJp7U1JkkCCn_ciY4	TRUE	2026-06-19T01:45:50.078Z	2026-07-26T05:46:51.783Z
5000-5999	5479	1ZzvXht6Sx3-z5cSMFuw1_CBnI5RQlT2Z	TRUE	2026-06-19T01:45:49.304Z	2026-07-26T05:46:51.753Z
5000-5999	5478	1z0jt_9GjuL4laK7nA5SSZu5TiJp3QVvz	TRUE	2026-06-19T01:45:50.219Z	2026-07-26T05:46:51.736Z
5000-5999	5473	1xz59LzbV4W4b08hu5hfD4Do7gCUcoRO1	TRUE	2026-06-19T01:45:49.321Z	2026-07-26T05:46:51.629Z
5000-5999	5472	1FuAexd6FNhTFVjPkBFmsWremyI1-vdTF	TRUE	2026-06-19T01:45:52.419Z	2026-07-26T05:46:51.591Z
5000-5999	5471	1Q0qB8vOLl7PEBFxYbK5caQwAnlTlHwQf	TRUE	2026-06-19T01:45:52.443Z	2026-07-26T05:46:51.561Z
5000-5999	5469	1GHz6hoadpvck6Y8oR1O1CcEl-SpOobC0	TRUE	2026-06-19T01:45:50.128Z	2026-07-26T05:57:06.406Z
5000-5999	5468	1QHnFTot5BUvoW2cFGH9o3Fv2x5Og5jw8	TRUE	2026-06-19T01:45:50.077Z	2026-07-26T05:57:06.153Z
5000-5999	5467	1Wb-JcBNGCmUOQOVH-9zTGXagr_myt0IW	TRUE	2026-06-19T01:45:52.416Z	2026-07-26T05:57:05.923Z
5000-5999	5465	1n-5qVEuVxgkpSzNgGU2j3hmjIbIwD46u	TRUE	2026-06-19T01:45:50.090Z	2026-07-26T05:57:05.448Z
5000-5999	5466	1rFt9OtU7FocgSs-4_Jtu2p8NuakcPBPf	TRUE	2026-06-19T01:45:50.178Z	2026-07-26T05:46:43.870Z
5000-5999	5464	1kTyh9eAWrhpfmv2BBqBKUj9hEhm_WRYs	TRUE	2026-06-19T01:45:49.320Z	2026-07-26T05:57:04.910Z
5000-5999	5463	1w0qOx7c6SKXKP7H4sTpe26WjOZyl9Zpz	TRUE	2026-06-19T01:45:52.461Z	2026-07-26T05:56:41.836Z
5000-5999	5462	1jBNoHdcUYTUAaTNCIHYg5c7DYQYTHl-8	TRUE	2026-06-19T01:45:52.458Z	2026-07-26T05:56:41.392Z
5000-5999	5456	1omhAa8rH9W92ba4eaCq78DALAYmsrMHK	TRUE	2026-06-19T01:45:52.438Z	2026-07-26T05:56:37.824Z
5000-5999	5449	1tf0cCjbH3yVsjOjfjrJ76NPlWMRaHAj4	TRUE	2026-06-19T01:45:50.069Z	2026-07-26T05:56:36.290Z
5000-5999	5454	1SZpnMQSvIlwgACoB0lfkkXTuuJgcuhQA	TRUE	2026-06-19T01:45:50.202Z	2026-07-26T05:46:35.721Z
5000-5999	5445	17hMZB57-wdjf9e8v8SZCNUotD5RxH4fA	TRUE	2026-06-19T01:45:52.442Z	2026-07-26T05:56:36.001Z
5000-5999	5452	1efHUjJ1kcXj_6kWZbyfydyF1SnBgZS4B	TRUE	2026-06-19T01:45:50.169Z	2026-07-26T05:46:35.713Z
5000-5999	5451	1rJTgiOkE9ucHheqASgVKxh25VmLDbeN9	TRUE	2026-06-19T01:45:50.116Z	2026-07-26T05:46:35.694Z
5000-5999	5424	1TEEA3R1oZ8YD0vNdVwbQ2fDfEnGhdUnI	TRUE	2026-06-19T01:45:52.448Z	2026-07-26T05:56:35.501Z
5000-5999	5447	1_4IWJsfZV3HzZtKofAyLpUa00bRINSl1	TRUE	2026-06-19T01:45:49.309Z	2026-07-26T05:46:27.643Z
5000-5999	5443	1jNO1OmvLyXCtQIdGFVjIj76rb3VkrATI	TRUE	2026-06-19T01:45:50.229Z	2026-07-26T05:46:27.574Z
5000-5999	5427	1euTHMZmcShb-ChUGJqjjHRh-9OvmVFoh	TRUE	2026-06-19T01:45:50.147Z	2026-07-26T05:46:27.566Z
5000-5999	5425	1xgdinf-T3o2o7GHfDEkPfd8oEdJ9aBuN	TRUE	2026-06-19T01:45:50.095Z	2026-07-26T05:46:27.554Z
5000-5999	5418	1RGw_qdYPPgJaYh7-3Apw95ksKX0_iPyj	TRUE	2026-06-19T01:45:50.163Z	2026-07-26T05:56:34.635Z
5000-5999	5423	11NnpUFRQb2rANvBoD79SGWfJNeXAJ0Hc	TRUE	2026-06-19T01:45:52.407Z	2026-07-26T05:46:27.524Z
5000-5999	5417	1QRzxSDfiWMzkNIFoCA2ngoR6rfJ78Cos	TRUE	2026-06-19T01:45:50.100Z	2026-07-26T05:56:32.661Z
5000-5999	5414	1ISwpYEiLDpMX-zy8jsVnS74B05u19_8q	TRUE	2026-06-19T01:45:52.423Z	2026-07-26T05:56:32.022Z
5000-5999	5413	1qqyRNWYvOIkzw9v9UAi0h701TgH59xfd	TRUE	2026-06-19T01:45:50.226Z	2026-07-26T05:56:31.235Z
5000-5999	5416	1J_9mxBj9wYzSrGI3B2UJcEPnMsWmpDBF	TRUE	2026-06-19T01:45:52.457Z	2026-07-26T05:46:01.553Z
5000-5999	5412	18qIkP7QP3xhWjEBRIM1mAG1I2kCZIBCv	TRUE	2026-06-19T01:45:50.150Z	2026-07-26T05:56:30.277Z
5000-5999	5411	1VcblEE2BE_ZcJHhUL6Ft_jha64t70_x7	TRUE	2026-06-19T01:45:52.446Z	2026-07-26T05:45:53.486Z
5000-5999	5408	1ZJGO3Uz7aQcH0VvhG9rX0j1p2_RE2d0l	TRUE	2026-06-19T01:45:50.188Z	2026-07-26T05:56:27.997Z
5000-5999	5393	1CcJq1OXNE4tmUv-RIs6IAN431rH7Inen	TRUE	2026-06-19T01:45:49.319Z	2026-07-26T05:56:26.708Z
5000-5999	5406	1b9SLcO6CUPb2sLzroVyYTQBOFYT9AhFg	TRUE	2026-06-19T01:45:50.221Z	2026-07-26T05:45:45.211Z
5000-5999	5404	1G5YMr1Y95YD9E_Eln5HFdLQko9gRnWFg	TRUE	2026-06-19T01:45:50.160Z	2026-07-26T05:45:45.185Z
5000-5999	5394	1OZ6qFCVnbwuctYc7x0ZFtBbN9n2fBf9a	TRUE	2026-06-19T01:45:50.115Z	2026-07-26T05:45:45.164Z
5000-5999	5392	1Rwvu9lN2n8kx0hgOL6GDHpC977PXEUEc	TRUE	2026-06-19T01:45:52.449Z	2026-07-26T05:56:25.987Z
5000-5999	5390	1eb460as1obK0cMM1G6gKf3CJ_sX5pbpK	TRUE	2026-06-19T01:45:52.411Z	2026-07-26T05:45:45.119Z
5000-5999	5383	1iBeCPLaMFQQTV9JvC1CuJS5EcXz6qePF	TRUE	2026-06-19T01:45:50.126Z	2026-07-26T05:56:23.564Z
5000-5999	5382	1XJa275L0y69HBT91GovaPBuQTQzGcpwQ	TRUE	2026-06-19T01:45:52.437Z	2026-07-26T05:56:23.225Z
5000-5999	5381	16YaSQ_jjgErQQEkVqfgL6TYMSrjRvRRR	TRUE	2026-06-19T01:45:50.205Z	2026-07-26T05:56:22.643Z
5000-5999	5379	1-w4r3vSyfCfNrg7pDPtmqii_KcElSIcU	TRUE	2026-06-19T01:45:50.082Z	2026-07-26T05:56:21.983Z
5000-5999	5372	1ljDiMG3j0xu8jvCcRlsRP6odp14ZqEdS	TRUE	2026-06-19T01:45:49.301Z	2026-07-26T05:56:08.976Z
5000-5999	5362	1oeMgXzlYGx2Ogg3ZiBFRmCIcroxsaxSD	TRUE	2026-06-19T01:45:49.276Z	2026-07-26T05:56:08.074Z
5000-5999	5380	1CH_pqm8naz1zwG6z-ukfPMQ_OdT9WXia	TRUE	2026-06-19T01:45:50.132Z	2026-07-26T05:45:01.405Z
5000-5999	5376	1YVwEf4nRouj--sINkThuOCMZbwm5OPVD	TRUE	2026-06-19T01:45:50.184Z	2026-07-26T05:45:01.339Z
5000-5999	5374	18ZZswieUO90mvCYJIBzcM4nADgw1iEuK	TRUE	2026-06-19T01:45:50.124Z	2026-07-26T05:45:01.323Z
5000-5999	5373	17F-eDaUpqr1HymHX8j1nteLkjyuzCuEa	TRUE	2026-06-19T01:45:49.334Z	2026-07-26T05:45:01.304Z
5000-5999	5371	1bLjNHkSViznkRK1IA4W8Hk_6qo800icn	TRUE	2026-06-19T01:45:49.324Z	2026-07-26T05:45:01.225Z
5000-5999	5370	1yOeQp_6iAJVIc5lW3u9T1Sj1Rz3a1R7X	TRUE	2026-06-19T01:45:49.300Z	2026-07-26T05:45:01.191Z
5000-5999	5369	1Xhr8QrotGKCliDHOAXuJr7S6rRTuBJos	TRUE	2026-06-19T01:45:49.286Z	2026-07-26T05:45:01.161Z
5000-5999	5368	1IW4gMNZfvQtAoPIkaBniXzTn3TuTAKq3	TRUE	2026-06-19T01:45:49.277Z	2026-07-26T05:45:01.132Z
5000-5999	5366	1mo45ba9UiINGYt6ANvdY5iJIt6quM1t1	TRUE	2026-06-19T01:45:49.305Z	2026-07-26T05:45:01.100Z
5000-5999	5365	13ARPmkGkSAZHu3QMjcICQya7HCvuwBJ3	TRUE	2026-06-19T01:45:49.285Z	2026-07-26T05:45:01.076Z
5000-5999	5358	19yGzHNmwmZ2a_QfLrR_8ATeiChmCvB3M	TRUE	2026-06-19T01:45:49.274Z	2026-07-26T05:45:00.998Z
5000-5999	5357	1vNl57yAg0waFx9A-vlHIoUxnfpjzPSb3	TRUE	2026-06-19T01:45:50.234Z	2026-07-26T05:45:00.962Z
5000-5999	5351	1TTfi5zVEtWkxyVj81ZFevJAwyLDbwhW-	TRUE	2026-06-19T01:45:50.158Z	2026-07-26T05:45:00.952Z
5000-5999	5340	1l6RoWy7c-fEPvyExmwKNIgoKaAbGzqjn	TRUE	2026-06-19T01:45:50.072Z	2026-07-26T05:56:05.904Z
5000-5999	5348	11CUkHHDYdUB060m3-FbE0dOe0xkd9SYh	TRUE	2026-06-19T01:45:49.335Z	2026-07-26T05:45:00.900Z
5000-5999	5347	1LRPmBWKd0bOoAWc_Ql9GWBWcGljIHK9j	TRUE	2026-06-19T01:45:50.165Z	2026-07-26T05:45:00.870Z
5000-5999	5343	1OYWev2ukjoVLbDrNZxGb26pYK3GAhHLt	TRUE	2026-06-19T01:45:50.139Z	2026-07-26T05:44:52.832Z
5000-5999	5339	1ckRK-XwOObsLUBJkbip97L9dlnkMz0sg	TRUE	2026-06-19T01:45:49.317Z	2026-07-26T05:44:42.521Z
5000-5999	5337	1sZxtEKO_li_la4bq1_HBroj05FdC8ctE	TRUE	2026-06-19T01:45:52.440Z	2026-07-26T05:44:42.507Z
5000-5999	5336	1hxFxaNtgHCQhuX2ZqnKDsGirYMc1lsjw	TRUE	2026-06-19T01:45:50.232Z	2026-07-26T05:44:42.494Z
5000-5999	5334	1cg05HVpSrOxYglS2s_Ik5uPe5BnPGiIg	TRUE	2026-06-19T01:45:50.145Z	2026-07-26T05:44:39.176Z
5000-5999	5320	127jWaXCR2HSva3rxhCFwMIzA2QKh8YHF	TRUE	2026-06-19T01:45:52.455Z	2026-07-26T05:56:04.215Z
5000-5999	5321	1Y3VSffOfI75bzKq1qGeBGkon0kccdFKF	TRUE	2026-06-19T01:45:50.085Z	2026-07-26T05:44:35.207Z
5000-5999	5319	1cIJyfU9nRzglqJwpKAIiH9K1RfhoLN_K	TRUE	2026-06-19T01:45:52.441Z	2026-07-26T05:44:27.122Z
5000-5999	5307	1lVZkuZtfhdUDLDy3lMsM-c0pij667GBv	TRUE	2026-06-19T01:45:52.459Z	2026-07-26T05:56:02.857Z
5000-5999	5318	1GeZ_MJo2BYHwmdQ8VWo1JUvVCV7_EYqW	TRUE	2026-06-19T01:45:50.208Z	2026-07-26T05:44:27.107Z
5000-5999	5317	1oLQ8nvmLZ1az7V_XcRy5Ew6nlm-ZwlS8	TRUE	2026-06-19T01:45:50.127Z	2026-07-26T05:44:27.094Z
5000-5999	5313	1I5ph4uzHn8EwI_8J5SZ13sr1wz1tbJKA	TRUE	2026-06-19T01:45:50.135Z	2026-07-26T05:44:27.077Z
5000-5999	5310	1Eg7IRXBGQc3fJEmAC9CUaOyyenRWkIvD	TRUE	2026-06-19T01:45:50.104Z	2026-07-26T05:44:27.055Z
5000-5999	5309	1fsywbr4LXNnDzLG9UYJvjp8jLx8BQG_L	TRUE	2026-06-19T01:45:49.325Z	2026-07-26T05:44:27.031Z
5000-5999	5308	1zblPHRQiMX_ge-MfOFAN0ZVpuH_MVtGa	TRUE	2026-06-19T01:45:49.288Z	2026-07-26T05:44:27.011Z
5000-5999	5289	1buAsXemVfSFAtsNqjtKp9Nf2xATMaHdK	TRUE	2026-06-19T01:45:52.450Z	2026-07-26T05:56:01.274Z
5000-5999	5281	1mL58wTV1cqidYv5TLFjglIBaUo443IW7	TRUE	2026-06-19T01:45:52.415Z	2026-07-26T05:56:00.825Z
5000-5999	5299	18CepLweZ5kWrlDQ1O6609RJsjk9EXHQ6	TRUE	2026-06-19T01:45:50.153Z	2026-07-26T05:44:18.864Z
5000-5999	5296	1c-LYsJBY85Js1MT9YMgHkiaM9QuaaS2E	TRUE	2026-06-19T01:45:50.103Z	2026-07-26T05:44:18.855Z
5000-5999	5276	1dgsqiAhOXb6nFixhSwKw64tqy2-kmPTO	TRUE	2026-06-19T01:45:50.223Z	2026-07-26T05:56:00.319Z
5000-5999	5278	1VFrU2tC5poKoAfvyvFhOHOrmPymm9lfA	TRUE	2026-06-19T01:45:50.164Z	2026-07-26T05:44:18.708Z
5000-5999	5277	1yV9GjXvJgCrI2lBZLhLmmV-aSnYOj2xR	TRUE	2026-06-19T01:45:50.066Z	2026-07-26T05:44:18.687Z
5000-5999	5273	15P5lBuLFZigitBUP8NRGYPmNKB7KM3w_	TRUE	2026-06-19T01:45:50.159Z	2026-07-26T05:44:18.624Z
5000-5999	5268	1tlZuUm_hDQDrrK3wghNzi_JV125Jrxrx	TRUE	2026-06-19T01:45:49.323Z	2026-07-26T05:55:59.667Z
5000-5999	5262	1mTgwcY8otVSccgz9EvPELVbd60dnM25v	TRUE	2026-06-19T01:45:50.136Z	2026-07-26T05:55:59.182Z
5000-5999	5260	1zP-rp-CB4NEpCvn2wwvmrnQaqAVyS5Gp	TRUE	2026-06-19T01:45:50.092Z	2026-07-26T05:44:02.724Z
5000-5999	5258	1yVHS_DKfZQWC6xxLSbOQVX7QrU_p_2h8	TRUE	2026-06-19T01:45:49.287Z	2026-07-26T05:55:58.735Z
5000-5999	5259	1Ii0ODtV8wd9pyyCWieV8a3bai6evaLkF	TRUE	2026-06-19T01:45:49.307Z	2026-07-26T05:44:02.707Z
5000-5999	5257	1bAcLP5SiblA3N5vv4JK4cDUztY6tSOqr	TRUE	2026-06-19T01:45:52.422Z	2026-07-26T05:44:02.673Z
5000-5999	5253	1d7fVpSxSL3V8BiBKa3Qm5hROqOibkmF9	TRUE	2026-06-19T01:45:52.445Z	2026-07-26T05:55:57.599Z
5000-5999	5256	1GANkYPTUOZNiWuzxj1TP4ekjX5TrQw1a	TRUE	2026-06-19T01:45:50.168Z	2026-07-26T05:44:02.665Z
5000-5999	5255	1-IMD-1vyhMs-1Ivv5TWJQ_Inn-oSdR-N	TRUE	2026-06-19T01:45:50.112Z	2026-07-26T05:44:02.645Z
5000-5999	5254	1m7UYMvAEh6tVbP1MHaTpKFs8MtjJ48hI	TRUE	2026-06-19T01:45:49.330Z	2026-07-26T05:44:02.635Z
5000-5999	5251	18_nzF236E19Q1oLdELw-Okh2zdSlZb96	TRUE	2026-06-19T01:45:50.167Z	2026-07-26T05:55:57.170Z
5000-5999	5250	1ViUW-IMJQ9O2f4Cq8uApSweC9cjRXyUm	TRUE	2026-06-19T01:45:50.073Z	2026-07-26T05:43:47.308Z
5000-5999	5249	1hjji0yzGGMDGalqG3IvPrYbUWeGfmiJD	TRUE	2026-06-19T01:45:50.138Z	2026-07-26T05:43:47.237Z
5000-5999	5248	1cS6O-2iVXvjfbIOmKpqF197bnnByYpZk	TRUE	2026-06-19T01:45:50.098Z	2026-07-26T05:43:47.174Z
5000-5999	5246	1suja3em0jh4ZUJk7zhXCcB6FQpl7_gGX	TRUE	2026-06-19T01:45:49.308Z	2026-07-26T05:55:55.799Z
5000-5999	5245	1VXVvW9SzpOQ2LWiUL8zX9vmXsOUpKISd	TRUE	2026-06-19T01:45:50.134Z	2026-07-26T05:43:47.106Z
5000-5999	5238	1AFF4UyBbsgzlgB8fPISoOspKVf8JeRkE	TRUE	2026-06-19T01:45:50.096Z	2026-07-26T05:43:47.091Z
5000-5999	5237	1BLFE6OoVZJtemrfPgR_8_FC5ZJNtgscJ	TRUE	2026-06-19T01:45:49.326Z	2026-07-26T05:43:47.075Z
5000-5999	5234	1yPgD1J0XSylKTmj6acE5J0xydErhVKFz	TRUE	2026-06-19T01:45:50.142Z	2026-07-26T05:43:47.059Z
5000-5999	5232	1bwxUTn5hpwWZ5zdcUFG89qyn4n7S4RB1	TRUE	2026-06-19T01:45:50.107Z	2026-07-26T05:43:40.208Z
5000-5999	5231	1lc1z54gB9X7iGG6li-h6KUrs2-Rh8Md_	TRUE	2026-06-19T01:45:50.064Z	2026-07-26T05:43:39.006Z
5000-5999	5230	1ld5QY1SkOJNK3bQlcyOXGsz9P_Aelz-V	TRUE	2026-06-19T01:45:49.294Z	2026-07-26T05:43:38.979Z
5000-5999	5223	1jdScfJFIcRZDBlQjrakbrM_V1b77CO5F	TRUE	2026-06-19T01:45:50.120Z	2026-07-26T05:43:38.926Z
5000-5999	5219	1l6L8ijCumi0mUrSstlSYMCFZaqR18Wry	TRUE	2026-06-19T01:45:49.296Z	2026-07-26T05:55:53.400Z
5000-5999	5215	17yL47-PcA94U44thSSYvRnHHJRbCAOsQ	TRUE	2026-06-19T01:45:52.460Z	2026-07-26T05:55:52.840Z
5000-5999	5208	1jHBcZHsEKfzBnE1NBlim1FNou2n7q18Q	TRUE	2026-06-19T01:45:50.181Z	2026-07-26T05:55:51.687Z
5000-5999	5214	1AueSczKQiNzL9MOAJQd8h9IOtdj6SqwO	TRUE	2026-06-19T01:45:52.453Z	2026-07-26T05:43:38.875Z
5000-5999	5198	19tjXeoVManUgdPTkDrg0VQPuSbv_zhWs	TRUE	2026-06-19T01:45:49.273Z	2026-07-26T05:55:50.813Z
5000-5999	5188	1BVQr5vOZA3XjA5nZyMV5lQxzmST6DT8M	TRUE	2026-06-19T01:45:49.268Z	2026-07-26T05:43:38.702Z
5000-5999	5172	1-ETP8H7N-aEocKOurfAIFsCKlcutzI2r	TRUE	2026-06-19T01:45:50.243Z	2026-07-26T05:43:30.855Z
5000-5999	5171	1jcYFvwqHNfaFM6UnuJoXqahAU2HyRLGe	TRUE	2026-06-19T01:45:50.173Z	2026-07-26T05:43:22.543Z
5000-5999	5168	1-wAqXM4brvZSCToiV1owYTgUnJdpnhtE	TRUE	2026-06-19T01:45:50.087Z	2026-07-26T05:55:48.357Z
5000-5999	5165	1RUIR8NrcfZRbAOuaRM-KfDAJxwruJ0KB	TRUE	2026-06-19T01:45:50.211Z	2026-07-26T05:43:09.650Z
5000-5999	5163	1eWMANxCk3_krNUN1cPBOOtHjZQdxpU0D	TRUE	2026-06-19T01:45:50.151Z	2026-07-26T06:23:40.780Z
5000-5999	5220	1kYcLIGOtLvx8uUIwkcEw6CmTYBX32cBo	TRUE	2026-06-19T01:45:50.081Z	2026-07-26T05:55:53.886Z
5000-5999	5476	1s4NvFE9QPRgiyTr3gKVLcBP2S4oWf6eG	TRUE	2026-06-19T01:45:50.094Z	2026-07-26T05:46:51.691Z
5000-5999	5236	1vhjApvG8mhDiB288Fpep59eDMWjh2QLl	TRUE	2026-06-19T01:45:49.289Z	2026-07-26T05:43:47.067Z
5000-5999	5227	14efW7abGMxNH-IgbGEJU2Hs4K5mXtOMT	TRUE	2026-06-19T01:45:50.191Z	2026-07-26T05:43:38.965Z
5000-5999	5205	1wkRZQ17hucMuZ1xBGujdUPTw-7mp5rnS	TRUE	2026-06-19T01:45:50.086Z	2026-07-26T05:43:38.844Z
5000-5999	5196	1Q23SlyiwLejWHGwGXOPRqB6CTVc7K5l2	TRUE	2026-06-19T01:45:49.271Z	2026-07-26T05:43:38.769Z
5000-5999	5194	1xuaOEvG4WByzGGn-vvqkVGNhd7RcC2Y8	TRUE	2026-06-19T01:45:49.270Z	2026-07-26T05:43:38.736Z
5000-5999	5166	1FrvnyCoMrQO-SvLsueQCc8T7Qju4lVym	TRUE	2026-06-19T01:45:52.418Z	2026-07-26T05:43:15.061Z
5000-5999	5158	167NRCjC045ThHmzfXedTyEErYYbZpYyw	TRUE	2026-06-19T01:45:52.421Z	2026-07-26T06:23:40.765Z
5000-5999	5161	11HI9NN_6uwgQ3Uzs2sULwjGJY_-lMMAU	TRUE	2026-06-19T01:45:50.110Z	2026-07-26T05:43:00.434Z
5000-5999	5157	1usf-qQP03gQ8Jlu0-D-C7KZrgrzVX4KX	TRUE	2026-06-19T01:45:50.175Z	2026-07-26T06:23:40.719Z
5000-5999	5154	1ACW-fqhkjnzf6t5cl4wZZs0N_4t6N5na	TRUE	2026-06-19T01:45:50.123Z	2026-07-26T06:24:02.978Z
5000-5999	5143	1hcb7_x4NFP8gpKZvP-YTcABKZihwZyp3	TRUE	2026-06-19T01:45:50.070Z	2026-07-26T05:42:58.713Z
5000-5999	5134	1QKXjwqom9Gwlq9YFNzM7jMyfGANEFI6C	TRUE	2026-06-19T01:45:49.311Z	2026-07-26T05:42:58.699Z
5000-5999	5130	1hfPVPSJaYnh4r3dr8zfIoADDKY9U7qfe	TRUE	2026-06-19T01:45:49.292Z	2026-07-26T05:42:58.678Z
5000-5999	5129	11dpga26z46RHGChSnyZekelxKpkRdgu4	TRUE	2026-06-19T01:45:59.302Z	2026-07-26T06:23:40.519Z
5000-5999	5090	1Yw1a_Ctr_PHpgoeRCBrWpW6j6DBHmPXl	TRUE	2026-06-19T01:45:50.101Z	2026-07-26T06:23:40.494Z
5000-5999	5092	1va1Q1n-uGrsHdOr1H61kjht6UpwRazqH	TRUE	2026-06-19T01:45:50.152Z	2026-07-26T05:55:10.130Z
5000-5999	5091	12Hcg9q3l9PhexrWPIaMa_ibJTKj65pOB	TRUE	2026-06-19T01:45:50.140Z	2026-07-26T05:55:09.779Z
5000-5999	5117	1AnYtleiAwCYt4JVq1WN-9GpJB4RkBUhN	TRUE	2026-06-19T01:45:50.215Z	2026-07-26T05:32:02.713Z
5000-5999	5095	1KTws1EgSfrCDNBfVwdqxJmJ_xW_GHh15	TRUE	2026-06-19T01:45:49.280Z	2026-07-26T05:32:02.676Z
5000-5999	5073	1f0-UkPnSuAjeeZELqooz6gYz4EunO9rU	TRUE	2026-06-19T01:45:50.065Z	2026-07-26T05:55:07.432Z
5000-5999	5072	1J33YXOAcgX3oZpff-Rscl44TV-CLqt_a	TRUE	2026-06-19T01:45:49.310Z	2026-07-26T05:55:07.096Z
5000-5999	5505	1SsjrEWvmq55VlTExQUAFakmShTNzA5p5	TRUE	2026-07-08T06:50:34.658Z	2026-07-20T12:18:18.571Z
5000-5999	5065	1FcAsj8EOuakMdlMclq0FpBBG6rWOCNrZ	TRUE	2026-06-19T01:45:49.291Z	2026-07-26T05:31:46.913Z
5000-5999	5050	1EG58fGGqXnQD9b7Ear-b9toOfSZzTEpM	TRUE	2026-06-19T01:45:49.279Z	2026-07-26T05:31:39.300Z
5000-5999	5040	1ZFILCcPNYmg5FbrT-VBdNQtmMDuU9eCb	TRUE	2026-06-19T01:45:49.275Z	2026-07-26T06:23:40.381Z
5000-5999	5048	18cHQ0maRLz3WnMcLDxLApyV0TfV3kL63	TRUE	2026-06-19T01:45:49.315Z	2026-07-26T05:55:06.071Z
5000-5999	5039	1YEVbQ_4EiHDEFF8uMLeKJKRQ8wjW1lJP	TRUE	2026-06-19T01:45:49.294Z	2026-07-26T05:31:38.647Z
5000-5999	5035	1Nta3iLphq1hHCDqiR_yRLIbBD-PkGrZA	TRUE	2026-06-19T01:45:50.195Z	2026-07-26T06:23:40.330Z
5000-5999	5033	1cwCwC2QVF3cufQ_hMDexlEQ1v1YzwjvB	TRUE	2026-06-19T01:45:50.131Z	2026-07-26T05:55:04.594Z
5000-5999	5031	1VF6Tm1Db3xbTCX0ZVUWeQ3yy6q76EfgB	TRUE	2026-06-19T01:45:50.074Z	2026-07-26T05:30:50.646Z
5000-5999	5023	1xExvjTuGq6N8kI-Vij9mOM-fe84Acoti	TRUE	2026-06-19T01:45:52.417Z	2026-07-26T05:55:03.503Z
5000-5999	5030	1IVQY3D8F-MPlU4tOVpEaA8qwEu6oEpiQ	TRUE	2026-06-19T01:45:49.312Z	2026-07-26T05:30:46.459Z
5000-5999	5029	164eNeH6mbmeVBdU_p9fuBN8Z3hYVEfmc	TRUE	2026-06-19T01:45:52.454Z	2026-07-26T05:30:10.282Z
5000-5999	5015	1mg8Odj5_7FPcCbQmu9iuUSsaPj0W4mAc	TRUE	2026-06-19T01:45:50.180Z	2026-07-26T06:23:40.300Z
5000-5999	5022	1s0t4gRIptedmgNxcP3ldUsKUiB6KItpe	TRUE	2026-06-19T01:45:50.171Z	2026-07-26T05:29:23.447Z
5000-5999	5019	1jPPWFojGDwbdKl3-oxAPKmVBxxk4Bfx_	TRUE	2026-06-19T01:45:50.240Z	2026-07-26T05:29:23.442Z
5000-5999	5013	1Fg5jfbnmXeO9gO7NBrdlcx6tAUB0rPWX	TRUE	2026-06-19T01:45:50.114Z	2026-07-26T06:23:40.037Z
5000-5999	5020	1SlV8C9YraNLdoGCSHhlekLi4Ml1TiwxW	TRUE	2026-06-19T01:45:50.108Z	2026-07-26T05:19:10.449Z
5000-5999	5012	1k8HIScGAoKyz5PRDnVsKgamK9Rb7XV8O	TRUE	2026-06-19T01:45:50.068Z	2026-07-26T05:55:01.657Z
5000-5999	5009	1kb1U3FjzPf9NKp9ySgAXjHVJYeIvnmsj	TRUE	2026-06-19T01:45:50.117Z	2026-07-26T06:23:39.957Z
5000-5999	5007	1Oo60Rzh3cPIiFQX99TiG1rXHVAIubtD6	TRUE	2026-06-19T01:45:50.079Z	2026-07-26T05:29:23.305Z
5000-5999	5005	1HbF2U0josyn5TLU20puWeSR8BL0crADl	TRUE	2026-06-19T01:45:49.316Z	2026-07-26T05:29:23.270Z
5000-5999	5003	1kKLgaDdWJf9BN2IMafbS9mX8nkrGOQBQ	TRUE	2026-06-19T01:45:49.281Z	2026-07-26T06:23:39.928Z
5000-5999	5000	1YQ-kNMaA06WKXfPPxq_FkTBnXI84DjrD	TRUE	2026-06-19T01:45:49.297Z	2026-07-26T06:23:39.834Z
5000-5999	5001	1vk-P6iNS-D0MeeexlhRjf5M4QhxsbiPX	TRUE	2026-06-19T01:45:49.282Z	2026-07-26T05:55:00.603Z
5000-5999	5247	1TqJc_JiZDRVetU2pPtfv6cwbXET3uJUa	TRUE	2026-06-19T01:45:49.332Z	2026-07-20T12:18:18.215Z
5000-5999	5153	1AX-wePrUSohOKllEfi4GVDwXuNw26wxE	TRUE	2026-06-19T01:45:50.083Z	2026-07-20T12:18:18.015Z
5000-5999	5068	1HPvCK9tw2yK9B5G9uB8x_IneR1skQ281	TRUE	2026-06-19T01:45:49.328Z	2026-07-20T12:18:17.955Z
6000-6999	6078	1_1qx7wQUq21unfm0v9PKDu_NJe6iqDRO	TRUE	2026-06-18T08:22:57.810Z	2026-09-07T05:12:26.142Z
6000-6999	6076	1AUA2wHhpZ-iO5o1MisLUUbugkEt2Pvcw	TRUE	2026-06-18T08:22:56.446Z	2026-09-07T05:12:26.126Z
6000-6999	6990	1pqIq5pZa4tTsN1YEh71cFXPiR719ZGBZ	TRUE	2026-06-18T08:22:58.329Z	2026-08-10T03:19:55.675Z
6000-6999	6175	1f6vUGJMobGd0iKZFmOv-CvOSMaAIlEGM	TRUE	2026-06-18T08:22:58.204Z	2026-08-10T09:22:39.224Z
6000-6999	6165	1D1urFchfKiHGvbBWxtoNQlhF1LOPACZ8	TRUE	2026-06-18T08:22:58.202Z	2026-08-10T09:22:39.237Z
6000-6999	6160	1AQt5Fk7PjbshQr1nKHgwIsW1Nx_2Nwbi	TRUE	2026-06-18T08:22:58.198Z	2026-08-10T09:20:48.112Z
6000-6999	6156	1PoWA6DpIuExDvofkpXJFT5Qpa7dmo0xw	TRUE	2026-06-18T08:22:58.195Z	2026-08-10T09:20:18.695Z
6000-6999	6139	1QA9Y8w3nc6eDQIKnTipZ0o_-MWAYyleN	TRUE	2026-06-18T08:22:58.193Z	2026-08-10T09:20:18.496Z
6000-6999	6101	16N_p92JmIC0WoIRRR2HJWvS2rrMmMGyd	TRUE	2026-06-18T08:22:58.189Z	2026-08-10T09:20:18.805Z
6000-6999	6094	15oxvdFFTbPd-9_tZiJYf1XZzhuUqx43y	TRUE	2026-06-18T08:22:58.186Z	2026-08-10T09:19:50.983Z
6000-6999	6091	1QPborKyW1EMhejZPHbsWMMXSUcIqixz0	TRUE	2026-06-18T08:22:58.184Z	2026-08-10T09:20:18.434Z
6000-6999	6090	1j4s1vHS4aHMS4-unY8D9bt1YUWDlgEfX	TRUE	2026-06-18T08:22:58.182Z	2026-08-10T09:20:18.446Z
6000-6999	6081	1nsz5mLItWjP4RqS7HIlFfHARqY4a6AUU	TRUE	2026-06-18T08:22:58.180Z	2026-08-10T09:19:37.998Z
6000-6999	6080	1-MV1QhPY4-dJKSmvyWx2Wd5qzRTrZL1s	TRUE	2026-06-18T08:22:58.178Z	2026-08-10T09:19:44.734Z
6000-6999	6079	1eRbEupl9hhkoz4M9yyh1pXrNBPstvwgk	TRUE	2026-06-18T08:22:58.176Z	2026-08-10T09:19:09.922Z
6000-6999	6985	1YFnzzVcuba6AmIZfHyW7DX4g7OdfpvpY	TRUE	2026-06-18T08:22:58.324Z	2026-08-04T09:00:00.756Z
6000-6999	6980	1gHNj4Qnbn2VYXdMdFfgKRw9886-zayXv	TRUE	2026-06-18T08:22:58.321Z	2026-08-04T09:00:22.190Z
6000-6999	6975	1oJZP3GgdiWgkk04H5sCXvJePi-dvTEpp	TRUE	2026-06-18T08:22:58.318Z	2026-08-04T09:00:00.327Z
6000-6999	6970	1_CTZ4yeYRe05rVg246EU035m6RSuQDZM	TRUE	2026-06-18T08:22:58.316Z	2026-08-04T09:00:22.185Z
6000-6999	6077	1r2eZuj44KFBRxqiNXpKx6_oAI3TyozDc	TRUE	2026-06-18T08:22:56.778Z	2026-08-10T09:18:37.113Z
6000-6999	6645	1cSmvMiMt_jBahYvQ0huBMymRwYTi5JsG	TRUE	2026-06-18T08:22:58.314Z	2026-08-04T08:59:59.117Z
6000-6999	6640	16yiGgNgrpMzVyCTQm04XBDQGMtdrmVLh	TRUE	2026-06-18T08:22:58.311Z	2026-08-04T08:59:59.079Z
6000-6999	6635	1uj0DdJ5BwY-40PfUqtYZD-xihN1pCa-W	TRUE	2026-06-18T08:22:58.309Z	2026-08-04T08:59:59.003Z
6000-6999	6400	1gyw5PVYU8i8OC27uhjOM96k141Zgsi4n	TRUE	2026-06-18T08:22:58.282Z	2026-08-04T08:59:56.624Z
6000-6999	6395	1cSaTsjLsX6k1Oi9CRT8e9qmwj_djd9rC	TRUE	2026-06-18T08:22:58.278Z	2026-08-04T08:59:56.579Z
6000-6999	6386	1SVV96XtDXiNv7BJPNt3Cubb9bzBjuQhe	TRUE	2026-06-18T08:22:58.275Z	2026-08-04T08:59:56.518Z
6000-6999	6385	1PxkL7O4vP08B2K4thWACyvcXzBc7f2mw	TRUE	2026-06-18T08:22:58.271Z	2026-08-04T08:59:56.238Z
6000-6999	6075	1Wt4k_oFdPhOR4B3pR_tPrf0aMILEiy81	TRUE	2026-06-18T08:22:56.424Z	2026-08-10T09:19:07.546Z
6000-6999	6384	1I-D4tH808pmhKlFbZ6cHOimkblumVe2H	TRUE	2026-06-18T08:22:58.265Z	2026-08-04T08:59:56.138Z
6000-6999	6383	1ej7_wvT4GkSSMpLzcTEjNJnb7DlWOM_8	TRUE	2026-06-18T08:22:58.263Z	2026-08-04T08:59:56.068Z
6000-6999	6070	1s3jq1GSmaxI7ip9okklfIom_M23QosZH	TRUE	2026-06-18T08:22:55.555Z	2026-08-10T09:18:37.155Z
6000-6999	6382	1JHJdJPochBuEZb9NlzrG2O_2jxG9EdAm	TRUE	2026-06-18T08:22:58.261Z	2026-08-04T08:59:53.482Z
6000-6999	6381	1e5R2sqv1ICplvZLaXif6s4fDvXTRIkia	TRUE	2026-06-18T08:22:58.259Z	2026-08-04T08:59:53.282Z
6000-6999	6380	191CwIa2qoQXUy6un1yxhPNk5CwWy4x80	TRUE	2026-06-18T08:22:58.257Z	2026-08-04T08:59:53.015Z
6000-6999	6327	1kmYqQITMsCe5p6ArwZ0z-Ydg7rEyQDGK	TRUE	2026-06-18T08:22:58.246Z	2026-08-04T08:59:52.659Z
6000-6999	6034	1_vFdfQuZkmI-5-ipkhvjfDN4xISTtPWl	TRUE	2026-06-18T08:22:55.540Z	2026-08-10T09:17:36.468Z
6000-6999	6032	1iSZlqMHH6X677rbhjPLkB6nEVBGo0wvB	TRUE	2026-06-18T08:22:55.526Z	2026-08-10T09:17:38.518Z
6000-6999	6023	1KTZdt5nLzRXCaQpLMl5zWXkTMf9SeijK	TRUE	2026-06-18T08:22:55.077Z	2026-08-10T09:17:36.504Z
6000-6999	6000	1McR68U8UN1H8CaIvwuFgDRpw8ka-18vg	TRUE	2026-06-18T08:22:54.730Z	2026-08-10T09:16:28.267Z
6000-6999	6180	1Sg8F4eQ7L3dAW1A5UcIej4-utRcBZPtX	TRUE	2026-06-18T08:22:58.208Z	2026-08-04T08:59:50.887Z
6000-6999	6541	1w99eEO3eGgMwp1SiDyv-SguGtz2uOJEU	TRUE	2026-06-18T08:22:58.307Z	2026-07-22T13:55:42.558Z
6000-6999	6500	1Fy5FRQdcxZABoDliduVsKGCUb9MdYFHB	TRUE	2026-06-18T08:22:58.304Z	2026-07-22T13:55:42.478Z
6000-6999	6479	1awSDMuKqPLEGJKYjjZctbUQbFa2XJArg	TRUE	2026-06-18T08:22:58.302Z	2026-07-22T13:55:42.456Z
6000-6999	6472	1a-oE-gXeaZPo6ZObwlPnOwKqL_i2NxzK	TRUE	2026-06-18T08:22:58.297Z	2026-07-22T13:55:42.385Z
6000-6999	6469	1yRp-6XnrVwbR5irGos-IhsnAOF-3kTMo	TRUE	2026-06-18T08:22:58.294Z	2026-07-22T13:55:41.942Z
6000-6999	6443	1_Bl7iSDkccE56W_kOeIgYDTAvycbZabk	TRUE	2026-06-18T08:22:58.292Z	2026-07-22T13:55:41.903Z
6000-6999	6427	114IeWgxWFWj_rAxKWu4Yg4vAn4r1Nb3M	TRUE	2026-06-18T08:22:58.288Z	2026-07-22T13:55:41.845Z
6000-6999	6426	1OQCnyhhvaHix-OQOXcvNZ4vC24zpbS1k	TRUE	2026-06-18T08:22:58.287Z	2026-07-22T13:55:41.831Z
6000-6999	6420	1Sq8wr5R669fKWy_x_C_FuWZicWMEUzis	TRUE	2026-06-18T08:22:58.284Z	2026-07-22T13:55:41.746Z
6000-6999	6364	1ovdRHjTnB0AIDAu1E4zlDT96b3OcBZP2	TRUE	2026-06-18T08:22:58.252Z	2026-07-22T13:55:18.427Z
6000-6999	6325	1yUM9ToYhVlbTuD2n8tZQ4pY4dtQkqo0y	TRUE	2026-06-18T08:22:58.242Z	2026-07-22T14:33:55.072Z
6000-6999	6338	1AJfPBeplA5qGIT0f_4WeaJvg2FmQyWBT	TRUE	2026-06-18T08:22:58.250Z	2026-07-22T13:55:12.388Z
6000-6999	6329	1C0SXZVggEY3pUWEux1ayDrN6a2wQR3Oy	TRUE	2026-06-18T08:22:58.248Z	2026-07-22T13:55:12.318Z
6000-6999	6324	1LLAF2stjJbwzYvIu6ge1vvrG34jEO4JO	TRUE	2026-06-18T08:22:58.239Z	2026-07-22T13:55:05.799Z
6000-6999	6262	1YynEhFaQVt7adujsfwo4Gvzx9vRHOCRY	TRUE	2026-06-18T08:22:58.214Z	2026-07-22T14:33:05.466Z
6000-6999	6321	1mSL3uYt9iXr_1BURY294547PAqgm926t	TRUE	2026-06-18T08:22:58.237Z	2026-07-22T13:55:05.212Z
6000-6999	6320	1c5dq0_4ZeglvIJiGvi43IwA-_jddkuul	TRUE	2026-06-18T08:22:58.234Z	2026-07-22T13:55:05.152Z
6000-6999	6319	1T6ucuvefTmPmexf9xdU4B80811GciwO5	TRUE	2026-06-18T08:22:58.231Z	2026-07-22T13:55:05.031Z
6000-6999	6318	1vJc4z_UlmNTzYa94nHOhcCq79iVAE_YD	TRUE	2026-06-18T08:22:58.228Z	2026-07-22T13:55:04.952Z
6000-6999	6314	1oAx3C79mYXzEdxuROi0XR1MYiDZ1iQWs	TRUE	2026-06-18T08:22:58.225Z	2026-07-22T13:55:04.807Z
6000-6999	6273	1KRPVGbKaF536iBaRqzJk0He552T7OYJp	TRUE	2026-06-18T08:22:58.222Z	2026-07-22T13:55:04.648Z
6000-6999	6272	1rjclsWrfzLWd4Yg9T28iNBG0qqVEEQLH	TRUE	2026-06-18T08:22:58.219Z	2026-07-22T13:55:04.450Z
6000-6999	6270	1FqDSX_hOHObsqrOxjA-AOS22-lngkkmu	TRUE	2026-06-18T08:22:58.217Z	2026-07-22T13:55:03.654Z
6000-6999	6260	1eIk3IQjmW09hdnBETlkP-EVGyhmZe48c	TRUE	2026-06-18T08:22:58.212Z	2026-07-22T13:54:48.621Z
6000-6999	6194	1Q0NVEKJGZCW0v4NSmZJ7nFUAW_u-gbB-	TRUE	2026-06-18T08:22:58.210Z	2026-07-22T14:08:51.735Z
7000-7999	7345	1pV7JJYoBiHskcBeybTwUwO8kE6gemylB	TRUE	2026-06-18T08:24:15.814Z	2026-08-10T03:21:33.406Z
7000-7999	7250	1dDJo-Wuri4dLUb-JOgvwnq7T7VxJgODm	TRUE	2026-06-18T08:24:15.288Z	2026-08-10T03:21:16.344Z
7000-7999	7070	1pZ29uoe2GSTndUjyc-jAWSEf5VXSejzY	TRUE	2026-06-18T08:24:14.480Z	2026-08-10T03:20:57.302Z
7000-7999	7020	1zJloJdt0-2eXj0fjeA8448r2BXgy6L0N	TRUE	2026-06-18T08:24:13.172Z	2026-08-10T03:20:48.037Z
7000-7999	7620	1IjjP3nLynQ8e0q6sa3II-04xRZ5X7jQo	TRUE	2026-06-18T08:24:15.836Z	2026-08-04T09:00:03.441Z
7000-7999	7615	17Dbzxt6exYAJDW_0Mc14Mch91SzfkKme	TRUE	2026-06-18T08:24:15.832Z	2026-08-04T09:00:22.247Z
7000-7999	7610	1CiCzfX2StEwIqPoaiT_XyMS4mL4obHE_	TRUE	2026-06-18T08:24:15.827Z	2026-08-04T09:00:22.240Z
7000-7999	7340	1H-CLrOU6RqJTb-EEvHL4MubgoYznHry3	TRUE	2026-06-18T08:24:15.809Z	2026-08-04T09:00:02.790Z
7000-7999	7320	1igLyDtMOrHCnh7eoRUhFHt5K3k6e1fH0	TRUE	2026-06-18T08:24:15.806Z	2026-08-04T09:00:02.735Z
7000-7999	7295	1j8Q7qiHXLI-DGZYiaXYDI5y6zhnyexlI	TRUE	2026-06-18T08:24:15.803Z	2026-08-04T09:00:01.895Z
7000-7999	7285	1aisEXa2g6nr2sSGAd_yyMib3kaL50qJI	TRUE	2026-08-04T07:41:14.326Z	2026-08-04T07:43:48.263Z
7000-7999	7270	1NP6Q2XNSUg6sGr7jj9Qsk6Qgv8OVaAnR	TRUE	2026-06-18T08:24:15.792Z	2026-08-04T09:00:01.771Z
7000-7999	7255	1Fy7lkXMvMTcexgzY8KVHMYTFZSdlV83C	TRUE	2026-06-18T08:24:15.445Z	2026-08-04T09:00:01.596Z
7000-7999	7245	1REB__OTob2AtMhr40JtnRRGfNF27rh3i	TRUE	2026-06-18T08:24:15.280Z	2026-08-04T09:00:01.174Z
7000-7999	7080	1vMiQd6ML91vcwhr4b0Jc_p7KvkvppAn0	TRUE	2026-06-18T08:24:14.721Z	2026-08-04T09:00:01.098Z
7000-7999	7940	19SR_PP5R2h2IDgTkPCMhTixyi_Ks40wm	TRUE	2026-06-18T08:24:15.865Z	2026-08-04T09:00:04.117Z
7000-7999	7740	1uXjLd2WvhfHjJkbqp3nsk6LEJwIo4gTW	TRUE	2026-06-18T08:24:15.857Z	2026-08-04T09:00:04.095Z
7000-7999	7660	1Y7g75KMb6_W3Hnle6nykZgvb5msZaLGG	TRUE	2026-06-18T08:24:15.855Z	2026-08-04T09:00:04.062Z
7000-7999	7655	1wCEiBLxlI-CYSt-U-JGO7glGVgDeAS2u	TRUE	2026-06-18T08:24:15.852Z	2026-08-04T09:00:22.253Z
7000-7999	7630	1JmcQHPWqjB2NTqs_LxfiKXA8RNO7dMZg	TRUE	2026-06-18T08:24:15.843Z	2026-07-23T10:07:26.268Z
7000-7999	7600	13VPLeGeGwIKtfuYqTKL3BcimxtU-H6SP	TRUE	2026-06-18T08:24:15.821Z	2026-07-23T10:18:12.072Z
7000-7999	7575	1donbAGQAZh94YMRNlKZTsSiwbZSwTw3N	TRUE	2026-06-18T08:24:15.820Z	2026-07-23T10:18:11.877Z
7000-7999	7427	1YqGDTXLJpWhrk_wkGeVDu6CAPCit3rgD	TRUE	2026-06-18T08:24:15.819Z	2026-07-23T10:18:11.545Z
7000-7999	7390	1gPP_-QOZCNoKQGKWCkg9n3Ev0_RZF2Mx	TRUE	2026-06-18T08:24:15.817Z	2026-07-23T10:07:16.938Z
7000-7999	7290	1RdPwP50RPNz6Sr-GpCqjnad352U0Cxje	TRUE	2026-06-18T08:24:15.799Z	2026-07-23T10:18:10.903Z
7000-7999	7275	11bgjNAblP0JKDn4iRCgbJGJPclxPU9d6	TRUE	2026-06-18T08:24:15.796Z	2026-07-23T10:07:14.548Z
7000-7999	7260	1nHShkMQ8GTAXgCdH3R707luGm9j_zYHE	TRUE	2026-06-18T08:24:15.790Z	2026-07-23T10:18:10.836Z
7000-7999	7240	1B26k3Qtz2mzdKFrz9zyNFvVFBuXtA8k3	TRUE	2026-06-18T08:24:14.732Z	2026-07-23T10:06:58.612Z
7000-7999	7199	1RXRsIi8DQLLKkoE_CgDhP_bhm7BETiP2	TRUE	2026-06-18T08:24:14.726Z	2026-07-23T10:18:10.598Z
7000-7999	7055	1wr672yEzzx5sYfh8H-zsmefX2t1xtHTD	TRUE	2026-06-18T08:24:13.933Z	2026-07-23T10:06:48.280Z
7000-7999	7030	1ajRT3fWhunPxa6U3OGgTfE5KT2zb_nqb	TRUE	2026-06-18T08:24:13.895Z	2026-07-23T10:06:41.735Z
7000-7999	7025	1JlgTlScwoTbjW790HQn0BRtq8QZUYId0	TRUE	2026-06-18T08:24:13.345Z	2026-07-23T10:06:41.420Z
7000-7999	7930	1ICf2DSpUb4Bt4Jl4fp0Fz0sKDiBTcmbO	TRUE	2026-06-18T08:24:15.863Z	2026-07-23T10:09:04.558Z
7000-7999	7755	1_gJaEo5qJcPqoGUoV5FvX4TRPCklT07Y	TRUE	2026-06-18T08:24:15.860Z	2026-07-23T10:18:14.679Z
7000-7999	7650	1UjykyzBrIzegAcjWk3zNV6U-a8CUtgK3	TRUE	2026-06-18T08:24:15.848Z	2026-07-23T10:07:31.552Z
7000-7999	7645	1v8i8HLCNI5FbyeHkj8bXJwJt02Rk6fYu	TRUE	2026-06-18T08:24:15.846Z	2026-07-23T10:18:13.196Z
8000-8999	8090	1fvDVclhFsH--LY7y4IB4D8XDluCIYoMF	TRUE	2026-06-18T08:24:58.479Z	2026-08-10T03:21:45.418Z
8000-8999	8840	1_3QLpNmXmcfrOkDknyX1ypRos6LaKOUq	TRUE	2026-08-03T08:09:45.610Z	2026-08-04T07:41:15.951Z
8000-8999	8465	1xcXQTA32Gw_OsqRszR2yMz7n3kpcuB5B	TRUE	2026-08-03T08:09:41.259Z	2026-08-04T07:41:15.797Z
8000-8999	8825	1hQM5LVQwV3--N5ZsgnGjdnnt2k0XS4-Q	TRUE	2026-08-03T08:09:43.114Z	2026-08-04T07:41:15.903Z
8000-8999	8340	1ms8Qb-CILgz6WPwLGpJxf5KuM7ZhacoR	TRUE	2026-08-03T08:09:29.556Z	2026-08-04T07:41:15.593Z
8000-8999	8460	1Gb_ur1KkNd_ceq5PE2bpwt9sazcEccmb	TRUE	2026-08-03T08:09:40.963Z	2026-08-04T07:41:15.710Z
8000-8999	8310	1MFhUc4lUCO4KzpXfrG6wDA4A6-s1SqaS	TRUE	2026-08-03T08:09:29.220Z	2026-08-04T07:56:48.807Z
8000-8999	8305	1i4p1qifeaAPhWi9PY1TpBrMD8V-Ww28u	TRUE	2026-08-03T08:09:28.130Z	2026-08-04T07:41:15.543Z
8000-8999	8275	113hIOFk_w5gP09vF6wSv5zsxiErXIVjZ	TRUE	2026-08-04T07:41:15.463Z	2026-08-04T07:43:37.889Z
8000-8999	8180	1CjzWBnMkxzcjKDFyeJrmiLwqLCPNDC_A	TRUE	2026-08-03T08:08:21.503Z	2026-08-04T07:56:48.949Z
8000-8999	8175	1bsCJiwIqIKlSX75uJGikVVEloLRcJMVS	TRUE	2026-08-03T08:08:19.587Z	2026-08-04T07:41:15.436Z
8000-8999	8165	1MtPruf0EbGMVfHo2aRWVZpcwaQXjahGW	TRUE	2026-08-04T07:41:15.371Z	2026-08-04T07:43:37.877Z
8000-8999	8110	1s3cwwUAMLggld7KirIrxiUKp3NY8nSyN	TRUE	2026-08-04T07:41:15.325Z	2026-08-04T07:56:49.312Z
8000-8999	8095	1kudxkHjrPEoxn4txeGAO5DNNLCNkJ3qe	TRUE	2026-08-03T08:07:53.086Z	2026-08-04T07:56:49.835Z
8000-8999	8085	1bfgDnp4CyBrvhUuOjHvIGSA28K0_57rh	TRUE	2026-06-18T08:24:58.473Z	2026-08-04T09:00:22.265Z
8000-8999	8080	1zn6lvTIiYcsxIwRTmVQyRIYzcWgDMjLZ	TRUE	2026-06-18T08:24:58.462Z	2026-08-04T09:00:04.379Z
8000-8999	8045	1qvMg2gHQBVP9Nym1z842NDIrWPYVCdIh	TRUE	2026-06-18T08:24:58.426Z	2026-08-04T09:00:04.329Z
8000-8999	8040	1TE0YHndvYb94acft2rKy76JSAYVTGJX4	TRUE	2026-06-18T08:24:58.228Z	2026-08-04T09:00:04.283Z
8000-8999	8000	18ZbWAH5Se0MvKsQi35P59zeoJN36nDQV	TRUE	2026-06-18T08:24:58.219Z	2026-08-04T09:00:04.234Z
Others	_Unregistered	13GdRqsTQ07tWHKzCVPCkqzC8V98rFybC	TRUE	2026-09-07T04:32:19.438Z	2026-09-07T13:39:01.015Z
Others	50k_Unregistered	17MCBjYSUO-m6FA2j_eKBHndOx2qMVmDr	TRUE	2026-09-07T04:32:19.437Z	2026-09-07T10:21:09.233Z
Others	Eastern Gobi Petrolum report	1dF01hN_xhfOCB-z4r5V110dsdGFDdH6J	TRUE	2026-06-18T08:25:01.439Z	2026-06-18T08:25:01.443Z
00_Survey_Index	Shape	1HEPhjoXL4aq-58fIcZZ1KY6RaxaVo7Qr	TRUE	2026-08-10T08:09:08.655Z	2026-08-10T08:09:08.655Z
00_Survey_Index	Фондын тухай	1NfdlEyY5vLy1X9D719f-c-1-BMZ49_R8	TRUE	2026-08-10T08:09:08.712Z	2026-08-10T08:09:08.712Z
00_Survey_Index	Report_list	1V6zXJpbYGuRwXY2ifUlekSrAwej2wSOv	TRUE	2026-08-10T08:09:08.668Z	2026-08-10T08:09:09.343Z
00_Survey_Index	Index_map.gdb	1CQQ8lkoX8byGnupf-w_WXmmCu3u14QN9	TRUE	2026-08-10T08:09:08.652Z	2026-08-10T08:09:08.652Z
00_Survey_Index	ImportLog	1jccMDeP5EB1qIBWJ55-3zuktyIkeIekD	TRUE	2026-08-10T08:09:08.710Z	2026-08-10T08:09:08.710Z
00_Survey_Index	Images	1wZLIKy7HjS67GzKL4Gr9kJj90oDkMux9	TRUE	2026-08-10T08:09:08.634Z	2026-08-10T08:09:08.640Z
00_Survey_Index	GpMessages	1VXXHGP8aERtfCGSRjVH2iqG5JjC_j1or	TRUE	2026-08-10T08:09:08.715Z	2026-08-10T08:09:08.715Z
00_Survey_Index	Geological Survey Index.gdb	1VInkIaPqtQmep7UW77EqcRFMhbdU2Xl-	TRUE	2026-08-10T08:09:08.708Z	2026-08-10T08:09:08.708Z
00_Survey_Index	Data doc	1wLuSgW01asvBTo9V3_w5rjbpKL1cqMoV	TRUE	2026-08-10T08:09:08.671Z	2026-08-10T08:09:08.671Z
00_Survey_Index	Aerial Geophysical Survey	1uZzRNKn1MtkGNZ8uzNtKdPglU3hLiKOr	TRUE	2026-08-10T08:09:08.705Z	2026-08-10T08:09:09.518Z
00_Survey_Index	@GIS Reports	1MhXLcVfH8NURVx8mbEtOj-IXB3K6hc0b	TRUE	2026-08-10T08:09:08.658Z	2026-08-10T08:09:08.665Z
00_Survey_Index	Geological Survey Index.aprx	1NUZ088FNgvIxLZGt42mzayQ0OM5QtQlE	FALSE	2026-08-10T08:13:53.141Z	2024-10-08T08:24:55Z
00_Survey_Index	Geological Survey Index.atbx	1G7F7iLPsSWPH2qjAb7WocHulDX1n6IJB	FALSE	2026-08-10T08:13:53.137Z	2024-09-27T04:07:27Z
00_Survey_Index	Fоnd reports.docx	1UhnC_Zyf-Q5DO2Ogbh47SkPg1C3eSi1q	FALSE	2026-08-10T08:13:53.145Z	2024-04-03T04:33:52Z
00_Survey_Index	Index_map.mxd	1JWoZCEf_KxmPPPGR80HIXlVlVk76R8V8	FALSE	2026-08-10T08:13:51.620Z	2021-01-05T08:49:32Z
00_Survey_Index	New Personal Geodatabase.mdb	1WaOBOFVNd7G6HSUsyy5sjy1x9EM-GeHH	FALSE	2026-08-10T08:11:42.838Z	2021-01-05T03:46:04Z
00_Survey_Index	Fond reports.xls	1M7nwGmY-2VIlKAbB6LNbXyT_MC7ecDeR	FALSE	2026-08-10T08:11:42.816Z	2021-01-01T09:15:04Z
00_Survey_Index	schema.ini	1FqUT5-vXe5hU6R9IxfOF8RpYcu4DwHTa	FALSE	2026-08-10T08:13:51.615Z	2021-01-01T08:32:12Z
00_Survey_Index	Fond reports.mdb	1GywQ02ApVhsGHqV4b_6TBelM8fsIWynY	FALSE	2026-08-10T08:11:42.861Z	2021-01-01T08:40:52Z
00_Survey_Index	Fond_reports.xls	1eEdJWh7v20hMzW9i6OVRfdDBjqhNKEdR	FALSE	2026-08-10T08:11:41.814Z	2021-01-01T08:36:14Z
00_Survey_Index	Aerogeophysical.xls	1s1-kAVcVWLeG0wf3FuHF_M5riZ2SNRuH	FALSE	2026-08-10T08:11:41.794Z	2020-02-08T07:14:12Z
00_Survey_Index	Fond reports.xlsx	1K0PIuSNj0AhjRJu13CGP59UGe9OTu_ds	FALSE	2026-08-10T08:11:42.822Z	2019-04-25T03:32:58Z
00_Survey_Index	Geophysical_data.TAB	1otd7LK_oI34sKQKaWlkR64H5yDt-Em3g	FALSE	2026-08-10T08:11:42.847Z	2005-10-06T06:30:48Z
00_Survey_Index	Geophysical_data.MAP	1QLvPBmgv78swd6Ke6-mRioHWtzpyBUJx	FALSE	2026-08-10T08:11:44.456Z	2005-10-06T06:30:48Z
00_Survey_Index	Geophysical_data.IND	1fIYtuMZwqy9ciuxcwqGHNgmbYBozMD9I	FALSE	2026-08-10T08:11:44.474Z	2005-10-06T06:30:48Z
00_Survey_Index	Geophysical_data.ID	12GgxYkqMJA-M-B8yawlWXcFp2TpPXnm6	FALSE	2026-08-10T08:13:50.560Z	2005-10-06T06:30:48Z
00_Survey_Index	Geophysical_data.DAT	1-dvtZo5xMtVDmIPOxyeYa9SFF7LdE4d9	FALSE	2026-08-10T08:13:51.611Z	2005-10-06T06:30:48Z
00_Survey_Index	Geochem_data_with_coord.TAB	1CEpsl0jXfPozN9G3H_4LjBP8QMvnAMy0	FALSE	2026-08-10T08:13:50.543Z	2005-10-06T06:24:50Z
00_Survey_Index	Geochem_data_with_coord.MAP	18t9tehWr7C8y0b0-sodlABYGagL2y2fS	FALSE	2026-08-10T08:11:44.462Z	2005-10-06T06:24:50Z
00_Survey_Index	Geochem_data_with_coord.ID	1jugQexyRu6GUfFSSWV3rMd6GDuMQyrPD	FALSE	2026-08-10T08:11:42.827Z	2005-10-06T06:24:50Z
00_Survey_Index	Geochem_data_with_coord.DAT	1aopwwHFlQsZTuKGy3otqXaXLaWGVW526	FALSE	2026-08-10T08:13:51.623Z	2005-10-06T06:24:50Z
00_Survey_Index	Geochem_data_without_coord.TAB	1jqZNRqOnWkk5seWykCrsh7D_jnCsJ1Pd	FALSE	2026-08-10T08:11:42.856Z	2005-10-06T06:24:34Z
00_Survey_Index	Geochem_data_without_coord.MAP	1hv_YIc523iHY8xzopn0vZwqlsOZ5H5Bn	FALSE	2026-08-10T08:13:50.563Z	2005-10-06T06:24:34Z
00_Survey_Index	Geochem_data_without_coord.ID	1o2-YtLyl8_Ws1usXfei-NXZtnp80mZlk	FALSE	2026-08-10T08:13:53.128Z	2005-10-06T06:24:34Z
00_Survey_Index	Geochem_data_without_coord.DAT	1xnXyukjFBtQE3FuHAJ3Xpe5P9iA5qZhI	FALSE	2026-08-10T08:11:42.833Z	2005-10-06T06:24:34Z
00_Survey_Index	Aerogeophysical.TXT	1oq1b-Y_ZNSk3-rJ8xkRUR2BFXR25b59H	FALSE	2026-08-10T08:13:51.605Z	2009-11-20T15:50:50Z
00_Survey_Index	Aerogeophysical.TAB	17jx3Nt6laCPreEXqm-UZ_8tKNhbGX8GP	FALSE	2026-08-10T08:11:44.468Z	2005-04-25T01:48:42Z
00_Survey_Index	Aerogeophysical.MAP	1lI-b3uZy6fTuicsNu2yD8RNjAgcSUpaT	FALSE	2026-08-10T08:13:50.567Z	2005-04-19T03:53:56Z
00_Survey_Index	Aerogeophysical.IND	1sSFlJhqrXsA7pWJ9ZVBwHYdNJZ81T34k	FALSE	2026-08-10T08:13:51.609Z	2005-04-19T03:53:56Z
00_Survey_Index	Aerogeophysical.ID	1YXmyXx89E2VqSudpbNggUat1AJRxNNmi	FALSE	2026-08-10T08:13:50.547Z	2005-04-19T03:53:56Z
00_Survey_Index	Aerogeophysical.DAT	1f5NOIu3kIKiYkDTGAQIFnUkL6rSeKAGg	FALSE	2026-08-10T08:13:50.556Z	2005-04-19T03:53:56Z
00_Survey_Index	Aerogeophysical (Jargal's conflicted copy 2020-02-08).xls	1T3QqTOyKomoDTQYkW2w9puZKtwFM3z7p	FALSE	2026-08-10T08:13:51.602Z	2009-11-20T15:51:54Z
00_Survey_Index	50_Reports_reg.xls	1Pn4VoMajLalrOYPAy9iDTuvAK5UxGjUs	FALSE	2026-08-10T08:11:41.819Z	2009-11-20T15:49:38Z
00_Survey_Index	50_Reports_reg.txt	1kVr87nWaD03REn3I5coJjO0FdMTqlYsU	FALSE	2026-08-10T08:11:44.442Z	2009-11-20T15:48:50Z
00_Survey_Index	50_Reports_reg.TAB	1GjcXDZxy-G1T880TBPuEb_amNLGBk7lX	FALSE	2026-08-10T08:13:53.150Z	2005-09-06T06:50:46Z
00_Survey_Index	50_Reports_reg.MAP	1E-EF3GqqPVa_J6gUgOnKK-lbyyQDlo2w	FALSE	2026-08-10T08:11:41.803Z	2004-03-23T02:37:48Z
00_Survey_Index	50_Reports_reg.IND	12yyaUUwqEkI86JEvv3exUPmI0DF-_8RF	FALSE	2026-08-10T08:11:44.435Z	2005-09-06T06:50:44Z
00_Survey_Index	50_Reports_reg.ID	1iN1gFnTyETE8yruP6E3sH0bH3DOGhWtv	FALSE	2026-08-10T08:11:41.808Z	2004-03-23T02:37:58Z
00_Survey_Index	50_Reports_reg.DAT	1gIt63R9VVZTK2fNQ9Yy2QFlwO-t-4Nyb	FALSE	2026-08-10T08:11:41.799Z	2005-09-06T06:50:46Z
00_Survey_Index	200_Reports_reg.xls	1fRD4MNFyCCwvT7ClZlqWsYI9HXpYFnPo	FALSE	2026-08-10T08:11:42.867Z	2009-11-20T15:46:08Z
00_Survey_Index	200_Reports_reg.txt	1qkBEOIJ1At8G7gD4ZiFaxIaDH9idDRfJ	FALSE	2026-08-10T08:13:53.133Z	2009-11-20T15:44:36Z
00_Survey_Index	200_Reports_reg.TAB	1Lu5xVcLxz6HWeyK1P1wsFaWEFd8-5ENe	FALSE	2026-08-10T08:11:42.842Z	2004-09-02T05:23:00Z
00_Survey_Index	200_Reports_reg.ID	1eJypNless_8fiFbAByKjJxC9reEJnMng	FALSE	2026-08-10T08:13:50.551Z	2004-09-02T05:22:54Z
00_Survey_Index	200_Reports_reg.MAP	1FE6GnVlhzHTRxDEc2JyCLk3PaYZ70SxV	FALSE	2026-08-10T08:13:50.570Z	2004-09-02T05:22:54Z
00_Survey_Index	200_Reports_reg.IND	1BLpeLo4eTMXd3AW8jqz5S0YFD8I2e7ua	FALSE	2026-08-10T08:11:44.448Z	2004-09-02T05:22:54Z
00_Survey_Index	200_Reports_reg.DAT	1xvxNJrHNxY1ApufrZY1717WkL2c24Yr2	FALSE	2026-08-10T08:11:42.852Z	2004-09-02T05:22:56Z
