sample_id,desc_id,raw_sample_id,raw_hole_id,raw_depth,source_file,analyst_or_lab,report_date,language,rock_name,rock_name_original,texture,minerals_json,alteration,opaque_minerals,description_text,join_method,qa_notes
40579,D0001,40579,OVD-004,36m,Yambat_petrography_samples_2022-2024_from_Core___grab__Petrography_bichiglel_table.csv,Mireslab,,en,Amphibole micro-gabbro,,"Hollocrystalline, Ophitic","{""rock_forming"": ""Pl, Amph""}","Ser, Chl",,Microscope rock name: Amph Gabbro,tag,
40605,D0002,40605,OVD-004,91m,Yambat_petrography_samples_2022-2024_from_Core___grab__Petrography_bichiglel_table.csv,Mireslab,,en,Amphibole-orthoperoxene micro-gabbro,,"hollocrystalline, ophitic","{""rock_forming"": ""Pl, Amph,""}",,,Microscope rock name: Amph-Opx Gabbro,tag,
40574,D0003,40574,OVD-004,28m,Yambat_petrography_samples_2022-2024_from_Core___grab__Petrography_bichiglel_table.csv,Mireslab,,en,Oxidized Amphibole gabbro,,"Hollocrystalline, Ophitic","{""rock_forming"": ""Pl, Amph""}","Ser, Chl","Hem, Geothite,",Microscope rock name: Amph Gabbro,tag,
40635,D0004,40635,OVD-005,53m,Yambat_petrography_samples_2022-2024_from_Core___grab__Petrography_bichiglel_table.csv,Mireslab,,en,Amphibole micro-gabbro,,"Hollocrystalline, Ophitic","{""rock_forming"": ""Pl, Amph""}","ser, carb",,Microscope rock name: Amph Gabbro,tag,
40645,D0005,40645,OVD-005,71m,Yambat_petrography_samples_2022-2024_from_Core___grab__Petrography_bichiglel_table.csv,Mireslab,,en,Amphibole gabbro,,"Hollocrystalline, Ophitic","{""rock_forming"": ""Pl, Amph""}","ser, calc, chl","Po,Py,Cpy, Pn",Microscope rock name: Amph Gabbro,tag,
40715,D0006,40715,OVD-007,98.2,Yambat_petrography_samples_2022-2024_from_Core___grab__Petrography_bichiglel_table.csv,Mireslab,,en,Shale (weak schistosity),,"Pelitic, schistous",,,Py,Microscope rock name: Schistous shale,tag,
40628,D0007,40628,OVD-005,40.5m,Yambat_petrography_samples_2022-2024_from_Core___grab__Petrography_bichiglel_table.csv,Mireslab,,en,Amphibole gabbro,,"Hollocrystalline, ophitic","{""rock_forming"": ""Pl, Amph""}","Ser, calc","Cpy, Py, Ni-Pyrite, Pn, Ag-Te mineral, Ni-bearing anglesite?",Microscope rock name: Amph Gabbro,tag,
40530,D0008,40530,OVD-003,157.5m,Yambat_petrography_samples_2022-2024_from_Core___grab__Petrography_bichiglel_table.csv,Mireslab,,en,Amphibole micro-gabbro,,Hollocrystalline,"{""rock_forming"": ""Pl, Amph""}",ser,,Microscope rock name: Amph Gabbro,tag,
40899,D0009,40899,OVD-001,15.5m,Yambat_petrography_samples_2022-2024_from_Core___grab__Petrography_bichiglel_table.csv,Oyunjargal,,en,Pelitic rock (weak schistosity),,Schistous,,,,Microscope rock name: Phyllite,tag,
40900,D0010,40900,OVD-001,56.8m,Yambat_petrography_samples_2022-2024_from_Core___grab__Petrography_bichiglel_table.csv,Mireslab,,en,Altered fine-meduim grained biotite-amphibole gabbro,,Hypidiomorph,"{""rock_forming"": ""Alt Pl-45-50%, Amph-30%, Bt-10-15%, Px-5% Ol-few""}",Serp-Act-Soss-Bt-Chl-Ser-Carb,Py-Cu-Geoth-Lim,The rock is strongly altered. Hb is strongly replaced by Bt. Px and Ol are partially replaced by Amph | Microscope rock name: Bt-Amph Gabbro,tag,
40901,D0011,40901,OVD-002,20.4m,Yambat_petrography_samples_2022-2024_from_Core___grab__Petrography_bichiglel_table.csv,Oyunjargal,,en,Oxidized Amphibole gabbro,,Hollocrystalline,"{""rock_forming"": ""Pl, Amph""}","Ser,Chl,Epi,Calc",,Microscope rock name: Amph Gabbro,tag,
40902,D0012,40902,OVD-002,87.4m,Yambat_petrography_samples_2022-2024_from_Core___grab__Petrography_bichiglel_table.csv,Mireslab,,en,Pelitic rock,,massive,,,,Microscope rock name: Phyllite,tag,
40903,D0013,40903,OVD-001,7.15m,Yambat_petrography_samples_2022-2024_from_Core___grab__Petrography_bichiglel_table.csv,Mireslab,,en,Gossan (Iron oxide-calcite-quartz. The original lithofacies are not identification.),,,,,,Microscope rock name: Gossan,tag,
40904,D0014,40904,OVD-002,44.2m,Yambat_petrography_samples_2022-2024_from_Core___grab__Petrography_bichiglel_table.csv,Mireslab,,en,,,"Hollocrystalline, Ophitic","{""rock_forming"": ""Pl, Amph""}","Ser,Chl","Py,Cpy",,tag,
40905,D0015,40905,OVD-001,35.8m,Yambat_petrography_samples_2022-2024_from_Core___grab__Petrography_bichiglel_table.csv,Mireslab,,en,Strong altered diabase,,,,Strong sericite,,Microscope rock name: Spotted,tag,
40906,D0016,40906,OVD-002,126.4m,Yambat_petrography_samples_2022-2024_from_Core___grab__Petrography_bichiglel_table.csv,Mireslab,,en,Black schist,,Schistous,,"chl,illite,smec",,Microscope rock name: Schist,tag,
40907,D0017,40907,OVD-001,62.4m,Yambat_petrography_samples_2022-2024_from_Core___grab__Petrography_bichiglel_table.csv,Mireslab,,en,Strong altered diabase,,,"{""rock_forming"": ""Pl, Mafic minerals""}",Strong sericite-calcite,,Microscope rock name: Diabase,tag,
40908,D0018,40908,OVD-001,8.6m,Yambat_petrography_samples_2022-2024_from_Core___grab__Petrography_bichiglel_table.csv,Mireslab,,en,Gossan (Copper-iron-oxide. The original lithofacies is not identified.),,,,,,Microscope rock name: Gossan,tag,
40909,D0019,40909,OVD-002,51.6m,Yambat_petrography_samples_2022-2024_from_Core___grab__Petrography_bichiglel_table.csv,Mireslab,,en,Amphibole micro-gabbro,,equigranular crystalline,"{""rock_forming"": ""Pl, Amph""}",Chl,,Microscope rock name: Amph Gabbro,tag,
40910,D0020,40910,OVD-002,37m,Yambat_petrography_samples_2022-2024_from_Core___grab__Petrography_bichiglel_table.csv,Mireslab,,en,Amphibole gabbro,,"Hollocrystalline, Ophitic","{""rock_forming"": ""Pl, Amph""}",,,Microscope rock name: Amph Gabbro,tag,
40911,D0021,40911,OVD-002,75.5m,Yambat_petrography_samples_2022-2024_from_Core___grab__Petrography_bichiglel_table.csv,Mireslab,,en,Strong altered diabase,,,,,,Microscope rock name: Diabase,tag,
40912,D0022,40912,OVD-002,137.6m,Yambat_petrography_samples_2022-2024_from_Core___grab__Petrography_bichiglel_table.csv,Mireslab,,en,Black Schist (weak schistosity),,,,,,Microscope rock name: Schist,tag,
40913,D0023,40913,OVD-001,68m,Yambat_petrography_samples_2022-2024_from_Core___grab__Petrography_bichiglel_table.csv,Mireslab,,en,"Ore mineralized, altered fine-medium grained biotite subalkaline diorite",,Hypidiomorph,"{""rock_forming"": ""?""}",?,Py-Cpy-Pn-Cubanite-Mag,The sample could be changed. Need to be checked | Microscope rock name: Alkalic Bt Diorite,tag,
40914,D0024,40914,OVD-001,9.4m,Yambat_petrography_samples_2022-2024_from_Core___grab__Petrography_bichiglel_table.csv,Oyunjargal,,en,Gossan (Iron-copper oxide. Altered Gabbro?),,,,,,Microscope rock name: Gossan,tag,
40915,D0025,40915,OVD-009,72m,Yambat_petrography_samples_2022-2024_from_Core___grab__Petrography_bichiglel_table.csv,Mireslab,,en,Altered Amphibole-Orthopyroxene micro-gabbro,,,,,,Microscope rock name: Amph-Opx Gabbro,tag,
40763,D0026,40763,OVD-008,84.5m,Yambat_petrography_samples_2022-2024_from_Core___grab__Petrography_bichiglel_table.csv,Mireslab,,en,Intensively altered fine-meduim grained olivine-amphibole gabbro (melanocratic gabbro),,"Hypidiomorph, poikiloophitic","{""rock_forming"": ""Pl-20-30%, Amph-40-45%, Ol-10-15%, Bt-5%""}",Serp-Talc-Soss-Act-Chl-Ser-Carb,Po-Cpy-Pn-Mag,Microscope rock name: Ol-Gabbro or Hb-Perdidotite,tag,
41011,D0027,41011,OVD-007,50m,Yambat_petrography_samples_2022-2024_from_Core___grab__Petrography_bichiglel_table.csv,Khanlab,,en,"Mineralized, fine- medium grained hornblende pyroxene melanocratic gabbro (Peridotite?)",,"Panidiomorphic, poikiloophitic, poikilitic","{""rock_forming"": ""Alt Opx+Cpx-55-60%, Hb-15-20%, Alt Pl<10%, Alt Ol-5-10%, Bt-3-5%""}",Serp-Talc-Act-Chl-Ser-Carb,Mag-illm-Chromite-Pn-Po-Cpy,Opx and Ol are altered to serpentine and talc by the rim. Hb strongly replaced by actinolite and sometimes includes Cpx relic aggregates. | Microscope rock name: Hb-Px Gabbro or Peridotite,tag,
41012,D0028,41012,OVD-003,155.3m,Yambat_petrography_samples_2022-2024_from_Core___grab__Petrography_bichiglel_table.csv,Khanlab,,en,Porphyritic fine grained pyroxene-hornblende gabbro (Altered gabbro porphyry),,"Nevadite porphyritic, sub-ophitic, poikiloophitic","{""rock_forming"": ""Alt Pl-45-50%, Hb-35-40%, Cpx-5-10%, Bt-1-3%""}",Serp-Talc-Act-Chl-Ser-Carb,Mag-illm-Py-Cpy,"similar description as OVD008-88.9, plus serpitinization observed in the sample | Microscope rock name: Px-Hb Gabbro",tag,
41013,D0029,41013,OVD-008,40.1m,Yambat_petrography_samples_2022-2024_from_Core___grab__Petrography_bichiglel_table.csv,Khanlab,,en,Intensive metasomatic altered gabbrodiorite porphyry,,"Relict porphyriric, microgranoblast, massive","{""rock_forming"": ""Alt Pl-30-35%, Hb-30-35%""}",Ser-Pelite-Act-Epi-Chl-Qtz,illm-Py-Cpy,"Same as above sample. Plus, ore minerals usually associated with Hb phases. | Microscope rock name: Porphyritic Gabbrodiorite",tag,
41014,D0030,41014,OVD-009,195.2m,Yambat_petrography_samples_2022-2024_from_Core___grab__Petrography_bichiglel_table.csv,Khanlab,,en,"Mineralized, altered porphyritic fine -medium grained hornblende pyroxene melanocratic gabbronorite (Peridotite?)",,"Porphyritic, sub-ophitic, poikiloophitic","{""rock_forming"": ""Alt Px-50-55%, Alt Ol-15-20%, Hb-10-15%, Bt-8-10%""}",Serp-Talc-Act-Chl-Mus-Ser-Carb,Mag-illm-Chromite-Po-Cpy,The rock composition and alteration is similar to Hb-Peridotite which is described in OVD021 | Microscope rock name: Hb-Px Gabbronorite,tag,
41015,D0031,41015,OVD-009,149.5m,Yambat_petrography_samples_2022-2024_from_Core___grab__Petrography_bichiglel_table.csv,Khanlab,,en,Altered gabbrodiorite porphyry,,"Porphyritic, sub-ophitic, poikiloophitic","{""rock_forming"": ""Alt Pl-75-80%, Hb-15-20%""}",Act-Chl-Epi-Ser-Carb,illm-Tnt-Py-Cpy,Microscope rock name: Pophyritic Gabbrodiorite,tag,
41016,D0032,41016,OVD-009,171.5m,Yambat_petrography_samples_2022-2024_from_Core___grab__Petrography_bichiglel_table.csv,Khanlab,,en,Mineralized and altered fine- medium grained hornblende pyroxene melanocratic gabbronorite (Peridotite?),,"Panidiomorphic, poikiloophitic, poikilitic","{""rock_forming"": ""Alt Px-40-45%, Alt Ol-15-20%, Hb-10-15%, Alt Pl-10%, Bt-1-3%""}",Serp-Talc-Act-Bt-Chl-Ser-Carb,Mag-illm-Chromite-Pn-Po-Cpy,The rock composition and alteration is similar to Hb-Peridotite which is described in OVD021 | Microscope rock name: Hb-Peridotite?,tag,
41017,D0033,41017,OVD-009,161m,Yambat_petrography_samples_2022-2024_from_Core___grab__Petrography_bichiglel_table.csv,Khanlab,,en,Mineralized altered porphyritic medium-fine grained hornblende pyroxene melanocratic gabbronorite (Peridotite?),,"Porphyritic, sub-ophitic, poikiloophitic","{""rock_forming"": ""Serp pseudo aft Ol-Px-55-60%, Hb-15-20%, Alt Pl-10-15%, Bt-5%""}",Serp-Chl-Act-Bt-Ser-Carb,Mag-illm-Chromite-Pn-Po-Cpy,The rock composition and alteration is similar to Hb-Peridotite which is described in OVD021 | Microscope rock name: Hb-Px Gabbronorite or Peridotite,tag,
41018,D0034,41018,OVD-009,80.8m,Yambat_petrography_samples_2022-2024_from_Core___grab__Petrography_bichiglel_table.csv,Khanlab,,en,Porphyritic fine grained pyroxene-hornblende gabbro (Altered gabbro porphyry),,"Nevadite porphyritic like, sub-ophitic, poikiloophitic","{""rock_forming"": ""Alt Pl-55-60%, Hb-35-40%, Cpx-few, Bt-3-5%""}",Talc-Soss-Act-Chl-Ser-Carb,illm-Chromite-Tnt-Py-Cpy,generally similar rock as OVD009-17.2 | Microscope rock name: Porphyritic Px-Hb Gabbro,tag,
41019,D0035,41019,OVD-009,17.2m,Yambat_petrography_samples_2022-2024_from_Core___grab__Petrography_bichiglel_table.csv,Khanlab,,en,Porphyritic fine-grained pyroxene-hornblende gabbro (Altered gabbro porphyry),,"Nevadite porphyritic, sub-ophitic, poikiloophitic","{""rock_forming"": ""Alt Pl-55-60%, Hb-35-40%, Qtz-5-8%""}",Soss-Act-Mus-Ser-Chl-Carb,illm-Mag-Chromite-Tnt-Py-Cpy-Covelline,same rock as above | Microscope rock name: Porphyritic Px-Hb Gabbro,tag,
41020,D0036,41020,OVD-009,143m,Yambat_petrography_samples_2022-2024_from_Core___grab__Petrography_bichiglel_table.csv,Khanlab,,en,Mineralized porphyritic fine grained hornblende-olivine-pyroxene melanocratic gabbro,,"Sub-ophitic, poikiloophitic","{""rock_forming"": ""Hb-20-25%, Cpx-15-20%, Alt Ol-15-20%, Bt-5-10%""}",Serp-Talc-Act-Chl-Bt-Ser-Mus,illm-Mag-Pn-Chromite-Po-Cpy,Microscope rock name: Ol-Gabbro or Hb-Perdidotite,tag,
41021,D0037,41021,OVD-009,126.7m,Yambat_petrography_samples_2022-2024_from_Core___grab__Petrography_bichiglel_table.csv,Khanlab,,en,"Schistose, carbonatized and intense altered gabbrodiorite-porphyry (Metasomatite by gabbrodiorite porphyry)",,"Relict porphyritic, microgranoblast","{""rock_forming"": ""Alt Pl-30-35%, Ser+Chl Pseudo-30-35%,""}",Ser-Chl-Carb-Qtz,illm-Py-Tnt,Strong carbonatization occurred | Microscope rock name: Porphyritic Gabbrodiorite,tag,
41022,D0038,41022,OVD-009,11.3m,Yambat_petrography_samples_2022-2024_from_Core___grab__Petrography_bichiglel_table.csv,Khanlab,,en,Altered gabbrodiorite porphyry,,"Porphyritic, sub-ophitic, poikiloophitic","{""rock_forming"": ""Alt Pl-60-65%, Alt Hb-20-25%, Alt Bt-10-15%, Qtz-5-7%""}",Serp-Chl-Act-Ser-Leuc-Carb-Qtz,illm-Chromite-Py-Goethite-Hydrogoethite,"Hb are strongly altered to chlorite actinolite, sometimes completely replaced by serpentine and chlorite. | Microscope rock name: Porphyritic Gabbrodiorite",tag,
41023,D0039,41023,OVD-009,151.6m,Yambat_petrography_samples_2022-2024_from_Core___grab__Petrography_bichiglel_table.csv,Khanlab,,en,Porphyritic fine grained pyroxene hornblende  gabbro (Altered gabbro porphyry),,"Porphyritic, sub-ophitic, poikiloophitic","{""rock_forming"": ""Alt Pl-55-60%, Hb-25-30%, Cpx-5-10%""}",Act-Chl-Epi-Mus-Ser-Carb-Qtz,illm-Tnt-Py-Cpy,Microscope rock name: Porphyritic Px-Hb Gabbro,tag,
41024,D0040,41024,OVD-008,90.5m,Yambat_petrography_samples_2022-2024_from_Core___grab__Petrography_bichiglel_table.csv,Khanlab,,en,Intense mineralized quartz diorite porphyry (Andesite-dacite),,"Porphyritic, hypidiomorphic","{""rock_forming"": ""Alt Pl-75-80%, Alt Bt-10-15%, Qtz-5-10%""}",Ser-Pelite-Chl-Mus-Epi-Qtz,Mag-Py-Po-Cpy,"Pl altered by sericite, carbonate, pelite. Intergranular space between Pl filled with Bt-muscovite pseudomorphs after mafic minerals | Microscope rock name: Porphyritic Qtz Diorite",tag,
41025,D0041,41025,OVD-007,58.2m,Yambat_petrography_samples_2022-2024_from_Core___grab__Petrography_bichiglel_table.csv,Khanlab,,en,Altered melanocratic microgabbro,,"Panidiomorphic, poikiloophitic","{""rock_forming"": ""Cpx-40-45%, Alt Pl-40-45%, Hb-10-15%""}",Soss-Act-Chl-Epi-Ser,Mag-illm-Py-Po-Cpy,Microscope rock name: Gabbro,tag,
41026,D0042,41026,OVD-007,87.8m,Yambat_petrography_samples_2022-2024_from_Core___grab__Petrography_bichiglel_table.csv,Khanlab,,en,Altered gabbro porphyry,,"Porphyritic, sub-ophitic, poikiloophitic","{""rock_forming"": ""Alt Pl-55-60%, Hb-35-40%, Bt-5-8%, Cpx-few, Qtz-1-3%""}",Talc-Act-Chl-Mus-Pelite-Serc-Carb,illm-Mag-Py-Cpy,Pl composition is intermediate to mafic calcic-plagioclase. | Microscope rock name: Porphyritic Gabbro,tag,
41027,D0043,41027,OVD-005,13.4m,Yambat_petrography_samples_2022-2024_from_Core___grab__Petrography_bichiglel_table.csv,Khanlab,,en,Fine and medium grained olivine-hornblende- pyroxene peridotite,,"Panidiomorphic, poikiloophitic","{""rock_forming"": ""Hb-35-40%, Px-35-40%, Alt Ol-5-10%, Bt-5-7%""}",Serp-Talc-Iddingsite-Act-Chl-Carb-Geothite-Hydrogoethite,illm-Chromite-Mag,weathered and oxidized rock | Microscope rock name: Ol-Hb-Px Peridotite,tag,
41028,D0044,41028,OVD-008,27.3m,Yambat_petrography_samples_2022-2024_from_Core___grab__Petrography_bichiglel_table.csv,Khanlab,,en,Porphyritic fine grained pyroxene-hornblende gabbro (Altered gabbro porphyry),,"Nevaditic porphyritic, sub-ophitic groundmass, poikiloophitic","{""rock_forming"": ""Alt Pl-55-60%, Hb-35-40%, Cpx-few, Bt-few, Qtz-few""}",Ser-Mus-Soss-Chl-Act-Carb,"Geothite, Hydrogoethite",Small Cpx relicts observed as an inclusion in Hb. Large porphyry like Cpx partially including Pl creating poikiloophitic texture. | Microscope rock name: Porphyritic Px-Hb Gabbro,tag,
41029,D0045,41029,OVD-008,60.3m,Yambat_petrography_samples_2022-2024_from_Core___grab__Petrography_bichiglel_table.csv,Khanlab,,en,Altered porphyritic fine grained pyroxene-hornblende melanocratic gabbro (Altered melanocratic gabbro porphyry),,"Nevaditic porphyritic, sub-ophitic groundmass, poikiloophitic","{""rock_forming"": ""Alt Pl-30-35%, Hb-45-50%, Cpx-15-20%""}",Ser-Soss-Chl-Act-Talc,Mag-illm-Py-Po-Cpy,"same as above sample. Plus, Cpx are not altered. Bt are completely replaced by Chl. | Microscope rock name: Porphyritic Px-Hb Gabbro",tag,
41030,D0046,41030,OVD-008,88.9m,Yambat_petrography_samples_2022-2024_from_Core___grab__Petrography_bichiglel_table.csv,Khanlab,,en,Porphyritic fine grained pyroxene-hornblende melanocratic gabbro (Altered melanocratic gabbro porphyry),,"Nevaditic porphyritic, sub-ophitic groundmass, poikiloophitic","{""rock_forming"": ""Alt Pl-40-45%, Hb-35-40%, Px-15-20%, Bt-1-3%""}",Ser-Epi-Chl-Act-Talc-Carb,Mag-illm-Py-Cpy,"the rock is strongly mineralized and big sulphide blebs and semimassive, but the rock is Gabbro!. The sample needs to reanalysed | Microscope rock name: Porphyritic Px-Hb Gabbro",tag,
41031,D0047,41031,OVD-007,55.9m,Yambat_petrography_samples_2022-2024_from_Core___grab__Petrography_bichiglel_table.csv,Khanlab,,en,Porphyritic fine grained pyroxene-hornblende gabbro (Altered gabbro porphyry),,"Alt Pl-40-45%, Hb-40-45%, Cpx-10-15%, Bt-1-3%","{""rock_forming"": ""Nevaditic porphyritic, sub-ophitic, poikiloophitic""}",Talc-Soss-Act-Chl-Epi-Ser-Carb,Mag-illm-Py,it was defined same as OVD008-88.9 | Microscope rock name: Porphyritic Px-Hb Gabbro,tag,
41032,D0048,41032,OVD-008,39.5m,Yambat_petrography_samples_2022-2024_from_Core___grab__Petrography_bichiglel_table.csv,Khanlab,,en,Altered porphyritic fine grained pyroxene-hornblende melanocratic gabbro (Altered melanocratic gabbro porphyry),,"Nevaditic porphyritic, sub-ophitic groundmass, poikiloophitic","{""rock_forming"": ""Alt Pl-30-35%, Hb-50-55%""}",Ser-Mus-Soss-Chl-Act-Carb,illm-Py-Po-Cpy,Hb crystals partially replaced by Act and talc. Some Act-Talc pseudomorphs could be formed from Opx. Sometimes those pseudomorphs includes Cpx relic agregates | Microscope rock name: Porphyritic Px-Hb Gabbro?,tag,
41033,D0049,41033,OVD-009,149.8m,Yambat_petrography_samples_2022-2024_from_Core___grab__Petrography_bichiglel_table.csv,Khanlab,,en,Altered gabbro porphyry,,"Porphyritic, sub-ophitic, poikiloophitic","{""rock_forming"": ""Alt Pl-50-55%, Hb-20-25%, Cpx-10-15%, Qtz-5%""}",Act-Chl-Epi-Ser-Carb-Qtz,illm-Tnt-Py-Cpy,Microscope rock name: Porphyritic Gabbro,tag,
41034,D0050,41034,OVD-009,190.8m,Yambat_petrography_samples_2022-2024_from_Core___grab__Petrography_bichiglel_table.csv,Khanlab,,en,Porphyritic fine grained pyroxene-hornblende gabbro (Altered gabbro porphyry),,"Porphyritic, sub-ophitic, poikiloophitic","{""rock_forming"": ""Alt Pl-55-60%, Hb-30-35%, Cpx-5-10%""}",Ac-Chl-Epi-Ser-Carb-Qtz,illm-Chromite-Tnt-Py-Po-Cpy,Microscope rock name: Porphyritic Px-Hb Gabbro,tag,
42851,D0051,CRS01A-41.4,CRS01A,,Yambat_petrography_samples_2022-2024_from_Core___grab__Petrography_bichiglel_table.csv,not stated,,en,Mineralized Amph-Pl gneiss (from diorite),,,,,,Microscope rock name: Amph-Pl Gneiss,label,
42865,D0052,CRS01A-53.4,CRS01A,,Yambat_petrography_samples_2022-2024_from_Core___grab__Petrography_bichiglel_table.csv,not stated,,en,Mineralized qtz-actinolite-albite gneiss (after gabbrodiorite),,,,,,Microscope rock name: Qtz-Act-Ab Gneiss,label,
42874,D0053,CRS01A-61.3,CRS01A,,Yambat_petrography_samples_2022-2024_from_Core___grab__Petrography_bichiglel_table.csv,not stated,,en,"Mineralized, cordierite-actinolite metasomatite",,,,,,Microscope rock name: Cor-Act Metasomatite,label,
42899,D0054,CRS01A-81,CRS01A,,Yambat_petrography_samples_2022-2024_from_Core___grab__Petrography_bichiglel_table.csv,not stated,,en,"Mineralized, spinel-cordierite-actinolite metasomatite (micro-schist)",,,,,,Microscope rock name: Spi-Cor-Act Metasomatite,label,
42908,D0055,CRS01A-90.5,CRS01A,,Yambat_petrography_samples_2022-2024_from_Core___grab__Petrography_bichiglel_table.csv,not stated,,en,"Mineralized, silicic altered biotite-chlorite serpentinite",,,,,,Microscope rock name: Bt-Chl Serpentinite,label,
42923,D0056,CRS01A-104.4,CRS01A,,Yambat_petrography_samples_2022-2024_from_Core___grab__Petrography_bichiglel_table.csv,not stated,,en,"Mineralized, quartz vein with carbonate",,,,,,Microscope rock name: Qtz-carb vein,label,
42931,D0057,CRS01A-111.8,CRS01A,,Yambat_petrography_samples_2022-2024_from_Core___grab__Petrography_bichiglel_table.csv,not stated,,en,Plagio-rhyolite (Plagio-granite porphyry),,,,,,Microscope rock name: Plagio-rhyolite porphyry,label,
42936,D0058,CRS01A-114.8,CRS01A,,Yambat_petrography_samples_2022-2024_from_Core___grab__Petrography_bichiglel_table.csv,not stated,,en,"Mineralized, silicified cordierite-serpentine-actinolite metasomatite",,,,,,Microscope rock name: Cor-Serp-Act Metasomatite,label,
42951,D0059,CRS01A-124.1,CRS01A,,Yambat_petrography_samples_2022-2024_from_Core___grab__Petrography_bichiglel_table.csv,not stated,,en,"Mineralized, silicified serpentine-actinolite-cordierite metasomatite",,,,,,Microscope rock name: Cor-Serp-Act Metasomatite,label,
43161,D0060,CRS01A-184.32,CRS01A,,Yambat_petrography_samples_2022-2024_from_Core___grab__Petrography_bichiglel_table.csv,not stated,,en,"Mineralized, silicified serpentine-chlorite-cordierite metasomatite",,,,,,Microscope rock name: Serp-Chl-Cord Metasomatite,label,
43166,D0061,CRS01A-187.8,CRS01A,,Yambat_petrography_samples_2022-2024_from_Core___grab__Petrography_bichiglel_table.csv,not stated,,en,"Mineralized, silicified cordierite-serpentine-chlorite metasomatite",,,,,,Microscope rock name: Cord-Serp-Chl Metasomatite,label,
43167,D0062,CRS01A-188.4,CRS01A,,Yambat_petrography_samples_2022-2024_from_Core___grab__Petrography_bichiglel_table.csv,not stated,,en,"Strongly brecciated, silicified, carbonate altered, mineralized chlorite-serpentine metasomatite",,,,,,Microscope rock name: Chl-Serp Metasomatite,label,
42513,D0063,OVD010-97.7,OVD010,,Yambat_petrography_samples_2022-2024_from_Core___grab__Petrography_bichiglel_table.csv,not stated,,en,"Strongly altered, gabbrodiorite porphyry (albite-chlorite-actinolite metasomatite after gabbrodiorite)",,"Relict, porphyry like, sub-ophitic","{""rock_forming"": ""Ab+Carb Pseudo aft Pl-55-60%, Chlorite Pseudo - 35-40%""}",Ser-Carb-Chl-Leuc-Qtz,Py-Cpy,Strong metasomatized diorite? Or gabbrodiorite? This is small dyke through pre-cambrian sediment | Microscope rock name: Alb-Chl-Act Metasom after Gabbrodiorite,label,
42539,D0064,OVD010-226.3,OVD010,,Yambat_petrography_samples_2022-2024_from_Core___grab__Petrography_bichiglel_table.csv,not stated,,en,Serpentine-carbonate-actinolite-chlorite metasomatite (after gabbro or ultramafic pluton),,"Granonematoblast, relict panidiomorphic","{""rock_forming"": ""Qtz+Carb+Serp Pseudo-55-60%, Chlorite Pseudo-35-40%""}",Qtz-Carb-Serp-Chl,Tnt-Py,Strong metasomatized gabbro? This is small dyke through pre-cambrian sediment | Microscope rock name: Serp-Carb-Act-Chl Metasom after Gabbro,label,
42553,D0065,OVD010-305.6,OVD010,,Yambat_petrography_samples_2022-2024_from_Core___grab__Petrography_bichiglel_table.csv,not stated,,en,Fine to medium grained amphibole gabbrodiorite,,"Sub-ophitic, prysmatic","{""rock_forming"": ""Alt Pl-65-70%, Hb-25-30%""}",Ser-Pelite-Chl-Qtz-Carb,Tnt-Py-Cpy,"The rock's major mineral is Plagioclase (???), Hb filled interstitial space between Pl crystals. | Microscope rock name: Diorite?",label,
42027,D0066,OVD011-101.5,OVD011,,Yambat_petrography_samples_2022-2024_from_Core___grab__Petrography_bichiglel_table.csv,not stated,,en,Altered qtz microdiorite,,"Relict, poikiloophitic","{""rock_forming"": ""Alt Pl-50-55%, Alt Hb-30-35%, Qtz-8-10%, Leuc-1-3%""}",Ser-Pelite-Soss-Act-Chl-Carb,Tnt-Py,Altered fg qtz-diorite | Microscope rock name: Qtz Micro-Diorite,label,
42030,D0067,OVD011-107.4,OVD011,,Yambat_petrography_samples_2022-2024_from_Core___grab__Petrography_bichiglel_table.csv,not stated,,en,"Mineralized, silicified, carbonate altered siltstone",,"Blastoaleuropelitic, microlepidoblast","{""rock_forming"": ""Clayey micaseous agregate-75-80%""}",Qtz-Carb-Ser-Chl,Po-Cpy,Metasomatized siltstone | Microscope rock name: Siltstone,label,
42031,D0068,OVD011-109.1,OVD011,,Yambat_petrography_samples_2022-2024_from_Core___grab__Petrography_bichiglel_table.csv,not stated,,en,"Weakly mineralized, chlorite-sericite phyllite after siltstone",,"Microlepidoblast, blastoaleurolitic, schistous, spotty","{""rock_forming"": ""Sericite-40-45%, Chlorite-45-50%""}",Ser-Chl-Carb,Illm-Py-Cpy,Metasomatized siltstone | Microscope rock name: Chl-Ser Phyllite,label,
42032,D0069,OVD011-109.6,OVD011,,Yambat_petrography_samples_2022-2024_from_Core___grab__Petrography_bichiglel_table.csv,not stated,,en,"Carbonate altered, fine grained, Ksp-qtz sandy meta-siltstone",,"Microlepidoblast, Schistous","{""rock_forming"": ""Qtz-15-20%, Fsp-5-10%, clayey-sericite-chlorite agregate-70-75%""}",Qtz-Carb,Tnt-Py,Chl-Ser Phyllite | Microscope rock name: Ksp-Qtz Meta-Siltstone,label,
42043,D0070,OVD011-126.5,OVD011,,Yambat_petrography_samples_2022-2024_from_Core___grab__Petrography_bichiglel_table.csv,not stated,,en,"Weakly carbonate altered, minerlized sandy siltstone",,Cryptolepidoblast,"{""rock_forming"": ""Qtz-15-20%, Fsp-5%, clayey-sericite-chlorite agregate-75-80%""}",Qtz-Carb,Tnt-Py-Cpy,Chl-Ser Phyllite. Cut by qtz-carb very fine veins which has Py-Cpy | Microscope rock name: Sandy Siltstone,label,
42049,D0071,OVD011-132.8,OVD011,,Yambat_petrography_samples_2022-2024_from_Core___grab__Petrography_bichiglel_table.csv,not stated,,en,"Mineralized, altered, fine grained melanocratic Ol-Amph gabbro",,"Poikiloophitic, ophitic","{""rock_forming"": ""Hb-30-35%, Serp+Talc Pseudo aft Ol and Px-35-40%, Pl-15-20%, Bt-5%""}",Serp-Soss-Talc-Act-Carb,Chromite-Mag-Po-Cpy,Microscope rock name: Ol-Hb Gabbro,label,
42086,D0072,OVD011-189.2,OVD011,,Yambat_petrography_samples_2022-2024_from_Core___grab__Petrography_bichiglel_table.csv,not stated,,en,"Strongly altered, fine to medium grained, Amph-Peridotite",,Panidiomorphic,"{""rock_forming"": ""Hb-35-40%, Serp+Talc Pseudo aft Ol and Opx-30-35%, Alt Px-20-25%""}",Amph-Serp-Talc-Act-Carb,Chromite-Mag-Py,"Primary peridotite's Px and Ol affected by amphibolitization, which is why the amphibole became dominant in the rock. | Microscope rock name: Ol-Hb Peridotite",label,
42111,D0073,OVD014-35.9-36.1,OVD014,,Yambat_petrography_samples_2022-2024_from_Core___grab__Petrography_bichiglel_table.csv,not stated,,en,Garnet-carbonate metasomatite (Skarn),,"Porphyroblast, granoblast","{""rock_forming"": ""Carbonate-50-55%, Garnet-30-35%, Qtz-10-15%""}",,,Skarnization | Microscope rock name: Skarn,label,
42145,D0074,OVD014-88.3,OVD014,,Yambat_petrography_samples_2022-2024_from_Core___grab__Petrography_bichiglel_table.csv,not stated,,en,Strong metasomatized diorite porphyry,,"Porphyritic, microhypidiomorphic","{""rock_forming"": ""Pl-70-75%, Alt Mafic minerals-20-25%, Bt-3-5%, Qtz-1-3%""}",Ser-Pelite-Chl-Musc-Carb,Chromite-Po-Cpy,Microscope rock name: Diorite?,label,
42147,D0075,OVD014-89.8 (A),OVD014,,Yambat_petrography_samples_2022-2024_from_Core___grab__Petrography_bichiglel_table.csv,not stated,,en,"Altered, fine to medium grained, Pyroxene-Amphibole Gabbro",,"Ophitic, sub-ophitic","{""rock_forming"": ""Alt Pl-40-45%, Hb-35-40%, Alt Cpx-10-15%, Serp Pseu aft Ol-5-10%""}",Serp-Epi-Chl-Ser-Pelite,Mag-Titanite-Py-Cpy,"Zonal Pl are altered by ser+epi at the center. Sometimes small Pl crystals are included in Hb creating poikilitic texture. Hb also
includes Cpx relict. Serpentine+chlorite pseudomorphs could be after Olivine. | Microscope rock name: Px-Amph Gabbro",label,"D9: A/B slide suffix — this description was assigned to 42147 (`OVD014-89.8 (A) | OVD014-89.8 (B)`) on LETTER ORDER ALONE (report letter 'A' -> master suffix '(A)'). There is no independent discriminator — the master lists the (A) and (B) slides with the same lithology — so if either source transposed the letters, the two descriptions are swapped between the two samples. The (A)/(B) pair shares one hole and depth, so the spatial impact is nil"
42147,D0076,OVD014-89.8 (B),OVD014,,Yambat_petrography_samples_2022-2024_from_Core___grab__Petrography_bichiglel_table.csv,not stated,,en,"Carbonate altered, albite altered, epidote-pyroxene-garnet-carbonate Skarn",,,"{""rock_forming"": ""Ga-25-30%, Cpx-15-20%, Carb-15-20%, Epi-5-10%, Pl-10-15%""}",,Carb+Ab,Skarnization | Microscope rock name: Ep-Cpx-Ga-Carb Skarn,label,"D9: A/B slide suffix — this description was assigned to 42147 (`OVD014-89.8 (A) | OVD014-89.8 (B)`) on LETTER ORDER ALONE (report letter 'B' -> master suffix '(B)'). There is no independent discriminator — the master lists the (A) and (B) slides with the same lithology — so if either source transposed the letters, the two descriptions are swapped between the two samples. The (A)/(B) pair shares one hole and depth, so the spatial impact is nil"
42150,D0077,OVD014-95.8-95.9,OVD014,,Yambat_petrography_samples_2022-2024_from_Core___grab__Petrography_bichiglel_table.csv,not stated,,en,"Mineralized, altered, fine to medium grained, inequigranular, Px-Amph melanocratic Gabbro",,"Hypidiomorph, sub-ophitic, ophitic","{""rock_forming"": ""Alt Pl-25-30%, Hb-35-40%, Alt Cpx-5-10%, Serp Pseu aft Ol-15-20%""}",Serp-Talc-Epi-Chl-Ser-Carb-Qtz,Mag-Py-Po-Cpy,Microscope rock name: Px-Amph Gabbro,label,
42158,D0078,OVD014-102.3,OVD014,,Yambat_petrography_samples_2022-2024_from_Core___grab__Petrography_bichiglel_table.csv,not stated,,en,"Mineralized, strong metasomatized, fine to edium grained Peridotite",,"Relict, panidiomorph, granolepidoblast","{""rock_forming"": ""Talc+Chl+Serp Pseu-55-60%, Alt Hb-20-25%, Alt Px-5-10%""}",Carb+Qtz,Chromite-Mag-Py-Pn-Po-Cpy,Microscope rock name: Peridotite,label,
42164,D0079,OVD014-109.6,OVD014,,Yambat_petrography_samples_2022-2024_from_Core___grab__Petrography_bichiglel_table.csv,not stated,,en,"Weakly mineralized, carbonate-actinolite-chlorite metasomatite after gabbrodiorite",,"Micronematoblast, relict, hypidiomorphic","{""rock_forming"": ""Act-30-35%, Chl-45-50%, Carb-10-15%, Qtz-1-3%, Ilm-1-2%""}",Act-Chl-Qtz-Carb-Leucogsen,Chromite-Ilm-Py,Metasomatite. Under the strong metasomatic alteration the rock completely altered. Protolith is assumed to be Gabbrodiorite or Diorite | Microscope rock name: Carb-Act-Chl Metasom after Gabbrodiorite,label,
42311,D0080,OVD015-94.82,OVD015,,Yambat_petrography_samples_2022-2024_from_Core___grab__Petrography_bichiglel_table.csv,not stated,,en,Chlorite-sericite phyllite (micro-schist),,"Microlepidoblast, Schistous","{""rock_forming"": ""Ser-60-65%, Chl-35-40%, Titanite-1-3%""}",Ser-Chl-Tnt,Tnt-Cpy,Microscope rock name: Chl-Ser Phyllite,label,
42317,D0081,OVD015-102.4,OVD015,,Yambat_petrography_samples_2022-2024_from_Core___grab__Petrography_bichiglel_table.csv,not stated,,en,Fine grained amph-gabbrodiorite,,"Poikilophitic, sub-ophitic, massive","{""rock_forming"": ""Alt Pl-55+60%, Hb-25-30%, Qtz-1-3%""}",Ser-Pelite-Chl-Carb,Chromite-Tnt-Py-Cpy,"The rock is carbonate altered, creating 0.1-1mm wide carbonate lenses and veins. Those carbonate lenses and veins contain ore minerals. 
Plus ore minerals usually assocated with chlorite, carbonates. | Microscope rock name: Amph-Gabbrodiorite",label,
42318,D0082,OVD015-105.1-105.2,OVD015,,Yambat_petrography_samples_2022-2024_from_Core___grab__Petrography_bichiglel_table.csv,not stated,,en,Fine grained Bt-Qtz Diorite (micro-diorite),,"Hypidiomorphic, sub-ophitic, massive","{""rock_forming"": ""Alt Pl-55-60%, Bt-20-25%, Qtz-1-3%""}",Ser-Pelite-Chl-Carb-Hydrogoeth,Tnt-Py,This rock is dyke that cut the gabbrodiorite | Microscope rock name: Bt-Qtz Micro-Diorite,label,
42326,D0083,OVD015-116.1,OVD015,,Yambat_petrography_samples_2022-2024_from_Core___grab__Petrography_bichiglel_table.csv,not stated,,en,Strong carbonate altered Gabbrodiorite porphyry,,"Porphyry like, poikiloophitic, massive","{""rock_forming"": ""Alt Pl-55-60%, Carb+serp+chl Pseud aft \nOl-Hb-30-35%, Bt-5-10%, Qtz-1-3%""}",(Chl-Serp-Carb)-Qtz-Leuc-Ruth,Ilm-Chromite-Py-Po-Cpy,"Ore minerals mainly associated with carbonatization, carbonate chloritization and carbonate veinlets. | Microscope rock name: Gabbrodiorite Porphyry",label,
42349,D0084,OVD015-140.6,OVD015,,Yambat_petrography_samples_2022-2024_from_Core___grab__Petrography_bichiglel_table.csv,not stated,,en,"Weakly mineralized, altered, melanocratic Gabbro porphyry (Porphyry like, weakly mineralized, altered melanocratic gabbro",,"Nevadite-porphyritic, poikiloophitic,","{""rock_forming"": ""Alt Pl-25-30%, Hb-30-35%, \nTalc+Serp Pseudo aft Ol and Px-30-35%, Bt-5%, Qtz-1-3%""}",Serp-Soss-Talc-Act-Carb-Qtz,Ilm-Chromite-Mag-Po-Cpy,Microscope rock name: Olivine Gabbro,label,
42368,D0085,OVD015-158.7,OVD015,,Yambat_petrography_samples_2022-2024_from_Core___grab__Petrography_bichiglel_table.csv,not stated,,en,"Weakly mineralized, altered, fine to medium grained, melanocratic Gabbro (Amph-Peridotite)",,"Poikilophitic, ophitic, relict panidiomorphic","{""rock_forming"": ""Hb-35-40%, Serp+Talc Pseudo aft Ol-40-45%, Pl-10%, Bt-3-5%""}",Serp-Soss-Talc-Chl-Act-Carb (few),Chromite-ilm-Mag-Py-Po-Cpy,"Hb rarely, weakly altered by Act and Bt. Those altered part includes smaller Pl crystals creating poiklitic texture and this altered Hb also replaced 
talc-serpentine pseudomorph after Olivine's crystal by outer rim. That talc-serpentine pseudomorph, sometimes, is formed by pyroxene. | Microscope rock name: Amph-Peridotite",label,
42376,D0086,OVD015-165.5,OVD015,,Yambat_petrography_samples_2022-2024_from_Core___grab__Petrography_bichiglel_table.csv,not stated,,en,"Weakly mineralized, altered, fine to medium grained Amph-Peridotite",,"Poikilitic, relict panidiomorphic","{""rock_forming"": ""Talc+Serp Pseudo aft Ol and Px-40-45%, Hb-35-40%, Ol-8-10%, Pl-8-10%,\nBt-5-8%""}",Serp-Soss-Talc-Chl-Act,Chromite-illm-Mag-Py-Po-Cpy,Same as OVD015-158.7 | Microscope rock name: Amph-Peridotite,label,
OVD015@175.4,D0087,OVD015-175.4,OVD015,,Yambat_petrography_samples_2022-2024_from_Core___grab__Petrography_bichiglel_table.csv,not stated,,en,"Weakly mineralized, altered, fine to medium grained Px-Amph Gabbrodiorite",,"Hypidiormorphic, sub-ophitic","{""rock_forming"": ""Alt Pl-60-65%, Hb-15-20%, Cpx-15-20%, Alt Bt-5%,""}",Serp-Pelite-Act-Chl-Epi-Carb,illm-Py-Po-Cpy,Microscope rock name: Px-Amph Gabbrodiorite,label,
42388,D0088,OVD015-175.5 (A),OVD015,,Yambat_petrography_samples_2022-2024_from_Core___grab__Petrography_bichiglel_table.csv,not stated,,en,"Strong mineralized, altered, fine to medium grained Amph-Peridotite 
(contains weakly mineralized, altered, fine to medium grained Px-Amph Gabbrodiorite lens)",,"Porphyry like, hypidiomorphic, poikiloophitic, ophitic","{""rock_forming"": ""Talc+Serp Pseudo aft Ol and Px-40-45%, Hb-35-40%, Ol-8-10%, Pl-8-10%,\nBt-5-8%""}",Ser-Pelite-Act-Chl,Mag-Chromite-Py-Po-Cpy,"Sample composed of 3 rock types' parts. The main host intrusive is Hb-Peridotite, It contains 2 different rocks composed of different mineral 
composition. Ore minerals evenly disseminated through rock and associated with mafic phase. | Microscope rock name: Amph-Peridotite",label,"D9: A/B slide suffix — this description was assigned to 42388 (`OVD015-175.5 (A)`) on LETTER ORDER ALONE (report letter 'A' -> master suffix '(A)'). There is no independent discriminator — the master lists the (A) and (B) slides with the same lithology — so if either source transposed the letters, the two descriptions are swapped between the two samples. The (A)/(B) pair shares one hole and depth, so the spatial impact is nil"
42389,D0089,OVD015-175.5 (B),OVD015,,Yambat_petrography_samples_2022-2024_from_Core___grab__Petrography_bichiglel_table.csv,not stated,,en,"Weakly mineralized, altered, fine to medium grained Px-Amph Gabbrodiorite",,"Hypidiomorphic, sub-ophitic","{""rock_forming"": ""Alt Pl-60-65%, Hb-20-25%, Alt Px-10-15%, Alt Bt-5%""}",Ser-Pelite-Act-Chl-Carb,illm-Py-Po-Cpy,Microscope rock name: Px-Amph Gabbrodiorite,label,"D9: A/B slide suffix — this description was assigned to 42389 (`OVD015-175.5 (B)`) on LETTER ORDER ALONE (report letter 'B' -> master suffix '(B)'). There is no independent discriminator — the master lists the (A) and (B) slides with the same lithology — so if either source transposed the letters, the two descriptions are swapped between the two samples. The (A)/(B) pair shares one hole and depth, so the spatial impact is nil"
42392,D0090,OVD015-177.4,OVD015,,Yambat_petrography_samples_2022-2024_from_Core___grab__Petrography_bichiglel_table.csv,not stated,,en,"Strong mineralized, altered, fine to medium grained Amph-Peridotite",,"Poikiloophitic, relict panidiomorphic","{""rock_forming"": ""Talc+Serp Pseudo aft Ol and Px-40-45%, Hb-35-40%, Pl-10-15%, Bt-5-8%""}",Serp-Soss-Talc-Chl-Act,Chromite-Mag-Py-Po-Cpy,Microscope rock name: Amph-Peridotite,label,
42615,D0091,OVD020-60.6,OVD020,,Yambat_petrography_samples_2022-2024_from_Core___grab__Petrography_bichiglel_table.csv,not stated,,en,"Weakly mineralized, altered melanocratic gabbro porphyry",,"Nevadite-porphyritic, poikiloophitic, 
hypidiomorphic","{""rock_forming"": ""Pl-30-35%, Hb-30-35%, Alt Ol-20-25%, Bt-5-10%, Qtz-1-3%""}",Serp-Soss-Talc-Act-Carb,Illm-Chromite-Mag-Po-Cpy,Microscope rock name: Olivine Gabbro Porphyry,label,
42638,D0092,OVD020-101.4,OVD020,,Yambat_petrography_samples_2022-2024_from_Core___grab__Petrography_bichiglel_table.csv,not stated,,en,"Weakly mineralized, altered, melanocratic Gabbro porphyry (Porphyry like melanocratic Gabbro)",,"Porphyry like, poikiloophitic, hypidiomorphic","{""rock_forming"": ""Pl-30-35%, Hb-30-35%,\nSerp and Talc Pseudo aft Ol-20-25%, Bt-5-10%, Qtz-1-3%""}",Serp-Soss-Talc-Act-Carb,illm-Chromite-Mag-Py-Po-Cpy,Microscope rock name: Olivine Gabbro Porphyry,label,
42653,D0093,OVD020-124.2,OVD020,,Yambat_petrography_samples_2022-2024_from_Core___grab__Petrography_bichiglel_table.csv,not stated,,en,Garnet-Qtz-Carbonate metamorphic rock,,,,,,Microscope rock name: Ga-Qtz-Carb Metamorphic rock,label,
43201,D0094,OVD21-42.3,OVD21,,Yambat_petrography_samples_2022-2024_from_Core___grab__Petrography_bichiglel_table.csv,not stated,,en,"Mineralized, metasomatized medium grained Amph-peridotite 
(melanocratic Gabbro?)",,"Hypidiomorph, poikilitic","{""rock_forming"": ""Px-15-20%, Hb-20-25%, Alt Ol-15-20%""}",Serp-Soss-Talk-Act-Bt,Chromite-Mag-Pn-Po-Cpy-PGE?,"Pyroxenes are Opx and Cpx. Serpentine partially replaced Px. Hb sometimes Bt, partially, sometimes strongly replaced Px.
Ol also associated with Px and replaced by Serp+Mag.Hb weakly replaced by Act, and sometimes Bt in outer rim.
Pl are few and formed between major Px and Hb coarse crystals as interstitial space filling.  Sometimes Po replaced by Millerite.
Cpy usually repaced the Po. Sometimes Cpy look alike Po. | Microscope rock name: Amph-Peridotite",label,
43220,D0095,OVD21-76.6,OVD21,,Yambat_petrography_samples_2022-2024_from_Core___grab__Petrography_bichiglel_table.csv,not stated,,en,"Mineralized, serpentinitized, fine to medium grained Amph-peridotite",,"Relict, Hypidiomorph, Poikilitic, Sidernitleg","{""rock_forming"": ""Serp aft Ol+Px-40-45%, Hb-20-25%\nAlt Pl-5%, Alt Cpx-5-10%, Bt-3-5%""}",Serp-Soss-Talc-Act-Bt,Mag-Py-Pn-Po-Cpy,"Serp+Ol and Serp+Px are replaced by Hb and Bt by outer rim. Sometimes Ol and Px are included in large Hb crystals as poikilitic texture.
Hb are replaced by Act and Bt by outer rim. Pl are few and formed interstitial space filling texture between Ol and Px crystals.
Ore minerals: Po is dominant and it replaced Mag and Pn, but is replaced by Cpy. Cpy usually replaced Po. | Microscope rock name: Amph-Peridotite",label,
43233,D0096,OVD21-94.4,OVD21,,Yambat_petrography_samples_2022-2024_from_Core___grab__Petrography_bichiglel_table.csv,not stated,,en,"Mineralized, serpentinitized, fine to medium grained Amph-peridotite",,"Relict, Hypidiomorph, Poikilitic, Sidernitleg","{""rock_forming"": ""Serp aft Ol+Px-40-45%, Hb-15-20%\nAlt Pl-8-10%, Alt Cpx-5-10%, Bt-5-10%""}",Serp-Soss-Talc-Iddinsite-Act-Bt,Mag-Pn-Po-Cpy,"Same as OVD21-76.6, plus Serpentine+Talc+Bt+Fucsite+Iddinsite pseudomorphs formed after strong alteration of Ol and Px. 
Serpentine altered Ol and Px latter strongly replaced by Amph and Bt by outer rim. Sometimes there are Ol & Px relicts. 
Hb are weakly replaced by Act, Bt and Fucsite by outer rim. | Microscope rock name: Amph-Peridotite",label,
43241,D0097,OVD21-107,OVD21,,Yambat_petrography_samples_2022-2024_from_Core___grab__Petrography_bichiglel_table.csv,not stated,,en,"Mineralized, altered, fine to medium grained Px-Bt-Amph gabbro",,"Relict, Hypidiomorph, Poikilitic","{""rock_forming"": ""Alt Pl-40-45%, Hb-20-25%, Alt Cpx-5%, Serp aft Ol-5-8%, Bt-5-10%""}",Serp-Epi-Act-Chl,Mag-Pn-Po-Cpy,"The rock is Pl dominated. Pl are zonal and replaced by epi, act and sericite at central part. Hb are replaced by Bt in outer rim, and includes Cpx small agregates, sometimes includes Pl small crystals as poikilitic texture. Bt are strongly altered, sometimes completely, to Epi, Chl. Bt usually replaced Hb and sometimes associated with ore minerals. Also, in some observation, Ol could be replaced by Cpx? | Microscope rock name: Px-Bt-Amph Gabbro",label,
43249,D0098,OVD21-116.1,OVD21,,Yambat_petrography_samples_2022-2024_from_Core___grab__Petrography_bichiglel_table.csv,not stated,,en,"Mineralized, serpentinitized, fine to medium grained Amph-peridotite",,"Relict, Hypidiomorph, Poikilitic, Sidernitleg","{""rock_forming"": ""Serp aft Ol+Px-40-45%, Hb-15-20%\nAlt Pl-5-10%, Alt Cpx-5-10%, Bt-5-10%""}",Serp-Soss-Talc-Iddinsite-Act-Bt,Mag-Pn-Po-Cpy-Sph,"Same as OVD21-76.6. Difference, however, Ol and Px replaced by serpentine, yet, not completely pseudomorphosed as it in OVD021-76.6. In other words, serpentinization was not strong as it was in those samples. Talc, biotite and fucsites are weakly associated with serpentinization. | Microscope rock name: Amph-Peridotite",label,
43265,D0099,OVD21-146.9,OVD21,,Yambat_petrography_samples_2022-2024_from_Core___grab__Petrography_bichiglel_table.csv,not stated,,en,"Mineralized, serpentinitized, fine to medium grained Amph-Peridotite",,"Relict, Hypidiomorph, Poikilitic, Sidernitleg","{""rock_forming"": ""Serp aft Ol+Px-45-50%, Hb-20-25%, Alt Pl-1-3%, Bt-10-15%,""}",Serp-Soss-Talc-Iddingsite-Act-Bt,Mag-Pn-Po-Cpy,Same as OVD021-76.6. Here in this rock Ol and Px mostly replaced by serpentine completely creating serpentine pseudormorph | Microscope rock name: Amph-Peridotite,label,
43267,D0100,OVD21-148.8,OVD21,,Yambat_petrography_samples_2022-2024_from_Core___grab__Petrography_bichiglel_table.csv,not stated,,en,"Mineralized, serpentinitized, fine to medium grained Amph-Peridotite",,,"{""rock_forming"": ""Serp aft Ol+Px-45-50%, Hb-20-25%, Alt Pl-1-3%, Bt-10-15%,""}",,,Microscope rock name: Amph-Peridotite,label,
43280,D0101,OVD21-165.2,OVD21,,Yambat_petrography_samples_2022-2024_from_Core___grab__Petrography_bichiglel_table.csv,not stated,,en,"Mineralized, altered gabbro porphyry",,,,,,Microscope rock name: Gabbro Porphyry,label,
42807,D0102,SC04-168.3,SC04,,Yambat_petrography_samples_2022-2024_from_Core___grab__Petrography_bichiglel_table.csv,not stated,,en,"Mineralized, chlorite-sericite micro-schist",,"Microgranolepidoblast, schistous, Spotty","{""rock_forming"": ""Sericite-55-60%,Chlorite-25-30%, Qtz-8-10%, Titanite-8-10%""}",Ser-Chl-Qtz-Carb,Tnt-Py-Cpy,Microscope rock name: Chl-Ser Micro-Schist,label,
42808,D0103,SC04-171,SC04,,Yambat_petrography_samples_2022-2024_from_Core___grab__Petrography_bichiglel_table.csv,not stated,,en,"Carbonatized, silicified metasomatized andesite",,"Porphyritic, mendal","{""rock_forming"": ""Alt Pl-55-60%, Alt Mafic minerals-10-15%, Sphene-1-3%""}",Ser-Chl-Act-Carb-Qtz,Py-Po-Cpy,Ore minerals associated and included in Qtz-Carbonate mendals. | Microscope rock name: Andesite,label,
SC04@280.7,D0104,SC04-280.7,SC04,,Yambat_petrography_samples_2022-2024_from_Core___grab__Petrography_bichiglel_table.csv,not stated,,en,"Mineralized, alkalic qtz diorite porphyry",,"Porphyritic, micro-hypidiomorphic","{""rock_forming"": ""Alt Pl-55-60%, Alt Mafic minerals-20-25%, Qtz-5-8%, Ksp-3-5%, illm-3-5%, Tnt-1%""}",Ser-Epi-Chl-Ruth-Act-Carb,illm-Py-Po-Cpy,Microscope rock name: Alkalic Qtz Diorite Porphyry,label,
40579,D0105,40579,OVD-004,36m,Drillhole Petrograph_2023__Sheet1.csv,Mireslab,,en,Amphibole micro-gabbro,,,,,,Amphibole micro-gabbro,tag,
40605,D0106,40605,OVD-004,91m,Drillhole Petrograph_2023__Sheet1.csv,Mireslab,,en,Amphibole-orthoperoxene micro-gabbro,,,,,,Amphibole-orthoperoxene micro-gabbro,tag,
40574,D0107,40574,OVD-004,28m,Drillhole Petrograph_2023__Sheet1.csv,Mireslab,,en,Oxidized Amphibole gabbro,,,,,,Oxidized Amphibole gabbro,tag,
40635,D0108,40635,OVD-005,53m,Drillhole Petrograph_2023__Sheet1.csv,Mireslab,,en,Amphibole micro-gabbro,,,,,,Amphibole micro-gabbro,tag,
40645,D0109,40645,OVD-005,71m,Drillhole Petrograph_2023__Sheet1.csv,Mireslab,,en,Amphibole gabbro,,,,,,Amphibole gabbro,tag,
40715,D0110,40715,OVD-007,98.2,Drillhole Petrograph_2023__Sheet1.csv,Mireslab,,en,Shale (weak schistosity),,,,,,Shale (weak schistosity),tag,
40628,D0111,40628,OVD-005,40.5m,Drillhole Petrograph_2023__Sheet1.csv,Mireslab,,en,Amphibole gabbro,,,,,,Amphibole gabbro,tag,
40530,D0112,40530,OVD-003,157.5m,Drillhole Petrograph_2023__Sheet1.csv,Mireslab,,en,Amphibole micro-gabbro,,,,,,Amphibole micro-gabbro,tag,
40899,D0113,40899,OVD-001,15.5m,Drillhole Petrograph_2023__Sheet1.csv,Mireslab,,en,Pelitic rock (weak schistosity),,,,,,Pelitic rock (weak schistosity),tag,
40900,D0114,40900,OVD-001,56.8m,Drillhole Petrograph_2023__Sheet1.csv,Oyunjargal,,en,Altered fine-meduim grained biotite-amphibole gabbro,,,,,,Altered fine-meduim grained biotite-amphibole gabbro,tag,
40901,D0115,40901,OVD-002,20.4m,Drillhole Petrograph_2023__Sheet1.csv,Mireslab,,en,Oxidized Amphibole gabbro,,,,,,Oxidized Amphibole gabbro,tag,
40902,D0116,40902,OVD-002,87.4m,Drillhole Petrograph_2023__Sheet1.csv,Mireslab,,en,Pelitic rock,,,,,,Pelitic rock,tag,
40903,D0117,40903,OVD-001,7.15m,Drillhole Petrograph_2023__Sheet1.csv,Mireslab,,en,Gossan (Iron oxide-calcite-quartz. The original lithofacies are not identification.),,,,,,Gossan (Iron oxide-calcite-quartz. The original lithofacies are not identification.),tag,
40904,D0118,40904,OVD-002,44.2m,Drillhole Petrograph_2023__Sheet1.csv,Mireslab,,en,,,,,,,,tag,empty petrographic determination
40905,D0119,40905,OVD-001,35.8m,Drillhole Petrograph_2023__Sheet1.csv,Mireslab,,en,Strong altered diabase,,,,,,Strong altered diabase,tag,
40906,D0120,40906,OVD-002,126.4m,Drillhole Petrograph_2023__Sheet1.csv,Mireslab,,en,Black schist,,,,,,Black schist,tag,
40907,D0121,40907,OVD-001,62.4m,Drillhole Petrograph_2023__Sheet1.csv,Mireslab,,en,Strong altered diabase,,,,,,Strong altered diabase,tag,
40908,D0122,40908,OVD-001,8.6m,Drillhole Petrograph_2023__Sheet1.csv,Mireslab,,en,Gossan (Copper-iron-oxide. The original lithofacies is not identified.),,,,,,Gossan (Copper-iron-oxide. The original lithofacies is not identified.),tag,
40909,D0123,40909,OVD-002,51.6m,Drillhole Petrograph_2023__Sheet1.csv,Mireslab,,en,Amphibole micro-gabbro,,,,,,Amphibole micro-gabbro,tag,
40910,D0124,40910,OVD-002,37m,Drillhole Petrograph_2023__Sheet1.csv,Mireslab,,en,Amphibole gabbro,,,,,,Amphibole gabbro,tag,
40911,D0125,40911,OVD-002,75.5m,Drillhole Petrograph_2023__Sheet1.csv,Mireslab,,en,Strong altered diabase,,,,,,Strong altered diabase,tag,
40912,D0126,40912,OVD-002,137.6m,Drillhole Petrograph_2023__Sheet1.csv,Mireslab,,en,Black Schist (weak schistosity),,,,,,Black Schist (weak schistosity),tag,
40913,D0127,40913,OVD-001,68m,Drillhole Petrograph_2023__Sheet1.csv,Oyunjargal,,en,"Ore mineralized, altered fine-medium grained biotite subalkaline diorite",,,,,,"Ore mineralized, altered fine-medium grained biotite subalkaline diorite",tag,
40914,D0128,40914,OVD-001,9.4m,Drillhole Petrograph_2023__Sheet1.csv,Mireslab,,en,Gossan (Iron-copper oxide. Altered Gabbro?),,,,,,Gossan (Iron-copper oxide. Altered Gabbro?),tag,
40915,D0129,40915,OVD-009,72m,Drillhole Petrograph_2023__Sheet1.csv,Mireslab,,en,Altered Amphibole-Orthopyroxene micro-gabbro,,,,,,Altered Amphibole-Orthopyroxene micro-gabbro,tag,
40763,D0130,40763,OVD-008,84.5m,Drillhole Petrograph_2023__Sheet1.csv,Oyunjargal,,en,Intensively altered fine-meduim grained olivine-amphibole gabbro (melanocratic gabbro),,,,,,Intensively altered fine-meduim grained olivine-amphibole gabbro (melanocratic gabbro),tag,
41011,D0131,41011,OVD-007,50m,Drillhole Petrograph_2023__Sheet1.csv,Khanlab,,en,"Mineralized, fine- medium grained hornblende pyroxene melanocratic gabbro (Peridotite?)",,,,,,"Mineralized, fine- medium grained hornblende pyroxene melanocratic gabbro (Peridotite?)",tag,
41012,D0132,41012,OVD-003,155.3m,Drillhole Petrograph_2023__Sheet1.csv,Khanlab,,en,Porphyritic fine grained pyroxene-hornblende gabbro (Altered gabbro porphyry),,,,,,Porphyritic fine grained pyroxene-hornblende gabbro (Altered gabbro porphyry),tag,
41013,D0133,41013,OVD-008,40.1m,Drillhole Petrograph_2023__Sheet1.csv,Khanlab,,en,Intensive metasomatic altered gabbrodiorite porphyry,,,,,,Intensive metasomatic altered gabbrodiorite porphyry,tag,
41014,D0134,41014,OVD-009,195.2m,Drillhole Petrograph_2023__Sheet1.csv,Khanlab,,en,"Mineralized, altered porphyritic fine -medium grained hornblende pyroxene melanocratic gabbronorite (Peridotite?)",,,,,,"Mineralized, altered porphyritic fine -medium grained hornblende pyroxene melanocratic gabbronorite (Peridotite?)",tag,
41015,D0135,41015,OVD-009,149.5m,Drillhole Petrograph_2023__Sheet1.csv,Khanlab,,en,Altered gabbrodiorite porphyry,,,,,,Altered gabbrodiorite porphyry,tag,
41016,D0136,41016,OVD-009,171.5m,Drillhole Petrograph_2023__Sheet1.csv,Khanlab,,en,Mineralized and altered fine- medium grained hornblende pyroxene melanocratic gabbronorite (Peridotite?),,,,,,Mineralized and altered fine- medium grained hornblende pyroxene melanocratic gabbronorite (Peridotite?),tag,
41017,D0137,41017,OVD-009,161m,Drillhole Petrograph_2023__Sheet1.csv,Khanlab,,en,Mineralized altered porphyritic medium-fine grained hornblende pyroxene melanocratic gabbronorite (Peridotite?),,,,,,Mineralized altered porphyritic medium-fine grained hornblende pyroxene melanocratic gabbronorite (Peridotite?),tag,
41018,D0138,41018,OVD-009,80.8m,Drillhole Petrograph_2023__Sheet1.csv,Khanlab,,en,Porphyritic fine grained pyroxene-hornblende gabbro (Altered gabbro porphyry),,,,,,Porphyritic fine grained pyroxene-hornblende gabbro (Altered gabbro porphyry),tag,
41019,D0139,41019,OVD-009,17.2m,Drillhole Petrograph_2023__Sheet1.csv,Khanlab,,en,Porphyritic fine-grained pyroxene-hornblende gabbro (Altered gabbro porphyry),,,,,,Porphyritic fine-grained pyroxene-hornblende gabbro (Altered gabbro porphyry),tag,
41020,D0140,41020,OVD-009,143m,Drillhole Petrograph_2023__Sheet1.csv,Khanlab,,en,Mineralized porphyritic fine grained hornblende-olivine-pyroxene melanocratic gabbro,,,,,,Mineralized porphyritic fine grained hornblende-olivine-pyroxene melanocratic gabbro,tag,
41021,D0141,41021,OVD-009,126.7m,Drillhole Petrograph_2023__Sheet1.csv,Khanlab,,en,"Schistose, carbonatized and intense altered gabbrodiorite-porphyry (Metasomatite by gabbrodiorite porphyry)",,,,,,"Schistose, carbonatized and intense altered gabbrodiorite-porphyry (Metasomatite by gabbrodiorite porphyry)",tag,
41022,D0142,41022,OVD-009,11.3m,Drillhole Petrograph_2023__Sheet1.csv,Khanlab,,en,Altered gabbrodiorite porphyry,,,,,,Altered gabbrodiorite porphyry,tag,
41023,D0143,41023,OVD-009,151.6m,Drillhole Petrograph_2023__Sheet1.csv,Khanlab,,en,Porphyritic fine grained pyroxene hornblende gabbro (Altered gabbro porphyry),,,,,,Porphyritic fine grained pyroxene hornblende gabbro (Altered gabbro porphyry),tag,
41024,D0144,41024,OVD-008,90.5m,Drillhole Petrograph_2023__Sheet1.csv,Khanlab,,en,Intense mineralized quartz diorite porphyry (Andesite-dacite),,,,,,Intense mineralized quartz diorite porphyry (Andesite-dacite),tag,
41025,D0145,41025,OVD-007,58.2m,Drillhole Petrograph_2023__Sheet1.csv,Khanlab,,en,Altered melanocratic microgabbro,,,,,,Altered melanocratic microgabbro,tag,
41026,D0146,41026,OVD-007,87.8m,Drillhole Petrograph_2023__Sheet1.csv,Khanlab,,en,Altered gabbro porphyry,,,,,,Altered gabbro porphyry,tag,
41027,D0147,41027,OVD-005,13.4m,Drillhole Petrograph_2023__Sheet1.csv,Khanlab,,en,Fine and medium grained olivine-hornblende- pyroxene peridotite,,,,,,Fine and medium grained olivine-hornblende- pyroxene peridotite,tag,
41028,D0148,41028,OVD-008,27.3m,Drillhole Petrograph_2023__Sheet1.csv,Khanlab,,en,Porphyritic fine grained pyroxene-hornblende gabbro (Altered gabbro porphyry),,,,,,Porphyritic fine grained pyroxene-hornblende gabbro (Altered gabbro porphyry),tag,
41029,D0149,41029,OVD-008,60.3m,Drillhole Petrograph_2023__Sheet1.csv,Khanlab,,en,Altered porphyritic fine grained pyroxene-hornblende melanocratic gabbro (Altered melanocratic gabbro porphyry),,,,,,Altered porphyritic fine grained pyroxene-hornblende melanocratic gabbro (Altered melanocratic gabbro porphyry),tag,
41030,D0150,41030,OVD-008,88.9m,Drillhole Petrograph_2023__Sheet1.csv,Khanlab,,en,Porphyritic fine grained pyroxene-hornblende melanocratic gabbro (Altered melanocratic gabbro porphyry),,,,,,Porphyritic fine grained pyroxene-hornblende melanocratic gabbro (Altered melanocratic gabbro porphyry),tag,
41031,D0151,41031,OVD-007,55.9m,Drillhole Petrograph_2023__Sheet1.csv,Khanlab,,en,Porphyritic fine grained pyroxene-hornblende gabbro (Altered gabbro porphyry),,,,,,Porphyritic fine grained pyroxene-hornblende gabbro (Altered gabbro porphyry),tag,
41032,D0152,41032,OVD-008,39.5m,Drillhole Petrograph_2023__Sheet1.csv,Khanlab,,en,Altered porphyritic fine grained pyroxene-hornblende melanocratic gabbro (Altered melanocratic gabbro porphyry),,,,,,Altered porphyritic fine grained pyroxene-hornblende melanocratic gabbro (Altered melanocratic gabbro porphyry),tag,
41033,D0153,41033,OVD-009,149.8m,Drillhole Petrograph_2023__Sheet1.csv,Khanlab,,en,Altered gabbro porphyry,,,,,,Altered gabbro porphyry,tag,
41034,D0154,41034,OVD-009,190.8m,Drillhole Petrograph_2023__Sheet1.csv,Khanlab,,en,Porphyritic fine grained pyroxene-hornblende gabbro (Altered gabbro porphyry),,,,,,Porphyritic fine grained pyroxene-hornblende gabbro (Altered gabbro porphyry),tag,
40579,D0155,40579,OVD-004,36m,Petrograph_MIRESL20230816_summary.xlsx,MIRESL (Mireslab Mongol LLC),2023-08-16,en,Amphibole micro-gabbro,,,,"Weak — Sericite, chlorite","Pyrite, Chalcopyrite; other opaques: Hematite",Lithofacies: Amphibole micro-gabbro. MIRESL sample code OVD001.,tag,
40605,D0156,40605,OVD-004,91m,Petrograph_MIRESL20230816_summary.xlsx,MIRESL (Mireslab Mongol LLC),2023-08-16,en,Amphibole-Orthopyroxene micro-gabbro,,,,Weak — Chlorite,Chalcopyrite,Lithofacies: Amphibole-Orthopyroxene micro-gabbro. MIRESL sample code OVD002.,tag,
40574,D0157,40574,OVD-004,28m,Petrograph_MIRESL20230816_summary.xlsx,MIRESL (Mireslab Mongol LLC),2023-08-16,en,Oxidized Amphibole Gabbro,,,,"Middle — Sericite, chlorite",Ni and Cu-bearing Goethite; other opaques: Hematite,Lithofacies: Oxidized Amphibole Gabbro. MIRESL sample code OVD003.,tag,
40635,D0158,40635,OVD-005,53m,Petrograph_MIRESL20230816_summary.xlsx,MIRESL (Mireslab Mongol LLC),2023-08-16,en,Amphibole micro-gabbro,,,,Weak — Illite-smectite alteration,"chalcopyrite, Ni-bearing pyrrhotite, Heideite (?); other opaques: Ilmenite",Lithofacies: Amphibole micro-gabbro. MIRESL sample code OVD004.,tag,
40645,D0159,40645,OVD-005,71m,Petrograph_MIRESL20230816_summary.xlsx,MIRESL (Mireslab Mongol LLC),2023-08-16,en,Amphibole gabbro,,,,"Weak — sericite, calcite, chlorite","chalcopyrite, Ni-bearing pyrite, pentlandite; other opaques: Ilmenite",Lithofacies: Amphibole gabbro. MIRESL sample code OVD005.,tag,
40715,D0160,40715,OVD-007,98.2,Petrograph_MIRESL20230816_summary.xlsx,MIRESL (Mireslab Mongol LLC),2023-08-16,en,Shale (weak schistosity),,,,Not alt.,Pyrite (Sedimentary Origine?),Lithofacies: Shale (weak schistosity). MIRESL sample code OVD006.,tag,
40628,D0161,40628,OVD-005,40.5m,Petrograph_MIRESL20230816_summary.xlsx,MIRESL (Mireslab Mongol LLC),2023-08-16,en,Amphibole gabbro,,,,"Weak — Sericite, chlorite","Chalcopyrite, pyrite, Ni-bearing pyrite, pentlandite, Cr-bearing magnetite; unknown: Ag-Te mineral, Ni-bearing anglesite (?)",Lithofacies: Amphibole gabbro. MIRESL sample code OVD007.,tag,
40530,D0162,40530,OVD-003,157.5m,Petrograph_MIRESL20230816_summary.xlsx,MIRESL (Mireslab Mongol LLC),2023-08-16,en,Amphibole micro-gabbro,,,,"Partly strong — Sericite, chlorite","Chalcopyrite, pyrite, Ni-bearing pyrite, pentlandite, Cd-bearing sphalerite; unknown: Ag-Te-Bi mineral, Ag-Au mineral; other opaques: Magnetite",Lithofacies: Amphibole micro-gabbro. MIRESL sample code OVD008.,tag,
40899,D0163,40899,OVD-001,15.5m,Petrograph_MIRESL20230816_summary.xlsx,MIRESL (Mireslab Mongol LLC),2023-08-16,en,Pelitic rock (weak schistosity),,,,Not alt.,other opaques: Quartz and Goethite-quartz veinlets,Lithofacies: Pelitic rock (weak schistosity). MIRESL sample code OVD009.,tag,
40901,D0164,40901,OVD-002,20.4m,Petrograph_MIRESL20230816_summary.xlsx,MIRESL (Mireslab Mongol LLC),2023-08-16,en,Oxidized Amphibole Gabbro,,,,Partly strong — Sericite,Chalcopyrite,Lithofacies: Oxidized Amphibole Gabbro. MIRESL sample code OVD010.,tag,
40902,D0165,40902,OVD-002,87.4m,Petrograph_MIRESL20230816_summary.xlsx,MIRESL (Mireslab Mongol LLC),2023-08-16,en,Pelitic rock,,,,Not alt.,"Pyrite, pyrrhotite",Lithofacies: Pelitic rock. MIRESL sample code OVD011.,tag,
40903,D0166,40903,OVD-001,7.15m,Petrograph_MIRESL20230816_summary.xlsx,MIRESL (Mireslab Mongol LLC),2023-08-16,en,Gossan (Iron oxide-calcite-quartz),,,,"Strong — Goethite, calcite",unknown: Ag-I mineral; other opaques: Goethite,Lithofacies: Gossan (Iron oxide-calcite-quartz). MIRESL sample code OVD012.,tag,
40904,D0167,40904,OVD-002,44.2m,Petrograph_MIRESL20230816_summary.xlsx,MIRESL (Mireslab Mongol LLC),2023-08-16,en,Amphibole micro-Gabbro,,,,"Middle — Sericite, chlorite","Chalcopyrite, Pyrite, Ni-bearing pyrite, Pentlandite; unknown: As-Ag-Te Sulfide mineral",Lithofacies: Amphibole micro-Gabbro. MIRESL sample code OVD013.,tag,
40905,D0168,40905,OVD-001,35.8m,Petrograph_MIRESL20230816_summary.xlsx,MIRESL (Mireslab Mongol LLC),2023-08-16,en,Strong altered diabase,,,,"Strong — sericitization, oxidized","other opaques: Gothite, calcite",Lithofacies: Strong altered diabase. MIRESL sample code OVD014.,tag,
40906,D0169,40906,OVD-002,126.4m,Petrograph_MIRESL20230816_summary.xlsx,MIRESL (Mireslab Mongol LLC),2023-08-16,en,Black Schist,,,,Not alt.,Pyrite; other opaques: Hematite,Lithofacies: Black Schist. MIRESL sample code OVD015.,tag,
40907,D0170,40907,OVD-001,62.4m,Petrograph_MIRESL20230816_summary.xlsx,MIRESL (Mireslab Mongol LLC),2023-08-16,en,Strong altered diabase,,,,"Strong — Sericite, Calcite","Pyrite; other opaques: Gothite, calcite",Lithofacies: Strong altered diabase. MIRESL sample code OVD016.,tag,
40908,D0171,40908,OVD-001,8.6m,Petrograph_MIRESL20230816_summary.xlsx,MIRESL (Mireslab Mongol LLC),2023-08-16,en,Gossan (Copper-iron-oxide ),,,,Strong,Malachite; unknown: Cu and Ni-bearing Fe-Si hydroxide minerals; other opaques: Goethite,Lithofacies: Gossan (Copper-iron-oxide ). MIRESL sample code OVD017.,tag,
40909,D0172,40909,OVD-002,51.6m,Petrograph_MIRESL20230816_summary.xlsx,MIRESL (Mireslab Mongol LLC),2023-08-16,en,Amphibole micro-gabbro,,,,"Weak — Sericite, chlorite",Chalcopyrite,Lithofacies: Amphibole micro-gabbro. MIRESL sample code OVD018.,tag,
40910,D0173,40910,OVD-002,37m,Petrograph_MIRESL20230816_summary.xlsx,MIRESL (Mireslab Mongol LLC),2023-08-16,en,Amphibole gabbro,,,,Partly strong — Sericite,"Chalcopyrite, Ni-bearing pyrrhotite, pyrite; unknown: Ag-Te mineral, Ag-Te-Bi mineral,",Lithofacies: Amphibole gabbro. MIRESL sample code OVD019.,tag,
40911,D0174,40911,OVD-002,75.5m,Petrograph_MIRESL20230816_summary.xlsx,MIRESL (Mireslab Mongol LLC),2023-08-16,en,Strong altered diabase,,,,Strong — sericite-calcite,Pyrite (Sedimentary Origine?),Lithofacies: Strong altered diabase. MIRESL sample code OVD020.,tag,
40912,D0175,40912,OVD-002,137.6m,Petrograph_MIRESL20230816_summary.xlsx,MIRESL (Mireslab Mongol LLC),2023-08-16,en,Black Schist (weak schistosity),,,,Not alt.,Pyrite (Sedimentary Origine?),Lithofacies: Black Schist (weak schistosity). MIRESL sample code OVD021.,tag,
40914,D0176,40914,OVD-001,9.4m,Petrograph_MIRESL20230816_summary.xlsx,MIRESL (Mireslab Mongol LLC),2023-08-16,en,Gossan (Iron-copper oxide. Altered Gabbro?),,,,Strong — Gossan,"Cu hydroxide mineral (malachite, Atacamite), Native copper",Lithofacies: Gossan (Iron-copper oxide. Altered Gabbro?). MIRESL sample code OVD022.,tag,
40915,D0177,40915,OVD-009,72m,Petrograph_MIRESL20230816_summary.xlsx,MIRESL (Mireslab Mongol LLC),2023-08-16,en,Altered Amphibole-Orthopyroxene micro-gabbro,,,,Strong — Sericite-Chlorite-Epidote,"Cr-bearing magnetite, pentlandite, chalcopyrite, pyrrhotite, pyrite (often Ni-bearing), galena",Lithofacies: Altered Amphibole-Orthopyroxene micro-gabbro. MIRESL sample code OVD023.,tag,
42851,D0178,CRS01A-41.4,CRS01A,CRS01A-41.4,Yambat_petrography_samples_2022-2024_from_Core___grab__Samples_to_Japan.csv,not stated,,en,Mineralized Amph-Pl gneiss (from diorite),,,,,,Mineralized Amph-Pl gneiss (from diorite),label,
42865,D0179,CRS01A-53.4,CRS01A,CRS01A-53.4,Yambat_petrography_samples_2022-2024_from_Core___grab__Samples_to_Japan.csv,not stated,,en,Mineralized qtz-actinolite-albite gneiss (after gabbrodiorite),,,,,,Mineralized qtz-actinolite-albite gneiss (after gabbrodiorite),label,
42874,D0180,CRS01A-61.3,CRS01A,CRS01A-61.3,Yambat_petrography_samples_2022-2024_from_Core___grab__Samples_to_Japan.csv,not stated,,en,"Mineralized, cordierite-actinolite metasomatite",,,,,,"Mineralized, cordierite-actinolite metasomatite",label,
42923,D0181,CRS01A-104.4,CRS01A,CRS01A-104.4,Yambat_petrography_samples_2022-2024_from_Core___grab__Samples_to_Japan.csv,not stated,,en,"Mineralized, quartz vein with carbonate",,,,,,"Mineralized, quartz vein with carbonate",label,
42936,D0182,CRS01A-114.8,CRS01A,CRS01A-114.8,Yambat_petrography_samples_2022-2024_from_Core___grab__Samples_to_Japan.csv,not stated,,en,"Mineralized, silicified cordierite-serpentine-actinolite metasomatite",,,,,,"Mineralized, silicified cordierite-serpentine-actinolite metasomatite",label,
43166,D0183,CRS01A-187.8,CRS01A,CRS01A-187.8,Yambat_petrography_samples_2022-2024_from_Core___grab__Samples_to_Japan.csv,not stated,,en,"Mineralized, silicified cordierite-serpentine-chlorite metasomatite",,,,,,"Mineralized, silicified cordierite-serpentine-chlorite metasomatite",label,
43201,D0184,OVD21-42.3,OVD21,OVD21-42.3,Yambat_petrography_samples_2022-2024_from_Core___grab__Samples_to_Japan.csv,not stated,,en,"Mineralized, metasomatized medium grained Amph-peridotite 
(melanocratic Gabbro?)",,"Hypidiomorph, poikilitic","{""rock_forming"": ""Px-15-20%, Hb-20-25%, Alt Ol-15-20%""}",,,"Mineralized, metasomatized medium grained Amph-peridotite 
(melanocratic Gabbro?)",label,
43241,D0185,OVD21-107,OVD21,OVD21-107,Yambat_petrography_samples_2022-2024_from_Core___grab__Samples_to_Japan.csv,not stated,,en,"Mineralized, altered, fine to medium grained Px-Bt-Amph gabbro",,"Relict, Hypidiomorph, Poikilitic","{""rock_forming"": ""Alt Pl-40-45%, Hb-20-25%, Alt Cpx-5%, Serp aft Ol-5-8%, Bt-5-10%""}",,,"Mineralized, altered, fine to medium grained Px-Bt-Amph gabbro",label,
41028,D0186,OVD008-27.3,OVD008,27.3,Петрограф008.docx,not stated in document (Khanlab per ABM 'Suggested Petro for the Oval 2024' list),,mn,Porphyritic fine-grained pyroxene-hornblende gabbro (altered gabbro porphyry),Шигтгээ маягийн жижиг ширхэгтэй пироксен эвэр хуурмагт габбро (Хувирсан габбро порфир),"Структур: невадит шигтгээлэг; үндсэн хэсэг субофитлог, пойкилоофитлог, призмлэг мөхлөгт. Текстур: цул нягт. Мөхлөг: шигтгээ 1.0-7.0 мм, үндсэн хэсэг 0.1-0.8 мм","[{""mineral"": ""хувирсан плагиоклаз"", ""pct"": ""55-60""}, {""mineral"": ""эвэр хуурмаг"", ""pct"": ""35-40""}, {""mineral"": ""моноклин пироксен"", ""pct"": ""цөөн""}, {""mineral"": ""биотит"", ""pct"": ""цөөн""}, {""mineral"": ""кварц"", ""pct"": ""цөөн""}, {""mineral"": ""гётит"", ""pct"": ""цөөн""}, {""mineral"": ""пирит"", ""pct"": ""ганц нэг""}]","серицит, мусковит, соссюрит, хлорит, актинолит, карбонат; биотит хлоритжсон","Гётит-гидрогётит; гётит 0.05-0.3 мм шигтгээлэг мөхлөг, дотор нь ганц нэг бичил пирит","Эвэр хуурмагийн шигтгээлэг ялгарлууд (60-65%) болон плагиоклаз, эвэр хуурмаг, цөөн мон.пироксен, кварцаас тогтсон офитлог, пойкилоофитлог үндсэн хэсгээс бүрдэнэ. Плагиоклаз нь дундлаг-суурилаг найрлагатай, серицит, мусковит, карбонат, соссюритад хүчтэй хувирсан. Ойсон гэрэлд гётитын цөөн мөхлөгүүд өнгөт эрдсүүдтэй ассоциаци үүсгэн тодорхойлогдсон.",tag,
41032,D0187,OVD008-39.5,OVD008,39.5,Петрограф008.docx,not stated in document (Khanlab per ABM 'Suggested Petro for the Oval 2024' list),,mn,Altered porphyritic fine-grained pyroxene-hornblende melanocratic gabbro (altered melanocratic gabbro porphyry),Хувирсан шигтгээ маягийн жижиг ширхэгтэй пироксен эвэр хуурмагт меланократ габбро (Хувирсан меланократ габбро порфир),"Структур: невадит шигтгээлэг; үндсэн хэсэг субофитлог, пойкилоофитлог, призмлэг мөхлөгт. Текстур: цул нягт. Мөхлөг: шигтгээ 1.0-6.0 мм, үндсэн хэсэг 0.1-0.8 мм","[{""mineral"": ""хувирсан плагиоклаз"", ""pct"": ""30-35""}, {""mineral"": ""эвэр хуурмаг"", ""pct"": ""50-55""}, {""mineral"": ""моноклин пироксен"", ""pct"": ""10-15""}, {""mineral"": ""биотит"", ""pct"": ""1-3""}, {""mineral"": ""пирит"", ""pct"": ""цөөн""}, {""mineral"": ""халькопирит"", ""pct"": ""цөөн""}, {""mineral"": ""пирротин"", ""pct"": ""цөөн""}, {""mineral"": ""ильменит"", ""pct"": ""цөөн""}, {""mineral"": ""магнетит"", ""pct"": ""цөөн""}]","серицит, мусковит, соссюрит, хлорит, актинолит, карбонат; ромбо пироксеноор үүссэн актинолит(+тальк) псевдоморфозууд",Ильменит - пирит - пирротин - халькопирит; шигтгээлэг бичил мөхлөгүүд; халькопирит (0.01-0.05 мм) пирротины шигтгээг эмжээрлэнэ; магнетит хааяа гематитжсэн,"OVD008-27.3 дээжтэй ижилхэн: эвэр хуурмагийн шигтгээлэг ялгарлууд (60-65%) невадит бүтэцтэй, үндсэн хэсэг нь офитлог, пойкилоофитлог. Зарим шигтгээ актинолитын зүүлэг агрегатад (тальктай) бүрэн хувирсан ромбо пироксены псевдоморфоз бололтой. Хүдрийн эрдсээс магнетит, ильменит, пирротин, халькопирит, пиритын цөөн бичил шигтгээлэг мөхлөгүүд өнгөт эрдсүүдтэй ассоциацитай.",tag,
41013,D0188,OVD008-40.1,OVD008,40.1,Петрограф008.docx,not stated in document (Khanlab per ABM 'Suggested Petro for the Oval 2024' list),,mn,Strongly metasomatically altered gabbrodiorite porphyry,Метасоматозоор хүчтэй хувирсан габбродиорит порфир,"Структур: реликт шигтгээлэг; үндсэн хэсэг бичил реликт призмлэг мөхлөгт, микрогранонематобласт. Текстур: цул нягт, линзлэг, судлархаг. Мөхлөг: реликт шигтгээ 1.0-2.0 мм, үндсэн хэсэг 0.05-0.2 мм","[{""mineral"": ""хувирсан плагиоклаз"", ""pct"": ""30-35""}, {""mineral"": ""хувирсан эвэр хуурмаг"", ""pct"": ""30-35""}, {""mineral"": ""пирит"", ""pct"": ""0.5""}, {""mineral"": ""ильменит"", ""pct"": ""0.5""}, {""mineral"": ""халькопирит"", ""pct"": ""цөөн""}, {""mineral"": ""сфен"", ""pct"": ""цөөн""}]","серицит, пелит, актинолит, эпидот, хлорит, лейкоксен; эпигенетик: кварц, эпидот; серицит-эпидот-хлорит-актинолитот бичил үе, зурвасууд",Ильменит - пирит - халькопирит; бичил шигтгээлэг мөхлөгүүд хлорит-актинолит псевдоморфозтой ассоциацитай; эпидот-альбит-кварцын 0.01-0.1 мм судлууд дунд ч хүдрийн эрдэс үүссэн,"Габбродиорит порфир метасоматоз хувиралд хүчтэй өртөж, эвэр хуурмагийн шигтгээ актинолитод, үндсэн хэсгийн плагиоклаз болон эвэр хуурмаг серицит-эпидот-хлорит-актинолитот агрегатад хувирсан. Хүдрийн эрдсээс ильменит, халькопирит, пиритын бичил шигтгээлэг мөхлөгүүд тодорхойлогдож, пирит заримдаа бичил линз үүсгэн бөөгнөрсөн.",tag,
41029,D0189,OVD008-60.3,OVD008,60.3,Петрограф008.docx,not stated in document (Khanlab per ABM 'Suggested Petro for the Oval 2024' list),,mn,Porphyritic fine-grained pyroxene-hornblende melanocratic gabbro (altered melanocratic gabbro porphyry),Шигтгээ маягийн жижиг ширхэгтэй пироксен-эвэр хуурмагт меланократ габбро (Хувирсан меланократ габбро порфир),"Структур: невадит шигтгээлэг; үндсэн хэсэг субофитлог, пойкилоофитлог, призмлэг мөхлөгт. Текстур: цул нягт. Мөхлөг: шигтгээ 1.0-6.0 мм, үндсэн хэсэг 0.1-0.7 мм","[{""mineral"": ""хувирсан плагиоклаз"", ""pct"": ""30-35""}, {""mineral"": ""эвэр хуурмаг"", ""pct"": ""45-50""}, {""mineral"": ""моноклин пироксен"", ""pct"": ""15-20""}, {""mineral"": ""биотит"", ""pct"": ""цөөн""}, {""mineral"": ""кварц"", ""pct"": ""цөөн""}, {""mineral"": ""пирит"", ""pct"": ""цөөн""}, {""mineral"": ""халькопирит"", ""pct"": ""цөөн""}, {""mineral"": ""пирротин"", ""pct"": ""ганц нэг""}, {""mineral"": ""ильменит"", ""pct"": ""цөөн""}, {""mineral"": ""магнетит"", ""pct"": ""цөөн""}]","серицит, соссюрит, хлорит, актинолит, тальк; ромбо пироксены актинолит+талькийн бүрэн псевдоморфозууд (1.0-5.0 мм)",Магнетит - ильменит - пирит - пирротин - халькопирит; цөөн бичил шигтгээлэг мөхлөгүүд; халькопирит пирротиныг эмжээрлэнэ,"OVD008-39.5-тай ижил төстэй: эвэр хуурмагийн шигтгээлэг ялгарлууд (55-60%) болон офитлог, пойкилоофитлог үндсэн хэсэг. Актинолит, талькэд бүрэн хувирсан ромбо пироксены псевдоморфоз шигтгээнүүд цөөнгүй. Хүдрийн эрдсүүд шигтгээ байдлаар өнгөт эрдсүүдтэй ассоциаци үүсгэсэн.",tag,
41030,D0190,OVD008-88.9,OVD008,88.9,Петрограф008.docx,not stated in document (Khanlab per ABM 'Suggested Petro for the Oval 2024' list),,mn,Porphyritic fine-grained pyroxene-hornblende gabbro (altered gabbro porphyry),Шигтгээ маягийн жижиг ширхэгтэй пироксен-эвэр хуурмагт габбро (Хувирсан габбро порфир),"Структур: невадит шигтгээлэг; үндсэн хэсэг субофитлог, пойкилоофитлог, призмлэг мөхлөгт. Текстур: цул нягт. Мөхлөг: шигтгээ 1.0-5.0 мм, үндсэн хэсэг 0.1-0.9 мм","[{""mineral"": ""хувирсан плагиоклаз"", ""pct"": ""40-45""}, {""mineral"": ""эвэр хуурмаг"", ""pct"": ""35-40""}, {""mineral"": ""пироксен"", ""pct"": ""15-20""}, {""mineral"": ""биотит"", ""pct"": ""1-3""}, {""mineral"": ""пирит"", ""pct"": ""цөөн""}, {""mineral"": ""халькопирит"", ""pct"": ""цөөн""}, {""mineral"": ""пирротин"", ""pct"": ""ганц нэг""}, {""mineral"": ""ильменит"", ""pct"": ""цөөн""}, {""mineral"": ""магнетит"", ""pct"": ""цөөн""}]","серицит, эпидот, хлорит, актинолит, тальк, карбонат; эпигенетик: альбит, кварц; хлорит-актинолит(+тальк) псевдоморфозууд 2.0-4.0 мм","Магнетит - ильменит - пирит - халькопирит; жижиг ширхэгтэй мөхлөгүүд өнгөт эрдсүүдтэй ассоциаци, ургалт үүсгэсэн; халькопирит ильмениттэй ассоциацитай","Хувирсан мон.пироксен, эвэр хуурмагийн шигтгээлэг ялгарлууд (60-65%) болон плагиоклаз, эвэр хуурмаг, цөөн мон.пироксен, биотитоос тогтсон офитлог, пойкилоофитлог үндсэн хэсэг. Пироксеноор үүссэн хлорит-актинолитын псевдоморфозууд эвэр хуурмагаар түрэгдсэн. Хүдрийн эрдсээс магнетит, ильменит, халькопирит, пиритын жижиг мөхлөгүүд тодорхойлогдсон.",tag,
41024,D0191,OVD008-90.5,OVD008,90.5,Петрограф008.docx,not stated in document (Khanlab per ABM 'Suggested Petro for the Oval 2024' list),,mn,Strongly mineralized quartz diorite porphyry (andesite-dacite),Хүчтэй хүдэржсэн кварцат диорит порфир (Андезит дацит),"Структур: шигтгээлэг; үндсэн хэсэг бичил гипидиоморфлог. Текстур: цул нягт. Мөхлөг: шигтгээ 0.2-0.7 мм, үндсэн хэсэг 0.02-0.1 мм","[{""mineral"": ""хувирсан плагиоклаз"", ""pct"": ""75-80""}, {""mineral"": ""хувирсан биотит"", ""pct"": ""10-15""}, {""mineral"": ""кварц"", ""pct"": ""5-10""}, {""mineral"": ""титанит"", ""pct"": ""цөөн""}, {""mineral"": ""халькопирит"", ""pct"": ""8-10""}, {""mineral"": ""магнетит"", ""pct"": ""0.5-1.0""}, {""mineral"": ""пирит"", ""pct"": ""1-3""}, {""mineral"": ""пирротин"", ""pct"": ""3-5""}]","серицит, пелит, хлорит, мусковит, эпидот; эпигенетик: кварц, карбонат; биотит мусковит-хлоритод бүрэн хувирсан",Магнетит - пирит - пирротин - халькопирит; халькопирит жигд тархсан шигтгээ + кварц-карбонатын судлын дагуух пирит-халькопиритын судлууд (0.05-0.2 мм); пирит-халькопирит-пирротины линзүүд 2.5-3.0 мм; хүдрийн судал линзийн өргөн 0.5-25.0 мм,"Хувирсан биотитын бичил шигтгээнүүд (5-10%) болон плагиоклаз, биотит, кварцаас тогтсон бичил гипидиоморфлог үндсэн хэсэгтэй, талсжилт муутай (дацит-андезит гэж ч нэрлэж болно). Чулуу хүдэржилтэнд хүчтэй өртөж, хүдрийн эрдсүүд жигд тархсан шигтгээ, кварц-карбонатын судлын дагуух судал, линзээр үүссэн. Ойсон гэрэлд магнетит, пирит, халькопирит, пирротин тодорхойлогдлоо.",tag,
41011,D0192,OVD007-50.0,OVD007,50.0,Петрограф008.docx,not stated in document (Khanlab per ABM 'Suggested Petro for the Oval 2024' list),,mn,Mineralized fine- to medium-grained hornblende-pyroxene melanocratic gabbro (peridotite?),Хүдэржсэн жижиг дунд ширхэгтэй эвэр хуурмаг-пироксент меланократ габбро (перидотит?),"Структур: панидиоморфлог, пойкилоофитлог, пойкилитлог. Текстур: цул нягт. Мөхлөг: 0.4-4.0 мм","[{""mineral"": ""хувирсан пироксен (ромбо ба моноклин)"", ""pct"": ""55-60""}, {""mineral"": ""эвэр хуурмаг"", ""pct"": ""15-20""}, {""mineral"": ""хувирсан плагиоклаз"", ""pct"": ""10""}, {""mineral"": ""хувирсан оливин"", ""pct"": ""5-10""}, {""mineral"": ""биотит"", ""pct"": ""3-5""}, {""mineral"": ""халькопирит"", ""pct"": ""1-3""}, {""mineral"": ""пирротин"", ""pct"": ""5-8""}, {""mineral"": ""ильменит"", ""pct"": ""цөөн""}, {""mineral"": ""магнетит"", ""pct"": ""3-5""}, {""mineral"": ""пентландит"", ""pct"": ""цөөн""}, {""mineral"": ""хромит"", ""pct"": ""цөөн""}]","серицит, карбонат, хлорит, актинолит, серпентин, тальк?; оливин, ромбо пироксен серпентины судлуудаар зүсэгдсэн, торлог бүтэцтэй",Магнетит - ильменит - хромит - пентландит - пирротин - халькопирит; пентландит-пирротин-халькопиритын ургалтаас тогтсон линзүүд чулууны 20-25%-ийг эзэлнэ (1.0-6.0 мм); халькопирит пирротиныг түрж эмжээрлэсэн; магнетит серпентины судланцрын дагуу бичил судлууд үүсгэнэ,"Хувирсан пироксен (ромбо ба мон.), эвэр хуурмаг, хувирсан оливин, бага плагиоклаз, биотитоос тогтоно. Хүчтэй хүдэржилтэд өртсөний улмаас пентландит-пирротин-халькопиритын линзүүд (чулууны 20-25%) жигд тархсан. Пирротин линз дотор зонхилж, захаасаа халькопиритээр эмжээрлэгдэж, дунд нь цөөн пентландит агуулагдана.",tag,
41031,D0193,OVD007-55.9,OVD007,55.9,Петрограф008.docx,not stated in document (Khanlab per ABM 'Suggested Petro for the Oval 2024' list),,mn,Porphyritic fine-grained pyroxene-hornblende gabbro (altered gabbro porphyry),Шигтгээ маягийн жижиг ширхэгтэй пироксен-эвэр хуурмагт габбро (Хувирсан габбро порфир),"Структур: невадит шигтгээлэг; үндсэн хэсэг субофитлог, пойкилоофитлог, призмлэг мөхлөгт. Текстур: цул нягт. Мөхлөг: шигтгээ 1.0-7.5 мм, үндсэн хэсэг 0.1-0.9 мм","[{""mineral"": ""хувирсан плагиоклаз"", ""pct"": ""40-45""}, {""mineral"": ""эвэр хуурмаг"", ""pct"": ""40-45""}, {""mineral"": ""моноклин пироксен"", ""pct"": ""10-15""}, {""mineral"": ""биотит"", ""pct"": ""1-3""}, {""mineral"": ""пирит"", ""pct"": ""цөөн""}, {""mineral"": ""хромит"", ""pct"": ""цөөн""}, {""mineral"": ""ильменит"", ""pct"": ""цөөн""}, {""mineral"": ""магнетит"", ""pct"": ""цөөн""}]","серицит, соссюрит, эпидот, хлорит, актинолит, тальк, карбонат; хлорит-актинолит(+тальк) бүрэн псевдоморфозууд 2.0-5.0 мм",Магнетит - ильменит - пирит; цөөн шигтгээлэг мөхлөгүүд өнгөт эрдсүүдтэй ассоциацитай,"OVD008-88.9-тэй ерөнхийдөө ижилхэн: эвэр хуурмагийн шигтгээлэг ялгарлууд (60-65%) болон офитлог, пойкилоофитлог үндсэн хэсэг. Пироксеноор үүссэн хлорит-актинолитын псевдоморфозууд эвэр хуурмагаар түрэгдсэн. Хүдрийн эрдсээс магнетит, ильменит, пиритын цөөн шигтгээлэг мөхлөг тодорхойлогдлоо.",tag,
41025,D0194,OVD007-58.2,OVD007,58.2,Петрограф008.docx,not stated in document (Khanlab per ABM 'Suggested Petro for the Oval 2024' list),,mn,Altered melanocratic microgabbro (with lenses/bands of porphyritic melanocratic gabbronorite),Хувирсан меланократ микрогаббро,"Структур: бичил панидиоморфлог, пойкилоофитлог. Текстур: линзлэг, зурваслаг. Мөхлөг: 0.1-0.5 мм","[{""mineral"": ""моноклин пироксен"", ""pct"": ""40-45""}, {""mineral"": ""хувирсан плагиоклаз"", ""pct"": ""40-45""}, {""mineral"": ""эвэр хуурмаг"", ""pct"": ""10-15""}, {""mineral"": ""пирит"", ""pct"": ""цөөн""}, {""mineral"": ""халькопирит"", ""pct"": ""1-3""}, {""mineral"": ""пирротин"", ""pct"": ""1-3""}, {""mineral"": ""ильменит"", ""pct"": ""цөөн""}, {""mineral"": ""сфен"", ""pct"": ""цөөн""}, {""mineral"": ""магнетит"", ""pct"": ""цөөн""}]","соссюрит, серицит, эпидот, хлорит, актинолит; эпигенетик: хлорит, эпидот; плагиоклаз соссюритад бүрэн хувирсан","Магнетит - ильменит - пирит - пирротин - халькопирит; хүдрийн линз, судлууд (0.3-6.0 мм) карбонат-эпидот-хлорит-актинолитын линз дотор; пирротин зонхилно (0.8-5.0 мм), халькопирит түүнийг түрж эмжээрлэнэ","Мөхлөгийн хэмжээ, эрдэслэг бүрэлдэхүүнээрээ ялгаатай 2 хэсгээс бүрдэнэ: зонхилох жижиг ширхэгтэй хувирсан меланократ микрогаббронорит болон 35-40%-ийг эзлэх шигтгээ маягийн меланократ габброноритын линз, зурвасууд. Хүдэржилтэд өртөж, хүдрийн эрдсийн бичил шигтгээ болон пирит-халькопирит-пирротины линз, судлууд аль алинд нь үүссэн.",tag,
41026,D0195,OVD007-87.8,OVD007,87.8,Петрограф008.docx,not stated in document (Khanlab per ABM 'Suggested Petro for the Oval 2024' list),,mn,Altered gabbro porphyry,Хувирсан габбро порфир,"Структур: шигтгээлэг; үндсэн хэсэг субофитлог, пойкилоофитлог, призмлэг мөхлөгт. Текстур: цул нягт. Мөхлөг: шигтгээ 0.8-1.2 мм, үндсэн хэсэг 0.1-0.8 мм","[{""mineral"": ""хувирсан плагиоклаз"", ""pct"": ""55-60""}, {""mineral"": ""эвэр хуурмаг"", ""pct"": ""35-40""}, {""mineral"": ""моноклин пироксен"", ""pct"": ""цөөн""}, {""mineral"": ""биотит"", ""pct"": ""5-8""}, {""mineral"": ""кварц"", ""pct"": ""1-3""}, {""mineral"": ""пирит"", ""pct"": ""ганц нэг""}, {""mineral"": ""халькопирит"", ""pct"": ""цөөн""}, {""mineral"": ""ильменит"", ""pct"": ""0.5""}, {""mineral"": ""магнетит"", ""pct"": ""цөөн""}]","серицит, мусковит, пелит, хлорит, актинолит, карбонат; серицит(тальк?)-хлорит-актинолитын псевдоморфозууд (0.2-0.4 мм, пироксеноор үүссэн байх магадлалтай)","Ильменит - магнетит - пирит - халькопирит; бичил цөөн мөхлөгүүд эвэр хуурмаг, биотиттой ассоциацитай","Эвэр хуурмагийн цөөн шигтгээ болон плагиоклаз, эвэр хуурмаг, биотит, кварцаас тогтсон офитлог, пойкилоофитлог, призмлэг мөхлөгт үндсэн хэсгээс бүрдэнэ. Плагиоклаз дундлаг-суурилаг найрлагатай, серицит, карбонат, хлорит, пелитэд хүчтэй хувирсан. Хүдрийн эрдсээс ильменит, магнетит, пирит, халькопиритын бичил цөөн мөхлөг тодорхойлогдсон.",tag,
41012,D0196,OVD003-155.3,OVD003,155.3,Петрограф008.docx,not stated in document (Khanlab per ABM 'Suggested Petro for the Oval 2024' list),,mn,Porphyritic fine-grained pyroxene-hornblende gabbro (altered gabbro porphyry),Шигтгээ маягийн жижиг ширхэгтэй пироксен-эвэр хуурмагт габбро (Хувирсан габбро порфир),"Структур: невадит шигтгээлэг; үндсэн хэсэг субофитлог, пойкилоофитлог, призмлэг мөхлөгт. Текстур: цул нягт. Мөхлөг: шигтгээ 1.0-5.0 мм, үндсэн хэсэг 0.1-0.9 мм","[{""mineral"": ""хувирсан плагиоклаз"", ""pct"": ""45-50""}, {""mineral"": ""эвэр хуурмаг"", ""pct"": ""35-40""}, {""mineral"": ""моноклин пироксен"", ""pct"": ""5-10""}, {""mineral"": ""биотит"", ""pct"": ""1-3""}, {""mineral"": ""пирит"", ""pct"": ""цөөн""}, {""mineral"": ""хромит"", ""pct"": ""ганц нэг""}, {""mineral"": ""ильменит"", ""pct"": ""цөөн""}, {""mineral"": ""халькопирит"", ""pct"": ""0.5""}, {""mineral"": ""магнетит"", ""pct"": ""цөөн""}, {""mineral"": ""пентландит"", ""pct"": ""цөөн""}]","серицит, хлорит, актинолит, карбонат, тальк; актинолит(+серпентин төст, тальк) бүрэн псевдоморфозууд 1.0-5.0 мм (ромбо пироксеноор үүссэн байх магадлалтай)","Магнетит - ильменит - пирит - халькопирит; шигтгээлэг мөхлөгүүд ба пирит (0.05-2.0 мм), халькопиритын (0.5-2.5 мм) линзлэг бөөгнөрөлүүд (0.8-2.5 мм); нүдээр хүдрийн линз багагүй харагдана","OVD008-88.9, OVD007-55.9 дээжүүдтэй ижил төстэй: эвэр хуурмагийн шигтгээлэг ялгарлууд (50-55%) болон офитлог, пойкилоофитлог үндсэн хэсэг. Ромбо пироксеноор үүссэн бүрэн псевдоморфозууд энэ төрлийн бараг бүх дээжид ажиглагдана. Хүдрийн эрдсээс ильменит, магнетит, халькопирит, пирит тодорхойлогдож, заримдаа 0.8-2.5 мм линзлэг бөөгнөрөл үүсгэнэ; шлиф хүдрийн эрдэс багатай хэсгээс орсон байна.",tag,
41027,D0197,OVD005-13.4,OVD005,13.4,Петрограф008.docx,not stated in document (Khanlab per ABM 'Suggested Petro for the Oval 2024' list),,mn,Fine- to medium-grained olivine-hornblende-pyroxene peridotite,Жижиг-дунд ширхэгтэй оливин-эвэр хуурмаг-пироксент перидотит,"Структур: панидиоморфлог, пойкилоофитлог. Текстур: цул нягт. Мөхлөг: 0.6-6.0 мм","[{""mineral"": ""эвэр хуурмаг"", ""pct"": ""35-40""}, {""mineral"": ""пироксен (ромбо ба моноклин)"", ""pct"": ""35-40""}, {""mineral"": ""хувирсан оливин"", ""pct"": ""5-10""}, {""mineral"": ""биотит"", ""pct"": ""5-7""}, {""mineral"": ""хувирсан плагиоклаз"", ""pct"": ""цөөн""}, {""mineral"": ""магнетит"", ""pct"": ""3-5""}, {""mineral"": ""ильменит"", ""pct"": ""цөөн""}, {""mineral"": ""хромит"", ""pct"": ""цөөн""}]","иддингсит?, серпентин, хлорит, актинолит, брусит, тальк, гидрогётит; эпигенетик: карбонат; ромбо пироксен гидрогётитийн тоосонцроор баяжиж улаан хүрэн өнгөтэй болсон; карбонатын судланцрууд 0.01-0.1 мм",Ильменит - хромит - магнетит; магнетит шигтгээлэг мөхлөг (0.1-0.3 мм) болон серпентины судланцрын дагуух тасархай бичил судлууд; сульфид тэмдэглэгдээгүй,"Хувирсан пироксен (ромбо, мон.), эвэр хуурмаг, бага хувирсан оливин, плагиоклаз, биотитоос бүрдэнэ. Ромбо пироксен хүчтэй хувирч серпентины судлуудаар зүсэгдэн, брусит, тальк, актинолитоор түрэгдсэн; оливинд торлог бичил бүтэц үүссэн. Ойсон гэрэлд ильменит, магнетит, хромит тодорхойлогдсон.",tag,
TS-2,D0198,TS-2 (ТЦ-2),,,AM_ThinSectionMongolia_Report_2024.pdf,"ThinSection Mongolia LLC (Dr. T.Oyunchimeg PhD, Dr. B.Enkhjargal PhD, Dr. B.Dolzodmaa PhD); client: Aventura Minerals LLC",2024-05-09,mn,Altered andesite,Хувирсан андезит,"Структур: цул. Текстур: порфирлог, урсгал. Мөхлөг: үндсэн хэсэг <0.1 мм, шигтгээ 2 мм хүртэл","[{""mineral"": ""плагиоклаз (шигтгээ)"", ""pct"": ""55-60""}, {""mineral"": ""өнгөт эрдсийн псевдоморф"", ""pct"": ""10-15""}, {""mineral"": ""үндсэн хэсэг"", ""pct"": ""20-25""}, {""mineral"": ""титанит"", ""pct"": ""<1""}, {""mineral"": ""циркон"", ""pct"": ""<1""}, {""mineral"": ""гематит"", ""pct"": ""<1""}, {""mineral"": ""хүдрийн эрдэс"", ""pct"": ""<1""}]",плагиоклаз эпидотжсон; өнгөт эрдэс хлоритод бүрэн хувирсан,гематит ба тодорхойлогдоогүй хүдрийн эрдэс (<1%),"Их хэмжээний фенокрист (65-75%) болон далд ширхэгт галт уулын шил, плагиоклазын микролит, багавтар кварцаас тогтсон үндсэн хэсэгтэй (20-25%). Плагиоклазын фенокристууд полисинтет ихэрлэлттэй, хэсэгчлэн эпидотжсон; өнгөт эрдсийн псевдоморфууд хлоритод бүрэн хувирсан.",label,
TS-3,D0199,TS-3 (ТЦ-3),,,AM_ThinSectionMongolia_Report_2024.pdf,"ThinSection Mongolia LLC (Dr. T.Oyunchimeg PhD, Dr. B.Enkhjargal PhD, Dr. B.Dolzodmaa PhD); client: Aventura Minerals LLC",2024-05-09,mn,Quartz-bearing amphibolite,Кварц агуулсан амфиболит,Структур: цул. Текстур: толболог. Мөхлөг: 0.5-1 мм,"[{""mineral"": ""эвэрхуурмаг"", ""pct"": ""65-70""}, {""mineral"": ""плагиоклаз"", ""pct"": ""15-20""}, {""mineral"": ""кварц"", ""pct"": ""5-10""}, {""mineral"": ""апатит"", ""pct"": ""<1""}, {""mineral"": ""хүдрийн эрдэс"", ""pct"": ""<1""}]",эвэрхуурмаг хэсэгчлэн актинолитод хувирсан,зөв хэлбэртэй хүдрийн эрдсийн цөөн мөхлөг (0.05 мм хүртэл) эвэрхуурмагтай хамааралтай,"Жижиг мөхлөгт кварц агуулсан амфиболит; зонхилох эвэрхуурмаг, багавтар плагиоклаз, кварцаас бүрдэнэ. Эвэрхуурмаг цайвар ногоон өнгөтэй нь бага температурын фацыг илэрхийлж байна.",label,
TS-4,D0200,TS-4 (ТЦ-4),,,AM_ThinSectionMongolia_Report_2024.pdf,"ThinSection Mongolia LLC (Dr. T.Oyunchimeg PhD, Dr. B.Enkhjargal PhD, Dr. B.Dolzodmaa PhD); client: Aventura Minerals LLC",2024-05-09,mn,Altered andesite,Хувирсан андезит,"Структур: порфирлог, микролитлог. Текстур: цул нягт. Мөхлөг: порфир 0.5-1.0 мм, үндсэн хэсэг 0.1-0.3 мм","[{""mineral"": ""плагиоклаз"", ""pct"": ""60-65""}, {""mineral"": ""галт уулын шил"", ""pct"": ""20-25""}, {""mineral"": ""хувирсан эвэр хуурмаг"", ""pct"": ""10-15""}, {""mineral"": ""кварц"", ""pct"": ""0-5""}, {""mineral"": ""апатит"", ""pct"": null}, {""mineral"": ""хүдрийн эрдэс"", ""pct"": null}]","серицит, карбонат (плагиоклаз); хлорит (эвэр хуурмаг, галт уулын шил); хоёрдогч хлорит, карбонат, серицит","үндсэн хэсэгт зөв бус, изометрлэг хэлбэртэй хүдрийн эрдсүүд (акцессор)",Плагиоклазын порфир шигтгээ (10-15%) болон микролитлог үндсэн хэсгээс (85-90%) тогтоно. Галт уулын шил хлорит болон хүдрийн бичил агрегатад бүрэн задран хувирсан; эвэр хуурмаг хлоритоор бүрэн түрэгдсэн ч хэлбэрээ хадгалсан.,label,
TS-5,D0201,TS-5 (ТЦ-5),,,AM_ThinSectionMongolia_Report_2024.pdf,"ThinSection Mongolia LLC (Dr. T.Oyunchimeg PhD, Dr. B.Enkhjargal PhD, Dr. B.Dolzodmaa PhD); client: Aventura Minerals LLC",2024-05-09,mn,Carbonate-altered basalt,Карбонатжиж хувирсан базальт,Структур: афирлаг. Текстур: цул нягт. Мөхлөг: 0.5-1.0 мм,"[{""mineral"": ""плагиоклаз"", ""pct"": ""65-70""}, {""mineral"": ""клинопироксен (авгит)"", ""pct"": ""20-25""}, {""mineral"": ""эвэр хуурмаг"", ""pct"": ""10-15""}, {""mineral"": ""галт уулын шил"", ""pct"": null}, {""mineral"": ""хүдрийн эрдэс"", ""pct"": ""5-10""}]","серицит, эпидот (плагиоклаз); хлорит (эвэр хуурмаг, шил); хоёрдогч хлорит, актинолит, эпидот, серицит; эрчимтэй карбонатын хувирал","хүдрийн эрдсийн жижиг мөхлөгүүд үндсэн хэсэгт жигд тархацтай, элбэг (5-10%)","Эмх замбараагүй байрласан плагиоклазын лейст, призмлэг клинопироксен (авгит, CNg=38-40°), хувирсан эвэр хуурмаг, хлоритжсон галт уулын шилээс тогтоно. Базальтад карбонатын хувирал эрчимтэй тогтоогдоно.",label,
TS-6,D0202,TS-6 (ТЦ-6),,,AM_ThinSectionMongolia_Report_2024.pdf,"ThinSection Mongolia LLC (Dr. T.Oyunchimeg PhD, Dr. B.Enkhjargal PhD, Dr. B.Dolzodmaa PhD); client: Aventura Minerals LLC",2024-05-09,mn,Felsic (acid) subvolcanic rock,Хүчиллэг найрлагатай субвулканит,"Структур: цул. Текстур: порфирлог. Мөхлөг: үндсэн хэсэг <0.05 мм, шигтгээ 1 мм хүртэл","[{""mineral"": ""плагиоклаз (шигтгээ)"", ""pct"": ""10-15""}, {""mineral"": ""калийн хээрийн жонш (шигтгээ)"", ""pct"": ""10-15""}, {""mineral"": ""кварц (шигтгээ)"", ""pct"": ""10-15""}, {""mineral"": ""мусковит"", ""pct"": ""0-5""}, {""mineral"": ""үндсэн хэсэг"", ""pct"": ""45-50""}]","плагиоклаз сулавтар серицитжсэн; КХЖ хэсэгчлэн карбонат, шаварлаг хувиралд автсан",,"Плагиоклаз, калийн хээрийн жонш, кварц, мусковитын фенокристууд болон кварц-КХЖ-плагиоклаз-серицитийн жижиг мөхлөгт үндсэн хэсгээс тогтоно. Энгийн нүдээр улбар шаргал өнгөтэй, фенокристууд ялгаран харагдана.",label,
TS-7,D0203,TS-7 (ТЦ-7),,,AM_ThinSectionMongolia_Report_2024.pdf,"ThinSection Mongolia LLC (Dr. T.Oyunchimeg PhD, Dr. B.Enkhjargal PhD, Dr. B.Dolzodmaa PhD); client: Aventura Minerals LLC",2024-05-09,mn,Rhyolite porphyry (dacite porphyry in fig. captions),Риолит порфир,"Структур: порфирлог, гломеропорфирлог; үндсэн хэсэг фельзитлэг, гранофирлог. Текстур: цул нягт. Мөхлөг: порфир 0.5-3.75 мм, үндсэн хэсэг 0.02-0.2 мм","[{""mineral"": ""плагиоклаз (олигоклаз №27-29)"", ""pct"": ""35-40""}, {""mineral"": ""калийн хээрийн жонш"", ""pct"": ""20-25""}, {""mineral"": ""кварц"", ""pct"": ""20-25""}, {""mineral"": ""биотит"", ""pct"": ""10-15""}, {""mineral"": ""апатит"", ""pct"": null}, {""mineral"": ""хүдрийн эрдэс"", ""pct"": null}]","пелит, серицит, карбонат (плагиоклаз); пелит (КХЖ); серицит, хлорит, мусковит, төмрийн усан исэл (биотит)","акцессор хүдрийн эрдэс — зөв бус, изометрлэг, тэгш өнцөгт хэлбэртэй","Хувирсан өнгөт эрдэс, плагиоклаз, КХЖ, кварцын порфирууд (35-40%) болон фельзитлэг, бичил мөхлөгт үндсэн хэсгээс (60-65%) тогтоно; кварц-КХЖ гранофир ургалттай. Биотит төмрийн усан исэл ялгаруулан мусковит, хлоритоор эрчимтэй түрэгдсэн; КХЖ гломеропорфирлог бөөгнөрөл үүсгэнэ.",label,
DEEJ-2,D0204,Дээж-2,,,AM_ThinSectionMongolia_Report_2024.pdf,"ThinSection Mongolia LLC (Dr. T.Oyunchimeg PhD, Dr. B.Enkhjargal PhD, Dr. B.Dolzodmaa PhD); client: Aventura Minerals LLC",2024-05-09,mn,Phyllite,Филлит,"Структур: филлитлэг, цементийн төрөл базаль; цул. Текстур: сулавтар занарлаг; хүдрийн эрдэс шигтгээлэг, толболог. Мөхлөг: 0.1 мм (хүдрийн эрдэс 1 мм хүртэл)","[{""mineral"": ""цемент (нийт)"", ""pct"": ""75-80""}, {""mineral"": ""шаварлаг эрдэс (цементэд)"", ""pct"": ""50-55""}, {""mineral"": ""серицит (цементэд)"", ""pct"": ""10-15""}, {""mineral"": ""карбонат (цементэд)"", ""pct"": ""5-10""}, {""mineral"": ""хлорит (цементэд)"", ""pct"": ""25-30""}, {""mineral"": ""хэмхдэс (нийт)"", ""pct"": ""20-25""}, {""mineral"": ""кварц (хэмхдэст)"", ""pct"": ""40-45""}, {""mineral"": ""плагиоклаз (хэмхдэст)"", ""pct"": ""5-10""}, {""mineral"": ""серицит (хэмхдэст)"", ""pct"": ""30-35""}, {""mineral"": ""халькопирит"", ""pct"": ""0-5""}, {""mineral"": ""гётит"", ""pct"": ""5-10""}]","серицит, хлорит, карбонатын хувирал; лейкоксен занаржилтын үеийн дагуу","халькопирит үелэлийн дагуу 1 мм хүртэл шигтгээлэг, толболог мөхлөг; захаасаа гётитод хэсэгчлэн түрэгдсэн; гётит толболог, түрэлтийн текстуртай","Их хэмжээний хувирсан цемент (75-80%) болон багавтар хэмхдэсээс тогтоно. Цемент нь шаварлаг эрдэс, кварц, серицит-хлоритын ялтас, лейкоксентэй; хлорит-серицитийн хайрсууд сулавтар занарлаг текстур үүсгэнэ. Халькопирит үелэлийн дагуу тааралдаж, захаасаа гётитод түрэгдсэн.",label,
DEEJ-3,D0205,Дээж-3,,,AM_ThinSectionMongolia_Report_2024.pdf,"ThinSection Mongolia LLC (Dr. T.Oyunchimeg PhD, Dr. B.Enkhjargal PhD, Dr. B.Dolzodmaa PhD); client: Aventura Minerals LLC",2024-05-09,mn,Phyllite,Филлит,"Структур: филлитлэг, цементийн төрөл базаль; цул. Текстур: сулавтар занарлаг; хүдрийн эрдэс шигтгээлэг, толболог. Мөхлөг: 0.2 мм (хүдрийн эрдэс 1.2 мм хүртэл)","[{""mineral"": ""цемент (нийт)"", ""pct"": ""65-70""}, {""mineral"": ""шаварлаг эрдэс (цементэд)"", ""pct"": ""50-55""}, {""mineral"": ""серицит (цементэд)"", ""pct"": ""10-15""}, {""mineral"": ""карбонат (цементэд)"", ""pct"": ""10-15""}, {""mineral"": ""хлорит (цементэд)"", ""pct"": ""20-25""}, {""mineral"": ""хэмхдэс (нийт)"", ""pct"": ""30-35""}, {""mineral"": ""кварц (хэмхдэст)"", ""pct"": ""40-45""}, {""mineral"": ""плагиоклаз (хэмхдэст)"", ""pct"": ""0-5""}, {""mineral"": ""серицит (хэмхдэст)"", ""pct"": ""30-35""}, {""mineral"": ""халькопирит"", ""pct"": ""0-5""}, {""mineral"": ""гётит"", ""pct"": ""10-15""}]","серицит, хлорит, карбонатын хувирал; лейкоксен занаржилтын үеийн дагуу","халькопирит үелэлийн дагуу 1.2 мм хүртэл шигтгээлэг мөхлөг, захаасаа гётитод түрэгдсэн; гётит түрэлтийн болон толболог текстуртай, халькопиритыг түрж хоёрдогчоор үүссэн",Хувирсан цемент (65-70%) болон кварц давамгайлсан хэмхдэсээс (30-35%) тогтоно. Хэмхдэсийн кварц (0.2 мм хүртэл) нэг чиглэлтэй байрлаж сулавтар занарлаг текстурыг илэрхийлнэ. Халькопирит гётитод түрэгдсэн.,label,
C-1,D0206,С-1,,,2023-08-06-2 шлиф.pdf,Л.Жаргал PhD (order Зах-2023/01),2023-08-06,mn,Strongly mineralized quartz-sericite schist,Хүчтэй хүдэржсэн кварц-серицитэт занар,Структур: микрогранолепидобласт. Текстур: занарлаг. Мөхлөг: 0.2 мм хүртэл,"[{""mineral"": ""кварц"", ""pct"": ""35-40""}, {""mineral"": ""серицит"", ""pct"": ""50""}, {""mineral"": ""хүдрийн эрдэс"", ""pct"": ""10-15""}, {""mineral"": ""төмрийн усан исэл"", ""pct"": null}]","цахиржилт (эпигенетик кварцын судал, линз 0.2-1.6 мм); төмрийн усан ислээр түрэгдсэн","хүдрийн эрдсүүд 10-15%: кварц-серицит масс дээр жигд сарнисан ялтаслаг, хайрслаг мөхлөг (0.008-0.2 мм) ба кварцын судалтай хамт дөрвөлжиндүү, тэгш өнцөгт мөхлөг (0.03-0.5 мм); төмрийн усан ислээр түрэгдсэн бололтой","Чулуулаг хүчтэй хүдэржих, бага зэрэг цахиржих процессуудад өртөгджээ. Кварцын гранобластлаг, серицитийн лепидобласт мөхлөгүүдээс тогтож, занаржилтын дагуу кварцын судал, линз ялгарна. Хүдрийн эрдсүүд нэвтэрсэн гэрэлд улаан хүрэн өнгө өгч байгаа нь төмрийн усан ислээр түрэгдсэнийг илтгэнэ.",label,
C-2,D0207,С-2,,,2023-08-06-2 шлиф.pdf,Л.Жаргал PhD (order Зах-2023/01),2023-08-06,mn,Mineralized sericite-quartz schist,Хүдэржсэн серицит-кварцат занар,Структур: микролепидогранобласт. Текстур: сулавтар занарлаг. Мөхлөг: 0.8 мм хүртэл,"[{""mineral"": ""кварц"", ""pct"": ""70""}, {""mineral"": ""серицит"", ""pct"": ""20-25""}, {""mineral"": ""хүдрийн эрдэс"", ""pct"": ""5-10""}, {""mineral"": ""төмрийн усан исэл"", ""pct"": null}]","кварц 2 генерациар үүссэн (линз, зурвас маягийн бөөгнөрөл 0.2-0.8 мм)","хүдрийн эрдсүүд 5-10%: серицит, мусковиттой ассоциацитай ялтаслаг, хайрслаг агрегат (0.006-0.04 мм) болон бичил шигтгээ маягийн томоохон мөхлөг (0.04-0.3 мм)","Кварц, серицитийн мөхлөгүүдээс бүрдэж, микролепидогранобласт структур, сулавтар занарлаг текстуртай. Хүдрийн эрдсүүд серициттэй ассоциаци үүсгэн жигд сарнисан.",label,
40763,D0208,40763,OVD008,84.5,2023-06-20-3 thin sections.pdf,Л.Жаргал PhD (client: Рагнарок инвестмент ХХК / Ragnarok Investment LLC; order Зах-2023/01),2023-06-20,mn,Strongly altered fine- to medium-grained olivine-amphibole gabbro (melanocratic gabbro),Хүчтэй хувирсан жижиг-дунд мөхлөгт оливин-амфиболт габбро (меланократ габбро),"Структур: гипидиоморф, хэсэгчлэн пойкилоофит, венц. Текстур: цул нягт. Мөхлөг: 0.4-3.0 мм","[{""mineral"": ""плагиоклаз"", ""pct"": ""25-30""}, {""mineral"": ""амфибол"", ""pct"": ""40-45""}, {""mineral"": ""оливин"", ""pct"": ""10-15""}, {""mineral"": ""биотит"", ""pct"": ""5""}, {""mineral"": ""пироксен"", ""pct"": ""цөөн""}, {""mineral"": ""хүдрийн эрдэс"", ""pct"": ""10-15""}, {""mineral"": ""апатит"", ""pct"": ""ховор""}]","серицит, төмрийн усан исэл, хлорит, актинолит, карбонат, соссюрит, тальк(?), серпентин; оливин серпентинээр түрэгдсэн",хүдрийн эрдэс 10-15%: шигтгээ маягийн ялгарлууд болон оливины ан цаваар судал,"Маш хүчтэй метаморф хувиралд орсон; плагиоклаз, амфибол, оливин, бага биотит, ховор пироксенээс тогтоно. Оливин амфиболоор түрэгдэн реликтээр агуулагдаж венц маягийн структур үүсгэсэн; ан цаваар нь серпентин, хүдрийн эрдэс үүссэн.",tag,
40900,D0209,40900,OVD001,56.8,2023-06-20-3 thin sections.pdf,Л.Жаргал PhD (client: Рагнарок инвестмент ХХК / Ragnarok Investment LLC; order Зах-2023/01),2023-06-20,mn,Altered fine- to medium-grained biotite-amphibole gabbro,Хувирсан жижиг-дунд мөхлөгт биотит-амфиболт габбро,Структур: гипидиоморф. Текстур: цул нягт. Мөхлөг: 0.5-2.6 мм,"[{""mineral"": ""хувирсан плагиоклаз"", ""pct"": ""45-50""}, {""mineral"": ""амфибол"", ""pct"": ""30""}, {""mineral"": ""биотит"", ""pct"": ""10-15""}, {""mineral"": ""пироксен"", ""pct"": ""5""}, {""mineral"": ""оливин"", ""pct"": ""цөөн""}, {""mineral"": ""хүдрийн эрдэс"", ""pct"": ""5""}, {""mineral"": ""апатит"", ""pct"": ""ховор""}]","серицит, актинолит, төмрийн усан исэл, соссюрит, хлорит, карбонат, серпентин; плагиоклаз бүрэн хлорит-серицитэд хувирсан",хүдрийн эрдэс 5%: голчлон өнгөт эрдсүүдтэй ассоциацитай,"Хүчтэй метаморф хувиралд өртсөн; хувирсан плагиоклаз, амфибол, биотит, бага пироксен, ховор оливиноос тогтоно. Амфибол пироксен, оливиныг түрж реликт мөхлөгүүдийг нь агуулна; биотит хлорит, мусковитоор түрэгджээ.",tag,
40913,D0210,40913,OVD001,68.0,2023-06-20-3 thin sections.pdf,Л.Жаргал PhD (client: Рагнарок инвестмент ХХК / Ragnarok Investment LLC; order Зах-2023/01),2023-06-20,mn,"Mineralized, altered fine- to medium-grained biotite-bearing alkaline-affinity diorite (with diorite porphyry contact in section)","Хүдэржиж, хувирсан жижиг-дунд мөхлөгт биотитот шүлтлэгдүү диорит","Структур: гипидиоморф (диорит порфир хэсэг: шигтгээлэг, микрозернист-микрогипидиоморф үндсэн хэсэгтэй). Текстур: цул нягт. Мөхлөг: 0.4-2.0 мм","[{""mineral"": ""плагиоклаз"", ""pct"": ""40""}, {""mineral"": ""биотит"", ""pct"": ""10-15""}, {""mineral"": ""калийн хээрийн жонш"", ""pct"": ""5""}, {""mineral"": ""кварц"", ""pct"": ""5""}, {""mineral"": ""хүдрийн эрдэс"", ""pct"": ""35-40""}, {""mineral"": ""лейкоксенжсэн сфен"", ""pct"": ""ховор""}]","хлорит, серицит, төмрийн усан исэл, соссюрит, карбонат, шаварлаг эрдэс; эпигенетик карбонатын судал; биотит хлоритод бүрэн псевдоморфоз үүсгэсэн","хүдрийн эрдэс 35-40% (semi-massive): зурвас, бичил шигтгээ, толбо маягийн ургалт; хүдрийн зурвасууд карбонатын хялгасан судлаар зүсэгдсэн","Шлифийн талбайд шүлтлэгдүү диорит ба диорит порфирын зааг оржээ. Плагиоклаз карбонат, серицит, хлоритоор түрэгдэж, захаасаа КХЖ-оор түрэгдсэн; кварц КХЖ-той микропегматит маягийн ургалттай. Хүдрийн эрдэс чулуулгийн 35-40%-ийг эзэлж, зурвас, шигтгээ, толбо маягаар үүссэн.",tag,
42807,D0211,SC04@168.3m,SC04,168.3,Asian Battery Metals March 2025 The Oval Summary Report.pdf,"Dr Anthony J Crawford, A & A Crawford Geological Research Consultants",2025-03-29,en,"Foliated, pyritic, fine-grained variolitic metabasalt",,foliated; variolitic (rounded/ovoid sericite bodies 0.2-0.6mm),"[{""mineral"": ""quartz-chlorite-sericite intergrowth"", ""pct"": null}, {""mineral"": ""leucoxene (streaks to 4mm)"", ""pct"": null}, {""mineral"": ""pyrite"", ""pct"": ""3-5""}]","complete recrystallization: quartz, chlorite, sericite; leucoxene streaks along foliation","fine-grained euhedral pyrite to ~0.5mm (~3-5%) arrayed along foliation, late kinematic, overgrows leucoxene trails","A foliated, pyritic, fine-grained variolitic metabasalt with no trace of the protolith mineralogy preserved. Irregularly distributed 0.2-0.6mm rounded sericite bodies are thought to represent varioles, not altered phenocrysts. Euhedral pyrite crystals (~3-5%) along the foliation are late kinematic.",hole+depth,
42808,D0212,SC04@171.0m,SC04,171.0,Asian Battery Metals March 2025 The Oval Summary Report.pdf,"Dr Anthony J Crawford, A & A Crawford Geological Research Consultants",2025-03-29,en,"Fine-grained, sparsely olivine-phyric, weakly vesicular metabasalt",,sparsely olivine-phyric; weakly vesicular (spheroidal vesicles 0.5-1mm filled by calcite and quartz); quench plagioclase texture; no foliation,"[{""mineral"": ""quench plagioclase"", ""pct"": null}, {""mineral"": ""chlorite (after pyroxene, olivine)"", ""pct"": null}, {""mineral"": ""titanite (after FeTi oxides)"", ""pct"": null}, {""mineral"": ""former olivine phenocrysts"", ""pct"": ""1-2""}, {""mineral"": ""pyrite"", ""pct"": ""1-2""}]",chlorite after former pyroxenes and olivine phenocrysts; calcite-quartz vesicle fill and fractures; titanite after FeTi oxides,~1-2% disseminated pyrite cubes to 2mm; some vesicles cored by a single pyrite crystal,"A fine-grained, sparsely olivine-phyric, weakly vesicular metabasalt with ~1-2% disseminated pyrite cubes to 2mm. Former euhedral olivine phenocrysts (1-2%, to ~1mm) are replaced by chlorite. Lacks the foliation evident in the rock only 3m higher in this drillhole.",hole+depth,
SC04@280.7,D0213,SC04@280.7m,SC04,280.7,Asian Battery Metals March 2025 The Oval Summary Report.pdf,"Dr Anthony J Crawford, A & A Crawford Geological Research Consultants",2025-03-29,en,Relatively fine-grained hornblende gabbro (possible near-chilled margin candidate),,intergrowth of blocky mm-sized euhedral plagioclase and hornblende; excellent textural preservation,"[{""mineral"": ""plagioclase"", ""pct"": ""~60""}, {""mineral"": ""hornblende"", ""pct"": ""35-40""}, {""mineral"": ""FeTi oxides (<0.2mm, altered)"", ""pct"": ""2-4""}, {""mineral"": ""olivine (chloritized phenocrysts)"", ""pct"": ""<<1""}, {""mineral"": ""interstitial quartz+Kspar+sodic plagioclase+apatite"", ""pct"": ""1-2""}]",plagioclase replaced by sericite + microcrystalline epidote; hornblende replaced by chlorite + epidote (occasional fresh brown cores); olivine to yellowish chlorite,sparse disseminated pyrite and sub-0.2mm spots of chalcopyrite,"A relatively fine-grained hornblende gabbro with excellent textural preservation, largely blocky mm-sized plagioclase (~60%) and hornblende (35-40%), mostly euhedral but extensively altered. With 274ppm Cr, 21.4ppm Sc and 2.0ppm Th it is very close to OVD007@87.8m and is another possible near-chilled margin candidate.",hole+depth,
40910,D0214,OVD002@37m,OVD002,37.0,Asian Battery Metals March 2025 The Oval Summary Report.pdf,"Dr Anthony J Crawford, A & A Crawford Geological Research Consultants",2025-03-29,en,Mineralized hornblende+phlogopite-bearing olivine gabbro,,"olivine inclusions in larger brown hornblende; plagioclase in interstitial clots, occasionally subophitic in hornblende","[{""mineral"": ""olivine (entirely altered, to 1mm)"", ""pct"": ""~10""}, {""mineral"": ""brown hornblende"", ""pct"": null}, {""mineral"": ""tan phlogopite (~1mm plates)"", ""pct"": null}, {""mineral"": ""plagioclase (prismatic)"", ""pct"": null}, {""mineral"": ""FeTi oxides"", ""pct"": ""1-2""}]",olivine to extremely fine-grained talc; plagioclase cores to chlorite + yellow-green epidote; hornblende locally with fibrous actinolite margins; phlogopite partly chloritized,"0.5-1cm sulfidic patches: pyrrhotite with pentlandite and chalcopyrite patches (~10% each of patch), or pyrrhotite largely replaced by pitted pyrite and fine-grained magnetite with chalcopyrite patches; shapes indicate re-organization from an original magmatic disposition","A mineralized hornblende+phlogopite-bearing olivine gabbro with ~10% entirely altered olivine crystals often included in larger brown hornblendes. The rock is an intergrowth of brown hornblende, tan phlogopite and abundant prismatic plagioclase. Sulfidic patches 0.5-1cm are pyrrhotite-dominated with pentlandite and chalcopyrite, locally replaced by pitted pyrite and magnetite.",tag,
41012,D0215,OVD003@155.3m,OVD003,155.3,Asian Battery Metals March 2025 The Oval Summary Report.pdf,"Dr Anthony J Crawford, A & A Crawford Geological Research Consultants",2025-03-29,en,Olivine-bearing hornblende gabbro,,"brown hornblende crystals (1-2mm) poikilitically host plagioclase laths, augite and talc-altered olivines; strongly zoned plagioclase prisms in interstitial domains","[{""mineral"": ""olivine (euhedral, talc-replaced)"", ""pct"": ""10-12""}, {""mineral"": ""brown hornblende (dominant)"", ""pct"": null}, {""mineral"": ""plagioclase"", ""pct"": null}, {""mineral"": ""augite (fresh, colourless)"", ""pct"": null}, {""mineral"": ""apatite (acicular, occasional)"", ""pct"": null}, {""mineral"": ""FeTi oxides (bladed, very minor)"", ""pct"": null}]",olivine entirely replaced by talc; interstitial chlorite/talc,"sulfides restricted to a few sub-mm spots of pyrrhotite altered to pitted pyrite, with minor chalcopyrite and pentlandite","An olivine-bearing hornblende gabbro with ~10-12% euhedral olivine crystals now entirely replaced by talc, dispersed through a hornblende+plagioclase-dominated framework. Brown hornblendes poikilitically host plagioclase laths, fresh augite and altered olivines. Sulfides are restricted to a few sub-mm pyrite-altered pyrrhotite spots.",tag,
OVD003@202,D0216,OVD003@202m,OVD003,202.0,Asian Battery Metals March 2025 The Oval Summary Report.pdf,"Dr Anthony J Crawford, A & A Crawford Geological Research Consultants",2025-03-29,en,Intensely hydrothermally altered and brecciated protomylonite (protolith probably olivine-hornblende gabbro),,interfingering microlithons to 5cm with different textures; brecciated,"[{""mineral"": ""chlorite"", ""pct"": null}, {""mineral"": ""carbonate"", ""pct"": null}, {""mineral"": ""leucoxene + Fe oxy-hydroxides"", ""pct"": null}, {""mineral"": ""relict plagioclase clusters"", ""pct"": null}]",texturally destructive carbonate and carbonate-chlorite bands; irregular web of fine-grained dark leucoxene and Fe oxy-hydroxides,a few trails of tiny chalcopyrite grains preserved; relatively sulfide-poor,An intensely hydrothermally altered and brecciated protomylonite with very limited evidence that the protolith was an olivine-hornblende gabbro. Interfingering microlithons to 5cm show different textures and alteration assemblages. Only a few trails of tiny chalcopyrite grains are preserved.,label,"COVERAGE G1 (v1.1): joined to the sample row created for this thin section; untagged Crawford extra suggestion (low-MgO gabbro), no register entry exists for it"
41027,D0217,OVD005@13.4m,OVD005,13.4,Asian Battery Metals March 2025 The Oval Summary Report.pdf,"Dr Anthony J Crawford, A & A Crawford Geological Research Consultants",2025-03-29,en,"Texturally well preserved, medium-grained olivine hornblendite",,"rounded olivine crystals to ~3mm, many included in brown hornblende; hornblende overgrowths on olivine, zoned to green margins","[{""mineral"": ""olivine (serpentinized, to smectite)"", ""pct"": ""25-30""}, {""mineral"": ""brown hornblende (dominant)"", ""pct"": null}, {""mineral"": ""augite (occasional, fresh)"", ""pct"": null}, {""mineral"": ""phlogopite (pale brown, to 2mm)"", ""pct"": null}]",olivine serpentinized then largely altered to brown smectite clays; phlogopite locally replaced by bright green fuchsite; actinolite fringes on hornblende; spots and veinlets of pale carbonate,sulfide-free,"A texturally well preserved, medium-grained olivine hornblendite in which all olivine has been serpentinized and subsequently largely altered to brown smectite clays. Rounded olivines to ~3mm make up ~25-30%, many included in brown hornblende. The rock is sulfide-free.",tag,
40628,D0218,OVD005@40.5m,OVD005,40.5,Asian Battery Metals March 2025 The Oval Summary Report.pdf,"Dr Anthony J Crawford, A & A Crawford Geological Research Consultants",2025-03-29,en,Probably a sulfide-bearing hornblende-olivine gabbro or hornblendite (section too thin for confident diagnosis),,,"[{""mineral"": ""hornblende (relict cleavages)"", ""pct"": null}, {""mineral"": ""serpentine/clay after olivine"", ""pct"": null}, {""mineral"": ""intercumulus sulfide"", ""pct"": ""~15""}]",serpentine/clay after interpreted olivine,"intercumulus sulfide ~15% of the thin section; carbon coating (from electron probe microanalysis) precludes confident diagnosis, most appears to be pyrrhotite","Very little rock is preserved on this slide and what is there is too thin for detailed petrographic assessment. Almost certainly a sulfide-bearing hornblende-olivine gabbro or hornblendite similar to 13.4m, strongly supported by near-identical wholerock analyses. Intercumulus sulfide makes up ~15% of the section, mostly pyrrhotite.",tag,"Crawford 2025 caveat: section far too thin — very little rock preserved, diagnosis provisional"
40635,D0219,OVD005@53.0m,OVD005,53.0,Asian Battery Metals March 2025 The Oval Summary Report.pdf,"Dr Anthony J Crawford, A & A Crawford Geological Research Consultants",2025-03-29,en,Lithology essentially identical to OVD005@40.5m (section too thin for confident diagnosis),,,"[{""mineral"": ""intercumulus brown hornblende"", ""pct"": null}, {""mineral"": ""brown smectite + chlorite (possibly after cumulus olivine)"", ""pct"": null}]",brown smectite and almost colourless chlorite possibly after former cumulus olivines,few sulfidic spots of pyrrhotite and chalcopyrite,"Another far too-thin section with little useful material, but the wholerock analysis shows impressive similarities to the 40.5m interval, suggesting essentially identical lithologies. Intercumulus brown hornblende is still evident; some hornblende grains host small plagioclase prisms.",tag,Crawford 2025 caveat: another far too-thin section with little useful material
40645,D0220,OVD005@71.0m,OVD005,71.0,Asian Battery Metals March 2025 The Oval Summary Report.pdf,"Dr Anthony J Crawford, A & A Crawford Geological Research Consultants",2025-03-29,en,"Poikilitic-textured hornblende-bearing olivine gabbro transitional to olivine-bearing hornblendite, cut by a broad band of skarnoid alteration",,"poikilitic: brown hornblendes to 3mm host talc-altered rounded olivines, fresh augite and plagioclase laths","[{""mineral"": ""brown hornblende"", ""pct"": null}, {""mineral"": ""olivine (talc-altered, rounded)"", ""pct"": null}, {""mineral"": ""augite (fresh, 0.2-0.5mm)"", ""pct"": null}, {""mineral"": ""plagioclase (stout clusters)"", ""pct"": null}]","patchy carbonate; tapering skarnoid band to ~1cm: fine-grained augite + microcrystalline epidote margins, inner prehnite + calcite patches with blocky green actinolite and euhedral titanite — style unique among the 38 samples studied","discontinuous trail of 1-3mm sulfide grains with chloritic haloes, dominant pyrrhotite with a few smaller chalcopyrite patches","A poikilitic-textured hornblende-bearing olivine gabbro transitional to the olivine-bearing hornblendites, with less olivine and more augite, cut by a broad band of skarnoid alteration reaching almost 1cm wide. The skarnoid band has fine-grained augite-epidote margins and inner prehnite-calcite patches with actinolite and titanite. A discontinuous trail of 1-3mm pyrrhotite-dominant sulfide grains has chloritic haloes.",tag,
41011,D0221,OVD007@50.0m,OVD007,50.0,Asian Battery Metals March 2025 The Oval Summary Report.pdf,"Dr Anthony J Crawford, A & A Crawford Geological Research Consultants",2025-03-29,en,Well preserved olivine hornblende orthocumulate,,orthocumulate; cuspate intercumulus brown hornblende to 3mm poikilitically enclosing plagioclase laths and rounded olivines,"[{""mineral"": ""olivine (rounded, to 2mm, fresh/partly fresh)"", ""pct"": ""45-50""}, {""mineral"": ""intercumulus brown hornblende (abundant)"", ""pct"": null}, {""mineral"": ""augite (colourless, common)"", ""pct"": null}, {""mineral"": ""phlogopite (pale brown, to 2mm)"", ""pct"": null}, {""mineral"": ""plagioclase (stout laths to 1mm)"", ""pct"": null}, {""mineral"": ""chromite (occasional small crystals)"", ""pct"": null}, {""mineral"": ""sulfide"", ""pct"": ""~2""}]","narrow dark serpentine-magnetite bands along olivine fractures; some plagioclase to microcrystalline epidote, sericite, pale carbonate; biotite to chlorite","~2% sulfide in primary magmatic sites as cuspate intercumulus grains to 3mm, pyrrhotite-dominated with common chalcopyrite and pentlandite patches","A well preserved olivine hornblende orthocumulate with ~45-50% rounded olivines to 2mm, many fresh or partly fresh. Abundant intercumulus brown hornblende occurs as cuspate grains to 3mm poikilitically enclosing plagioclase laths and rounded olivines. About 2% sulfide occupies primary magmatic intercumulus sites, pyrrhotite-dominated with chalcopyrite and pentlandite patches.",tag,
41031,D0222,OVD007@55.9m,OVD007,55.9,Asian Battery Metals March 2025 The Oval Summary Report.pdf,"Dr Anthony J Crawford, A & A Crawford Geological Research Consultants",2025-03-29,en,Ophitic-textured hornblende biotite gabbro,,ophitic; mm-sized fresh brown hornblendes with plagioclase prism inclusions; strong zoning to greenish rims,"[{""mineral"": ""brown hornblende (common, fresh)"", ""pct"": null}, {""mineral"": ""plagioclase"", ""pct"": null}, {""mineral"": ""biotite (tan, fresh to partly chloritized)"", ""pct"": null}, {""mineral"": ""olivine (talc-altered)"", ""pct"": ""<5""}, {""mineral"": ""augite (fresh cores in larger hornblendes)"", ""pct"": null}, {""mineral"": ""FeTi oxides (fresh, sub-0.5mm)"", ""pct"": ""<1""}, {""mineral"": ""apatite (acicular, common)"", ""pct"": null}]",partial sericitization of plagioclase; partial chloritization of biotite; talc after olivine,sulfides restricted to a few tiny spots of pyrite-altered pyrrhotite and chalcopyrite,"An ophitic-textured hornblende biotite gabbro in which the common mm-sized brown hornblendes are fresh and commonly contain small plagioclase prisms. Olivines (<5%, talc-altered) are included within brown hornblendes. Note: the analyst was unsure the provided core photo matches the thin section.",tag,Crawford 2025 caveat: the analyst was unsure the provided core photo matches the thin section
41025,D0223,OVD007@58.2m,OVD007,58.2,Asian Battery Metals March 2025 The Oval Summary Report.pdf,"Dr Anthony J Crawford, A & A Crawford Geological Research Consultants",2025-03-29,en,Vari-textured gabbro (texturally complex),,broad fine-grained augite-plagioclase bands to ~1cm hosting coarser leucogabbroic pockets to 1cm+; late chlorite-filled vugs in some pockets,"[{""mineral"": ""augite"", ""pct"": null}, {""mineral"": ""plagioclase (largely replaced by microcrystalline epidote in fine bands)"", ""pct"": null}, {""mineral"": ""pale brown-green hornblende (in coarse pockets)"", ""pct"": null}, {""mineral"": ""FeTi oxides (altered)"", ""pct"": ""1-2""}, {""mineral"": ""quartz + titanite + chlorite (minor interstitial)"", ""pct"": null}]",plagioclase almost entirely replaced by murky microcrystalline epidote in fine-grained bands; chlorite and carbonate patches and late veinlets,6-8mm-wide sulfidic band largely pyrrhotite with ~10% chalcopyrite and slightly less pentlandite; discontinuous narrow pyrite band separates a plagioclase-rich band from the sulfide bands,"A bizarre, texturally complex rock probably best broadly termed a vari-textured gabbro, with fine-grained augite-plagioclase bands hosting coarser-grained leucogabbroic pockets. A 6-8mm-wide sulfidic band composed largely of pyrrhotite with ~10% chalcopyrite and slightly less pentlandite occurs within a plagioclase-dominant domain.",tag,
41026,D0224,OVD007@87.8m,OVD007,87.8,Asian Battery Metals March 2025 The Oval Summary Report.pdf,"Dr Anthony J Crawford, A & A Crawford Geological Research Consultants",2025-03-29,en,Well preserved subophitic-textured olivine-phyric hornblende microgabbro (close to chilled margin 'parent magma' candidate; 7.1% MgO),,subophitic; average grainsize ~1mm; holocrystalline groundmass,"[{""mineral"": ""brown/tan hornblende (abundant, subhedral, fresh)"", ""pct"": null}, {""mineral"": ""olivine phenocrysts (euhedral, talc-replaced)"", ""pct"": null}, {""mineral"": ""plagioclase (laths)"", ""pct"": null}, {""mineral"": ""phlogopite (brown-tan plates)"", ""pct"": ""1-2""}, {""mineral"": ""ilmenite (bladed)"", ""pct"": ""1-2""}, {""mineral"": ""quartz (interstitial)"", ""pct"": ""2-4""}]",all former olivines replaced by talcose aggregates,sulfides restricted to rare tiny spots of pyrite and chalcopyrite,A well preserved subophitic-textured olivine-phyric hornblende microgabbro; all former olivine phenocrysts are euhedral crystals replaced by talcose aggregates within a fresh hornblende-plagioclase framework. The rock lacks augite. This sample likely represents a close-to-chilled-margin 'parent magma' for the olivine-hornblende±augite orthocumulates.,tag,
41028,D0225,OVD008@27.3m,OVD008,27.3,Asian Battery Metals March 2025 The Oval Summary Report.pdf,"Dr Anthony J Crawford, A & A Crawford Geological Research Consultants",2025-03-29,en,Medium-grained hornblende gabbro,,"subhedral brown hornblende to 4mm in multi-crystal clots, poikilitically including augite, plagioclase laths and FeTi oxides; strongly zoned interstitial plagioclase ~0.5mm","[{""mineral"": ""brown hornblende"", ""pct"": ""40-50""}, {""mineral"": ""augite (occasional fresh, 1-2mm)"", ""pct"": null}, {""mineral"": ""olivine (sparse, talc-altered)"", ""pct"": null}, {""mineral"": ""plagioclase (interstitial, stout, zoned)"", ""pct"": null}, {""mineral"": ""chlorite + calcite + minor quartz (interstitial)"", ""pct"": null}, {""mineral"": ""apatite (occasional acicular)"", ""pct"": null}]",talc after olivine; microcrystalline epidote in included plagioclase; pale green actinolite fringes on some hornblendes,the rock lacks sulfides,"A medium-grained hornblende gabbro dominated by subhedral brown hornblende (~40-50%) to 4mm, often in multi-crystal clots, with occasional fresh augite but only sparse talc-altered olivines. Hornblendes show strong brown-to-green zoning and poikilitically include tatty augite and small plagioclase laths. The rock lacks sulfides.",tag,
41032,D0226,OVD008@39.5m,OVD008,39.5,Asian Battery Metals March 2025 The Oval Summary Report.pdf,"Dr Anthony J Crawford, A & A Crawford Geological Research Consultants",2025-03-29,en,"Mineral-banded, medium- to coarse-grained, poikilitic-textured hornblende-bearing olivine gabbro",,poikilitic; mineral banding with a diffuse-edged cm-wide paler band (hornblende colour changes brown/tan to mid-green/colourless); brown hornblendes to ~1cm (mostly 2-5mm),"[{""mineral"": ""brown hornblende (abundant in main bands)"", ""pct"": null}, {""mineral"": ""plagioclase (stout, zoned prisms; inclusions)"", ""pct"": null}, {""mineral"": ""augite (less common, fresh)"", ""pct"": null}, {""mineral"": ""olivine (talc-altered, in larger hornblendes)"", ""pct"": null}, {""mineral"": ""phlogopite (pale brown plates)"", ""pct"": null}, {""mineral"": ""quartz + apatite (subordinate interstitial)"", ""pct"": null}]",talc after olivine; turbid microcrystalline epidote in plagioclase of the pale band,the rock lacks sulfides,"A mineral-banded, medium- to coarse-grained, poikilitic-textured hornblende-bearing olivine gabbro with a diffuse-edged, cm-wide paler band in which the modal abundance of hornblende decreases significantly. Brown hornblendes reach almost 1cm and host common inclusions of plagioclase, augite and talc-altered olivines. The rock lacks sulfides.",tag,
41013,D0227,OVD008@40.1m,OVD008,40.1,Asian Battery Metals March 2025 The Oval Summary Report.pdf,"Dr Anthony J Crawford, A & A Crawford Geological Research Consultants",2025-03-29,en,Mainly fine-grained protomylonite derived from a hornblende gabbro protolith,,"poor foliation, streaky colouration, extensive grainsize reduction; trails of ragged mm-sized porphyroclasts in an extremely fine-grained turbid matrix","[{""mineral"": ""actinolite-altered hornblende porphyroclasts"", ""pct"": null}, {""mineral"": ""microcrystalline epidote (matrix)"", ""pct"": null}, {""mineral"": ""chlorite (matrix)"", ""pct"": null}, {""mineral"": ""actinolite (minor, matrix)"", ""pct"": null}]","matrix of microcrystalline epidote, chlorite and minor actinolite; narrow subparallel veinlets of chlorite, actinolite and clinozoisite","sparse, scattered tiny spots of pyrite and rare chalcopyrite","A mainly fine-grained protomylonite derived from a hornblende gabbro protolith, with poor foliation but streaky colouration and extensive grainsize reduction. Deformation-recrystallization occurred near the plastic-brittle transition. The rock contains only sparse tiny pyrite spots and rare chalcopyrite.",tag,
41029,D0228,OVD008@60.3m,OVD008,60.3,Asian Battery Metals March 2025 The Oval Summary Report.pdf,"Dr Anthony J Crawford, A & A Crawford Geological Research Consultants",2025-03-29,en,"Diffusely mineral-banded, medium- to coarse-grained, poikilitic-textured hornblende-bearing olivine gabbro",,"poikilitic; diffuse mineral banding, darker brown/tan bands vs pale greenish bands; multi-crystal hornblende aggregates","[{""mineral"": ""brown hornblende (dominant in dark bands)"", ""pct"": null}, {""mineral"": ""olivine (talc-altered, to 2mm, common)"", ""pct"": null}, {""mineral"": ""augite (fresh scraps included in hornblende)"", ""pct"": null}, {""mineral"": ""plagioclase (stout, epidote-peppered cores)"", ""pct"": null}, {""mineral"": ""phlogopite (pale brown to greenish plates)"", ""pct"": null}, {""mineral"": ""apatite (acicular)"", ""pct"": null}]",talc after olivine; turbid microcrystalline epidote in plagioclase cores; chlorite and white mica patches,the rock lacks sulfides,"Another diffusely mineral-banded, medium- to coarse-grained, poikilitic-textured hornblende-bearing olivine gabbro, very similar to OVD008@39.5m but with more modal (altered) olivine. Colour changes from darker brown/tan to pale greenish bands reflect decreasing modal brown hornblende. The rock lacks sulfides.",tag,
41030,D0229,OVD008@88.9m,OVD008,88.9,Asian Battery Metals March 2025 The Oval Summary Report.pdf,"Dr Anthony J Crawford, A & A Crawford Geological Research Consultants",2025-03-29,en,Medium-grained hornblende gabbro (poikilitic texture),,"poikilitic; large brown hornblendes to 4mm with inclusions of plagioclase, augite, FeTi oxides and altered olivines","[{""mineral"": ""brown hornblende (large, fresh, greenish rims)"", ""pct"": null}, {""mineral"": ""plagioclase (strongly zoned, finer-grained)"", ""pct"": null}, {""mineral"": ""green hornblende"", ""pct"": null}, {""mineral"": ""biotite (pale tan)"", ""pct"": null}, {""mineral"": ""FeTi oxides"", ""pct"": null}, {""mineral"": ""apatite (acicular)"", ""pct"": null}, {""mineral"": ""olivine (altered, included)"", ""pct"": null}]",interstitial chlorite; irregular bifurcating 1-3mm veinlet of analcime and albite,this sample lacks sulfides despite the 2.5%S in the assay for this interval (mismatch noted by analyst),"A medium-grained hornblende gabbro with a poikilitic texture: plagioclase, augite, FeTi oxides and altered olivines included within large fresh brown hornblendes to 4mm. The rock is cut by a 1-3mm analcime-albite veinlet. This sample lacks sulfides despite the 2.5%S assay for the interval.",tag,Crawford 2025 caveat: this sample lacks sulfides despite the 2.5 %S assay for the interval
41024,D0230,OVD008@90.5m,OVD008,90.5,Asian Battery Metals March 2025 The Oval Summary Report.pdf,"Dr Anthony J Crawford, A & A Crawford Geological Research Consultants",2025-03-29,en,"Finely hornblende-phyric basalt, probably a dyke or (less likely) chilled margin of a hornblende gabbro intrusive unit",,"finely porphyritic; mottled, finely holocrystalline groundmass of interlocking 0.05-0.1mm subhedral untwinned feldspar prisms","[{""mineral"": ""former hornblende phenocrysts (chlorite-actinolite-epidote replaced, mm-sized)"", ""pct"": ""5-10""}, {""mineral"": ""untwinned feldspar (groundmass)"", ""pct"": null}, {""mineral"": ""FeTi oxide granules (tiny, common)"", ""pct"": null}, {""mineral"": ""chlorite (yellow-green tufts)"", ""pct"": null}, {""mineral"": ""sulfides"", ""pct"": ""<2""}]","hornblende replaced by chlorite, actinolite and fine-grained epidote; moderate sericite overprint on feldspars",very fine-grained disseminated chalcopyrite throughout; veins <1mm of fine-grained pyrite and locally chlorite. NOTE: assay for this interval indicates ~30% pyrrhotite — thin section does not match the assayed interval,"The assay for this hole/depth indicates a strongly sulfidic rock (~30% pyrrhotite), whereas the thin section is a finely hornblende-phyric basalt with <2% sulfides, probably a dyke or less likely a chilled margin sample. Former hornblende crystals are replaced by chlorite, actinolite and epidote in a finely holocrystalline feldspathic groundmass. Fine disseminated chalcopyrite and <1mm pyrite veins occur throughout.",tag,Crawford 2025 caveat: the assay for this hole/depth indicates a strongly sulfidic rock (~30 % pyrrhotite) whereas the thin section is a finely hornblende-phyric basalt (dyke?) with <2 % sulfides
41021,D0231,OVD009@126.7m,OVD009,126.7,Asian Battery Metals March 2025 The Oval Summary Report.pdf,"Dr Anthony J Crawford, A & A Crawford Geological Research Consultants",2025-03-29,en,"Moderately foliated, brecciated protomylonite (protolith compositionally typical of the hornblende gabbros)",,moderately foliated; microfault-bounded lithons separated by undulose stylolite-like dark seams,"[{""mineral"": ""carbonate+chlorite (intense alteration)"", ""pct"": null}, {""mineral"": ""granulated feldspathic material"", ""pct"": null}, {""mineral"": ""chloritized former hornblende (drawn into mylonitic fabric)"", ""pct"": null}]",intense carbonate+chlorite alteration,the rock lacks sulfides; from a significant fault zone through the hornblende gabbro unit,"A moderately foliated, brecciated protomylonite very similar to OVD003@202m, with very little protolith texture preserved but compositionally typical of the hornblende gabbros. Microfault-bounded lithons of intensely carbonate+chlorite-altered rock are separated by stylolite-like dark seams. The rock lacks sulfides and is from a significant fault zone. (Report text says 'OVD002@202m', evidently a typo for OVD003@202m.)",tag,
41020,D0232,OVD009@143m,OVD009,143.0,Asian Battery Metals March 2025 The Oval Summary Report.pdf,"Dr Anthony J Crawford, A & A Crawford Geological Research Consultants",2025-03-29,en,Mineralized olivine hornblendite transitional to an olivine hornblende gabbro,,"olivine rounded grains to 3mm, both poikilitically included in brown hornblende and as non-cumulus grains surrounded by fresh augite","[{""mineral"": ""olivine (serpentinized, locally to smectite)"", ""pct"": ""~20""}, {""mineral"": ""hornblende"", ""pct"": ""10-15""}, {""mineral"": ""augite (fresh)"", ""pct"": null}, {""mineral"": ""plagioclase (stout, ~0.5mm, interstitial aggregates)"", ""pct"": null}, {""mineral"": ""phlogopite (occasional plates)"", ""pct"": null}, {""mineral"": ""apatite (acicular)"", ""pct"": null}, {""mineral"": ""chromite (small euhedra in olivine)"", ""pct"": null}, {""mineral"": ""sulfide"", ""pct"": ""10-12""}]","serpentine after olivine, replaced locally by yellowish smectite clays; interstitial pale chlorite with matted fibrous actinolite clusters","abundant sulfide (10-12%) as often cuspate blebs 2-8mm: entirely pyrrhotite, to pyrrhotite with 30-40% chalcopyrite and minor (up to ~10%) pentlandite; chalcopyrite and pentlandite often at bleb margins","A mineralized olivine hornblendite transitional to an olivine hornblende gabbro, with ~20% serpentinized rounded olivine to 3mm. Small euhedral chromites occur in altered olivines; hornblendes (~10-15%) poikilitically enclose plagioclase laths. Abundant sulfide (10-12%) forms cuspate blebs 2-8mm, pyrrhotite-dominated with up to 30-40% chalcopyrite and minor pentlandite at margins.",tag,
41015,D0233,OVD009@149.5m,OVD009,149.5,Asian Battery Metals March 2025 The Oval Summary Report.pdf,"Dr Anthony J Crawford, A & A Crawford Geological Research Consultants",2025-03-29,en,Vari-textured hornblende gabbro,,even-textured finer-grained (~0.5mm) intergrowth hosting scattered coarser leucogabbro pockets to ~1cm,"[{""mineral"": ""plagioclase (sericite-altered prisms)"", ""pct"": null}, {""mineral"": ""augite (variably chloritized)"", ""pct"": null}, {""mineral"": ""hornblende (fresh, pale brown)"", ""pct"": ""5-10""}, {""mineral"": ""olivine (rounded, to 0.5mm, partly serpentinized)"", ""pct"": ""uncommon""}, {""mineral"": ""FeTi oxides"", ""pct"": ""very little""}, {""mineral"": ""apatite (acicular, in pockets)"", ""pct"": null}]",moderate to strong sericite on plagioclase; chlorite on augite and biotite; partial serpentinization of olivine; carbonate spots in leucogabbro pockets,sulfides limited to sparsely disseminated pyrite cubes and rare tiny splashes of chalcopyrite,"A vari-textured hornblende gabbro mostly constituted by an even-textured intergrowth of finer-grained sericitized plagioclase, variably chloritized augite, ~5-10% fresh pale brown hornblende and uncommon partly serpentinized olivines. Coarser-grained leucogabbro pockets to almost 1cm are scattered irregularly through the rock. Sulfides are limited to sparse pyrite cubes and rare chalcopyrite.",tag,
41033,D0234,OVD009@149.8m,OVD009,149.8,Asian Battery Metals March 2025 The Oval Summary Report.pdf,"Dr Anthony J Crawford, A & A Crawford Geological Research Consultants",2025-03-29,en,Vari-textured gabbro,,finer-grained dominant variant with 3-8mm coarser leucogabbro patches; altered hornblendes and fresh augites poikilitically host small plagioclase prisms,"[{""mineral"": ""former hornblende (chlorite-replaced)"", ""pct"": null}, {""mineral"": ""augite (granular, sub-mm, partly fresh)"", ""pct"": null}, {""mineral"": ""olivine (occasional euhedra to 0.5mm, chlorite-replaced)"", ""pct"": null}, {""mineral"": ""plagioclase (heavily sericitized, sub-mm)"", ""pct"": null}, {""mineral"": ""phlogopite (occasional blades, in patches)"", ""pct"": null}, {""mineral"": ""FeTi oxides (skeletal)"", ""pct"": null}, {""mineral"": ""apatite (acicular)"", ""pct"": null}, {""mineral"": ""Kspar + carbonate (interstitial in patches)"", ""pct"": null}]",all former hornblendes replaced by chlorite; limited actinolite fringes on augite; heavy sericitization of plagioclase,"an unusual bleb partly sampled at slide edge consists of intergrown carbonate and pyrite laminae, with chalcopyrite concentrated around the margin against the host rock","Another vari-textured gabbro similar to OVD009@149.5m. In the dominant finer-grained variant all former hornblendes are chloritized, augites are partly fresh, and plagioclase is heavily sericitized. Coarser 3-8mm leucogabbro patches lack augite. An unusual carbonate-pyrite laminated bleb with marginal chalcopyrite is partly sampled at the slide edge.",hole+depth,
41023,D0235,OVD009@151.6m,OVD009,151.6,Asian Battery Metals March 2025 The Oval Summary Report.pdf,"Dr Anthony J Crawford, A & A Crawford Geological Research Consultants",2025-03-29,en,Mineralized vari-textured hornblende gabbro with sulfidic blebs,,ophitic to sub-ophitic transitional to doleritic; coarser leucogabbroic patches ~10-15% of rock; larger hornblendes (to 2mm) cored by clear augite,"[{""mineral"": ""hornblende (brown to green-zoned)"", ""pct"": null}, {""mineral"": ""augite (to 2.5mm, poikilitic)"", ""pct"": null}, {""mineral"": ""plagioclase (abundant sericitized laths)"", ""pct"": null}, {""mineral"": ""FeTi oxides (altered)"", ""pct"": ""~1""}, {""mineral"": ""phlogopite (occasional, variably chloritized)"", ""pct"": null}, {""mineral"": ""Kspar + apatite + minor quartz (interstitial)"", ""pct"": null}, {""mineral"": ""olivine"", ""pct"": ""none""}]",sericitization of plagioclase; pale carbonate cores in leucogabbroic patches,"several sulfidic blebs to 6mm with narrow rims of fresh plagioclase, quartz and carbonate, filled by pyrrhotite with local chalcopyrite and pentlandite spots and common pentlandite flames; cellular wispy lower-T pyrite at bleb margins","A mineralized vari-textured hornblende gabbro differing from the preceding samples in having no olivine, more augite and less hornblende, with an ophitic to sub-ophitic texture transitional to doleritic. Coarser leucogabbroic patches make up ~10-15% of the rock. Several sulfidic blebs to 6mm are pyrrhotite-filled with chalcopyrite and pentlandite spots and pentlandite flames.",tag,
41017,D0236,OVD009@161m,OVD009,161.0,Asian Battery Metals March 2025 The Oval Summary Report.pdf,"Dr Anthony J Crawford, A & A Crawford Geological Research Consultants",2025-03-29,en,Mineralized olivine-hornblende orthocumulate transitional to a hornblende-bearing wehrlite,,orthocumulate; olivines overgrown by broad shells of fresh augite passing outward to brown hornblende and complex intercumulus zones,"[{""mineral"": ""olivine (euhedral-subrounded, serpentinized, to 2mm)"", ""pct"": ""30-40""}, {""mineral"": ""augite (fresh, colourless shells)"", ""pct"": null}, {""mineral"": ""brown hornblende"", ""pct"": null}, {""mineral"": ""plagioclase (stout crystals, intercumulus)"", ""pct"": null}, {""mineral"": ""chromite (small euhedra in some olivines)"", ""pct"": null}, {""mineral"": ""sulfide"", ""pct"": ""~10""}]",serpentinization of olivine; abundant intercumulus chlorite hosting bundles of acicular/fibrous actinolite,"irregular ragged-edge sulfide blebs ~10% of rock: very variable pyrrhotite:chalcopyrite (pyrrhotite dominant), subordinate pentlandite; chalcopyrite commonly concentrated at bleb margins and as discrete grains outside blebs; broad chloritic haloes around blebs","A mineralized olivine-hornblende orthocumulate transitional to a hornblende-bearing wehrlite with ~30-40% serpentinized cumulus olivine to 2mm, some hosting small euhedral chromites. Olivines are overgrown by fresh augite shells passing outward to brown hornblende. Sulfide blebs (~10%) are pyrrhotite-dominated with chalcopyrite concentrated at margins and subordinate pentlandite.",tag,
41016,D0237,OVD009@171.5m,OVD009,171.5,Asian Battery Metals March 2025 The Oval Summary Report.pdf,"Dr Anthony J Crawford, A & A Crawford Geological Research Consultants",2025-03-29,en,"Well preserved, mineralized olivine-hornblende orthocumulate",,"orthocumulate; intercumulus augite commonly overgrown by brown hornblende poikilitically hosting small plagioclase prisms; sulfide blebs cuspate, restricted to intercumulus sites","[{""mineral"": ""olivine (subrounded, fractured, largely fresh, to 2mm)"", ""pct"": ""~40""}, {""mineral"": ""augite (intercumulus)"", ""pct"": null}, {""mineral"": ""brown hornblende (pale, intercumulus)"", ""pct"": null}, {""mineral"": ""plagioclase (far subordinate)"", ""pct"": null}, {""mineral"": ""phlogopite (tan)"", ""pct"": null}, {""mineral"": ""chromite (small euhedra in olivine)"", ""pct"": null}, {""mineral"": ""sulfide (irregular spots to ~3mm)"", ""pct"": ""~20""}]","common chlorite/serpentine, fibrous actinolite and carbonate; broad chlorite/serpentine haloes on olivines abutting sulfide; some plagioclase to turbid microcrystalline epidote","~20% sulfide as irregular spots to ~3mm; pyrrhotite-dominated with large range in pyrrhotite:chalcopyrite; no tendency for chalcopyrite to concentrate at bleb margins; pentlandite in many blebs, always modally subordinate to chalcopyrite","A well preserved, mineralized olivine-hornblende orthocumulate with ~20% irregular sulfide spots to ~3mm and ~40% mainly subrounded, largely fresh cumulus olivines to 2mm. Intercumulus material is augite and/or pale brown hornblende with subordinate plagioclase and tan phlogopite. Sulfides are pyrrhotite-dominated with variable chalcopyrite and subordinate pentlandite.",tag,
OVD009@178,D0238,OVD009@178-180m,OVD009,,Asian Battery Metals March 2025 The Oval Summary Report.pdf,"Dr Anthony J Crawford, A & A Crawford Geological Research Consultants",2025-03-29,en,"Intensely hydrothermally altered rock, probably a leucogabbro dyke (no protolith evidence preserved)",,no shapes of protolith minerals preserved,"[{""mineral"": ""carbonate (brown, amorphous; magnesite?)"", ""pct"": null}, {""mineral"": ""quartz (polycrystalline)"", ""pct"": null}, {""mineral"": ""chlorite"", ""pct"": null}, {""mineral"": ""actinolite (occasional pale green needles)"", ""pct"": null}, {""mineral"": ""FeTi oxides (bladed, leucoxene-replaced)"", ""pct"": null}, {""mineral"": ""pyrite (disseminated, sub-0.4mm)"", ""pct"": ""1-2""}]",pervasive carbonate-quartz-chlorite replacement; messy leucoxene after FeTi oxides,~1-2% disseminated sub-0.4mm pyrite; despite high-Cr assay no obvious chromites. Analyst: 'The wholerock assay does not match this thin section' — preferred interpretation is that the protolith was a leucogabbro dyke like OVD021@101.5m,"An intensely hydrothermally altered rock, probably a leucogabbro dyke, with no textural or mineralogical evidence of the protolith. It consists of brown amorphous carbonate (magnesite?), polycrystalline quartz and chlorite with ~1-2% disseminated pyrite. The assay for the interval resembles the OVD009@161m orthocumulate, but petrography does not support that; a sample mix-up is suspected.",label,COVERAGE G1 (v1.1): joined to the sample row created for this thin section. CRAWFORD CAVEAT: 'wholerock assay does not match this thin section' — suspected sample swap; no register entry exists for it; Crawford 2025 caveat: wholerock assay does not match this thin section (suspected sample swap)
41014,D0239,OVD009@195.2m,OVD009,195.2,Asian Battery Metals March 2025 The Oval Summary Report.pdf,"Dr Anthony J Crawford, A & A Crawford Geological Research Consultants",2025-03-29,en,Olivine-hornblende orthocumulate (very similar to OVD009@161m),,"orthocumulate; intercumulus domains filled by colourless augite, sometimes overgrown by brown hornblende","[{""mineral"": ""olivine (cumulus, to 2mm, entirely serpentinized)"", ""pct"": ""30-40""}, {""mineral"": ""augite (colourless, intercumulus)"", ""pct"": null}, {""mineral"": ""brown hornblende"", ""pct"": null}, {""mineral"": ""phlogopite (occasional bladed tan)"", ""pct"": null}, {""mineral"": ""plagioclase (stout prisms, epidote-altered)"", ""pct"": null}, {""mineral"": ""FeTi oxides (few, late)"", ""pct"": null}, {""mineral"": ""sulfide"", ""pct"": ""2-4""}]",serpentine after olivine; intercumulus cores of chlorite and minor talc; microcrystalline epidote on plagioclase,"~2-4% sulfides as irregular, partly cuspate blebs to 2mm in intercumulus sites with chlorite-carbonate haloes; largely pyrrhotite with up to ~20% chalcopyrite always at bleb margins and 5-10% pentlandite usually abutting chalcopyrite",An olivine-hornblende orthocumulate very similar petrographically to OVD009@161m. Cumulus olivines to 2mm are entirely serpentinized (30-40% of the rock); intercumulus domains are filled by augite and brown hornblende. Sulfide blebs (2-4%) are pyrrhotite-dominated with marginal chalcopyrite (to ~20%) and 5-10% pentlandite.,tag,
43201,D0240,OVD021@42.3m,OVD021,42.3,Asian Battery Metals March 2025 The Oval Summary Report.pdf,"Dr Anthony J Crawford, A & A Crawford Geological Research Consultants",2025-03-29,en,"Well preserved, mineralized olivine-hornblende orthocumulate",,orthocumulate; cracked but fresh subrounded cumulus olivines commonly overgrown by broad zoned brown-green hornblende patches poikilitically enclosing plagioclase prisms,"[{""mineral"": ""olivine (cumulus, fresh, to 3mm)"", ""pct"": ""~30""}, {""mineral"": ""brown-green hornblende (intercumulus, zoned)"", ""pct"": null}, {""mineral"": ""biotite (tan, quite coarse plates)"", ""pct"": null}, {""mineral"": ""augite (intercumulus, less than preceding orthocumulates)"", ""pct"": null}, {""mineral"": ""plagioclase (late pockets of fresh stout prisms <0.5mm)"", ""pct"": null}, {""mineral"": ""sulfide (disseminated spots to ~5mm)"", ""pct"": ""5-8""}]",limited; olivines largely fresh,~5-8% disseminated cuspate sulfide spots to ~5mm in intercumulus domains; pyrrhotite-dominated with up to 15-20% chalcopyrite (concentrating along bleb margins) and usually significantly less pentlandite; in several blebs pyrrhotite partly replaced by pyrite-magnetite,"A well preserved, mineralized olivine-hornblende orthocumulate with ~5-8% disseminated sulfide spots to ~5mm, mostly cuspate and intercumulus. Fresh cumulus olivines (~30%) to 3mm are commonly overgrown by zoned brown-to-green hornblende with poikilitic plagioclase. Sulfide blebs are pyrrhotite-dominated with 15-20% chalcopyrite and less pentlandite; pyrrhotite is partly replaced by pyrite-magnetite in several blebs.",hole+depth,
43220,D0241,OVD021@76.6m,OVD021,76.6,Asian Battery Metals March 2025 The Oval Summary Report.pdf,"Dr Anthony J Crawford, A & A Crawford Geological Research Consultants",2025-03-29,en,Mineralized olivine+hornblende orthocumulate,,"orthocumulate; brown hornblende the main intercumulus phase, often entirely enclosing altered olivines; spherical sulfide melt inclusions to 0.3mm hosted in fresh hornblende","[{""mineral"": ""olivine (euhedral-subrounded, 1-2mm, talc+serpentine replaced)"", ""pct"": ""20-25""}, {""mineral"": ""brown hornblende (main intercumulus phase)"", ""pct"": null}, {""mineral"": ""augite (colourless, intercumulus, less abundant)"", ""pct"": null}, {""mineral"": ""plagioclase (small stumpy crystals)"", ""pct"": null}, {""mineral"": ""phlogopite (fresh to chloritized plates)"", ""pct"": null}, {""mineral"": ""chromite (small inclusions in olivine)"", ""pct"": null}]",olivine entirely replaced by talc and serpentine; carbonate and chlorite patches in intercumulus centres,"patchy sulfides: irregular ragged blebs (some cuspate, filling intercumulus voids) and spherical melt inclusions to 0.3mm in fresh hornblende; all pyrrhotite-dominated with 5-15% each of chalcopyrite and pentlandite, minor magnetite; wispy web of secondary pyrite locally present","A mineralized olivine+hornblende orthocumulate with 20-25% olivine entirely replaced by talc and serpentine, often hosting small chromite inclusions. Notably, spherical sulfide melt inclusions to ~0.5mm hosted in intercumulus hornblende demonstrate a sulfide melt was present as hornblende crystallized. Sulfides are pyrrhotite-dominated with 5-15% each of chalcopyrite and pentlandite.",hole+depth,
43233,D0242,OVD021@94.4m,OVD021,94.4,Asian Battery Metals March 2025 The Oval Summary Report.pdf,"Dr Anthony J Crawford, A & A Crawford Geological Research Consultants",2025-03-29,en,Mineralized olivine+hornblende orthocumulate,,orthocumulate; intercumulus brown hornblendes to ~4mm enclosing rounded altered olivines and plagioclase laths,"[{""mineral"": ""olivine (cumulus, rounded, fractured, to 2mm; fresh to totally replaced)"", ""pct"": ""~15""}, {""mineral"": ""brown hornblende (intercumulus, far more abundant than augite)"", ""pct"": null}, {""mineral"": ""augite (coring larger hornblende patches)"", ""pct"": null}, {""mineral"": ""phlogopite (tan, variably chloritized plates)"", ""pct"": null}, {""mineral"": ""plagioclase (local clots, 0.2-0.5mm)"", ""pct"": null}, {""mineral"": ""actinolite (occasional fibrous sheaves)"", ""pct"": null}, {""mineral"": ""apatite (acicular)"", ""pct"": null}, {""mineral"": ""chromite (small inclusions)"", ""pct"": null}, {""mineral"": ""sulfide (blebby, cuspate, to ~5mm)"", ""pct"": ""~10""}]",serpentine and/or talc and brown smectite clays after olivine; chloritization of phlogopite; spotty carbonate,"~10% sulfides as mainly blebby, cuspate grains to ~5mm: dominant pyrrhotite with common chalcopyrite patches often at inclusion margins, and less abundant pentlandite","A mineralized olivine+hornblende orthocumulate with ~10% sulfides as blebby, cuspate grains to ~5mm. Cumulus olivines (~15%) vary from fresh to totally replaced by serpentine/talc/smectite, many with chromite inclusions. Intercumulus brown hornblende dominates over augite; sulfide blebs are pyrrhotite-dominated with marginal chalcopyrite and less pentlandite.",hole+depth,
42027,D0243,OVD021@101.5m,OVD021,101.5,Asian Battery Metals March 2025 The Oval Summary Report.pdf,"Dr Anthony J Crawford, A & A Crawford Geological Research Consultants",2025-03-29,en,Intensely altered aphyric fine-grained leucogabbroic dyke (doleritic texture),,"finely holocrystalline, doleritic; former mafic crystals rarely >0.5mm","[{""mineral"": ""quartz (interstitial)"", ""pct"": ""10-15""}, {""mineral"": ""plagioclase (sericitized laths)"", ""pct"": null}, {""mineral"": ""former mafic minerals (actinolite-epidote-chlorite replaced)"", ""pct"": null}, {""mineral"": ""FeTi oxides (tiny bladed, leucoxene-replaced)"", ""pct"": null}]",pervasive recrystallization to quartz-actinolite-chlorite-sericite-microcrystalline epidote-carbonate assemblage,the rock lacks sulfides; no trace of chromites to account for the high-Cr assay (mismatch noted),"With much higher V and Sc and lower Ni, Cu and Co than the olivine+hornblende orthocumulates, this intensely altered rock appears to represent an aphyric, fine-grained leucogabbroic dyke with doleritic texture. Protolith detail is heavily compromised by pervasive quartz-actinolite-chlorite-sericite-epidote-carbonate recrystallization. The rock lacks sulfides; there is no trace of chromites to account for the high-Cr assay.",xref-corrected,"COVERAGE G2 (v1.1): re-joined to 42027 = OVD011-101.5. The `KhanAltai vs Tony` sheet of the working workbook carries Tony Crawford's IDENTICAL micro-description ('An intensely altered aphyric, quite fine-grained leucogabbroic dyke(?)') against row OVD011-101.5, so `OVD021@101.5m` in the Crawford PDF is a hole-number typo for OVD011. OVD021 has no sample at 101.5 m. CRAWFORD CAVEAT: the rock lacks sulfides and has no chromite to account for its high-Cr assay; Crawford 2025 caveat: the rock lacks sulfides and there is no trace of chromite to account for the high-Cr assay"
43241,D0244,OVD021@107.0m,OVD021,107.0,Asian Battery Metals March 2025 The Oval Summary Report.pdf,"Dr Anthony J Crawford, A & A Crawford Geological Research Consultants",2025-03-29,en,"Strongly mineralized, quite coarse-grained hornblende gabbro",,intergrown euhedral fresh brown hornblende to 2mm (some with augite cores) and large blocky plagioclase prisms to 3mm,"[{""mineral"": ""brown hornblende (euhedral, fresh, to 2mm)"", ""pct"": null}, {""mineral"": ""plagioclase (blocky, variably sericitized, to 3mm)"", ""pct"": null}, {""mineral"": ""FeTi oxides (euhedral, sub-0.5mm, notably common, uneven)"", ""pct"": null}, {""mineral"": ""biotite (tan, elongate plates to 2mm)"", ""pct"": null}, {""mineral"": ""apatite (acicular, in plagioclase)"", ""pct"": null}, {""mineral"": ""sulfides"", ""pct"": ""~25""}]",variable sericitization of plagioclase,"~25% irregularly disseminated and patchy sulfides as irregular patches, streaks and tapering veinlets dominated by CHALCOPYRITE, with much less pyrrhotite and only small pentlandite areas; distribution suggests sulfide invaded post-crystallization of the gabbro","A strongly mineralized, quite coarse-grained hornblende gabbro with ~25% irregularly disseminated and patchy sulfides. Unlike the orthocumulates, sulfides do not occur as intercumulus blebs but as patches, streaks and tapering veinlets dominated by chalcopyrite with much less pyrrhotite and small pentlandite; the distribution suggests the sulfide invaded after crystallization.",hole+depth,
43249,D0245,OVD021@116.1m,OVD021,116.1,Asian Battery Metals March 2025 The Oval Summary Report.pdf,"Dr Anthony J Crawford, A & A Crawford Geological Research Consultants",2025-03-29,en,Well-mineralized olivine+hornblende orthocumulate (approaching net-textured sulfides),,"orthocumulate; intercumulus augite overgrown by pale brown hornblende, remaining voids with tan biotite and minor plagioclase; cuspate sulfide blebs to almost 1cm filling interstitial spaces","[{""mineral"": ""olivine (cumulus, fresh and altered, <2mm, subrounded)"", ""pct"": ""30-35""}, {""mineral"": ""augite (colourless, intercumulus)"", ""pct"": null}, {""mineral"": ""pale brown hornblende"", ""pct"": null}, {""mineral"": ""biotite (tan)"", ""pct"": null}, {""mineral"": ""plagioclase (minor, epidote-altered)"", ""pct"": null}, {""mineral"": ""chromite (common in olivine and intercumulus phases)"", ""pct"": null}]","olivine fresh to entirely serpentinized, with red-orange smectite clays replacing serpentine in some crystals","abundant cuspate sulfide blebs to ~1cm around cumulus grains, approaching net-textured (~10%S = ~25% sulfide load): dominantly pyrrhotite with common chalcopyrite patches (not limited to margins) and significantly less pentlandite; narrow magnetite bands along some pyrrhotite contacts against serpentinized olivines","Another well-mineralized olivine+hornblende orthocumulate with abundant (~30-35%) fresh and altered cumulus olivine and cuspate sulfide blebs reaching almost 1cm that fill interstitial spaces, approaching net-textured sulfide (~10%S, ~25% sulfide load). Small chromites are common in olivines and intercumulus augite/hornblende. Sulfides are pyrrhotite-dominated with common chalcopyrite and significantly less pentlandite.",hole+depth,
43265,D0246,OVD021@146.9m,OVD021,146.9,Asian Battery Metals March 2025 The Oval Summary Report.pdf,"Dr Anthony J Crawford, A & A Crawford Geological Research Consultants",2025-03-29,en,Olivine+hornblende orthocumulate,,"orthocumulate with good textural preservation; rounded to almost euhedral altered olivines overgrown by augite, itself overgrown by brown hornblende","[{""mineral"": ""olivine (cumulus, talc-replaced)"", ""pct"": ""30-35""}, {""mineral"": ""brown hornblende"", ""pct"": ""20-25""}, {""mineral"": ""augite (overgrowing olivine)"", ""pct"": null}, {""mineral"": ""phlogopite (tan blades, variably chloritized)"", ""pct"": null}, {""mineral"": ""plagioclase (stout prisms <0.5mm, epidote-replaced)"", ""pct"": null}, {""mineral"": ""actinolite (acicular, in intercumulus chlorite/serpentine)"", ""pct"": null}, {""mineral"": ""sulfide (blebs)"", ""pct"": ""~5""}]",pervasive talc after cumulus olivine; intercumulus chlorite and/or serpentine; turbid microcrystalline epidote after plagioclase; narrow carbonate veinlet (largely plucked during sectioning),"~5% intercumulus sulfide blebs, mainly cuspate and pyrrhotite-dominated, with common associated chalcopyrite and variable pentlandite (up to 25% of several blebs)",An olivine+hornblende orthocumulate with ~5% sulfide blebs and good textural preservation despite pervasive talc replacement of cumulus olivines (30-35%). Olivines are overgrown by augite then brown hornblende (20-25% of the rock). Intercumulus sulfide blebs are pyrrhotite-dominated with chalcopyrite and up to 25% pentlandite in several blebs.,hole+depth,
43267,D0247,OVD021@148.8m,OVD021,148.8,Asian Battery Metals March 2025 The Oval Summary Report.pdf,"Dr Anthony J Crawford, A & A Crawford Geological Research Consultants",2025-03-29,en,Olivine+hornblende orthocumulate,,"orthocumulate; many cumulus olivines surrounded directly by crystallized intercumulus melt (plagioclase laths, phlogopite plates, apatite needles) rather than augite/hornblende overgrowths","[{""mineral"": ""olivine (cumulus, 0.5-2mm, talc-replaced, often euhedral)"", ""pct"": ""abundant""}, {""mineral"": ""augite + brown hornblende (irregular patches)"", ""pct"": ""15-20""}, {""mineral"": ""plagioclase (laths)"", ""pct"": null}, {""mineral"": ""phlogopite (common blades, in bright apple-green Cr-chlorite)"", ""pct"": null}, {""mineral"": ""apatite (needles)"", ""pct"": null}, {""mineral"": ""sulfide (blebs <2mm)"", ""pct"": ""few %""}]",olivine entirely replaced by talc; phlogopites embedded in distinctive bright apple-green chlorite (Cr leakage),only a few % of sulfides as blebs <2mm; sulfides too poorly polished in this thin section to be informative,"Another olivine+hornblende orthocumulate with only a few percent of sulfide blebs <2mm. Cumulus olivines (0.5-2mm, talc-replaced, often euhedral) are commonly surrounded directly by crystallized intercumulus melt (plagioclase, phlogopite, apatite) rather than augite/hornblende overgrowths (the latter 15-20% of the rock). Sulfides are too poorly polished to be informative.",hole+depth,Crawford 2025 caveat: sulfides too poorly polished to be informative
43280,D0248,OVD021@165.2m,OVD021,165.2,Asian Battery Metals March 2025 The Oval Summary Report.pdf,"Dr Anthony J Crawford, A & A Crawford Geological Research Consultants",2025-03-29,en,Vari-textured olivine hornblende microgabbro transitional to a hornblende dolerite,,finer-grained dominant part locally approaching ophitic; irregularly distributed coarser leucogabbroic patches 10-15% of rock,"[{""mineral"": ""olivine (talc-altered, mm-sized and smaller)"", ""pct"": ""5-10""}, {""mineral"": ""plagioclase-augite-brown hornblende-FeTi oxide-phlogopite-apatite intergrowth"", ""pct"": null}, {""mineral"": ""leucogabbroic patches (blocky zoned smoky plagioclase, hornblende, phlogopite, apatite, carbonate)"", ""pct"": ""10-15""}]",talc after olivine; carbonate patches in coarser variant only,"sulfides limited to sparse, tiny spots of chalcopyrite","A vari-textured olivine hornblende microgabbro transitional to a hornblende dolerite, with ~5-10% talc-altered olivines in a plagioclase-augite-hornblende-FeTi oxide-phlogopite-apatite intergrowth locally approaching ophitic texture. Coarser leucogabbroic patches make up ~10-15% of the rock. Sulfides are limited to sparse tiny chalcopyrite spots.",hole+depth,
42615,D0249,OVD20-60.6,OVD20,60.6,English Petrographic and Mineragraphic Descriptions. 6.docx,,,en,"Weakly mineralised, altered melanocratic gabbro porphyry",,"Porphyraceous; groundmass poikiloophitic, prismatic; structure massive","[{""mineral"": ""Plagioclase"", ""pct"": ""30-35""}, {""mineral"": ""Hornblende"", ""pct"": ""30-35""}, {""mineral"": ""Altered olivine"", ""pct"": ""20-25""}, {""mineral"": ""Biotite"", ""pct"": ""5-10""}, {""mineral"": ""Quartz"", ""pct"": ""1-3""}, {""mineral"": ""Ilmenite"", ""pct"": ""0.5-1.0""}, {""mineral"": ""Pyrrhotite"", ""pct"": ""1-2""}, {""mineral"": ""Chromite"", ""pct"": ""rare""}, {""mineral"": ""Magnetite"", ""pct"": ""rare""}, {""mineral"": ""Chalcopyrite"", ""pct"": ""trace""}]","Serpentine, saussurite, talc, actinolite, carbonate; plagioclase altered to sericite-chlorite-epidote-carbonate; olivine to talc-serpentine pseudomorphs",Ilmenite-chromite-magnetite-pyrrhotite-chalcopyrite paragenesis; pyrrhotite as irregular grains and micro-lenses replacing chromite and ilmenite,"Hornblende and altered-olivine phenocrysts (60-65%) in a poikiloophitic groundmass of zoned plagioclase and mafic minerals. Olivine is pseudomorphed by talc-serpentine; quartz-carbonate amygdales and lenses 0.5-3.0 mm occur. Ore minerals (ilmenite, chromite, magnetite, pyrrhotite, chalcopyrite) occur in minor amounts, pyrrhotite associated with talc-serpentine pseudomorphs.",label,
42874,D0250,CRSO1A-61.3,CRS01A,61.3,English Petrographic and Mineragraphic Descriptions. 6.docx,,,en,Mineralised cordierite-actinolite metasomatite,,"Lepidogranonematoblastic; structure weakly parallel, lens- and veinlet-like","[{""mineral"": ""Actinolite"", ""pct"": ""45-50""}, {""mineral"": ""Cordierite"", ""pct"": ""30-35""}, {""mineral"": ""Biotite"", ""pct"": ""rare""}, {""mineral"": ""Serpentine"", ""pct"": ""5-10""}, {""mineral"": ""Magnetite"", ""pct"": ""rare""}, {""mineral"": ""Pyrrhotite"", ""pct"": ""8-10""}, {""mineral"": ""Chalcopyrite"", ""pct"": ""trace""}, {""mineral"": ""Sphalerite"", ""pct"": ""trace""}, {""mineral"": ""Ilmenite"", ""pct"": ""trace""}, {""mineral"": ""Pyrite"", ""pct"": ""trace""}]",Sericite; serpentine micro-lenses,"Ilmenite-pyrite-magnetite-pyrrhotite-chalcopyrite-sphalerite paragenesis; pyrrhotite dominant as irregular grains, lenses and streaks replacing magnetite/ilmenite and replaced by chalcopyrite","Strongly mineralised metasomatite of unevenly distributed cordierite and actinolite similar to samples 41.4 and 53.4. Coarse tabular cordierite (0.5-3.0 mm) with undulatory extinction hosts actinolite inclusions; fibrous actinolite forms nematoblastic radial aggregates. Ore minerals intergrown with cordierite, actinolite and probable serpentine; sphalerite carries micro-inclusions of chalcopyrite and pyrrhotite.",label,
42899,D0251,CRSO1A-81.1,CRS01A,81.1,English Petrographic and Mineragraphic Descriptions. 6.docx,,,en,Mineralised spinel-cordierite-actinolite metasomatite (micro-gneiss),,"Heterolepidogranonematoblastic; structure weakly parallel, lens- and veinlet-like","[{""mineral"": ""Actinolite"", ""pct"": ""25-30""}, {""mineral"": ""Cordierite"", ""pct"": ""25-30""}, {""mineral"": ""Monoclinic pyroxene"", ""pct"": ""5-10""}, {""mineral"": ""Biotite"", ""pct"": ""5-8""}, {""mineral"": ""Muscovite"", ""pct"": ""3-5""}, {""mineral"": ""Serpentine"", ""pct"": ""1-3""}, {""mineral"": ""Garnet"", ""pct"": ""1-3""}, {""mineral"": ""Spinel"", ""pct"": ""3-5""}, {""mineral"": ""Magnetite"", ""pct"": ""5-8""}, {""mineral"": ""Pyrrhotite"", ""pct"": ""5-8""}, {""mineral"": ""Chalcopyrite"", ""pct"": ""1-3""}, {""mineral"": ""Pyrite"", ""pct"": ""1-3""}]",Hornblende partially altered to actinolite; serpentine micro-lenses,Ilmenite-pyrite-magnetite-pyrrhotite-chalcopyrite paragenesis; chalcopyrite in lens-like and banded clusters 0.5-8.0 mm wide; euhedral green spinel intergrown with magnetite,"Banded metasomatite (similar to samples 41.4, 53.4, 61.3) of cordierite, pyroxene, actinolite, biotite, garnet, muscovite and spinel; hornblende-actinolite-quartz bands with coarse pyrite and chalcopyrite 1-8 mm wide. Intensely mineralised; ore minerals grow in association with all silicates including euhedral square spinel grains.",hole+depth,
42908,D0252,CRSO1A-90.5,CRS01A,90.5,English Petrographic and Mineragraphic Descriptions. 6.docx,,,en,Silicified and mineralised serpentinite with biotite-chlorite,,Lepidoblastic; structure lens- and vein-like,"[{""mineral"": ""Serpentine"", ""pct"": ""45-50""}, {""mineral"": ""Chlorite"", ""pct"": ""10-15""}, {""mineral"": ""Biotite"", ""pct"": ""10-15""}, {""mineral"": ""Quartz"", ""pct"": ""10-15""}, {""mineral"": ""Carbonate"", ""pct"": ""1-3""}, {""mineral"": ""Pyrite"", ""pct"": ""8-10""}, {""mineral"": ""Chalcopyrite"", ""pct"": ""0.5""}, {""mineral"": ""Pyrrhotite"", ""pct"": ""rare""}]","Silicification (quartz veins/lenses 0.5-2.0 mm), chloritization, carbonate","Pyrite-chalcopyrite paragenesis; pyrite as euhedral to irregular grains 0.1-2.0 mm in lens-shaped aggregates within serpentine, rimmed/replaced by chalcopyrite; chalcopyrite micro-lenses in quartz veins","Serpentine-dominated rock (relict six/eight-sided olivine shapes) with abundant biotite flakes and chlorite lenses, crosscut by quartz veins from silicification. Field description: meta-sediment. XRD-identified minerals include quartz, muscovite, pyrite, clinochlore and lizardite. Mineralisation forms micro-lenses and veinlets of pyrite and chalcopyrite with serpentine, chlorite, carbonate and quartz.",label,
42923,D0253,CRSO1A-104.4,CRS01A,104.4,English Petrographic and Mineragraphic Descriptions. 6.docx,,,en,Carbonated and mineralised quartz vein,,Granoblastic; structure lens- and vein-like,"[{""mineral"": ""Quartz"", ""pct"": ""70-75""}, {""mineral"": ""Carbonate"", ""pct"": ""10-15""}, {""mineral"": ""Pyrite"", ""pct"": ""8-10""}, {""mineral"": ""Goethite"", ""pct"": ""1-2""}, {""mineral"": ""Chalcopyrite"", ""pct"": ""0.5-1.0""}]",Carbonatization (carbonate veins 0.01-1.0 mm cutting quartz),"Pyrite-goethite-chalcopyrite paragenesis; euhedral pyrite 0.1-1.5 mm in lens/vein aggregates along carbonate veins, overgrown by goethite; chalcopyrite micro-grain lenses","Quartz vein of granoblastic isometric quartz (0.1-1.5 mm, undulatory extinction) cut by minor carbonate veins and lenses along which ore formation occurred. Pyrite dominates, associated with carbonate veins and rimmed by goethite; minor chalcopyrite overgrows pyrite edges.",label,
42931,D0254,CRSO1A-111.8,CRS01A,111.8,English Petrographic and Mineragraphic Descriptions. 6.docx,,,en,Altered plagio-rhyolite (plagio-granite porphyry),,"Porphyroblastic; groundmass felsitic, locally micro-aplitic; structure massive","[{""mineral"": ""Quartz"", ""pct"": ""25-30""}, {""mineral"": ""Plagioclase"", ""pct"": ""10-15""}, {""mineral"": ""K-feldspar"", ""pct"": ""5-10""}, {""mineral"": ""Biotite"", ""pct"": ""8-10""}, {""mineral"": ""Pyrite"", ""pct"": ""trace""}, {""mineral"": ""Magnetite"", ""pct"": ""trace""}, {""mineral"": ""Zircon"", ""pct"": ""trace""}]","Plagioclase strongly altered to sericite, pelite, carbonate, muscovite; biotite locally to chlorite and rutile; epigenetic carbonate veins 0.02-0.1 mm",Pyrite-magnetite paragenesis; euhedral magnetite 0.05-0.1 mm occasionally replacing pyrite; sparse cubic pyrite 0.01-0.1 mm,"Porphyritic felsic rock with plagioclase (oligoclase An28-29, 0.8-8.5 mm) and rounded quartz phenocrysts (30-35%) in a felsitic quartz-albite-biotite groundmass with minor K-feldspar. Phenocrysts strongly sericitized/carbonatized with fresh zoned rims; rock cut by thin carbonate veins. Accessories: sphene, zircon, apatite; ore minerals magnetite and pyrite in trace amounts. Sample labelled ""111.8"" in the doc; hole CRS01A inferred from report context.",label,
42851,D0255,CRSO1A-41.4,CRS01A,41.4,English Petrographic and Mineragraphic description. 15.docx (Innova Mineral),Innova Mineral LLC,,en,Mineralised amphibole-plagioclase gneiss (formed from gabbro-diorite),Хүдэржсэн амфибол-плагиоклазат гнейс (габбро-диоритоор үүссэн),"Nematogranoblastic, relict porphyroblastic, relict hypidiomorphic; structure gneissic, lens-like","[{""mineral"": ""Plagioclase (albite)"", ""pct"": ""45-50""}, {""mineral"": ""Actinolite"", ""pct"": ""20-25""}, {""mineral"": ""Quartz"", ""pct"": ""10-15""}, {""mineral"": ""Biotite"", ""pct"": ""trace""}, {""mineral"": ""Magnetite"", ""pct"": ""5-8""}, {""mineral"": ""Pyrrhotite"", ""pct"": ""8-10""}, {""mineral"": ""Pyrite"", ""pct"": ""trace""}, {""mineral"": ""Chalcopyrite"", ""pct"": ""trace""}]",Plagioclase completely albitized; actinolite after amphibole,"Magnetite-pyrrhotite-chalcopyrite paragenesis, evenly disseminated; magnetite replaced by pyrrhotite, pyrrhotite by chalcopyrite; euhedral pyrite in quartz aggregates; magnetite-pyrrhotite-millerite crystal noted in microphoto","Gneiss of albite, actinolite and quartz aligned in one direction (nematogranoblastic) with relict poikilitic/hypidiomorphic textures indicating a gabbro-diorite protolith. Significantly mineralized, ore minerals associated with both albite and actinolite growth; lenticular quartz granoblastic clusters host euhedral pyrite.",label,
43201,D0256,OVD21-42.3,OVD21,42.3,English Petrographic and Mineragraphic description. 15.docx (Innova Mineral),Innova Mineral LLC,,en,Mineralised and altered fine to medium grained peridotite with hornblende (melanocratic gabbro?),"Хүдэржиж, хувирсан жижиг дунд ширхэгтэй эвэр хуурмагт перидотит (меланократ габбро?)","Hypidiomorphic, poikilitic; structure vein-, net-like","[{""mineral"": ""Pyroxene"", ""pct"": ""15-20""}, {""mineral"": ""Hornblende"", ""pct"": ""20-25""}, {""mineral"": ""Altered olivine"", ""pct"": ""15-20""}, {""mineral"": ""Plagioclase"", ""pct"": ""5-10""}, {""mineral"": ""Biotite"", ""pct"": ""5-10""}, {""mineral"": ""Magnetite"", ""pct"": ""3-5""}, {""mineral"": ""Pyrrhotite"", ""pct"": ""10-15""}, {""mineral"": ""Pentlandite"", ""pct"": ""trace""}, {""mineral"": ""Chromite"", ""pct"": ""trace""}, {""mineral"": ""Chalcopyrite"", ""pct"": ""1-2""}, {""mineral"": ""Silver, PGE?"", ""pct"": ""trace""}, {""mineral"": ""Serpentine+saussurite+talc+actinolite (secondary)"", ""pct"": ""10-15""}]","Serpentinization (veins along pyroxene cleavage), saussurite, talc, actinolite","Chromite-magnetite-pentlandite-pyrrhotite-chalcopyrite paragenesis; ore lenses 0.8-7.0 mm; pyrrhotite dominant, replaced by chalcopyrite; pentlandite replaced by pyrrhotite and millerite; possible PGE/white-gold group micrograins 0.005-0.01 mm","Hornblende peridotite / melanocratic gabbro dominated by monoclinic pyroxene with serpentinized olivine, brown hornblende and biotite; interstitial basic plagioclase slightly saussuritized. Strong Ni-Cu style mineralization as evenly distributed sulfide lenses linked to serpentinization of the ultramafic-mafic intrusive; high-reflectance white micrograins may be precious-metal phases requiring analysis.",label,
42865,D0257,CRSO1A-53.4,CRS01A,53.4,English Petrographic and Mineragraphic description. 15.docx (Innova Mineral),Innova Mineral LLC,,mn,Mineralised gneiss with quartz-actinolite-albite (metasomatite formed from gabbro-diorite),Хүдэржсэн кварц-актинолит-альбитат гнейс (габбро-диоритоор үүссэн метасоматит),"Lepidonematogranoblastic, relict porphyroblastic, relict hypidiomorphic; structure gneissic, lens-vein like","[{""mineral"": ""Albite"", ""pct"": ""35-40""}, {""mineral"": ""Actinolite"", ""pct"": ""20-25""}, {""mineral"": ""Quartz"", ""pct"": ""15-20""}, {""mineral"": ""Biotite"", ""pct"": ""5-10""}, {""mineral"": ""Magnetite"", ""pct"": ""5-8""}, {""mineral"": ""Pyrrhotite"", ""pct"": ""3-5""}, {""mineral"": ""Pyrite"", ""pct"": ""trace""}, {""mineral"": ""Chalcopyrite"", ""pct"": ""8-10""}, {""mineral"": ""Sphalerite"", ""pct"": ""trace""}]",Plagioclase albitized; deformed granoblastic recrystallization,Pyrite-magnetite-pyrrhotite-chalcopyrite-sphalerite paragenesis evenly distributed; chalcopyrite lens-like microaggregates replacing pyrrhotite and magnetite; sphalerite with chalcopyrite inclusions,Similar to sample 41.4: albite-actinolite-biotite-quartz gneiss with relict porphyroblastic/hypidiomorphic textures after gabbro-diorite. Quartz granoblastic lens/vein zones 5-7 mm wide contain actinolite needles and ore minerals. Strongly mineralized with chalcopyrite notably abundant (8-10%).,label,
43220,D0258,OVD21-76.6,OVD21,76.6,English Petrographic and Mineragraphic description. 15.docx (Innova Mineral),Innova Mineral LLC,,mn,"Mineralized, serpentinized, fine- to medium-grained hornblende-bearing peridotite","Хүдэржиж, серпентинжсэн жижиг дунд ширхэгтэй эвэр хуурмагтай перидотит","Relict hypidiomorphic, poikilitic, occasionally sideronitic; structure massive, net","[{""mineral"": ""Serpentine pseudomorphs (after olivine and pyroxene)"", ""pct"": ""40-45""}, {""mineral"": ""Hornblende"", ""pct"": ""20-25""}, {""mineral"": ""Altered plagioclase"", ""pct"": ""5-10""}, {""mineral"": ""Altered mon. pyroxene"", ""pct"": ""3-5""}, {""mineral"": ""Biotite"", ""pct"": ""5-8""}, {""mineral"": ""Magnetite"", ""pct"": ""8-10""}, {""mineral"": ""Pyrrhotite"", ""pct"": ""trace""}, {""mineral"": ""Pentlandite"", ""pct"": ""1-2""}, {""mineral"": ""Chalcopyrite"", ""pct"": ""trace""}, {""mineral"": ""Pyrite"", ""pct"": ""trace""}, {""mineral"": ""Chromite"", ""pct"": ""trace""}, {""mineral"": ""Apatite"", ""pct"": ""trace""}, {""mineral"": ""Serpentine+saussurite+talc+actinolite (secondary)"", ""pct"": ""10-15""}]","Intense serpentinization (pseudomorphs with relict 6-8-sided olivine outlines), talc, actinolite, saussurite",Magnetite-pyrite-pentlandite-pyrrhotite-chalcopyrite paragenesis; ore lenses 1.0-8.0 mm; pyrrhotite dominant (0.8-6.0 mm) rimmed by chalcopyrite; fine magnetite veinlets in serpentine; minor euhedral pyrite and chromite,"Similar to sample 42.3: serpentine pseudomorphs after olivine (with relict olivine remnants) and pyroxene, strongly replaced marginally by brown hornblende; minor biotite and saussuritized plagioclase. Intense sulfide mineralization as evenly distributed lenses tied to serpentinization of the ultramafic-mafic intrusive.",label,
43233,D0259,OVD-21-94.4,OVD21,94.4,English Petrographic and Mineragraphic description. 15.docx (Innova Mineral),Innova Mineral LLC,,mn,"Mineralised, serpentinized, fine to medium grained hornblende peridotite","Хүдэржиж, серпентинжсэн жижиг дунд ширхэгтэй эвэр хуурмагтай перидотит","Relict hypidiomorphic, poikilitic, occasionally sideronitic; structure massive, net","[{""mineral"": ""Serpentine pseudomorphs (after olivine and pyroxene)"", ""pct"": ""40-45""}, {""mineral"": ""Hornblende"", ""pct"": ""15-20""}, {""mineral"": ""Altered plagioclase"", ""pct"": ""8-10""}, {""mineral"": ""Altered mon. pyroxene"", ""pct"": ""5-10""}, {""mineral"": ""Biotite-fuchsite"", ""pct"": ""5-10""}, {""mineral"": ""Magnetite"", ""pct"": ""3-5""}, {""mineral"": ""Pyrrhotite"", ""pct"": ""10-15""}, {""mineral"": ""Pentlandite"", ""pct"": ""trace""}, {""mineral"": ""Chalcopyrite"", ""pct"": ""1-2""}, {""mineral"": ""Apatite"", ""pct"": ""trace""}]","Serpentinization, saussurite, talc, actinolite, iddingsite; fuchsite after hornblende margins",Magnetite-pentlandite-pyrrhotite-chalcopyrite paragenesis; pyrrhotite 80-85% of ore minerals in lenses 0.5-7.0 mm; magnetite fine-grained intersecting veinlets in serpentine; pentlandite replaced by pyrrhotite and millerite,"Similar to samples 42.5 and 76.6: magnetite-bearing serpentine pseudomorphs after olivine/pyroxene with hornblende, biotite-fuchsite and minor saussuritized plagioclase. Intense mineralization as magnetite veinlets along serpentine fractures plus evenly distributed sulfide lenses related to serpentinization.",label,
42027,D0260,OVD-11-101.5,OVD011,101.5,English Petrographic and Mineragraphic description. 15.docx (Innova Mineral),Innova Mineral LLC,,en,Altered quartzose microdiorite,Хувирсан кварцат микродиорит,"Relict prismatic, poikilo-ophitic; structure massive","[{""mineral"": ""Altered plagioclase"", ""pct"": ""50-55""}, {""mineral"": ""Altered hornblende"", ""pct"": ""30-35""}, {""mineral"": ""Quartz"", ""pct"": ""8-10""}, {""mineral"": ""Leucoxenized titanite"", ""pct"": ""1-3""}, {""mineral"": ""Pyrite"", ""pct"": ""trace""}, {""mineral"": ""Apatite"", ""pct"": ""trace""}]","Sericite, pelite, saussurite, actinolite, chlorite; epigenetic carbonate veinlets 0.1-0.5 mm",Titanite-pyrite paragenesis only; leucoxenized titanite 0.03-0.2 mm associated with hornblende; sparse fine pyrite 0.01-0.05 mm,Strongly altered microdiorite: plagioclase almost completely sericitized/saussuritized retaining relict prismatic form; hornblende heavily altered to actinolite and carbonate; sparse interstitial quartz with poikilitic inclusions. Essentially unmineralized; crosscut by carbonate(-actinolite) veinlets.,label,
43241,D0261,OVD-21-107,OVD21,107.0,English Petrographic and Mineragraphic description. 15.docx (Innova Mineral),Innova Mineral LLC,,mn,"Mineralised, altered, fine to medium grained pyroxene-biotite-hornblende gabbro","Хүдэржиж, хувирсан жижиг дунд ширхэгтэй пироксен-биотит-эвэр хуурмагт габбро","Relict hypidiomorphic, poikilitic; structure massive","[{""mineral"": ""Altered plagioclase"", ""pct"": ""40-45""}, {""mineral"": ""Hornblende"", ""pct"": ""20-25""}, {""mineral"": ""Altered mon. pyroxene"", ""pct"": ""5""}, {""mineral"": ""Serpentine pseudomorph"", ""pct"": ""5-8""}, {""mineral"": ""Biotite"", ""pct"": ""5-10""}, {""mineral"": ""Magnetite"", ""pct"": ""8-10""}, {""mineral"": ""Pyrrhotite"", ""pct"": ""5-8""}, {""mineral"": ""Chalcopyrite"", ""pct"": ""10""}, {""mineral"": ""Pentlandite"", ""pct"": ""3-5""}, {""mineral"": ""Apatite"", ""pct"": ""1.0-2""}, {""mineral"": ""Sphene"", ""pct"": ""trace""}, {""mineral"": ""Silver, PGE?"", ""pct"": ""2-3 phenocrysts""}]","Serpentine, epidote, actinolite, chlorite; plagioclase cores altered to sericite-actinolite-epidote","Magnetite-pentlandite-pyrrhotite-chalcopyrite paragenesis; chalcopyrite and magnetite dominant, lens-like accumulations 0.5-5.0 mm; possible platinum-group micrograins 0.005-0.01 mm","Gabbro of zoned mafic plagioclase, brown hornblende (with monoclinic pyroxene relicts), biotite and serpentinized olivine pseudomorphs. Intense mineralization forms relatively large evenly distributed ore lenses texturally associated with plagioclase and mafic minerals; chalcopyrite is notably abundant. Tiny high-luster white grains possibly PGM.",label,
43249,D0262,OVD-21-116.1,OVD21,116.1,English Petrographic and Mineragraphic description. 15.docx (Innova Mineral),Innova Mineral LLC,,mn,"Mineralised and serpentinized, fine to medium grained hornblende peridotite","Хүдэржиж, серпентинжсэн жижиг дунд ширхэгтэй эвэр хуурмагтай перидотит","Relict hypidiomorphic, poikilitic, occasionally sideronitic; structure massive, net","[{""mineral"": ""Serpentinized olivine and pyroxene"", ""pct"": ""40-45""}, {""mineral"": ""Hornblende"", ""pct"": ""15-20""}, {""mineral"": ""Altered plagioclase"", ""pct"": ""5-10""}, {""mineral"": ""Altered mon. pyroxene"", ""pct"": ""5-10""}, {""mineral"": ""Biotite-fuchsite"", ""pct"": ""5-10""}, {""mineral"": ""Magnetite"", ""pct"": ""3-5""}, {""mineral"": ""Pyrrhotite"", ""pct"": ""8-10""}, {""mineral"": ""Pentlandite"", ""pct"": ""1-2""}, {""mineral"": ""Chalcopyrite"", ""pct"": ""3-5""}, {""mineral"": ""Sphalerite"", ""pct"": ""trace""}, {""mineral"": ""Apatite"", ""pct"": ""trace""}, {""mineral"": ""PGM phenocrysts?"", ""pct"": ""5-6 phenocrysts""}]","Partial serpentinization (olivine/pyroxene not fully pseudomorphed), saussurite, talc, actinolite, iddingsite; fuchsite","Magnetite-pentlandite-pyrrhotite-chalcopyrite-sphalerite paragenesis; ore lenses 0.5-6.0 mm, pyrrhotite ~80% of lenses; millerite noted; white-gold group micrograins 0.005-0.01 mm",First of two slides labelled OVD-21-116.1. Identical macro/microscopically to samples 42.5 and 76.6 but olivine and pyroxene only partially serpentinized. Intense mineralization: magnetite veinlets in serpentine plus evenly distributed pyrrhotite-dominated sulfide lenses related to serpentinization of the ultramafic-mafic intrusive.,label,
43249,D0263,OVD-21-116.1 (2),OVD21,116.1,English Petrographic and Mineragraphic description. 15.docx (Innova Mineral),Innova Mineral LLC,,mn,"Mineralised, serpentinized, fine to medium grained hornblende peridotite","Хүдэржиж, серпентинжсэн жижиг дунд ширхэгтэй эвэр хуурмагтай перидотит","Relict hypidiomorphic, poikilitic, in parts sideronitic; structure massive","[{""mineral"": ""Serpentine pseudomorph (after pyroxene and olivine)"", ""pct"": ""40-45""}, {""mineral"": ""Hornblende"", ""pct"": ""15-20""}, {""mineral"": ""Altered plagioclase"", ""pct"": ""3-5""}, {""mineral"": ""Altered mon. pyroxene"", ""pct"": ""5""}, {""mineral"": ""Biotite-fuchsite"", ""pct"": ""5-10""}, {""mineral"": ""Magnetite"", ""pct"": ""3-5""}, {""mineral"": ""Pyrrhotite"", ""pct"": ""10-15""}, {""mineral"": ""Chalcopyrite"", ""pct"": ""8-10""}, {""mineral"": ""Pentlandite"", ""pct"": ""3-5""}, {""mineral"": ""Sphalerite"", ""pct"": ""trace""}, {""mineral"": ""PGM"", ""pct"": ""3-5 phenocrysts""}]","Serpentinization, saussurite, talc, actinolite; fuchsite and iddingsite","Magnetite-pentlandite-pyrrhotite-chalcopyrite-sphalerite paragenesis; ore lenses 0.5-7.0 mm; pyrrhotite up to 7.0 mm rimmed/replaced by chalcopyrite (itself a dominant ore mineral, 0.1-2.5 mm); grey sphalerite 0.1-0.2 mm with chalcopyrite-pyrrhotite inclusions; white-gold group grains 0.004-0.01 mm","Second slide of sample OVD-21-116.1 (""There was 2""). Generally identical to samples 42.5 and 76.6: serpentine pseudomorphs after pyroxene/olivine with hornblende, biotite-fuchsite and minor plagioclase. Intense sulfide mineralization tied to serpentinization; chalcopyrite and pyrrhotite dominant.",label,
43265,D0264,OVD-21-146.9,OVD21,146.9,English Petrographic and Mineragraphic description. 15.docx (Innova Mineral),Innova Mineral LLC,,mn,"Mineralised, serpentinized, fine to medium grained hornblende peridotite","Хүдэржиж, серпентинжсэн жижиг дунд ширхэгтэй эвэр хуурмагтай перидотит","Relict hypidiomorphic, poikilitic, in parts sideronitic; structure massive","[{""mineral"": ""Serpentine pseudomorph (after olivine and pyroxene)"", ""pct"": ""45-50""}, {""mineral"": ""Hornblende"", ""pct"": ""20-25""}, {""mineral"": ""Altered plagioclase"", ""pct"": ""1-3""}, {""mineral"": ""Biotite-fuchsite"", ""pct"": ""10-15""}, {""mineral"": ""Magnetite"", ""pct"": ""3-5""}, {""mineral"": ""Pyrrhotite"", ""pct"": ""8-10""}, {""mineral"": ""Chalcopyrite"", ""pct"": ""3-5""}, {""mineral"": ""Pentlandite"", ""pct"": ""trace""}]","Serpentinization, saussurite, talc, actinolite, iddingsite; fuchsite associated with olivine/serpentine",Magnetite-pentlandite-pyrrhotite-chalcopyrite paragenesis; ore lenses 0.5-6.0 mm evenly distributed; fine magnetite veinlets along serpentine cleavage; chalcopyrite 0.1-2.0 mm replacing/rimming pyrrhotite,"Generally identical to sample 116.1: serpentine pseudomorphs (with talc, actinolite, biotite, fuchsite, iddingsite) after olivine/pyroxene plus dark hornblende and minor strongly saussuritized plagioclase. Intense mineralization as evenly distributed sulfide lenses related to serpentinization of the ultramafic-mafic intrusive.",label,
43267,D0265,OVD-21-148.8,OVD21,148.8,English Petrographic and Mineragraphic description. 15.docx (Innova Mineral),Innova Mineral LLC,,mn,"Mineralised, serpentinized, fine to medium grained hornblende peridotite","Хүдэржиж, серпентинжсэн жижиг дунд ширхэгтэй эвэр хуурмагтай перидотит","Relict hypidiomorphic, poikilitic, in parts sideronitic; structure massive","[{""mineral"": ""Serpentine pseudomorph (after olivine and pyroxene)"", ""pct"": ""45-50""}, {""mineral"": ""Hornblende"", ""pct"": ""20-25""}, {""mineral"": ""Altered plagioclase"", ""pct"": ""1-3""}, {""mineral"": ""Biotite-fuchsite"", ""pct"": ""10-15""}, {""mineral"": ""Magnetite"", ""pct"": ""3-5""}, {""mineral"": ""Pyrrhotite"", ""pct"": ""8-10""}, {""mineral"": ""Chalcopyrite"", ""pct"": ""3-5""}, {""mineral"": ""Pentlandite"", ""pct"": ""trace""}]","Serpentinization, saussurite, talc, actinolite, iddingsite; fuchsite",Magnetite-pentlandite-pyrrhotite-chalcopyrite paragenesis; ore lenses 0.5-6.0 mm; pyrrhotite 0.2-6.0 mm rimmed/replaced by chalcopyrite (0.1-2.5 mm); pentlandite 0.1-0.3 mm,"Generally identical to sample 146.9: serpentine pseudomorphs after olivine/pyroxene, dark hornblende, biotite-fuchsite and minor saussuritized plagioclase. Intense sulfide mineralization as evenly distributed lenses related to serpentinization; magnetite fine veinlets along serpentine cleavage.",label,
43280,D0266,OVD-21-165.2,OVD21,165.2,English Petrographic and Mineragraphic description. 15.docx (Innova Mineral),Innova Mineral LLC,,en,"Mineralised, altered gabbro-porphyry","Хүдэржиж, хувирсан габбро порфир","Porphyritic; groundmass ophitic, poikilo-ophitic; structure massive","[{""mineral"": ""Altered plagioclase"", ""pct"": ""55-60""}, {""mineral"": ""Hornblende"", ""pct"": ""20-25""}, {""mineral"": ""Biotite"", ""pct"": ""5-8""}, {""mineral"": ""Altered mon. pyroxene"", ""pct"": ""5""}, {""mineral"": ""Magnetite"", ""pct"": ""1-3""}, {""mineral"": ""Pyrrhotite"", ""pct"": ""1-2""}, {""mineral"": ""Chalcopyrite"", ""pct"": ""0.5-1.0""}, {""mineral"": ""Pentlandite"", ""pct"": ""trace""}]","Sericite, epidote, serpentine, saussurite, actinolite, carbonate, talc; pseudomorphs of actinolite-carbonate-talc after pyroxene; carbonate veins",Magnetite-pentlandite-pyrrhotite-chalcopyrite paragenesis; magnetite euhedral 0.05-0.3 mm with mafic minerals; pyrrhotite-hornblende lens aggregates 0.5-1.8 mm; pentlandite micro-lenses rimmed by pyrrhotite and chalcopyrite,"Gabbro porphyry with hornblende and altered plagioclase phenocrysts in a subophitic groundmass of plagioclase, hornblende, minor monoclinic pyroxene and biotite. Hosts xenoliths of medium-fine hornblende gabbro (1-15 mm) carrying identical ore minerals. Mineralization mostly disseminated with sulfide micro-lenses; chalcopyrite intergrown with actinolite-carbonate-talc pseudomorphs.",label,
42807,D0267,SC04-168.3,SC04,168.3,English Petrographic and Mineragraphic description. 15.docx (Innova Mineral),Innova Mineral LLC,,en,Mineralised chlorite-sericite bearing micro-schist,Хүдэржсэн хлорит-серицитэт бичил занар,"Microgranolepidoblastic, porphyritic; structure schistose, lenticular, spotted, veinlet-like","[{""mineral"": ""Sericite"", ""pct"": ""55-60""}, {""mineral"": ""Chlorite"", ""pct"": ""25-30""}, {""mineral"": ""Quartz"", ""pct"": ""8-10""}, {""mineral"": ""Titanite"", ""pct"": ""8-10""}, {""mineral"": ""Pyrite"", ""pct"": ""5-7""}, {""mineral"": ""Chalcopyrite"", ""pct"": ""trace""}, {""mineral"": ""Silver"", ""pct"": ""2-3 phenocrysts""}]",Sericite pseudomorphs after cordierite (sectored-extinction lenses); secondary quartz and carbonate,Titanite-pyrite-chalcopyrite paragenesis; pyrite as cubic disseminations 0.05-0.3 mm and clustered veins 0.5-1.0 mm cutting foliation; sparse chalcopyrite micrograins; 2-3 bright-white grains possibly silver,Micro-schist of unidirectionally aligned chlorite-sericite; sericite lens aggregates with single-centered sectored extinction interpreted as pseudomorphs after cordierite. Mineralized with disseminated pyrite and pyrite veins along foliation; crosscut by minor carbonate-quartz veins carrying ore minerals. Microphotos labelled 168.8 (minor caption inconsistency vs sample 168.3).,label,
42808,D0268,SC04-171,SC04,171.0,English Petrographic and Mineragraphic description. 15.docx (Innova Mineral),Innova Mineral LLC,,en,Carbonatized and silicified altered andesite,"Карбонатчлагдаж, цахиуржсан хувирсан андезит",Porphyritic; groundmass microlitic; structure amygdaloidal,"[{""mineral"": ""Altered plagioclase"", ""pct"": ""55-60""}, {""mineral"": ""Altered mafic mineral"", ""pct"": ""10-15""}, {""mineral"": ""Titanite (sphene)"", ""pct"": ""1-3""}, {""mineral"": ""Pyrite"", ""pct"": ""5-10""}, {""mineral"": ""Chalcopyrite"", ""pct"": ""trace""}, {""mineral"": ""Pyrrhotite"", ""pct"": ""trace""}, {""mineral"": ""Silver?"", ""pct"": ""2 grains""}, {""mineral"": ""Apatite"", ""pct"": ""trace""}, {""mineral"": ""Sericite+chlorite+actinolite (secondary)"", ""pct"": ""10-15""}, {""mineral"": ""Carbonate+quartz (secondary)"", ""pct"": ""5-10""}]",Carbonatization and silicification; phenocrysts fully pseudomorphed by quartz-carbonate-chlorite; quartz-carbonate amygdales 0.6-2.5 mm (15-20%),"Pyrite-pyrrhotite-chalcopyrite paragenesis (plus ilmenite), mostly within quartz-carbonate-chlorite amygdales; euhedral pyrite 0.1-2.0 mm; 2-3 bright white grains possibly silver/PGM",Amygdaloidal andesite with phenocrysts completely replaced by quartz-carbonate-chlorite pseudomorphs (after plagioclase and probable hornblende) in a relict microlitic groundmass with glass-derived chlorite. Abundant quartz-carbonate amygdales host the ore minerals; chalcopyrite micrograins locally resemble gold in appearance.,label,
SC04@280.7,D0269,SC04-280.7,SC04,280.7,English Petrographic and Mineragraphic description. 15.docx (Innova Mineral),Innova Mineral LLC,,en,"Altered alkali, quartzose diorite porphyry",Хувирсан шүлтлэгдүү кварцат диорит порфир,"Porphyritic; groundmass micro-hypidiomorphic, prismatic; structure massive","[{""mineral"": ""Altered plagioclase"", ""pct"": ""55-60""}, {""mineral"": ""Altered mafic mineral"", ""pct"": ""20-25""}, {""mineral"": ""Quartz"", ""pct"": ""5-8""}, {""mineral"": ""K-feldspar"", ""pct"": ""3-5""}, {""mineral"": ""Ilmenite"", ""pct"": ""3-5""}, {""mineral"": ""Titanite"", ""pct"": ""1-2""}, {""mineral"": ""Chalcopyrite"", ""pct"": ""trace""}, {""mineral"": ""Pyrite"", ""pct"": ""trace""}, {""mineral"": ""Pyrrhotite"", ""pct"": ""trace""}, {""mineral"": ""Silver"", ""pct"": ""1-2 grains""}]","Sericite, epidote, chlorite, rutile, actinolite, carbonate; epigenetic carbonate and epidote lenses/veinlets 0.05-0.8 mm; mafic phenocrysts fully pseudomorphed by epidote-chlorite with rutile exsolution","Ilmenite-pyrite-pyrrhotite-chalcopyrite paragenesis associated with altered mafic minerals; ilmenite prismatic/skeletal, slightly leucoxenized; sparse pyrite and chalcopyrite micrograins partly in epidote lenses; 2-3 bright white grains likely silver",Diorite porphyry with strongly sericitized/epidotized plagioclase phenocrysts (some K-feldspar rimmed) and epidote-chlorite pseudomorphs after biotite/hornblende in a plagioclase-quartz-K-feldspar groundmass with micrographic intergrowths. Weakly mineralized: mainly ilmenite plus trace sulfides and probable silver micrograins.,label,
42615,D0270,OVD20-60.6,OVD20,60.6,English 41 Petrographic and Mineragraphic description.docx,,,en,"Weakly mineralised, altered melanocratic gabbro porphyry","Сулавтар хүдэржиж, хувирсан меланократ габбро порфир","Porphyritic; groundmass poikilo-ophitic, hypidiomorphic; massive","[{""mineral"": ""Plagioclase"", ""pct"": ""30-35""}, {""mineral"": ""Hornblende"", ""pct"": ""30-35""}, {""mineral"": ""Altered olivine"", ""pct"": ""20-25""}, {""mineral"": ""Biotite"", ""pct"": ""5-10""}, {""mineral"": ""Quartz"", ""pct"": ""1-3""}, {""mineral"": ""Ilmenite"", ""pct"": ""0.5-1.0""}, {""mineral"": ""Pyrrhotite"", ""pct"": ""1-2""}, {""mineral"": ""Chromite"", ""pct"": ""rare""}, {""mineral"": ""Magnetite"", ""pct"": ""rare""}, {""mineral"": ""Chalcopyrite"", ""pct"": ""trace""}]","Serpentine, saussurite, talc, actinolite, carbonate; plagioclase to sericite-chlorite-epidote-carbonate; olivine to talc-serpentine pseudomorphs","Ilmenite-chromite-magnetite-pyrrhotite-chalcopyrite paragenesis in minor amounts; pyrrhotite micro-lenses with talc-serpentine pseudomorphs, displacing chromite and ilmenite",Hornblende and altered-olivine phenocrysts (60-65%) in a poikilo-ophitic groundmass of zoned plagioclase and mafic minerals; olivine pseudomorphed by talc-serpentine; quartz-carbonate amygdules 0.5-3.0 mm. Weakly mineralised. Same sample as in the 6-sample report.,label,
42874,D0271,CRS01A-61.3,CRS01A,61.3,English 41 Petrographic and Mineragraphic description.docx,,,en,Mineralised cordierite-actinolite metasomatite,Хүдэржсэн кордиерит-актинолитат метасоматит,"Lepidogranonematoblastic; weakly parallel, lenticular, veined","[{""mineral"": ""Actinolite"", ""pct"": ""45-50""}, {""mineral"": ""Cordierite"", ""pct"": ""30-35""}, {""mineral"": ""Biotite"", ""pct"": ""rare""}, {""mineral"": ""Serpentine"", ""pct"": ""5-10""}, {""mineral"": ""Magnetite"", ""pct"": ""rare""}, {""mineral"": ""Pyrrhotite"", ""pct"": ""8-10""}, {""mineral"": ""Chalcopyrite"", ""pct"": ""rare""}, {""mineral"": ""Sphalerite"", ""pct"": ""rare""}, {""mineral"": ""Ilmenite"", ""pct"": ""rare""}, {""mineral"": ""Pyrite"", ""pct"": ""rare""}]",Sericite; probable serpentine as brownish isotropic micro-lenses,"Ilmenite-pyrite-magnetite-pyrrhotite-chalcopyrite-sphalerite paragenesis; pyrrhotite dominant as anhedral grains and lenses/veins 0.2-1.0 mm, displaced by chalcopyrite; sphalerite with chalcopyrite-pyrrhotite micro-inclusions","Similar to samples 41.4 and 53.4 (Innova 15-sample report): unevenly distributed cordierite and actinolite in lepidogranonematoblastic texture; coarse cordierite hosts acicular actinolite; significant mineralisation intergrown with cordierite, actinolite and probable serpentine.",label,
42899,D0272,CRSO1A-81.1,CRS01A,81.1,English 41 Petrographic and Mineragraphic description.docx,,,mn,Mineralised spinel-cordierite-actinolite metasomatite (micro-gneiss),Хүдэржсэн шпинель -кордиерит-актинолитат метасоматит (бичил гнейс),"Heterolepidogranonematoblastic; weakly parallel, lenticular, veined","[{""mineral"": ""Actinolite"", ""pct"": ""25-30""}, {""mineral"": ""Cordierite"", ""pct"": ""25-30""}, {""mineral"": ""Pyroxene"", ""pct"": ""5-10""}, {""mineral"": ""Biotite"", ""pct"": ""5-8""}, {""mineral"": ""Muscovite"", ""pct"": ""5-8""}, {""mineral"": ""Serpentine-iddingsite?"", ""pct"": ""5-8""}, {""mineral"": ""Spinel"", ""pct"": ""5-8""}, {""mineral"": ""Magnetite"", ""pct"": ""5-8""}, {""mineral"": ""Pyrrhotite"", ""pct"": ""1-3""}, {""mineral"": ""Chalcopyrite"", ""pct"": ""3-5""}, {""mineral"": ""Pyrite"", ""pct"": ""5-8""}, {""mineral"": ""Carbonate"", ""pct"": ""rare""}]",Pyroxene margins to actinolite; serpentine-iddingsite micro-lenses,Ilmenite-magnetite-pyrite-pyrrhotite-chalcopyrite paragenesis; chalcopyrite in lenticular/banded aggregates with veins 0.5-8.0 mm; euhedral green spinel intergrown with magnetite; coarse pyrite up to 2.5 mm,"Banded metasomatite (similar to 41.4, 53.4, 61.3) of cordierite, hornblende, actinolite, biotite, serpentine-iddingsite, muscovite and spinel; coarse pyroxene-quartz-sulfide lenses/bands 1-8 mm wide, possibly relicts of a basic/ultrabasic protolith. Strongly mineralised.",hole+depth,
42908,D0273,CRSO1A-90.5,CRS01A,90.5,English 41 Petrographic and Mineragraphic description.docx,,,en,"Silicified, mineralised biotite-chlorite serpentinite","Цахиуржиж, хүдэржсэн биотит-хлориттой серпентинит","Lepidoblastic; lenticular, veined","[{""mineral"": ""Serpentine (lizardite by XRD)"", ""pct"": ""45-50""}, {""mineral"": ""Chlorite"", ""pct"": ""10-15""}, {""mineral"": ""Biotite"", ""pct"": ""10-15""}, {""mineral"": ""Quartz"", ""pct"": ""10-15""}, {""mineral"": ""Carbonate"", ""pct"": ""1-3""}, {""mineral"": ""Pyrite"", ""pct"": ""8-10""}, {""mineral"": ""Chalcopyrite"", ""pct"": ""0.5""}, {""mineral"": ""Pyrrhotite?"", ""pct"": ""rare""}]","Silicification (quartz lenses/veins 0.5-2.0 mm), chloritization with carbonate","Pyrite-chalcopyrite paragenesis; pyrite 0.1-2.0 mm in lenticular aggregates mostly in serpentine, displaced marginally by chalcopyrite; chalcopyrite micro-lenses in quartz veins","Serpentine (relict olivine shapes; XRD lizardite) with abundant biotite and chlorite lenses, crosscut by silicification quartz veins. Field description: meta-sediment. XRD-identified: quartz, muscovite, pyrite, clinochlore, lizardite. Numerous ore micro-lenses/veinlets with serpentine, chlorite, carbonate and quartz. Includes XRD note.",label,
42923,D0274,CRSO1A-104.4,CRS01A,104.4,English 41 Petrographic and Mineragraphic description.docx,,,mn,"Carbonatised, mineralised quartz vein","Карбонатжиж, хүдэржсэн кварцын судал","Granoblastic; lenticular, veined","[{""mineral"": ""Quartz"", ""pct"": ""70-75""}, {""mineral"": ""Carbonate"", ""pct"": ""10-15""}, {""mineral"": ""Pyrite"", ""pct"": ""8-10""}, {""mineral"": ""Goethite"", ""pct"": ""1-2""}, {""mineral"": ""Chalcopyrite"", ""pct"": ""0.5-1.0""}]",Carbonatisation: carbonate veins 0.01-1.0 mm crosscutting quartz,"Pyrite-goethite-chalcopyrite paragenesis; euhedral pyrite 0.1-1.5 mm in lenses/veins 0.2-2.5 mm along carbonate veins, rimmed by goethite; chalcopyrite micro-grains displacing pyrite margins","Granoblastic quartz vein (grains 0.1-1.5 mm, undulose extinction) cut by minor carbonate veins/lenses along which mineralisation occurred; pyrite dominant, goethite-rimmed.",label,
42931,D0275,CRSO1A-111.8,CRS01A,111.8,English 41 Petrographic and Mineragraphic description.docx,,,en,Plagiorhyolite (plagiogranite porphyry),Плагиориолит (Плагиоборжин порфир),"Porphyritic; groundmass felsitic, locally micro-aplitic; massive, lenticular","[{""mineral"": ""Quartz"", ""pct"": ""25-30""}, {""mineral"": ""Plagioclase"", ""pct"": ""10-15""}, {""mineral"": ""K-feldspar"", ""pct"": ""5-10""}, {""mineral"": ""Biotite"", ""pct"": ""8-10""}, {""mineral"": ""Pyrite"", ""pct"": ""trace""}, {""mineral"": ""Magnetite"", ""pct"": ""trace""}, {""mineral"": ""Zircon"", ""pct"": ""trace""}]",Plagioclase strongly sericitized/carbonatized/muscovitized with fresh zoned rims; biotite locally to chlorite+rutile; epigenetic carbonate veins 0.02-0.1 mm,"Magnetite-pyrite paragenesis, accessory only; euhedral magnetite 0.05-0.1 mm occasionally displaced by pyrite; rare cubic pyrite 0.01-0.1 mm","Felsic porphyry: oligoclase (An28-29) and rounded quartz phenocrysts (30-35%) in felsitic quartz-albite-biotite groundmass with minor K-feldspar; accessory sphene, zircon, apatite. Essentially barren.",label,
42936,D0276,CRSO1A-114.8,CRS01A,114.8,English 41 Petrographic and Mineragraphic description.docx,,,mn,"Silicified, mineralised cordierite-serpentine-actinolite metasomatite","Цахиуржиж, хүдэржсэн кордиерит-серпентин-актинолитат метасоматит","Heterolepidogranonematoblastic; weakly parallel, lenticular, veined","[{""mineral"": ""Actinolite (anthophyllite?)"", ""pct"": ""30-35""}, {""mineral"": ""Cordierite"", ""pct"": ""20-25""}, {""mineral"": ""Serpentine-iddingsite?"", ""pct"": ""20-25""}, {""mineral"": ""Pyroxene?"", ""pct"": ""trace""}, {""mineral"": ""Biotite"", ""pct"": ""trace""}, {""mineral"": ""Magnetite"", ""pct"": ""3-5""}, {""mineral"": ""Pyrrhotite"", ""pct"": ""3-5""}, {""mineral"": ""Chalcopyrite"", ""pct"": ""5-8""}, {""mineral"": ""Pyrite"", ""pct"": ""8-10""}, {""mineral"": ""Carbonate (epigenetic)"", ""pct"": ""3-5""}, {""mineral"": ""Quartz (epigenetic)"", ""pct"": ""10-15""}]",Silicification; late quartz-carbonate veins 0.5-5.0 mm; iddingsite after possible olivine relicts,"Magnetite-pyrite-pyrrhotite-chalcopyrite paragenesis; ore lenses/veins 0.1-10.0 mm along late quartz-carbonate veins; chalcopyrite dominant, forms veins 0.5-2.0 mm displacing pyrite",Similar to 61.3 and 81: serpentine-cordierite-actinolite metasomatite crosscut by late ore-quartz-carbonate veins 0.5-5.0 mm. Strong mineralisation both intergrown with silicates and as veins along the late quartz-carbonate stage.,label,
42951,D0277,CRSO1A-124.1,CRS01A,124.1,English 41 Petrographic and Mineragraphic description.docx,,,mn,"Silicified, mineralised serpentine-actinolite-cordierite metasomatite","Цахиуржиж, хүдэржсэн серпентин-актинолит- кордиеритот метасоматит","Heterolepidonematogranoblastic; weakly parallel, banded, lenticular, veined","[{""mineral"": ""Cordierite"", ""pct"": ""35-40""}, {""mineral"": ""Actinolite (anthophyllite?)"", ""pct"": ""20-25""}, {""mineral"": ""Serpentine-iddingsite?"", ""pct"": ""10-15""}, {""mineral"": ""Quartz"", ""pct"": ""10-15""}, {""mineral"": ""Biotite"", ""pct"": ""rare""}, {""mineral"": ""Magnetite"", ""pct"": ""3-5""}, {""mineral"": ""Pyrrhotite"", ""pct"": ""1-3""}, {""mineral"": ""Chalcopyrite"", ""pct"": ""1-2""}, {""mineral"": ""Pyrite"", ""pct"": ""5-8""}]",Silicification; late idiomorphic quartz lenses/bands 1.0-10.0 mm (nearly barren); iddingsite after olivine relicts,"Magnetite-pyrite-pyrrhotite-chalcopyrite paragenesis, evenly distributed; magnetite displaced by pyrite/pyrrhotite/chalcopyrite; pyrite micro-lenticular aggregates","Similar to 61.3, 81 and 114.8: banded cordierite (1.0-5.0 mm prisms), actinolite and serpentine aggregates aligned in one direction; ore minerals intergrown with all three silicates, evenly distributed; late quartz bands nearly unmineralised.",label,
43161,D0278,CRSO1A-184.32,CRS01A,184.32,English 41 Petrographic and Mineragraphic description.docx,,,mn,"Silicified, mineralised serpentine-chlorite-cordierite metasomatite","Цахиуржиж, хүдэржсэн серпентин-хлорит- кордиеритот метасоматит","Heteronematogranolepidoblastic; weakly parallel, banded, lenticular, veined","[{""mineral"": ""Cordierite"", ""pct"": ""15-20""}, {""mineral"": ""Chlorite"", ""pct"": ""20-25""}, {""mineral"": ""Serpentine"", ""pct"": ""10-15""}, {""mineral"": ""Actinolite"", ""pct"": ""5-10""}, {""mineral"": ""Quartz"", ""pct"": ""15-20""}, {""mineral"": ""Carbonate"", ""pct"": ""5-10""}, {""mineral"": ""Magnetite"", ""pct"": ""rare""}, {""mineral"": ""Pyrrhotite"", ""pct"": ""5-8""}, {""mineral"": ""Chalcopyrite"", ""pct"": ""5-8""}, {""mineral"": ""Pyrite"", ""pct"": ""5-8""}]",Silicification; late quartz-carbonate veins 1.0-10.0 mm; carbonate-chlorite-serpentine in cordierite fracture zones,"Magnetite-pyrite-pyrrhotite-chalcopyrite paragenesis; chalcopyrite dominant (0.02-0.6 mm), displacing pyrrhotite; pyrite-chalcopyrite lenses/veins 1.0-8.0 mm along late veins","Serpentine-chlorite-cordierite metasomatite with lenticular/banded fabric, strongly mineralised; ore intergrown with silicates and as 0.5-8.0 mm lenses/veins along late quartz-carbonate veins.",label,
43166,D0279,CRSO1A-187.8,CRS01A,187.8,English 41 Petrographic and Mineragraphic description.docx,,,mn,"Silicified, mineralised cordierite-serpentine-chlorite metasomatite","Цахиуржиж, хүдэржсэн кордиерит-серпентин-хлоритот метасоматит","Heteronematogranolepidoblastic; weakly parallel, banded, lenticular, veined","[{""mineral"": ""Chlorite"", ""pct"": ""30-35""}, {""mineral"": ""Serpentine"", ""pct"": ""20-25""}, {""mineral"": ""Cordierite"", ""pct"": ""10-15""}, {""mineral"": ""Talc"", ""pct"": ""3-5""}, {""mineral"": ""Quartz"", ""pct"": ""8-10""}, {""mineral"": ""Carbonate"", ""pct"": ""3-5""}, {""mineral"": ""Magnetite"", ""pct"": ""rare""}, {""mineral"": ""Pyrrhotite"", ""pct"": ""3-5""}, {""mineral"": ""Chalcopyrite"", ""pct"": ""5-8""}, {""mineral"": ""Pyrite"", ""pct"": ""8-10""}]",Silicification; late quartz-carbonate veins 1.0-10.0 mm; serpentine(-talc) pseudomorphs with hexagonal-octagonal relicts; iddingsite micro-aggregates,Magnetite-pyrite-pyrrhotite-chalcopyrite paragenesis; pyrite lenses/veins 0.5-10.0 mm with chalcopyrite displacing/rimming it; chalcopyrite also intergrown with serpentine and chlorite,Generally identical to sample 184.32; chlorite-serpentine dominated with coarse cordierite lenses; strong mineralisation intergrown with silicates and along late quartz-carbonate veins as 0.2-6.0 mm ore lenses/veins.,label,
43167,D0280,CRSO1A-188.4,CRS01A,188.4,English 41 Petrographic and Mineragraphic description.docx,,,mn,"Strongly brecciated, silicified, carbonatised, mineralised chlorite-serpentine metasomatite (chloritic serpentinite)","Хүчтэй брекчлэгдэн цахиуржиж, карбонатчлагдан хүдэржсэн хлорит-серпентинт метасоматит (хлориттой серпентинит)","Heterogranolepidoblastic; breccia-like, banded, lenticular, veined","[{""mineral"": ""Serpentine"", ""pct"": ""30-35""}, {""mineral"": ""Chlorite"", ""pct"": ""15-20""}, {""mineral"": ""Pyroxene"", ""pct"": ""3-5""}, {""mineral"": ""Quartz"", ""pct"": ""15-20""}, {""mineral"": ""Carbonate"", ""pct"": ""10-15""}, {""mineral"": ""Magnetite"", ""pct"": ""rare""}, {""mineral"": ""Chalcopyrite"", ""pct"": ""5-8""}, {""mineral"": ""Pyrite"", ""pct"": ""10-15""}]",Intense silicification and carbonatisation; numerous quartz-carbonate-ore veins 0.1-10.0 mm giving breccia-like structure,"Magnetite-pyrite-chalcopyrite paragenesis; pyrite veins predominate (0.5-15.0 mm wide, grains 0.2-3.0 mm), displaced by chalcopyrite; rare chromite micro-grains; chalcopyrite also intergrown with chlorite-serpentine","Brecciated serpentinite: lenticular chlorite and serpentine aggregates (rare rhombic pyroxene relicts) crosscut by abundant quartz, carbonate and coarse ore veins; mineralisation accompanies the late carbonate-quartz stage.",label,
42513,D0281,OVD010-97.7,OVD010,97.7,English 41 Petrographic and Mineragraphic description.docx,,,mn,Highly altered gabbrodiorite porphyry (albite-chlorite-carbonate metasomatite),Хүчтэй хувирсан габбродиорит порфир (Габбродиорит-порфироор үүссэн альбит-хлорит-карбонатат метасоматит),"Relict porphyritic; groundmass relict prismatic granular, relict subophitic; weakly parallel","[{""mineral"": ""Chlorite-carbonate pseudomorphs after plagioclase"", ""pct"": ""55-60""}, {""mineral"": ""Chlorite pseudomorph"", ""pct"": ""35-40""}, {""mineral"": ""Chalcopyrite"", ""pct"": ""trace""}, {""mineral"": ""Pyrite"", ""pct"": ""rare""}, {""mineral"": ""Apatite"", ""pct"": ""rare""}, {""mineral"": ""Titanite (sphene)"", ""pct"": ""0.5""}]","Near-total replacement by carbonate, chlorite, albite, sericite, quartz, leucoxene; carbonate(-quartz) veinlets 0.2-0.3 mm",Pyrite-chalcopyrite paragenesis; sparse euhedral pyrite 0.02-0.2 mm (some resembling pyrrhotite) and isolated chalcopyrite 0.01-0.05 mm with chlorite-carbonate,Gabbrodiorite porphyry with plagioclase and mafic phenocrysts (20-25%) fully pseudomorphed by albite-carbonate and chlorite; abundant titanite micro-grains in chlorite pseudomorphs. Weakly mineralised.,label,
42539,D0282,OVD010-226.3,OVD010,226.3,English 41 Petrographic and Mineragraphic description.docx,,,mn,Serpentine-carbonate-actinolite-chlorite metasomatite (derived from gabbro or ultramafic rock),Серпентин-карбонат-актинолит-хлоритот метасоматит (Габбро юмуу хэт суурилаг чулуугаар үүссэн),"Granonematolepidoblastic, relict micro-panidiomorphic; weakly parallel","[{""mineral"": ""Carbonate-serpentine-actinolite pseudomorph"", ""pct"": ""55-60""}, {""mineral"": ""Chlorite pseudomorph"", ""pct"": ""35-40""}, {""mineral"": ""Pyrite"", ""pct"": ""0.5""}, {""mineral"": ""Apatite"", ""pct"": ""rare""}, {""mineral"": ""Titanite (sphene)"", ""pct"": ""rare""}, {""mineral"": ""Zircon"", ""pct"": ""trace""}]",Complete pseudomorphic replacement; epigenetic quartz and carbonate veinlets 0.5-2.0 mm,"Titanite-pyrite paragenesis; euhedral pyrite 0.02-0.4 mm evenly distributed, locally micro-lenticular aggregates","Fully metasomatised fine-grained melanocratic gabbro or ultramafic rock: idiomorphic hexagonal pseudomorphs (0.2-0.8 mm) of quartz-carbonate-chlorite-serpentine-actinolite after mafic minerals (pyroxene), plus chlorite pseudomorphs after hornblende with abundant titanite inclusions.",label,
42553,D0283,OVD010-305.6,OVD010,305.6,English 41 Petrographic and Mineragraphic description.docx,,,en,Fine-grained hornblende gabbrodiorite,Жижиг ширхэгтэй эвэр хуурмагт габбордиорит,"Gabbroic, subophitic, prismatic granular; massive","[{""mineral"": ""Altered plagioclase"", ""pct"": ""65-70""}, {""mineral"": ""Hornblende"", ""pct"": ""25-30""}, {""mineral"": ""Pyrite"", ""pct"": ""0.2""}, {""mineral"": ""Chalcopyrite"", ""pct"": ""rare""}, {""mineral"": ""Apatite"", ""pct"": ""rare""}, {""mineral"": ""Titanite (sphene)"", ""pct"": ""rare""}, {""mineral"": ""Zircon"", ""pct"": ""trace""}]","Plagioclase to sericite-carbonate-pelite (zoned, fresh rims); minor chlorite; late quartz-carbonate micro-lenses",Titanite-pyrite-chalcopyrite paragenesis from late weak mineralisation; sparse euhedral pyrite 0.03-0.2 mm and chalcopyrite micro-aggregates in quartz and chlorite,"Fresh-looking fine hornblende gabbrodiorite: intermediate zoned plagioclase with interstitial green-brown hornblende; rare chlorite pseudomorphs after biotite with rutile-titanite. Weak, late mineralisation only.",label,
42030,D0284,OVD011-107.4,OVD011,107.4,English 41 Petrographic and Mineragraphic description.docx,,,mn,"Silicified, carbonatised and mineralised silty argillite","Цахиуржиж, карбонатчлагдан, хүдэржсэн алевритлаг аргиллит","Blastoaleuropelitic, matrix microlepidoblastic; massive, weakly breccia-like","[{""mineral"": ""Micaceous-clayey aggregate"", ""pct"": ""75-80""}, {""mineral"": ""Relict siltstone fragments"", ""pct"": ""1-2""}, {""mineral"": ""Quartz (epigenetic)"", ""pct"": ""5-8""}, {""mineral"": ""Carbonate (epigenetic)"", ""pct"": ""1-3""}, {""mineral"": ""Pyrrhotite"", ""pct"": ""8-10""}, {""mineral"": ""Chalcopyrite"", ""pct"": ""rare""}]",Silicification and carbonatisation; carbonate-quartz lenses/veinlets 0.1-2.0 mm,"Pyrrhotite-chalcopyrite; pyrrhotite lenses/veins 0.1-2.5 mm wide in carbonate-quartz veins, chalcopyrite micro-aggregates displacing its margins",Cryptolepidoblastic clayey-sericite-chlorite argillite with rare relict silt quartz fragments; weak mineralisation associated with late quartz-carbonate veinlets (pyrrhotite dominant). XRD suggested for precise identification of the clay-mica aggregate.,label,
42031,D0285,OVD011-109.1,OVD011,109.1,English 41 Petrographic and Mineragraphic description.docx,,,mn,Weakly mineralised chlorite-sericite micro-schist (phyllite) derived from siltstone,Сулавтар хүдэржсэн алевролитоор үүссэн хлорит-серицитэт бичил занар (филлит),"Microlepidoblastic, blastoaleuritic; schistose, lenticular, spotted","[{""mineral"": ""Sericite"", ""pct"": ""40-45""}, {""mineral"": ""Chlorite"", ""pct"": ""45-50""}, {""mineral"": ""Silt-sized relict fragments"", ""pct"": ""3-5""}, {""mineral"": ""Ilmenite"", ""pct"": ""rare""}, {""mineral"": ""Pyrite"", ""pct"": ""5-7""}, {""mineral"": ""Chalcopyrite"", ""pct"": ""rare""}, {""mineral"": ""Quartz (secondary)"", ""pct"": null}, {""mineral"": ""Carbonate (secondary)"", ""pct"": null}]",Sericite-chlorite schistosity; spotted sericite lenses possibly after cordierite; leucoxene-altered titanite,"Ilmenite-pyrite-chalcopyrite paragenesis; euhedral pyrite grains, micro-lenses and thin veinlets concentrated in a 10x25 mm aleuroargillite lens; dust-like pyrite in main mass; rare chalcopyrite 0.01-0.1 mm",Phyllite of aligned sericite-chlorite with blastoaleuritic quartz relicts and meta-siltstone lenticles; a dark aleuroargillite lens is mineralised with abundant pyrite micro-lenses and veinlets.,label,
42032,D0286,OVD11-109.6,OVD011,109.6,English 41 Petrographic and Mineragraphic description.docx,,,mn,Carbonatised fine-grained feldspar-quartz sandy metasiltstone,Карбонатчлагдсан жижиг ширхэгтэй хээрийн жонш-кварцат элсжинлэг метаалевролит,"Blastopsammoaleuritic, matrix microlepidoblastic; schistose, folded","[{""mineral"": ""Quartz (fragments)"", ""pct"": ""15-20""}, {""mineral"": ""Feldspar (fragments)"", ""pct"": ""5-10""}, {""mineral"": ""Clayey-sericite-chlorite matrix"", ""pct"": ""70-75""}, {""mineral"": ""Titanite"", ""pct"": ""rare""}, {""mineral"": ""Pyrite"", ""pct"": ""0.1-0.3""}, {""mineral"": ""Quartz (epigenetic)"", ""pct"": ""rare""}, {""mineral"": ""Carbonate (epigenetic)"", ""pct"": ""5-8""}]",Carbonatisation: carbonate micro-lenses 0.2-3.0 mm along schistosity; rare quartz micro-lenses,"Titanite-pyrite paragenesis; micro-phenocrystic pyrite 0.01-0.1 mm evenly distributed, thin veinlets rimming carbonate lenses",Folded metasiltstone: aligned quartz and albitised feldspar fragments (25-30%) in microlepidoblastic clayey-sericite-chlorite matrix; carbonate lenses along schistosity; weak pyrite mineralisation.,label,
42043,D0287,OVD11-126.5,OVD011,126.5,English 41 Petrographic and Mineragraphic description.docx,,,mn,Weakly carbonatised and mineralised silty argillite (siltstone),"Сулавтар карбонатчлагдаж, хүдэржсэн алевритлаг аргиллит (алевролит)","Blastoaleuritic, cryptolepidoblastic; massive","[{""mineral"": ""Quartz (fragments)"", ""pct"": ""15-20""}, {""mineral"": ""Feldspar (fragments)"", ""pct"": ""5""}, {""mineral"": ""Micaceous-clayey matrix"", ""pct"": ""75-80""}, {""mineral"": ""Pyrite"", ""pct"": ""rare""}, {""mineral"": ""Chalcopyrite"", ""pct"": ""rare""}, {""mineral"": ""Quartz (epigenetic)"", ""pct"": ""rare""}, {""mineral"": ""Carbonate (epigenetic)"", ""pct"": ""1-3""}]",Weak carbonatisation; quartz-carbonate veinlets 0.1-0.5 mm,Titanite-pyrite-chalcopyrite paragenesis; sparse micro-phenocrystic pyrite and chalcopyrite 0.01-0.1 mm; chalcopyrite micro-lenses in quartz-carbonate veins,"Siltstone of quartz(-feldspar) fragments in semi-isotropic pelitomorphic micaceous-clayey cement, weakly carbonatised and only sparsely mineralised.",label,
42049,D0288,OVD11-132.8,OVD011,132.8,English 41 Petrographic and Mineragraphic description.docx,,,mn,Mineralised and altered fine-grained melanocratic (olivine-hornblende) gabbro,"Хүдэржиж, хувирсан жижиг ширхэгтэй меланократ (оливин-эвэр хуурмагт) габбро","Poikilo-ophitic, ophitic; massive","[{""mineral"": ""Hornblende"", ""pct"": ""30-35""}, {""mineral"": ""Serpentine-talc pseudomorph"", ""pct"": ""35-40""}, {""mineral"": ""Plagioclase"", ""pct"": ""15-20""}, {""mineral"": ""Biotite"", ""pct"": ""5""}, {""mineral"": ""Magnetite"", ""pct"": ""rare""}, {""mineral"": ""Pyrrhotite"", ""pct"": ""5-8""}, {""mineral"": ""Chalcopyrite"", ""pct"": ""3-5""}, {""mineral"": ""Chromite"", ""pct"": ""rare""}]","Serpentine, saussurite, talc, actinolite, carbonate; olivine to talc-serpentine pseudomorphs; plagioclase to sericite-chlorite-epidote-carbonate",Chromite-magnetite-pyrrhotite-chalcopyrite paragenesis; pyrrhotite-chalcopyrite lens up to 8x20 mm associated with talc-serpentine pseudomorphs; chalcopyrite micro-grains in pseudomorphs,"Melanocratic gabbro of brownish-green hornblende, talc-serpentine pseudomorphs after olivine (0.3-1.8 mm) and zoned basic plagioclase; notable sulfide mineralisation as large pyrrhotite-chalcopyrite lenses tied to the pseudomorphs.",label,
42086,D0289,OVD11-189.2,OVD011,189.2,English 41 Petrographic and Mineragraphic description.docx,,,mn,Strongly altered medium-grained hornblende peridotite,Хүчтэй хувирсан дунд жижиг ширхэгтэй эвэр хуурмагтай перидотит,Panidiomorphic; massive,"[{""mineral"": ""Hornblende"", ""pct"": ""35-40""}, {""mineral"": ""Serpentine pseudomorph"", ""pct"": ""30-35""}, {""mineral"": ""Altered pyroxene"", ""pct"": ""20-25""}, {""mineral"": ""Magnetite"", ""pct"": ""rare""}, {""mineral"": ""Chromite"", ""pct"": ""rare""}, {""mineral"": ""Pyrite"", ""pct"": ""0.5""}, {""mineral"": ""Chalcopyrite"", ""pct"": ""rare""}, {""mineral"": ""Talc+actinolite+carbonate (secondary)"", ""pct"": ""5-10""}]",Intense amphibolitisation (hornblende replacing pyroxene and olivine); serpentinization with talc-carbonate; coarse carbonate lenses 0.2-1.0 mm,"Chromite-magnetite-pyrite paragenesis; only sparse micro-phenocrystic magnetite, chromite, pyrite (0.01-0.2 mm) and rare chalcopyrite with carbonate-serpentine",Amphibolitised peridotite: dominant brownish-green hornblende displacing rhombic pyroxene relicts and serpentine(-talc-carbonate) pseudomorphs after olivine. Minimal mineralisation.,label,
42111,D0290,OVD14-35.9-36.1,OVD14,35.9,English 41 Petrographic and Mineragraphic description.docx,,,mn,Garnet-carbonate metasomatite (skarn),Гранат-карбонатат метасоматит (Скарн),"Porphyroblastic, granoblastic; weakly parallel","[{""mineral"": ""Carbonate (calcite)"", ""pct"": ""50-55""}, {""mineral"": ""Garnet"", ""pct"": ""30-35""}, {""mineral"": ""Quartz"", ""pct"": ""10-15""}, {""mineral"": ""Pyrite"", ""pct"": ""0.5-1.0""}, {""mineral"": ""Chalcopyrite"", ""pct"": ""rare""}]",Late carbonate veinlets 0.1-0.5 mm with rare pyrite veinlets,Pyrite-chalcopyrite paragenesis; sparse chalcopyrite 0.02-0.2 mm and pyrite in the quartz-carbonate mass; pyrite veinlets 0.1-0.2 mm in late carbonate veins,Skarn of granoblastic calcite (strong HCl effervescence) with minor quartz and evenly distributed euhedral garnet porphyroblasts (0.3-1.5 mm). Sparse sulfides.,label,
42145,D0291,OVD14-88.3,OVD14,88.3,English 41 Petrographic and Mineragraphic description.docx,,,mn,Metasomatically strongly altered diorite porphyry,Метасоматозоор хүчтэй хувирсан диорит порфир,"Porphyritic; groundmass micro prismatic granular, microhypidiomorphic; massive","[{""mineral"": ""Plagioclase"", ""pct"": ""70-75""}, {""mineral"": ""Altered mafic minerals"", ""pct"": ""20-25""}, {""mineral"": ""Biotite"", ""pct"": ""3-5""}, {""mineral"": ""Quartz"", ""pct"": ""1-3""}, {""mineral"": ""Pyrrhotite"", ""pct"": ""rare""}, {""mineral"": ""Chromite"", ""pct"": ""rare""}, {""mineral"": ""Chalcopyrite"", ""pct"": ""trace""}, {""mineral"": ""Apatite"", ""pct"": ""rare""}]","Sericite, pelite, chlorite, muscovite; epigenetic carbonate veinlets 0.1-0.3 mm; mafic phenocrysts fully to chlorite pseudomorphs with rutile",Chromite-pyrrhotite-chalcopyrite paragenesis; sparse chalcopyrite and pyrrhotite micro-grains with altered mafics; rare chromite in chlorite pseudomorphs; micro-prismatic pyrrhotite in carbonate veinlets,Diorite porphyry with sericitized zoned plagioclase phenocrysts and chlorite pseudomorphs after biotite/hornblende in a plagioclase-mafic-quartz groundmass; weakly mineralised.,label,
42147,D0292,OVD14-89.8A,OVD14,89.8,English 41 Petrographic and Mineragraphic description.docx,,,mn,Altered fine- to medium-grained pyroxene-hornblende gabbro,Хувирсан жижиг дунд ширхэгтэй пироксен-эвэр хуурмагт габбро,"Ophitic, poikilo-ophitic; massive","[{""mineral"": ""Altered plagioclase (table prints \""altered pyroxene\"")"", ""pct"": ""40-45""}, {""mineral"": ""Hornblende"", ""pct"": ""35-40""}, {""mineral"": ""Altered mon. pyroxene"", ""pct"": ""10-15""}, {""mineral"": ""Chlorite-serpentine pseudomorph"", ""pct"": ""5-10""}, {""mineral"": ""Magnetite"", ""pct"": ""trace""}, {""mineral"": ""Pyrite"", ""pct"": ""rare""}, {""mineral"": ""Chalcopyrite"", ""pct"": ""rare""}, {""mineral"": ""Titanite"", ""pct"": ""rare""}, {""mineral"": ""Apatite"", ""pct"": ""0.5-1.0""}, {""mineral"": ""Sphene"", ""pct"": ""rare""}]","Sericite, pelite, serpentine, epidote, chlorite; plagioclase cores to sericite-epidote; olivine to chlorite-serpentine pseudomorphs",Magnetite-titanite-pyrite-chalcopyrite paragenesis; sparse micro-phenocrysts with mafics; skeletal leucoxenised titanite with chalcopyrite inclusions; euhedral pyrite 0.1-0.5 mm with pseudomorphs,"Slide A of sample 89.8: gabbro of zoned mafic plagioclase, brown hornblende with monoclinic pyroxene relicts, and chlorite-serpentine pseudomorphs after olivine. Weakly mineralised. (Mineral table first entry reads ""altered pyroxene"" but narrative describes plagioclase.)",hole+depth,"D9: A/B slide suffix — this description was assigned to 42147 (`OVD014-89.8 (A) | OVD014-89.8 (B)`) on LETTER ORDER ALONE (report letter 'A' -> master suffix '(A)'). There is no independent discriminator — the master lists the (A) and (B) slides with the same lithology — so if either source transposed the letters, the two descriptions are swapped between the two samples. The (A)/(B) pair shares one hole and depth, so the spatial impact is nil"
42150,D0293,OVD14-95.8-95.9,OVD14,95.8,English 41 Petrographic and Mineragraphic description.docx,,,mn,Mineralised and altered variably grained pyroxene-hornblende melanocratic gabbro,"Хүдэржиж, хувирсан жигд биш ширхэгтэй пироксен-эвэр хуурмагт меланократ габбро","Hypidiomorphic, poikilo-ophitic, ophitic; massive, lenticular","[{""mineral"": ""Altered plagioclase"", ""pct"": ""25-30""}, {""mineral"": ""Hornblende"", ""pct"": ""35-40""}, {""mineral"": ""Altered mon. pyroxene"", ""pct"": ""5-10""}, {""mineral"": ""Talc-serpentine pseudomorph"", ""pct"": ""15-20""}, {""mineral"": ""Biotite"", ""pct"": ""1-3""}, {""mineral"": ""Magnetite"", ""pct"": ""0.5-1.0""}, {""mineral"": ""Pyrrhotite"", ""pct"": ""3-5""}, {""mineral"": ""Chalcopyrite"", ""pct"": ""0.5-1.0""}, {""mineral"": ""Pyrite"", ""pct"": ""0.5-1.0""}]","Sericite, pelite, epidote, chlorite, carbonate, quartz; olivine to talc-serpentine pseudomorphs","Magnetite-pyrite-pyrrhotite-chalcopyrite paragenesis; ore lenses 0.5-10.0 mm mainly with carbonate, some intergrown with talc-serpentine; pyrrhotite dominant (0.5-8.0 mm) rimmed by chalcopyrite",Poikilo-ophitic gabbro dominated by coarse brown hornblende enclosing altered plagioclase and olivine; talc-serpentine pseudomorphs 0.6-2.0 mm. Mineralised with carbonate-associated sulfide lenses.,label,
42147,D0294,OVD14-89.8B,OVD14,89.8,English 41 Petrographic and Mineragraphic description.docx,,,mn,Carbonatised and albitised epidote-pyroxene-garnet-carbonate skarn,"Карбонатчлагдан, альбитжсан эпидот -пироксен-гранат-карбонаттай скарн","Granoblastic; lenticular, banded","[{""mineral"": ""Garnet"", ""pct"": ""25-30""}, {""mineral"": ""Monoclinic pyroxene"", ""pct"": ""15-20""}, {""mineral"": ""Carbonate"", ""pct"": ""15-20""}, {""mineral"": ""Epidote"", ""pct"": ""5-10""}, {""mineral"": ""Amphibole"", ""pct"": ""5-10""}, {""mineral"": ""Plagioclase"", ""pct"": ""10-15""}, {""mineral"": ""Serpentine"", ""pct"": ""3-5""}, {""mineral"": ""Quartz"", ""pct"": ""5-8""}, {""mineral"": ""Pyrrhotite"", ""pct"": ""0.1""}, {""mineral"": ""Pyrite"", ""pct"": ""few""}]",Carbonatisation and albitisation; late coarse carbonate-albite veins/lenses 0.5-2.5 mm,"Pyrrhotite-pyrite paragenesis, sparse; pyrrhotite 0.02-0.2 mm micro-lenses with serpentine and altered hornblende; rare pyrite in late carbonate veins","Slide B of sample 89.8 (Cyrillic Б in source): complex skarn interpreted as gabbro-carbonate contact; garnet, calcite, pyroxene, epidote granoblastic aggregate with relict gabbro fragments; weakly mineralised.",hole+depth,"D9: A/B slide suffix — this description was assigned to 42147 (`OVD014-89.8 (A) | OVD014-89.8 (B)`) on LETTER ORDER ALONE (report letter 'B' -> master suffix '(B)'). There is no independent discriminator — the master lists the (A) and (B) slides with the same lithology — so if either source transposed the letters, the two descriptions are swapped between the two samples. The (A)/(B) pair shares one hole and depth, so the spatial impact is nil"
42158,D0295,OVD14-102.3,OVD14,102.3,English 41 Petrographic and Mineragraphic description.docx,,,mn,Mineralised and metasomatically strongly altered fine- to medium-grained peridotite,"Хүдэржиж, метасоматозоор хүчтэй хувирсан жижиг дунд ширхэгтэй перидотит","Relict panidiomorphic, granolepidoblastic; lenticular","[{""mineral"": ""Talc-chlorite-serpentine pseudomorph"", ""pct"": ""55-60""}, {""mineral"": ""Altered hornblende"", ""pct"": ""20-25""}, {""mineral"": ""Altered pyroxene"", ""pct"": ""5-10""}, {""mineral"": ""Magnetite"", ""pct"": ""rare""}, {""mineral"": ""Chromite"", ""pct"": ""rare""}, {""mineral"": ""Pyrrhotite"", ""pct"": ""8-10""}, {""mineral"": ""Pyrite"", ""pct"": ""3-5""}, {""mineral"": ""Chalcopyrite"", ""pct"": ""3-5""}, {""mineral"": ""Pentlandite"", ""pct"": ""1-3""}, {""mineral"": ""Carbonate (secondary)"", ""pct"": ""5-10""}, {""mineral"": ""Quartz (secondary)"", ""pct"": ""1-3""}]",Pervasive talc-chlorite-serpentine after olivine and pyroxene; hornblende to actinolite-carbonate-chlorite pseudomorphs; late quartz-carbonate veins/lenses,"Chromite-magnetite-pyrite-pentlandite-pyrrhotite-chalcopyrite paragenesis; ore lenses 0.8-30.0 mm occupying ~15-20% of section; pyrrhotite dominant (0.5-10.0 mm) rimmed by chalcopyrite, displacing pentlandite","Strongly altered peridotite, significantly mineralised: large evenly distributed Ni-Cu sulfide lenses (with pentlandite) mostly bounded by late quartz-carbonate, some intergrown with talc-serpentine.",label,
42164,D0296,OVD14-109.6,OVD14,109.6,English 41 Petrographic and Mineragraphic description.docx,,,mn,Weakly mineralised carbonate-actinolite-chlorite metasomatite derived from gabbrodiorite,Сулавтар хүдэржсэн габбродиоритоор үүссэн карбонат-актинолит-хлоритот метасоматит,"Micronematogranoblastic, relict micro-prismatic, hypidiomorphic; massive","[{""mineral"": ""Actinolite"", ""pct"": ""30-35""}, {""mineral"": ""Chlorite"", ""pct"": ""45-50""}, {""mineral"": ""Carbonate"", ""pct"": ""10-15""}, {""mineral"": ""Quartz"", ""pct"": ""1-3""}, {""mineral"": ""Ilmenite"", ""pct"": ""1-2""}, {""mineral"": ""Chromite"", ""pct"": ""trace""}, {""mineral"": ""Pyrite"", ""pct"": ""3-5""}, {""mineral"": ""Leucoxene (secondary)"", ""pct"": null}]",Complete metasomatic replacement by actinolite and chlorite pseudomorphs; carbonatisation (0.01-0.2 mm grains),Chromite-ilmenite-pyrite paragenesis; evenly distributed pyrite 0.01-0.2 mm dominant; weakly leucoxenised prismatic ilmenite; rare chromite,Gabbrodiorite fully replaced by actinolite-chlorite pseudomorphs with even fine carbonate; weak oxide-pyrite mineralisation only.,label,
42311,D0297,OVD015-94.82,OVD015,94.82,English 41 Petrographic and Mineragraphic description.docx,,,mn,Chlorite-sericite micro-schist (phyllite),Хлорит-серицитэт бичил занар (филлит),"Microlepidoblastic; schistose, lenticular, spotted","[{""mineral"": ""Sericite"", ""pct"": ""60-65""}, {""mineral"": ""Chlorite"", ""pct"": ""35-40""}, {""mineral"": ""Titanite"", ""pct"": ""1-3""}, {""mineral"": ""Chalcopyrite"", ""pct"": ""rare""}, {""mineral"": ""Pyrite"", ""pct"": ""trace""}]","Leucoxene-altered titanite micro-grains, occasionally rimming spotted lenses",Titanite-chalcopyrite paragenesis; dust-like pyrite singles and rare chalcopyrite 0.01-0.1 mm,Phyllite of aligned chlorite-sericite with spotted sericite lens aggregates (65-70 vol%); essentially barren apart from leucoxenised titanite and trace sulfides.,label,
42317,D0298,OVD15-102.4,OVD015,102.4,English 41 Petrographic and Mineragraphic description.docx,,,mn,Fine-grained hornblende gabbrodiorite,Жижиг ширхэгтэй эвэр хуурмагт габбордиорит,"Poikilo-ophitic, subophitic; massive","[{""mineral"": ""Altered plagioclase"", ""pct"": ""55-60""}, {""mineral"": ""Hornblende"", ""pct"": ""25-30""}, {""mineral"": ""Biotite"", ""pct"": ""rare""}, {""mineral"": ""Quartz"", ""pct"": ""1-3""}, {""mineral"": ""Pyrite"", ""pct"": ""0.5""}, {""mineral"": ""Chalcopyrite"", ""pct"": ""trace""}, {""mineral"": ""Apatite"", ""pct"": ""rare""}, {""mineral"": ""Titanite"", ""pct"": ""rare""}, {""mineral"": ""Chromite"", ""pct"": ""rare""}, {""mineral"": ""Zircon"", ""pct"": ""trace""}]","Sericite, carbonate, pelite; carbonatisation with carbonate lenses/veins 0.1-1.0 mm; biotite to chlorite",Chromite-titanite-pyrite-chalcopyrite paragenesis; euhedral pyrite in carbonate lenses; chromite with hornblende; skeletal leucoxenised titanite with biotite,Gabbrodiorite of zoned intermediate plagioclase and interstitial brown hornblende with poikilitic quartz; weak late mineralisation tied to chlorite and carbonate.,label,
42318,D0299,OVD15-105.1-105.2,OVD015,105.1,English 41 Petrographic and Mineragraphic description.docx,,,mn,Fine-grained biotite-quartz diorite (microdiorite),Жижиг ширхэгтэй биотитот кварцат диорит (Микродиорит),"Hypidiomorphic, subophitic; massive","[{""mineral"": ""Altered plagioclase"", ""pct"": ""55-60""}, {""mineral"": ""Biotite"", ""pct"": ""20-25""}, {""mineral"": ""Quartz"", ""pct"": ""1-3""}, {""mineral"": ""Pyrite"", ""pct"": ""trace""}, {""mineral"": ""Titanite"", ""pct"": ""0.5""}, {""mineral"": ""Chalcopyrite"", ""pct"": ""trace""}, {""mineral"": ""Chromite"", ""pct"": ""trace""}, {""mineral"": ""Apatite"", ""pct"": ""rare""}]","Sericite, pelite, chlorite, pelitomorphic carbonate; hydrogoethite coatings along fissures; biotite partly to chlorite pseudomorphs with rutile-titanite",Titanite-pyrite paragenesis; leucoxenised titanite micro-aggregates with biotite; rare pyrite and chalcopyrite micro-grains,Microdiorite of altered tabular plagioclase and reddish-brown biotite with interstitial poikilitic quartz; essentially barren.,label,
42326,D0300,OVD15-116.1,OVD015,116.1,English 41 Petrographic and Mineragraphic description.docx,,,mn,Strongly carbonatised and altered gabbrodiorite porphyry,"Хүчтэй карбонатчлагдаж, хувирсан габбродиорит порфир","Porphyritic; groundmass poikilo-ophitic, prismatic grained; massive","[{""mineral"": ""Altered plagioclase"", ""pct"": ""55-60""}, {""mineral"": ""Carbonate-serpentine-chlorite pseudomorph (after hornblende)"", ""pct"": ""30-35""}, {""mineral"": ""Biotite"", ""pct"": ""5-10""}, {""mineral"": ""Quartz"", ""pct"": ""1-3""}, {""mineral"": ""Ilmenite"", ""pct"": ""rare""}, {""mineral"": ""Chromite"", ""pct"": ""rare""}, {""mineral"": ""Pyrrhotite"", ""pct"": ""rare""}, {""mineral"": ""Pyrite"", ""pct"": ""rare""}, {""mineral"": ""Chalcopyrite"", ""pct"": ""trace""}, {""mineral"": ""Zircon"", ""pct"": ""trace""}, {""mineral"": ""Apatite"", ""pct"": ""rare""}, {""mineral"": ""Chlorite+sericite+carbonate+quartz+leucoxene+rutile (secondary)"", ""pct"": ""10-15""}]","Intense carbonatisation: pseudomorphs after hornblende/olivine, fine secondary carbonate plus carbonate lenses/veins 0.2-2.5 mm; sericite","Ilmenite-chromite-pyrite-pyrrhotite-chalcopyrite paragenesis, sparse; pyrrhotite micro-lenses in late carbonate veins; chalcopyrite micro-aggregates in late quartz-carbonate veins",Gabbrodiorite porphyry with 40-45% phenocrysts: carbonate-chlorite pseudomorphs after hornblende (relict cleavage preserved) and sericitized plagioclase; abundant apatite; weakly mineralised. NOTE: distinct from OVD-21-116.1 of the Innova report.,label,
42349,D0301,OVD15-140.6,OVD015,140.6,English 41 Petrographic and Mineragraphic description.docx,,,mn,Weakly mineralised and altered melanocratic gabbro porphyry,"Сулавтар хүдэржиж, хувирсан меланократ габбро порфир (Шигтгээ маягийн сулавтар хүдэржиж, хувирсан меланократ габбро)","Porphyritic; groundmass poikilo-ophitic, prismatic granular; massive","[{""mineral"": ""Altered plagioclase"", ""pct"": ""25-30""}, {""mineral"": ""Hornblende"", ""pct"": ""30-35""}, {""mineral"": ""Altered olivine (talc-serpentine pseudomorphs)"", ""pct"": ""30-35""}, {""mineral"": ""Biotite"", ""pct"": ""5-10""}, {""mineral"": ""Quartz"", ""pct"": ""1-3""}, {""mineral"": ""Ilmenite"", ""pct"": ""0.5-1.0""}, {""mineral"": ""Pyrrhotite"", ""pct"": ""1-2""}, {""mineral"": ""Chromite"", ""pct"": ""rare""}, {""mineral"": ""Magnetite"", ""pct"": ""rare""}, {""mineral"": ""Chalcopyrite"", ""pct"": ""1-2""}, {""mineral"": ""Pyrite"", ""pct"": ""1-2""}]","Serpentine, saussurite, talc, actinolite, carbonate, quartz; olivine to talc-serpentine pseudomorphs 2.0-5.0 mm",Ilmenite-chromite-magnetite-pyrrhotite-chalcopyrite paragenesis; pyrite-pyrrhotite-chalcopyrite lens 1x3 mm in carbonate lens; chalcopyrite micro-grains in talc-serpentine pseudomorphs,Porphyritic melanocratic gabbro (60-65% hornblende and altered-olivine phenocrysts) similar to OVD20-60.6; weak mineralisation with sulfide lens in carbonate.,label,
42368,D0302,OVD15-158.7,OVD015,158.7,English 41 Petrographic and Mineragraphic description.docx,,,mn,Weakly mineralised and altered fine- to medium-grained melanocratic gabbro (hornblende peridotite),"Сулавтар хүдэржиж, хувирсан жижиг дунд ширхэгтэй меланократ габбро (эвэр хуурмагт перидотит)","Poikilo-ophitic, ophitic, relict panidiomorphic; weakly parallel","[{""mineral"": ""Hornblende"", ""pct"": ""35-40""}, {""mineral"": ""Serpentine-talc pseudomorphs"", ""pct"": ""40-45""}, {""mineral"": ""Plagioclase"", ""pct"": ""10""}, {""mineral"": ""Biotite"", ""pct"": ""3-5""}, {""mineral"": ""Magnetite"", ""pct"": ""rare""}, {""mineral"": ""Pyrrhotite"", ""pct"": ""rare""}, {""mineral"": ""Chalcopyrite"", ""pct"": ""rare""}, {""mineral"": ""Chromite"", ""pct"": ""rare""}, {""mineral"": ""Ilmenite"", ""pct"": ""rare""}, {""mineral"": ""Pyrite"", ""pct"": ""1-2""}, {""mineral"": ""Apatite"", ""pct"": ""0.5""}]","Serpentine, saussurite, talc, chlorite, actinolite, rare carbonate",Chromite-ilmenite-magnetite-pyrite-pyrrhotite-chalcopyrite paragenesis; pyrite-chalcopyrite lens 0.5-1.0 mm rimmed by carbonate; thin pyrite veinlets rimming altered plagioclase,Weakly aligned melanocratic gabbro/peridotite: brown hornblende and talc-serpentine pseudomorphs after olivine (0.7-4.5 mm) with minor zoned plagioclase; weak mineralisation.,label,
42376,D0303,OVD15-165.5,OVD015,165.5,English 41 Petrographic and Mineragraphic description.docx,,,mn,Weakly mineralised and altered fine- to medium-grained hornblende peridotite,"Сулавтар хүдэржиж, хувирсан жижиг дунд ширхэгтэй эвэр хуурмагт перидотит","Poikilo-ophitic, relict panidiomorphic; weakly parallel","[{""mineral"": ""Talc-serpentine pseudomorphs"", ""pct"": ""40-45""}, {""mineral"": ""Hornblende"", ""pct"": ""35-40""}, {""mineral"": ""Altered olivine"", ""pct"": ""8-10""}, {""mineral"": ""Plagioclase"", ""pct"": ""8-10""}, {""mineral"": ""Biotite"", ""pct"": ""5-8""}, {""mineral"": ""Pyroxene"", ""pct"": ""few""}, {""mineral"": ""Magnetite"", ""pct"": ""few""}, {""mineral"": ""Pyrrhotite"", ""pct"": ""1-2""}, {""mineral"": ""Chalcopyrite"", ""pct"": ""0.5""}, {""mineral"": ""Chromite"", ""pct"": ""few""}, {""mineral"": ""Ilmenite"", ""pct"": ""few""}, {""mineral"": ""Pyrite"", ""pct"": ""few""}, {""mineral"": ""Apatite"", ""pct"": ""0.5""}]","Serpentinization: pseudomorphs plus weakly serpentinised olivine with serpentine-magnetite mesh veinlets along cleavage; saussurite, talc, chlorite, actinolite",Chromite-ilmenite-magnetite-pyrite-pyrrhotite-chalcopyrite paragenesis; magnetite veinlets in olivine; chalcopyrite-pyrrhotite lenses 0.4-1.0 mm (pyrrhotite dominant),Similar to OVD15-158.7 but with preserved partly-serpentinised olivine (0.5-3.0 mm) showing mesh-textured serpentine-magnetite veinlets; weak sulfide mineralisation.,label,
42388,D0304,OVD15-175.5a,OVD015,175.5,English 41 Petrographic and Mineragraphic description.docx,,,mn,Strongly mineralised and altered fine- to medium-grained hornblende peridotite (with lenses of weakly mineralised pyroxene-hornblende gabbrodiorite),"Хүчтэй хүдэржиж, хувирсан жижиг дунд ширхэгтэй эвэр хуурмагт перидотит. (Сулавтар хүдэржиж, хувирсан жижиг дунд ширхэгтэй пироксен-эвэр хуурмагт габбродиоритын линзтэй )","Porphyry-like, hypidiomorphic, poikilo-ophitic, ophitic; massive, lenticular","[{""mineral"": ""Talc-serpentine pseudomorphs"", ""pct"": ""30-35""}, {""mineral"": ""Hornblende"", ""pct"": ""25-30""}, {""mineral"": ""Altered mon. pyroxene"", ""pct"": ""5-10""}, {""mineral"": ""Biotite"", ""pct"": ""5-8""}, {""mineral"": ""Magnetite"", ""pct"": ""0.5""}, {""mineral"": ""Pyrrhotite"", ""pct"": ""1-3""}, {""mineral"": ""Chalcopyrite"", ""pct"": ""0.5-1.0""}, {""mineral"": ""Pyrite"", ""pct"": ""5-8""}, {""mineral"": ""Chromite"", ""pct"": ""rare""}, {""mineral"": ""Ilmenite"", ""pct"": ""rare""}]","Sericite, pelite, actinolite, chlorite; talc-serpentine pseudomorphs after olivine","Magnetite-chromite-pyrite-pyrrhotite-chalcopyrite paragenesis; chalcopyrite-pyrrhotite-pyrite lenses 1.0-4.0 mm in amphibole-serpentine-talc sections and along the gabbrodiorite contact; pyrite dominant in lenses, chalcopyrite veinlets crosscut them",Composite sample of three rock sections: main altered hornblende peridotite flanked by pyroxene-hornblende gabbrodiorite and strongly altered microgabbrodiorite as veins/lenses/xenoliths. Mineralisation concentrated in the peridotite and at contacts.,hole+depth+suffix,"D9: A/B slide suffix — this description was assigned to 42388 (`OVD015-175.5 (A)`) on LETTER ORDER ALONE (report letter 'A' -> master suffix '(A)'). There is no independent discriminator — the master lists the (A) and (B) slides with the same lithology — so if either source transposed the letters, the two descriptions are swapped between the two samples. The (A)/(B) pair shares one hole and depth, so the spatial impact is nil"
42389,D0305,OVD15-175.5B,OVD015,175.5,English 41 Petrographic and Mineragraphic description.docx,,,mn,Weakly mineralised and altered fine- to medium-grained pyroxene-hornblende gabbrodiorite,"Сулавтар хүдэржиж, хувирсан жижиг дунд ширхэгтэй пироксен-эвэр хуурмагт габбродиорит","Hypidiomorphic, subophitic; massive, lenticular, veined","[{""mineral"": ""Altered plagioclase"", ""pct"": ""60-65""}, {""mineral"": ""Hornblende"", ""pct"": ""20-25""}, {""mineral"": ""Altered monoclinic pyroxene"", ""pct"": ""10-15""}, {""mineral"": ""Altered biotite"", ""pct"": ""5""}, {""mineral"": ""Ilmenite"", ""pct"": ""0.5-1.0""}, {""mineral"": ""Pyrrhotite"", ""pct"": ""0.5""}, {""mineral"": ""Chalcopyrite"", ""pct"": ""0.1""}, {""mineral"": ""Apatite"", ""pct"": ""0.5-1.0""}, {""mineral"": ""Sphene"", ""pct"": ""rare""}, {""mineral"": ""Sericite+pelite+actinolite+chlorite+carbonate (secondary)"", ""pct"": ""5-10""}]","Sericite, pelite, minor epidote-chlorite; large carbonate lenses 1-4 mm; second section almost fully muscovite-sericite pseudomorphed",Ilmenite-pyrite-pyrrhotite-chalcopyrite paragenesis; ilmenite phenocrysts dominant; sulfide micro-grains and micro-lenses with mafics; chalcopyrite in carbonate lenses,"Two-part rock: medium-grained pyroxene-hornblende gabbrodiorite (65-70%, hosts nearly all mineralisation) cemented by metasomatically strongly altered microgabbrodiorite (35-40%, only fine ilmenite). Abundant apatite needles.",hole+depth+suffix,"D9: A/B slide suffix — this description was assigned to 42389 (`OVD015-175.5 (B)`) on LETTER ORDER ALONE (report letter 'B' -> master suffix '(B)'). There is no independent discriminator — the master lists the (A) and (B) slides with the same lithology — so if either source transposed the letters, the two descriptions are swapped between the two samples. The (A)/(B) pair shares one hole and depth, so the spatial impact is nil"
OVD015@175.4,D0306,OVD15-175.4,OVD015,175.4,English 41 Petrographic and Mineragraphic description.docx,,,mn,Weakly mineralised and altered fine- to medium-grained pyroxene-hornblende gabbrodiorite,"Сулавтар хүдэржиж, хувирсан жижиг дунд ширхэгтэй пироксен-эвэр хуурмагт габбродиорит","Hypidiomorphic, subophitic; massive, lenticular","[{""mineral"": ""Altered plagioclase"", ""pct"": ""60-65""}, {""mineral"": ""Hornblende"", ""pct"": ""15-20""}, {""mineral"": ""Altered monoclinic pyroxene"", ""pct"": ""15-20""}, {""mineral"": ""Altered biotite"", ""pct"": ""5""}, {""mineral"": ""Ilmenite"", ""pct"": ""1-2""}, {""mineral"": ""Pyrrhotite"", ""pct"": ""rare""}, {""mineral"": ""Chalcopyrite"", ""pct"": ""rare""}, {""mineral"": ""Pyrite"", ""pct"": ""1-2""}, {""mineral"": ""Apatite"", ""pct"": ""0.5""}, {""mineral"": ""Sphene"", ""pct"": ""rare""}, {""mineral"": ""Sericite+pelite+actinolite+chlorite+epidote+carbonate (secondary)"", ""pct"": ""5-10""}]","Sericite, saussurite, pelite; carbonate lenses 1-4 mm","Ilmenite-pyrite-pyrrhotite-chalcopyrite paragenesis; skeletal ilmenite with carbonate-filled interstices hosting chalcopyrite, prisms up to 10-15 mm long; pyrite-pyrrhotite-chalcopyrite lenses 1.0-8.0 mm (pyrite dominant, 0.5-3.5 mm)",Identical to OVD15-175.5B: altered plagioclase-hornblende-pyroxene gabbrodiorite with fine strongly-altered sections in lower abundance; sulfide-oxide lenses intergrown with rock-forming minerals and late carbonate.,label,
42392,D0307,OVD15-177.4,OVD015,177.4,English 41 Petrographic and Mineragraphic description.docx,,,mn,Strongly mineralised and altered fine- to medium-grained hornblende peridotite,"Хүчтэй хүдэржиж, хувирсан жижиг дунд ширхэгтэй эвэр хуурмагт перидотит","Poikilo-ophitic, relict panidiomorphic; massive","[{""mineral"": ""Talc-serpentine pseudomorphs"", ""pct"": ""40-45""}, {""mineral"": ""Hornblende"", ""pct"": ""35-40""}, {""mineral"": ""Plagioclase"", ""pct"": ""10-15""}, {""mineral"": ""Biotite"", ""pct"": ""5-8""}, {""mineral"": ""Pyroxene"", ""pct"": ""5""}, {""mineral"": ""Magnetite"", ""pct"": ""rare""}, {""mineral"": ""Pyrrhotite"", ""pct"": ""8-10""}, {""mineral"": ""Chalcopyrite"", ""pct"": ""2-3""}, {""mineral"": ""Chromite"", ""pct"": ""0.5""}, {""mineral"": ""Pyrite"", ""pct"": ""rare""}, {""mineral"": ""Apatite"", ""pct"": ""0.5""}]","Serpentine, saussurite, talc, chlorite, actinolite; acicular pyrrhotite and chromite along relict cleavage in pseudomorphs","Chromite-magnetite-pyrite-pyrrhotite-chalcopyrite paragenesis; chalcopyrite-pyrrhotite lenses 0.8-15 mm occupying ~20-25% of section; pyrrhotite dominant, chalcopyrite veinlets 0.1-0.5 mm crosscutting",Similar to OVD15-158.7/165.5 but strongly mineralised: main ore is evenly distributed chalcopyrite-pyrrhotite lenses up to 15 mm across (~20-25% of slide area).,label,
42638,D0308,OVD20-101.4,OVD20,101.4,English 41 Petrographic and Mineragraphic description.docx,,,mn,Weakly mineralised and altered melanocratic gabbro porphyry (porphyry-like fine-grained melanocratic gabbro),"Сулавтар хүдэржиж, хувирсан меланократ габбро порфир (Шигтгээ маягийн жижиг ширхэгтэй меланократ габбро)","Porphyry-like; groundmass poikilo-ophitic, hypidiomorphic; massive","[{""mineral"": ""Plagioclase"", ""pct"": ""30-35""}, {""mineral"": ""Hornblende"", ""pct"": ""30-35""}, {""mineral"": ""Serpentine-talc pseudomorph"", ""pct"": ""20-25""}, {""mineral"": ""Biotite"", ""pct"": ""5-10""}, {""mineral"": ""Quartz"", ""pct"": ""1-3""}, {""mineral"": ""Ilmenite"", ""pct"": ""rare""}, {""mineral"": ""Pyrrhotite"", ""pct"": ""rare""}, {""mineral"": ""Chromite"", ""pct"": ""rare""}, {""mineral"": ""Magnetite"", ""pct"": ""rare""}, {""mineral"": ""Chalcopyrite"", ""pct"": ""1-2""}, {""mineral"": ""Pyrite"", ""pct"": ""1-3""}, {""mineral"": ""Serpentine+saussurite+talc+actinolite+carbonate (secondary)"", ""pct"": ""5-8""}]","Serpentine, saussurite, talc, actinolite, carbonate; plagioclase to sericite-epidote-carbonate",Ilmenite-chromite-magnetite-pyrite-pyrrhotite-chalcopyrite paragenesis; chalcopyrite-pyrrhotite-pyrite lenses 1-3 mm with serpentine-talc pseudomorphs and late quartz-carbonate lenses; chromite segregated in pseudomorphs,"Porphyry-like melanocratic gabbro: hornblende and talc-serpentine-pseudomorph segregations (50-55%) in plagioclase-dominated groundmass; weak mineralisation, pyrite-dominant lenses.",label,
42653,D0309,OVD20-124.2,OVD20,124.2,English 41 Petrographic and Mineragraphic description.docx,,,en,Garnet-quartz-carbonate rock,Гранат-кварц-карбонатат чулуу,"Micro-granoblastic; weakly parallel, banded, lenticular","[{""mineral"": ""Carbonate (calcite)"", ""pct"": ""60-65""}, {""mineral"": ""Garnet"", ""pct"": ""15-20""}, {""mineral"": ""Cordierite?"", ""pct"": ""10-15""}, {""mineral"": ""Titanite"", ""pct"": ""rare""}, {""mineral"": ""Zircon"", ""pct"": ""rare""}, {""mineral"": ""Pyrite"", ""pct"": ""rare""}, {""mineral"": ""Quartz"", ""pct"": ""5-10""}]",,"Titanite-pyrite paragenesis; sparse leucoxenised titanite and white-yellow pyrite micro-grains, mostly with garnet and carbonate","Calcite-dominated granoblastic rock with aligned fabric, polyhedral garnet porphyroblasts (0.1-0.4 mm, titanite-zircon inclusions) in lenticular/banded clusters and possible cordierite porphyroblasts. Essentially barren.",label,
43251,D0310,OVD20-121,OVD20,121.0,English 41 Petrographic and Mineragraphic description.docx,,,en,Strongly mineralised and altered fine- to medium-grained peridotite,"Хүчтэй хүдэржиж, хувирсан жижиг дунд ширхэгтэй перидотит","Poikilo-ophitic, ophitic, panidiomorphic; massive","[{""mineral"": ""Altered olivine (iddingsite-serpentine pseudomorphs)"", ""pct"": ""30-35""}, {""mineral"": ""Hornblende"", ""pct"": ""20-25""}, {""mineral"": ""Monoclinic pyroxene"", ""pct"": ""10""}, {""mineral"": ""Plagioclase"", ""pct"": ""5-10""}, {""mineral"": ""Biotite"", ""pct"": ""5-10""}, {""mineral"": ""Magnetite"", ""pct"": ""0.5""}, {""mineral"": ""Pyrrhotite"", ""pct"": ""8-10""}, {""mineral"": ""Chalcopyrite"", ""pct"": ""5-8""}, {""mineral"": ""Pyrite"", ""pct"": ""rare""}, {""mineral"": ""Pentlandite"", ""pct"": ""0.5-1.0""}, {""mineral"": ""Chromite"", ""pct"": ""0.5""}, {""mineral"": ""Sphalerite"", ""pct"": ""rare""}]","Partial serpentinisation of olivine/pyroxene with abundant iddingsite; saussurite, talc, carbonate, chlorite","Chromite-magnetite-pyrrhotite-chalcopyrite paragenesis; ore lenses 0.5-6.0 mm, pyrrhotite 75-80% of lenses (0.3-8.0 mm) rimmed by chalcopyrite; pentlandite displaced by pyrrhotite/chalcopyrite; magnetite veinlet mesh in serpentine; single sphalerite grains",Described as identical to OVD21-116.1 (Innova report): partially serpentinised olivine-pyroxene-hornblende peridotite with strong Ni-Cu sulfide lens mineralisation tied to serpentinisation. Header reads OVD20-121 but microphoto caption reads 21-121 - hole attribution slightly ambiguous.,xref-corrected,"COVERAGE G2 (v1.1): re-joined to 43251 = OVD021 @ 121.0 m (alt id `OVD21-121`). The 41-sample report's own microphoto for this entry is captioned '21-121', and Sheet3 / the bichiglel table both carry `OVD21-121` = tag 43251; OVD020 has no sample at 121 m, so `OVD20-121` is a hole-number typo"
47154,D0311,OVD22-7.8-9.0 (47154),OVD22,7.8,"22 р цооног зассан 14ш.docx (hole OVD22, 14 samples)",,,en,Uneven-grained pyroxene-bearing hornblendite,Жигд биш ширхэгтэй пироксентэй горнблендит (Hornblendite),"Granonematoblastic; weakly parallel, lenticular","[{""mineral"": ""Hornblende"", ""pct"": ""70-75""}, {""mineral"": ""Mon. pyroxene"", ""pct"": ""15-20""}, {""mineral"": ""Goethite"", ""pct"": ""3-5""}, {""mineral"": ""Pyrite"", ""pct"": ""single grains""}]","Sericite, chlorite, actinolite (hornblende margins to actinolite-chlorite)","Pyrite-goethite-hydrogoethite paragenesis; euhedral disseminated goethite 0.1-0.6 mm with hornblende, weakly zoned goethite lenses 1.0-3.0 mm; rare pyrite relicts inside goethite","Field description: breccia. Hornblendite dominated by 2-5 mm greenish-brown hornblende with interstitial unaltered monoclinic pyroxene (0.1-1.0 mm) as lens-like clusters, possibly relicts displaced by hornblende. Oxidised mineralisation (goethite after pyrite).",tag,
47155,D0312,OVD22-37-39 (47155),OVD22,37.0,"22 р цооног зассан 14ш.docx (hole OVD22, 14 samples)",,,mn,"Strongly altered, mineralised uneven-grained pyroxene-olivine-hornblende peridotite","Хүчтэй хувирч, хүдэржсэн жигд биш ширхэгтэй пироксен-оливин-эвэр хуурмагт перидотит","Panidiomorphic, poikilo-ophitic, subophitic; massive","[{""mineral"": ""Serpentinized olivine"", ""pct"": ""30-35""}, {""mineral"": ""Hornblende"", ""pct"": ""25-30""}, {""mineral"": ""Clinopyroxene"", ""pct"": ""10-15""}, {""mineral"": ""Orthopyroxene"", ""pct"": ""3-5""}, {""mineral"": ""Biotite (phlogopite)"", ""pct"": ""8-10""}, {""mineral"": ""Altered plagioclase"", ""pct"": ""5-8""}, {""mineral"": ""Chromite"", ""pct"": ""0.5-1.0""}, {""mineral"": ""Magnetite"", ""pct"": ""1-3""}, {""mineral"": ""Chalcopyrite"", ""pct"": ""3-5""}, {""mineral"": ""Pyrrhotite"", ""pct"": ""8-10""}, {""mineral"": ""Pentlandite"", ""pct"": ""1-2""}]","Serpentine (with minor talc), actinolite, chlorite, saussurite; biotite partly to chlorite-muscovite (probable fuchsite)","Chromite-magnetite-pentlandite-pyrrhotite-chalcopyrite paragenesis; magnetite veinlets along olivine mesh; pyrrhotite-pentlandite-chalcopyrite intergrowth lenses 1-8 mm evenly distributed, associated with serpentinized olivine","Field: mineralized gabbro. Peridotite of serpentinized olivine (6-8-sided, magnetite-veined), brown hornblende, clino- and orthopyroxene, phlogopite and minor saussuritized plagioclase. Strong Ni-Cu sulfide mineralisation as disseminations, mesh veinlets and 1-8 mm lenses.",tag,D5: stored interval 36.9-37 m disagrees with the report-named interval 37-39 m by 0.1 m
47156,D0313,OVD22-45-47 (47156),OVD22,45.0,"22 р цооног зассан 14ш.docx (hole OVD22, 14 samples)",,,mn,"Strongly altered, mineralised uneven-grained hornblende peridotite","Хүчтэй хувирч, хүдэржсэн жигд биш ширхэгтэй эвэр хуурмагт перидотит","Panidiomorphic, poikilo-ophitic, subophitic; massive","[{""mineral"": ""Serpentinized olivine"", ""pct"": ""30-35""}, {""mineral"": ""Hornblende"", ""pct"": ""30-35""}, {""mineral"": ""Clinopyroxene"", ""pct"": ""5-8""}, {""mineral"": ""Orthopyroxene"", ""pct"": ""few""}, {""mineral"": ""Biotite (phlogopite)"", ""pct"": ""10""}, {""mineral"": ""Altered plagioclase"", ""pct"": ""8-10""}, {""mineral"": ""Chromite"", ""pct"": ""few""}, {""mineral"": ""Magnetite"", ""pct"": ""3""}, {""mineral"": ""Chalcopyrite"", ""pct"": ""1-3""}, {""mineral"": ""Pyrrhotite"", ""pct"": ""8-10""}, {""mineral"": ""Pentlandite"", ""pct"": ""1""}]","Serpentine, talc, actinolite, saussurite, fuchsite-muscovite",Chromite-magnetite-pentlandite-pyrrhotite-chalcopyrite paragenesis; magnetite mesh veinlets with serpentine; sulfide lenses 0.5-10 mm evenly distributed with serpentinized olivine,Same rock as sample 47155 but with slightly less pyroxene and more biotite. Field: mineralized gabbro. Intense serpentinization with magnetite mesh; pyrrhotite-pentlandite-chalcopyrite lens mineralisation.,tag,
47157,D0314,OVD22-55-57 (47157),OVD22,55.0,"22 р цооног зассан 14ш.docx (hole OVD22, 14 samples)",,,mn,Strongly mineralised and altered uneven-grained hornblende peridotite,"Хүчтэй хүдэржиж, хувирсан жигд биш ширхэгтэй эвэр хуурмагт перидотит","Poikilo-ophitic, relict panidiomorphic; massive, lenticular","[{""mineral"": ""Talc-serpentine pseudomorph"", ""pct"": ""35-40""}, {""mineral"": ""Hornblende"", ""pct"": ""35-40""}, {""mineral"": ""Plagioclase"", ""pct"": ""1-3""}, {""mineral"": ""Biotite"", ""pct"": ""8-10""}, {""mineral"": ""Pyroxene"", ""pct"": ""3-5""}, {""mineral"": ""Magnetite"", ""pct"": ""3-5""}, {""mineral"": ""Pyrrhotite"", ""pct"": ""8-10""}, {""mineral"": ""Chalcopyrite"", ""pct"": ""2-3""}, {""mineral"": ""Pentlandite"", ""pct"": ""1-2""}, {""mineral"": ""Chromite"", ""pct"": ""0.5""}]","Serpentine, saussurite, talc, chlorite, actinolite; fine magnetite along relict cleavage of pseudomorphs",Chromite-magnetite-pyrite-pyrrhotite-chalcopyrite paragenesis; main ore is pentlandite-chalcopyrite-pyrrhotite lenses 0.6-8.0 mm evenly distributed; disseminated chromite 0.01-0.2 mm,"Talc-serpentine pseudomorphs after olivine (0.5-5.0 mm, olivine relicts preserved) and brown hornblende dominate; minor pyroxene relicts, red-brown biotite, saussuritized plagioclase. Strongly mineralised.",tag,
47158,D0315,OVD22-65-67 (47158),OVD22,65.0,"22 р цооног зассан 14ш.docx (hole OVD22, 14 samples)",,,mn,"Strongly altered, weakly mineralised uneven-grained pyroxene-olivine-hornblende peridotite","Хүчтэй хувирч, сулавтар хүдэржсэн жигд биш ширхэгтэй пироксен-оливин-эвэр хуурмагт перидотит","Panidiomorphic, poikilo-ophitic, subophitic; massive","[{""mineral"": ""Serpentinized olivine"", ""pct"": ""30-35""}, {""mineral"": ""Hornblende"", ""pct"": ""35-40""}, {""mineral"": ""Clinopyroxene"", ""pct"": ""5-10""}, {""mineral"": ""Orthopyroxene"", ""pct"": ""3-5""}, {""mineral"": ""Biotite"", ""pct"": ""5-8""}, {""mineral"": ""Altered plagioclase"", ""pct"": ""5-8""}, {""mineral"": ""Chromite"", ""pct"": ""0.5-1.0""}, {""mineral"": ""Magnetite"", ""pct"": ""3-5""}, {""mineral"": ""Chalcopyrite"", ""pct"": ""0.5""}, {""mineral"": ""Pyrrhotite"", ""pct"": ""3-5""}]","Serpentine, talc, actinolite, chlorite, saussurite; chlorite-actinolite-serpentine pseudomorphs",Chromite-magnetite-pentlandite-pyrrhotite-chalcopyrite paragenesis but weakly developed; few pyrrhotite-chalcopyrite lenses 0.8-1.2 mm; magnetite micro-veins/lenses along olivine cleavage,Same rock type as 47156 but with less mineralisation. Serpentinized olivine mesh texture with magnetite veinlets; hornblende dominant; sparse sulfides.,tag,
47159,D0316,OVD22-89.05 (47159),OVD22,89.05,"22 р цооног зассан 14ш.docx (hole OVD22, 14 samples)",,,mn,"Strongly altered, mineralised porphyritic-like medium- to fine-grained hornblende melanocratic gabbro","Хүчтэй хувирч, хүдэржсэн шигтгээ маягийн дунд жижиг ширхэгтэй эвэр хуурмагт меланократ габбро","Porphyritic-like, poikilo-ophitic, subophitic; massive","[{""mineral"": ""Hornblende"", ""pct"": ""40-45""}, {""mineral"": ""Altered plagioclase"", ""pct"": ""35-40""}, {""mineral"": ""Altered biotite"", ""pct"": ""8-10""}, {""mineral"": ""Mon. pyroxene"", ""pct"": ""1-3""}, {""mineral"": ""Ilmenite"", ""pct"": ""1-3""}, {""mineral"": ""Chalcopyrite"", ""pct"": ""1-3""}, {""mineral"": ""Pyrrhotite"", ""pct"": ""5-8""}, {""mineral"": ""Pentlandite"", ""pct"": ""0.5-1.0""}]","Sericite, actinolite, chlorite, epidote, quartz, carbonate; actinolite-chlorite pseudomorphs after green hornblende/biotite; quartz-carbonate lenses 0.5-2.0 mm","Ilmenite-pentlandite-pyrrhotite-chalcopyrite paragenesis; sulfide lenses 0.5-12 mm unevenly distributed, rimmed by quartz-carbonate lenses and actinolite-chlorite pseudomorphs; ilmenite disseminations 0.1-0.5 mm with hornblende",Porphyritic-like melanocratic gabbro: hornblende segregations (40-45%) in groundmass of zoned basic plagioclase (sericite-chlorite-epidote-carbonate altered) and altered mafics; chalcopyrite veinlets along fractures in pseudomorphs.,tag,
47160,D0317,OVD22-95-97 (47160),OVD22,95.0,"22 р цооног зассан 14ш.docx (hole OVD22, 14 samples)",,,mn,"Strongly altered, mineralised uneven-grained hornblende peridotite (melanocratic gabbro)","Хүчтэй хувирч, хүдэржсэн жигд биш ширхэгтэй эвэр хуурмагт перидотит (меланократ габбро)","Panidiomorphic, poikilo-ophitic, subophitic; massive","[{""mineral"": ""Serpentine pseudomorph"", ""pct"": ""30-35""}, {""mineral"": ""Hornblende"", ""pct"": ""30-35""}, {""mineral"": ""Biotite"", ""pct"": ""5-8""}, {""mineral"": ""Altered plagioclase"", ""pct"": ""10-15""}, {""mineral"": ""Mon. pyroxene"", ""pct"": ""few""}, {""mineral"": ""Chromite"", ""pct"": ""few""}, {""mineral"": ""Magnetite"", ""pct"": ""1-3""}, {""mineral"": ""Chalcopyrite"", ""pct"": ""3-5""}, {""mineral"": ""Pyrrhotite"", ""pct"": ""5-8""}, {""mineral"": ""Pentlandite"", ""pct"": ""5""}, {""mineral"": ""Pyrite"", ""pct"": ""5-8""}, {""mineral"": ""Apatite"", ""pct"": ""few""}]","Serpentine, talc, actinolite, saussurite, epidote, muscovite, chlorite",Chromite-magnetite-pyrite-pentlandite-pyrrhotite-chalcopyrite paragenesis; main ore as pyrite-pentlandite-chalcopyrite-pyrrhotite lenses 0.6-15 mm evenly distributed; pentlandite also as 0.1-0.2 mm veinlets,"Serpentine (talc-serpentine) pseudomorphs after olivine with olivine relicts, plus brown hornblende, phlogopite and saussuritized basic plagioclase. Strongly mineralised with large sulfide lenses; notable pentlandite content.",tag,
47161,D0318,OVD22-99-99.5 (47161),OVD22,99.0,"22 р цооног зассан 14ш.docx (hole OVD22, 14 samples)",,,mn,Altered uneven-grained hornblende melanocratic gabbro (with mineralised microgabbro lens/schlieren),"Хувирсан жигд биш ширхэгтэй эвэр хуурмагт меланократ габбро (хүдэржсэн микрогабброгийн линз, шлиртэй)","Porphyritic-like, poikilo-ophitic, subophitic; massive","[{""mineral"": ""Hornblende"", ""pct"": ""30-35""}, {""mineral"": ""Serpentine pseudomorph"", ""pct"": ""25-30""}, {""mineral"": ""Altered plagioclase"", ""pct"": ""30-35""}, {""mineral"": ""Biotite (phlogopite)"", ""pct"": ""5-8""}, {""mineral"": ""Ilmenite"", ""pct"": ""0.5-1.0""}, {""mineral"": ""Chromite"", ""pct"": ""few""}, {""mineral"": ""Chalcopyrite"", ""pct"": ""few""}, {""mineral"": ""Pyrite"", ""pct"": ""1-3""}, {""mineral"": ""Pyrrhotite"", ""pct"": ""few""}, {""mineral"": ""Apatite"", ""pct"": ""0.5""}]","Serpentine, talc, actinolite, saussurite, chlorite; epigenetic carbonate veins 0.1-0.2 mm",Chromite-ilmenite-pyrite-chalcopyrite paragenesis in host; prismatic ilmenite 0.05-0.3 mm slightly dominant; pyrite micro-lenses. Microgabbro lens carries even micro-disseminations/lenses of pyrrhotite-chalcopyrite-pentlandite (0.03-0.2 mm) with late carbonate lenses and carbonate-iddingsite pseudomorphed olivine,Field: dolerite. Host melanocratic gabbro similar to 47160 but more plagioclase and weaker mineralisation; contains a visibly better-mineralised microgabbro (gabbro-porphyry) lens/schlieren in which sulfides associate with late carbonate and altered olivine.,tag,
47162,D0319,OVD22-105-107 (47162),OVD22,105.0,"22 р цооног зассан 14ш.docx (hole OVD22, 14 samples)",,,mn,"Mineralised, altered uneven-grained (porphyritic-like) hornblende melanocratic gabbro","Хүдэржиж, хувирсан жигд биш ширхэгтэй (шигтгээ маягийн) эвэр хуурмагт меланократ габбро","Porphyritic-like, poikilo-ophitic, subophitic; massive","[{""mineral"": ""Hornblende"", ""pct"": ""30-35""}, {""mineral"": ""Talc-serpentine pseudomorph"", ""pct"": ""25-30""}, {""mineral"": ""Altered plagioclase"", ""pct"": ""25-30""}, {""mineral"": ""Biotite (phlogopite)"", ""pct"": ""5-8""}, {""mineral"": ""Ilmenite"", ""pct"": ""0.5-1.0""}, {""mineral"": ""Chromite"", ""pct"": ""few""}, {""mineral"": ""Chalcopyrite"", ""pct"": ""3-5""}, {""mineral"": ""Pyrite"", ""pct"": ""1-3""}, {""mineral"": ""Pyrrhotite"", ""pct"": ""1-3""}, {""mineral"": ""Pentlandite"", ""pct"": ""1-2""}, {""mineral"": ""Apatite"", ""pct"": ""few""}, {""mineral"": ""Carbonate (epigenetic)"", ""pct"": ""3-5""}]","Serpentine, talc, actinolite, saussurite, chlorite; plagioclase cores to epidote-sericite; carbonate veinlets cutting pseudomorphs","Chromite-ilmenite-pyrite-pentlandite-pyrrhotite-chalcopyrite paragenesis; main ore as pyrite-pentlandite-chalcopyrite-pyrrhotite lenses 0.5-16 mm, unevenly distributed; chalcopyrite-pyrrhotite micro-veinlets along pseudomorph fractures and in carbonate veinlets","Generally same as 47160: hornblende segregations, talc-serpentine pseudomorphs (some phlogopite-serpentine), altered zoned plagioclase groundmass. Strongly mineralised with large sulfide lenses.",tag,
47163,D0320,OVD22-111.8-112.4 (47163),OVD22,111.8,"22 р цооног зассан 14ш.docx (hole OVD22, 14 samples)",,,mn,"Mineralised, carbonatised medium- to fine-grained garnet-bearing olivine-pyroxene gabbro (with microgabbro lens)","Хүдэржиж, карбонатчлагдсан дунд жижиг ширхэгтэй гранаттай оливин-пироксент габбро (микрогабброгийн линзтэй)","Subophitic, poikilo-ophitic, gabbroic; lenticular, banded","[{""mineral"": ""Plagioclase"", ""pct"": ""35-40""}, {""mineral"": ""Mon. pyroxene"", ""pct"": ""20-25""}, {""mineral"": ""Garnet (grossular, almandine)"", ""pct"": ""10-15""}, {""mineral"": ""Iddingsite? (after olivine)"", ""pct"": ""5-8""}, {""mineral"": ""Pyrrhotite"", ""pct"": ""3-5""}, {""mineral"": ""Pentlandite"", ""pct"": ""2-3""}, {""mineral"": ""Chalcopyrite"", ""pct"": ""2-3""}, {""mineral"": ""Chlorite+serpentine+epidote (secondary)"", ""pct"": ""10-15""}, {""mineral"": ""Carbonate+quartz (secondary)"", ""pct"": ""3-5""}]",Carbonatisation; olivine to iddingsite(-carbonate) pseudomorphs; pyroxene partly serpentine-chlorite-carbonate-epidote replaced; late carbonate-quartz lenses/veins,Pentlandite-pyrrhotite-chalcopyrite paragenesis; intergrowth lenses 0.8-2.0 mm mostly in carbonate-quartz lenses; pyrrhotite-pentlandite capillary veinlet cages along pyroxene cleavage; micro-lenses along garnet-pyroxene fractures,"Field: dolerite. Unusual gabbro with fresh plagioclase, monoclinic pyroxene, two garnet types (colorless twinned grossular and red-brown isotropic almandine-pyrope) and iddingsite pseudomorphs; significant Ni-Cu sulfide mineralisation tied to late carbonate-quartz.",tag,
47164,D0321,OVD22-124-126 (47164),OVD22,124.0,"22 р цооног зассан 14ш.docx (hole OVD22, 14 samples)",,,mn,Weakly pyritised chlorite-sericite-muscovite metasomatite,Сулавтар пиритжсэн хлорит-серицит-мусковитат метасоматит,"Cryptolepidoblastic, relict?; lenticular, spotted","[{""mineral"": ""Sericite-muscovite aggregate"", ""pct"": ""60-65""}, {""mineral"": ""Chlorite aggregate"", ""pct"": ""30-35""}, {""mineral"": ""Pyrite (marcasite)"", ""pct"": ""1-2""}, {""mineral"": ""Titanite"", ""pct"": ""0.5""}, {""mineral"": ""Carbonate"", ""pct"": ""1-2""}]",Complete metasomatic replacement (possibly of microdiorite/microgabbrodiorite); thin carbonate veinlets ~0.1 mm,Titanite-pyrite paragenesis; pyrite as 0.01-0.2 mm veinlets and even 0.01-0.05 mm disseminations,Field: spotted rock. Very fine chlorite-muscovite-sericite scaly aggregate with poorly preserved relict isometric/hexagonal shapes suggesting replacement of a primary mineral (plagioclase?); weak pyrite mineralisation.,tag,
47165,D0322,OVD22-135-137 (47165),OVD22,135.0,"22 р цооног зассан 14ш.docx (hole OVD22, 14 samples)",,,mn,Pyritised chlorite-sericite-muscovite metasomatite,Пиритжсэн хлорит-серицит-мусковитат метасоматит,"Microlepidoblastic, relict?; lenticular, spotted","[{""mineral"": ""Sericite-muscovite aggregate"", ""pct"": ""60-65""}, {""mineral"": ""Chlorite aggregate"", ""pct"": ""20-25""}, {""mineral"": ""Pyrite (marcasite)"", ""pct"": ""5-8""}, {""mineral"": ""Titanite"", ""pct"": ""0.5-1""}, {""mineral"": ""Quartz"", ""pct"": ""3-5""}]",Metasomatic; quartz micro-grains in both mica and chlorite aggregates,Titanite-pyrite paragenesis; abundant white-yellow pyrite/marcasite veinlets 0.01-0.1 mm crosscutting the fabric plus even euhedral disseminations 0.005-0.1 mm,Same rock as 47164 but with much stronger pyrite: numerous crosscutting pyrite veinlets. Field: spotted rock.,tag,
47166,D0323,OVD22-146.5-148 (47166),OVD22,146.5,"22 р цооног зассан 14ш.docx (hole OVD22, 14 samples)",,,mn,"Mineralised, altered uneven-grained olivine-hornblende melanocratic gabbro",Хүдэржиж хувирсан жигд биш ширхэгтэй оливин эвэр хуурмагт меланократ габбро,"Porphyritic-like, poikilo-ophitic, subophitic; massive","[{""mineral"": ""Hornblende"", ""pct"": ""30-35""}, {""mineral"": ""Serpentine pseudomorph"", ""pct"": ""20-25""}, {""mineral"": ""Altered plagioclase"", ""pct"": ""30-35""}, {""mineral"": ""Biotite"", ""pct"": ""5-8""}, {""mineral"": ""Mon. pyroxene"", ""pct"": ""few""}, {""mineral"": ""Ilmenite"", ""pct"": ""0.5-1.0""}, {""mineral"": ""Chalcopyrite"", ""pct"": ""1-2""}, {""mineral"": ""Pyrrhotite"", ""pct"": ""1-3""}, {""mineral"": ""Apatite"", ""pct"": ""few""}]","Serpentine, talc, actinolite, sericite, epidote, chlorite, carbonate, quartz; actinolite-chlorite pseudomorphs (10-15%)",Ilmenite-pyrrhotite-chalcopyrite paragenesis; ilmenite micro-disseminations 0.05-0.2 mm; pyrrhotite-chalcopyrite lenses 2-3 mm within carbonate-quartz lenses,"Field: mineralized gabbro. Similar to 47160/47161: hornblende segregations with poikilitic plagioclase, talc-serpentine pseudomorphs after olivine; moderate mineralisation with sulfide lenses in carbonate-quartz.",tag,D5: stored interval 145-146 m disagrees with the report-named interval 146.5-148 m by 1.5 m
47167,D0324,OVD22-162-164.4 (47167),OVD22,162.0,"22 р цооног зассан 14ш.docx (hole OVD22, 14 samples)",,,mn,Strongly carbonatised fine-grained arkosic sandstone,Хүчтэй карбонатчлагдсан жижиг ширхэгтэй аркоз элсжин,Psammitic; cement micro-granoblastic; parallel,"[{""mineral"": ""Plagioclase (albite) fragments"", ""pct"": ""15-20""}, {""mineral"": ""Altered andesite (albitite) fragments"", ""pct"": ""5-10""}, {""mineral"": ""Microquartzite fragments"", ""pct"": ""10-15""}, {""mineral"": ""Quartz fragments"", ""pct"": ""few""}, {""mineral"": ""Pyrite"", ""pct"": ""1-3""}, {""mineral"": ""Siliceous aggregate + carbonate (cement)"", ""pct"": ""55-60 (carbonate 30-35)""}]",Strong carbonatisation: carbonate lens clusters in cement and crosscutting carbonate veinlets 0.3-8.0 mm wide,Pyrite only; dust-like pyrite in microquartzite fragments/lenses plus 0.1-0.3 mm euhedral grains in uneven clusters,"Field: siltstone. Weakly aligned crystal (albite, quartz) and lithic (altered andesite/albitophyre, microquartzite) fragments in a fine siliceous, strongly carbonatised cement; pyrite disseminations.",tag,
47168,D0325,OVD23-14-16 (47168),OVD23,14.0,"23 р цооног дууссан 9ш.docx (hole OVD23, 9 samples)",,,mn,Strongly altered uneven-grained hornblende peridotite,Хүчтэй хувирсан жигд биш ширхэгтэй эвэр хуурмагт перидотит,"Poikilo-ophitic, relict panidiomorphic; massive","[{""mineral"": ""Hornblende"", ""pct"": ""45-50""}, {""mineral"": ""Serpentine-talc pseudomorph (after olivine)"", ""pct"": ""15-20""}, {""mineral"": ""Altered plagioclase"", ""pct"": ""10-15""}, {""mineral"": ""Biotite"", ""pct"": ""5-8""}, {""mineral"": ""Mon. pyroxene"", ""pct"": ""5-10""}, {""mineral"": ""Chromite"", ""pct"": ""few""}, {""mineral"": ""Magnetite"", ""pct"": ""3-5""}, {""mineral"": ""Goethite-hydrogoethite"", ""pct"": ""0.5-1.0""}, {""mineral"": ""Carbonate (epigenetic)"", ""pct"": ""5-10""}]","Serpentine, saussurite, talc, chlorite, actinolite; considerable carbonatisation (veinlets 0.03-0.3 mm); iron oxides along fractures",Magnetite-goethite-hydrogoethite paragenesis; magnetite disseminations 0.05-0.2 mm and capillary veinlets along olivine cleavage; single euhedral goethite grains 0.8-1.2 mm with hydrogoethite rims. NO Cu-Ni sulfide mineralisation observed,Field: mineralized gabbro. Same peridotite type as in holes 22 and 26 but without Cu-Ni sulfides; weakly fractured with iron-oxide staining; carbonate veinlets cut the talc-serpentine pseudomorphs.,tag,
47169,D0326,OVD23-29-30.8 (47169),OVD23,29.0,"23 р цооног дууссан 9ш.docx (hole OVD23, 9 samples)",,,mn,Epidote-chlorite-actinolite metasomatite (after gabbrodiorite porphyry?),Эпидот-хлорит-актинолитот метасоматит (габбродиорит порфироор үүссэн?),"Relict porphyritic, lepidogranonematoblastic; massive, lenticular","[{""mineral"": ""Actinolite"", ""pct"": ""55-60""}, {""mineral"": ""Mon. pyroxene relicts"", ""pct"": ""few""}, {""mineral"": ""Epidote"", ""pct"": ""10-15""}, {""mineral"": ""Chlorite"", ""pct"": ""10-15""}, {""mineral"": ""Sericite-muscovite"", ""pct"": ""5-10""}, {""mineral"": ""Pyrite"", ""pct"": ""few""}, {""mineral"": ""Pyrrhotite"", ""pct"": ""1-3""}, {""mineral"": ""Ilmenite"", ""pct"": ""1-3""}]",Green-schist style metasomatism (sericite-chlorite-epidote-actinolite); epigenetic carbonate and quartz veinlets 0.01-0.1 mm,"Ilmenite-pyrite-pyrrhotite paragenesis; 0.05-0.3 mm disseminations evenly distributed, associated with actinolite lenses","Field: dolerite. Microlepidogranonematoblastic aggregate of actinolite (dominant), chlorite, epidote and sericite-muscovite with poorly preserved monoclinic-pyroxene relicts; possibly an altered intermediate-basic dyke rock. Weakly mineralised.",tag,
47170,D0327,OVD23-34-36 (47170),OVD23,34.0,"23 р цооног дууссан 9ш.docx (hole OVD23, 9 samples)",,,mn,"Strongly altered, mineralised uneven-grained pyroxene-olivine-hornblende peridotite","Хүчтэй хувирч, хүдэржсэн жигд биш ширхэгтэй пироксен-оливин-эвэр хуурмагт перидотит","Panidiomorphic, poikilo-ophitic, subophitic; massive","[{""mineral"": ""Serpentinized olivine"", ""pct"": ""30-35""}, {""mineral"": ""Hornblende"", ""pct"": ""25-30""}, {""mineral"": ""Mon. pyroxene"", ""pct"": ""5-10""}, {""mineral"": ""Orthopyroxene"", ""pct"": ""5""}, {""mineral"": ""Biotite (phlogopite)"", ""pct"": ""8-10""}, {""mineral"": ""Altered plagioclase"", ""pct"": ""8-10""}, {""mineral"": ""Chromite"", ""pct"": ""0.5-1.0""}, {""mineral"": ""Magnetite"", ""pct"": ""3-5""}, {""mineral"": ""Chalcopyrite"", ""pct"": ""1-3""}, {""mineral"": ""Pyrrhotite"", ""pct"": ""5-8""}, {""mineral"": ""Sphalerite"", ""pct"": ""few""}]","Serpentine(-talc), actinolite, chlorite, saussurite, muscovite (some probably fuchsite)",Chromite-magnetite-pyrrhotite-chalcopyrite paragenesis; magnetite mesh veinlets along olivine cleavage; pyrrhotite-chalcopyrite lenses 1-9 mm evenly distributed with serpentinized olivine (no pentlandite seen in this slide),"Field: mineralized gabbro. Typical serpentinized peridotite of the hole: mesh-textured olivine, brown hornblende, both pyroxenes, phlogopite; sulfide lens mineralisation 0.8-9.0 mm.",tag,
47171,D0328,OVD23-64-66 (47171),OVD23,64.0,"23 р цооног дууссан 9ш.docx (hole OVD23, 9 samples)",,,mn,"Strongly altered, mineralised uneven-grained pyroxene-olivine-hornblende peridotite","Хүчтэй хувирч, хүдэржсэн жигд биш ширхэгтэй пироксен-оливин-эвэр хуурмагт перидотит","Panidiomorphic, poikilo-ophitic, subophitic; massive","[{""mineral"": ""Serpentinized olivine"", ""pct"": ""25-30""}, {""mineral"": ""Hornblende"", ""pct"": ""30-35""}, {""mineral"": ""Mon. pyroxene"", ""pct"": ""5-10""}, {""mineral"": ""Biotite"", ""pct"": ""8-10""}, {""mineral"": ""Orthopyroxene"", ""pct"": ""5-8""}, {""mineral"": ""Altered plagioclase"", ""pct"": ""10-15""}, {""mineral"": ""Chromite"", ""pct"": ""few""}, {""mineral"": ""Magnetite"", ""pct"": ""1-3""}, {""mineral"": ""Ilmenite"", ""pct"": ""1-3""}, {""mineral"": ""Chalcopyrite"", ""pct"": ""1-3""}, {""mineral"": ""Pyrrhotite"", ""pct"": ""5-8""}, {""mineral"": ""Pentlandite"", ""pct"": ""0.5-1.0""}]","Serpentine, talc, actinolite, chlorite, saussurite, muscovite; chlorite-talc-actinolite pseudomorphs",Chromite-magnetite-ilmenite-pentlandite-pyrrhotite-chalcopyrite paragenesis; sulfide intergrowth lenses 0.8-9.0 mm evenly distributed with serpentinized olivine; magnetite mesh veinlets,Same rock as 47170. Significant mineralisation as evenly distributed pentlandite-bearing pyrrhotite-chalcopyrite lenses 1-9 mm plus disseminations and mesh veinlets.,tag,
47172,D0329,OVD23-83-85 (47172),OVD23,83.0,"23 р цооног дууссан 9ш.docx (hole OVD23, 9 samples)",,,mn,"Strongly altered, mineralised uneven-grained pyroxene-olivine-hornblende peridotite","Хүчтэй хувирч, хүдэржсэн жигд биш ширхэгтэй пироксен-оливин-эвэр хуурмагт перидотит","Panidiomorphic, poikilo-ophitic, subophitic; massive","[{""mineral"": ""Serpentinized olivine"", ""pct"": ""25-30""}, {""mineral"": ""Hornblende"", ""pct"": ""30-35""}, {""mineral"": ""Mon. pyroxene"", ""pct"": ""5-10""}, {""mineral"": ""Biotite"", ""pct"": ""8-10""}, {""mineral"": ""Orthopyroxene"", ""pct"": ""few""}, {""mineral"": ""Altered plagioclase"", ""pct"": ""10-15""}, {""mineral"": ""Chromite"", ""pct"": ""few""}, {""mineral"": ""Magnetite"", ""pct"": ""1-3""}, {""mineral"": ""Ilmenite"", ""pct"": ""few""}, {""mineral"": ""Chalcopyrite"", ""pct"": ""0.5-1.0""}, {""mineral"": ""Pyrrhotite"", ""pct"": ""3-5""}, {""mineral"": ""Pentlandite"", ""pct"": ""few""}]","Serpentine(-talc), actinolite, chlorite, saussurite, muscovite; talc-chlorite-actinolite pseudomorphs possibly after pyroxene",Chromite-magnetite-ilmenite-pentlandite-pyrrhotite-chalcopyrite paragenesis; fewer lenses (0.8-6 mm) than 47170/47171; magnetite disseminations and veinlets along olivine cleavage,Same rock as 47170/47171 but with weaker sulfide mineralisation; hornblende poikilitically encloses altered plagioclase and olivine; subophitic plagioclase-mafic groundmass patches.,tag,
47173,D0330,OVD023-123.15-125 (47173),OVD23,123.15,"23 р цооног дууссан 9ш.docx (hole OVD23, 9 samples)",,,en,Chlorite-sericite metasomatite,Хлорит-серицитэт метасоматит,"Microlepidoblastic; schistose, lenticular, spotted","[{""mineral"": ""Sericite"", ""pct"": ""45-50""}, {""mineral"": ""Chlorite"", ""pct"": ""40-45""}, {""mineral"": ""Actinolite"", ""pct"": ""5-8""}, {""mineral"": ""Titanite"", ""pct"": ""1-3""}, {""mineral"": ""Chalcopyrite"", ""pct"": ""few""}, {""mineral"": ""Pyrite"", ""pct"": ""0.5-1.0""}, {""mineral"": ""Pyrrhotite"", ""pct"": ""few""}]",Metasomatic sericite-chlorite; leucoxenised titanite micro-grains,Titanite-pyrite-pyrrhotite-chalcopyrite paragenesis; pyrite micro-grains and discontinuous veinlets elongated along schistosity 0.01-0.1 mm; rare chalcopyrite micro-grains,"Field: spotted rock. Spotted muscovite-sericite lens aggregates (0.1-0.4 mm, ~55-60% of rock) in a semi-isotropic chlorite(-sericite) cryptolepidoblastic matrix with leucoxenised titanite; weak sulfide dusting.",tag,
47174,D0331,OVD023-135-137 (47174),OVD23,135.0,"23 р цооног дууссан 9ш.docx (hole OVD23, 9 samples)",,,mn,Weakly mineralised argillite (phyllite) derived from siltstone,Сулавтар хүдэржсэн алевролитоор үүссэн аргиллит (филлит),"Microlepidoblastic, blastoaleuritic; schistose, lenticular, spotted","[{""mineral"": ""Sericite"", ""pct"": ""40-45""}, {""mineral"": ""Chlorite-clay aggregate"", ""pct"": ""45-50""}, {""mineral"": ""Silt-sized relict fragments"", ""pct"": ""1-3""}, {""mineral"": ""Titanite"", ""pct"": ""3-5""}, {""mineral"": ""Pyrite"", ""pct"": ""few""}, {""mineral"": ""Chalcopyrite"", ""pct"": ""few""}, {""mineral"": ""Quartz (secondary)"", ""pct"": null}, {""mineral"": ""Carbonate (secondary)"", ""pct"": null}]","Sericite spotted lenses (0.2-0.6 mm, weak single-center sectorial extinction); quartz-carbonate veinlets 0.03-0.1 mm","Titanite-pyrite-chalcopyrite paragenesis; dust-like pyrite in main mass, rare chalcopyrite 0.01-0.1 mm; leucoxenised titanite micro-lenses",Field: breccia. Spotted aleuro-argillite: sericite spot-lenses in a pelitomorphic semi-isotropic chlorite-clay aggregate with relict silt quartz; meta-siltstone lenses/bands 10-15%; weak mineralisation.,tag,
47175,D0332,OVD023-141.7-143 (47175),OVD23,141.7,"23 р цооног дууссан 9ш.docx (hole OVD23, 9 samples)",,,en,Weakly mineralised meta-siltstone,Сулавтар хүдэржсэн метаалевролит,"Microlepidoblastic, blastoaleuritic; schistose, lenticular, spotted, banded","[{""mineral"": ""Quartz (fragments)"", ""pct"": ""15-20""}, {""mineral"": ""Feldspar (albite) fragments"", ""pct"": ""5-10""}, {""mineral"": ""Sericite-bearing chlorite cement"", ""pct"": ""65-70""}, {""mineral"": ""Titanite"", ""pct"": ""1-3""}, {""mineral"": ""Pyrite"", ""pct"": ""3-5""}, {""mineral"": ""Pyrrhotite"", ""pct"": ""1-3""}, {""mineral"": ""Chalcopyrite"", ""pct"": ""few""}, {""mineral"": ""Carbonate (secondary)"", ""pct"": ""25-30""}]",Strongly carbonatised band (80-85% fine carbonate cement); carbonate(-pyrite?) veinlets 0.1-0.2 mm,"Titanite-pyrite-chalcopyrite paragenesis; even 0.01-0.2 mm disseminations of pyrite, pyrrhotite, chalcopyrite; pyrite micro-lenses concentrated in the carbonate-siltstone band",Field: siltstone. Meta-siltstone of quartz(-albite) fragments in mica-chlorite cement with sericite spot clusters in uneven bands; contains a strongly carbonatised siltstone band; weak even sulfide dusting.,tag,
47176,D0333,OVD23-114-116 (47176),OVD23,114.0,"23 р цооног дууссан 9ш.docx (hole OVD23, 9 samples)",,,mn,"Strongly altered, mineralised uneven-grained pyroxene-olivine-hornblende peridotite","Хүчтэй хувирч, хүдэржсэн жигд биш ширхэгтэй пироксен-оливин-эвэр хуурмагт перидотит","Panidiomorphic, poikilo-ophitic, subophitic; massive","[{""mineral"": ""Talc-serpentine pseudomorph (after olivine)"", ""pct"": ""30-35""}, {""mineral"": ""Hornblende"", ""pct"": ""30-35""}, {""mineral"": ""Mon. pyroxene"", ""pct"": ""8-10""}, {""mineral"": ""Biotite"", ""pct"": ""5-8""}, {""mineral"": ""Orthopyroxene"", ""pct"": ""few""}, {""mineral"": ""Altered plagioclase"", ""pct"": ""8-10""}, {""mineral"": ""Ilmenite"", ""pct"": ""few""}, {""mineral"": ""Magnetite"", ""pct"": ""3-5""}, {""mineral"": ""Chalcopyrite"", ""pct"": ""0.1-0.3""}, {""mineral"": ""Pyrrhotite"", ""pct"": ""1-3""}, {""mineral"": ""Pentlandite"", ""pct"": ""few""}]","Serpentine, talc, actinolite, chlorite, saussurite, muscovite",Ilmenite-magnetite-pentlandite-pyrrhotite-chalcopyrite paragenesis; magnetite mesh veinlets in pseudomorphs; few pyrrhotite-chalcopyrite lenses 0.2-2.0 mm with talc-serpentine,"Same rock as 47172. Talc-serpentine pseudomorphs after olivine with magnetite mesh, brown hornblende, both pyroxenes, phlogopite; modest sulfide mineralisation. (Sample sits at 114-116 m, listed after deeper samples in the source doc.)",tag,
47130,D0334,OVD024-12-14 (47130),OVD24,12.0,"24 р цооног зассан 13ш.docx (hole OVD24, 13 samples)",,,en,Uneven-grained arkosic sandstone,Жигд биш ширхэгтэй аркоз элсжин,Psammitic; cement microlepidoblastic; weakly schistose,"[{""mineral"": ""Quartz (fragments)"", ""pct"": ""20-25""}, {""mineral"": ""Feldspar (fragments)"", ""pct"": ""30-35""}, {""mineral"": ""Microquartzite (fragments)"", ""pct"": ""5-10""}, {""mineral"": ""Andesite (fragments)"", ""pct"": ""few""}, {""mineral"": ""Acid effusive (fragments)"", ""pct"": ""few""}, {""mineral"": ""Meta-siltstone/argillite (fragments)"", ""pct"": ""5-10""}, {""mineral"": ""Weakly ferruginous mica (biotite-sericite) cement"", ""pct"": ""30-35""}, {""mineral"": ""Titanite"", ""pct"": ""few""}, {""mineral"": ""Goethite"", ""pct"": ""few""}, {""mineral"": ""Carbonate (secondary)"", ""pct"": null}]",Cement enriched in iron hydroxides (orange-brown); plagioclase fragments weakly sericite-pelite-carbonate altered,Titanite-goethite paragenesis only; goethite disseminations 0.01-0.1 mm mostly with carbonate; leucoxenised titanite micro-grains,"Field: spotted rock. Poorly rounded quartz, plagioclase, microquartzite, andesite/rhyolite and meta-siltstone fragments (65-70%) in a weakly ferruginous biotite-sericite cement; essentially barren.",tag,
47131,D0335,OVD24-16.8-19 (47131),OVD24,16.8,"24 р цооног зассан 13ш.docx (hole OVD24, 13 samples)",,,mn,"Weakly ferruginised, carbonatised quartz-actinolite-epidote metasomatite (after gabbrodiorite porphyry)",Сулавтар төмөржиж карбонатчлагдсан кварц-актинолит-эпидотот метасоматит (габбродиорит порфироор үүссэн),"Relict porphyritic, lepidogranonematoblastic; massive, lenticular","[{""mineral"": ""Quartz-actinolite pseudomorph"", ""pct"": ""30-35""}, {""mineral"": ""Chlorite-carbonate?-muscovite-epidote aggregate"", ""pct"": ""45-50""}, {""mineral"": ""Hematite-goethite"", ""pct"": ""5-8""}, {""mineral"": ""Pyrite"", ""pct"": ""few""}, {""mineral"": ""Carbonate (epigenetic)"", ""pct"": ""3-5""}, {""mineral"": ""Quartz (epigenetic)"", ""pct"": ""5""}]",Green alteration (chlorite-quartz-muscovite-epidote-actinolite); ferruginisation; quartz-carbonate veinlets 0.05-0.3 mm with iron oxides,"Pyrite-goethite paragenesis; hematite micro-disseminations 0.03-0.1 mm evenly distributed; goethite weakly zoned micro-lenses/veinlets in carbonate veins, also replacing pyrite",Field: gabbro. Microlepidogranonematoblastic green-alteration aggregate with poorly preserved relict porphyritic texture; protolith probably an intermediate-basic dyke (gabbrodiorite porphyry); oxide-dominated mineralisation.,tag,
47132,D0336,OVD24-30-32 (47132),OVD24,30.0,"24 р цооног зассан 13ш.docx (hole OVD24, 13 samples)",,,mn,"Carbonatised, weakly brecciated altered diorite porphyry",Карбонатчлагдаж сулавтар брекчилэгдсэн хувирсан диорит порфир,"Relict porphyritic, relict micro-prismatic granular; breccia-like, weakly parallel","[{""mineral"": ""Altered plagioclase"", ""pct"": ""65-70""}, {""mineral"": ""Altered mafic mineral (altered biotite)"", ""pct"": ""10-15""}, {""mineral"": ""Goethite"", ""pct"": ""1-3""}, {""mineral"": ""Hydrogoethite"", ""pct"": ""0.5-1""}, {""mineral"": ""Pyrite"", ""pct"": ""few""}, {""mineral"": ""Sericite+ferruginous carbonate+chlorite (secondary)"", ""pct"": ""5-10""}, {""mineral"": ""Carbonate (epigenetic)"", ""pct"": ""10-15""}]","Sericite, carbonate; mafic mineral (biotite?) strongly chloritized and replaced by ferruginous carbonate; carbonate veins 0.2-2.0 mm with hydrogoethite along fractures","Pyrite-goethite-hydrogoethite paragenesis; goethite 0.05-0.2 mm mostly in carbonate lenses/veins, with rare pyrite relicts","Field: spotted rock. Brecciated diorite porphyry: sericitized plagioclase phenocrysts (5-10%) in fine plagioclase-altered mafic groundmass, crosscut by ferruginous carbonate veins with angular clasts of the host and other rocks (argillite, microdiorite).",tag,
47133,D0337,OVD024-34-36 (47133),OVD24,34.0,"24 р цооног зассан 13ш.docx (hole OVD24, 13 samples)",,,en,Clayey-micaceous phyllite,Шаварлаг-гялтгануурт филлит,"Microlepidoblastic; schistose, lenticular, spotted","[{""mineral"": ""Sericite"", ""pct"": ""40-45""}, {""mineral"": ""Clayey-micaceous (chlorite-biotite) aggregate"", ""pct"": ""45-50""}, {""mineral"": ""Pyrite"", ""pct"": ""3-5""}, {""mineral"": ""Goethite"", ""pct"": ""1-2""}, {""mineral"": ""Hydrogoethite"", ""pct"": ""1-3""}]",Iron-oxide enrichment (orange hue) of the pelitomorphic matrix,"Pyrite-goethite-hydrogoethite paragenesis; oval pyrite grains/micro-lenses 0.05-0.2 mm elongated along schistosity inside the sericite spots, partly replaced by goethite; goethite-hydrogoethite dust aggregates","Field: spotted rock. Spotted phyllite: rounded sericite lens aggregates (0.1-0.3 mm, 40-50% of rock) in a ferruginised semi-isotropic clay-mica (chlorite-biotite) matrix; pyrite micro-lenses within the spots.",tag,
47134,D0338,OVD024-40.35-42.5 (47134),OVD24,40.35,"24 р цооног зассан 13ш.docx (hole OVD24, 13 samples)",,,en,Chlorite-biotite-muscovite-albite metasomatite,Хлорит-биотит-мусковит-альбитат метасоматит,"Microgranolepidoblastic, weakly expressed relict prismatic granular; weakly schistose, lenticular","[{""mineral"": ""Chlorite-muscovite pseudomorph"", ""pct"": ""45-50""}, {""mineral"": ""Albite?"", ""pct"": ""30-35""}, {""mineral"": ""Ferruginised biotite"", ""pct"": ""10""}, {""mineral"": ""Goethite"", ""pct"": ""3-5""}, {""mineral"": ""Hydrogoethite"", ""pct"": ""1-2""}]",Metasomatism of a probable intermediate-basic dyke (microgabbrodiorite?); albite from recrystallized plagioclase; hydrogoethite-limonite capillary veinlets along fractures,Goethite-hydrogoethite only; even fine goethite grains 0.01-0.03 mm,"Field: breccia. Flat/prismatic chlorite-muscovite pseudomorphs (0.1-0.5 mm, ~half the rock, after primary mafic minerals) in a fine albite granoblastic aggregate with ferruginised biotite plates; oxide-only mineralisation.",tag,
47135,D0339,OVD24-50-52 (47135),OVD24,50.0,"24 р цооног зассан 13ш.docx (hole OVD24, 13 samples)",,,mn,"Strongly altered, weakly mineralised uneven-grained pyroxene-olivine-hornblende melanocratic gabbro","Хүчтэй хувирч, сулавтар хүдэржсэн жигд биш ширхэгтэй пироксен-оливин-эвэр хуурмагт меланократ габбро","Panidiomorphic, poikilitic, subophitic; massive","[{""mineral"": ""Talc-serpentine pseudomorph"", ""pct"": ""25-30""}, {""mineral"": ""Hornblende"", ""pct"": ""30-35""}, {""mineral"": ""Altered plagioclase"", ""pct"": ""20-25""}, {""mineral"": ""Mon. pyroxene"", ""pct"": ""3-5""}, {""mineral"": ""Biotite"", ""pct"": ""1-3""}, {""mineral"": ""Magnetite"", ""pct"": ""1-2""}, {""mineral"": ""Ilmenite"", ""pct"": ""0.5-1.0""}, {""mineral"": ""Chalcopyrite"", ""pct"": ""0.1""}, {""mineral"": ""Pyrite"", ""pct"": ""few""}, {""mineral"": ""Pyrrhotite"", ""pct"": ""1-2""}]","Serpentine, talc, actinolite, chlorite, saussurite",Magnetite-ilmenite-pyrite-pyrrhotite-chalcopyrite paragenesis; magnetite/ilmenite disseminations and veinlets along olivine cleavage; pyrrhotite-chalcopyrite micro-lenses 0.1-1.0 mm with talc-serpentine,"Field: mineralized gabbro. Same rock family as OVD23-47176 but with more plagioclase, hence melanocratic gabbro; weak sulfide mineralisation.",tag,
47136,D0340,OVD24-54.07-56 (47136),OVD24,54.07,"24 р цооног зассан 13ш.docx (hole OVD24, 13 samples)",,,en,"Weakly mineralised, altered microgabbro (taxitic microgabbro/microgabbrodiorite)","Сулавтар хүдэржиж, хувирсан микрогаббро","Micro-hypidiomorphic, partly subophitic, poikilo-ophitic; taxitic, banded, lenticular","[{""mineral"": ""Plagioclase"", ""pct"": ""30-35""}, {""mineral"": ""Hornblende"", ""pct"": ""30-35""}, {""mineral"": ""Mon. pyroxene"", ""pct"": ""20-25""}, {""mineral"": ""Ilmenite"", ""pct"": ""0.5-1.0""}, {""mineral"": ""Pyrrhotite"", ""pct"": ""3-5""}, {""mineral"": ""Pentlandite"", ""pct"": ""0.5-1.0""}, {""mineral"": ""Magnetite"", ""pct"": ""few""}, {""mineral"": ""Chalcopyrite"", ""pct"": ""0.5-1.0""}, {""mineral"": ""Sphene"", ""pct"": ""few""}]","Sericite, actinolite, carbonate; leucocratic microdiorite bands with actinolite-chlorite-replaced mafics; iddingsite after olivine in gabbro bands",Ilmenite-magnetite-pentlandite-pyrrhotite-chalcopyrite paragenesis; disseminations and micro-lenses in each band; large 1x5 mm pentlandite-pyrrhotite-chalcopyrite lenses in the microgabbrodiorite bands; chalcopyrite veinlets 0.1-0.2 mm in the microdiorite bands,Field: spotted rock. Taxitic rock of five band/lens types: dominant mon.pyroxene microgabbro; plagioclase-green hornblende microgabbrodiorite (hosts the coarse sulfide lenses); leucocratic microdiorite (chalcopyrite veinlets); fine hornblende gabbrodiorite (pyrite-pyrrhotite-ilmenite micro-lenses); weakly mineralised fine hornblende gabbro with iddingsite after olivine.,tag,D5: stored interval 54-54.1 m disagrees with the report-named interval 54.07-56 m by 0.07 m
47137,D0341,OVD24-72-74 (47137),OVD24,72.0,"24 р цооног зассан 13ш.docx (hole OVD24, 13 samples)",,,mn,Chlorite-muscovite-albite metasomatite after microdiorite,Микродиоритоор үүссэн хлорит-мусковит-альбитат метасоматит,"Microlepidogranoblastic, relict micro-prismatic granular; weakly parallel","[{""mineral"": ""Albite (altered plagioclase)"", ""pct"": ""50-55""}, {""mineral"": ""Chlorite-muscovite pseudomorph"", ""pct"": ""30-35""}, {""mineral"": ""Chlorite"", ""pct"": ""3-5""}, {""mineral"": ""Pyrite"", ""pct"": ""3-5""}, {""mineral"": ""Titanite"", ""pct"": ""3-5""}, {""mineral"": ""Chalcopyrite"", ""pct"": ""single grains""}, {""mineral"": ""Quartz (secondary)"", ""pct"": null}]",Metasomatism of microdiorite; albite recrystallized after plagioclase; crosscut by albite(-chlorite) veins 0.5-3.0 mm (5-10%) with pyrite lenses and by siliceous(-titanite) veins/lenses 1-2 mm,Titanite-pyrite-chalcopyrite paragenesis; even titanite micro-grains; pyrite in veins and sparse disseminations; single chalcopyrite grains,Field: spotted rock. Fine albite granoblastic aggregate with evenly distributed chlorite-muscovite pseudomorphs after mafic minerals; cut by pyrite-bearing albite (microdiorite) veins.,tag,
47138,D0342,OVD24-78-80 (47138),OVD24,78.0,"24 р цооног зассан 13ш.docx (hole OVD24, 13 samples)",,,mn,"Altered, mineralised uneven-grained olivine-hornblende melanocratic gabbro","Хувирч, хүдэржсэн жигд биш ширхэгтэй оливин-эвэр хуурмагт меланократ габбро","Panidiomorphic, poikilitic, subophitic; massive, lenticular","[{""mineral"": ""Talc-serpentine pseudomorph"", ""pct"": ""20-25""}, {""mineral"": ""Hornblende"", ""pct"": ""30-35""}, {""mineral"": ""Altered plagioclase"", ""pct"": ""35-40""}, {""mineral"": ""Mon. pyroxene"", ""pct"": ""few""}, {""mineral"": ""Biotite"", ""pct"": ""3-5""}, {""mineral"": ""Pentlandite"", ""pct"": ""few""}, {""mineral"": ""Ilmenite"", ""pct"": ""few""}, {""mineral"": ""Chalcopyrite"", ""pct"": ""1-2""}, {""mineral"": ""Pyrite"", ""pct"": ""1-3""}, {""mineral"": ""Pyrrhotite"", ""pct"": ""5-7""}, {""mineral"": ""Magnetite"", ""pct"": ""few""}]","Serpentine, talc, actinolite, chlorite, saussurite; sericite on plagioclase",Magnetite-ilmenite-pyrite-pentlandite-pyrrhotite-chalcopyrite paragenesis; intergrowth lenses 0.5-6.0 mm associated with talc-serpentine pseudomorphs; ilmenite rhombic/prismatic disseminations 0.1-0.3 mm,Field: mineralized gabbro. Similar to 47135: plagioclase-hornblende-talc-serpentine pseudomorph rock; considerable mineralisation with pentlandite-pyrrhotite-chalcopyrite lenses.,tag,
47139,D0343,OVD24-86-88 (47139),OVD24,86.0,"24 р цооног зассан 13ш.docx (hole OVD24, 13 samples)",,,mn,Strongly mineralised fine- to medium-grained pyroxene-hornblende gabbro,Хүчтэй хүдэржсэн жижиг дунд ширхэгтэй пироксен-эвэрхуурмагт габбро,"Gabbroic, panidiomorphic; taxitic","[{""mineral"": ""Plagioclase"", ""pct"": ""40-45""}, {""mineral"": ""Hornblende"", ""pct"": ""20-25""}, {""mineral"": ""Pyroxene"", ""pct"": ""8-10""}, {""mineral"": ""Serpentine pseudomorph"", ""pct"": ""3-5""}, {""mineral"": ""Actinolite-chlorite pseudomorph"", ""pct"": ""10-15""}, {""mineral"": ""Pentlandite"", ""pct"": ""5""}, {""mineral"": ""Chalcopyrite"", ""pct"": ""3-5""}, {""mineral"": ""Pyrite"", ""pct"": ""8-10""}, {""mineral"": ""Pyrrhotite"", ""pct"": ""1-3""}, {""mineral"": ""Magnetite"", ""pct"": ""0.5""}, {""mineral"": ""Ilmenite"", ""pct"": ""few""}]","Actinolite, chlorite, sericite, pelite, epidote, rutile",Magnetite-ilmenite-pyrite-pentlandite-pyrrhotite-chalcopyrite paragenesis; ore lenses and veins 0.1-10 mm occupying 15-20% of the rock; pyrite veinlets 0.05-0.2 mm along fractures; pyrite-chalcopyrite lenses/veins 0.1-0.4 mm in the plagioclase-rich taxitic parts,"Field: mineralized gabbro. Taxitic gabbro of intermediate-basic plagioclase, brown hornblende and orthopyroxene with minor serpentine and actinolite-chlorite pseudomorphs; strongly mineralised, cut by 1-10 mm sulfide lenses/veins.",tag,
47140,D0344,OVD24-106-108 (47140),OVD24,106.0,"24 р цооног зассан 13ш.docx (hole OVD24, 13 samples)",,,mn,"Strongly altered, mineralised uneven-grained olivine-hornblende peridotite","Хүчтэй хувирч, хүдэржсэн жигд биш ширхэгтэй оливин-эвэр хуурмагт перидотит","Relict panidiomorphic, poikilitic, subophitic; massive","[{""mineral"": ""Talc-serpentine pseudomorph"", ""pct"": ""45-50""}, {""mineral"": ""Hornblende"", ""pct"": ""20-25""}, {""mineral"": ""Mon. pyroxene"", ""pct"": ""5""}, {""mineral"": ""Altered plagioclase"", ""pct"": ""5-8""}, {""mineral"": ""Actinolite-chlorite pseudomorph"", ""pct"": ""5-8""}, {""mineral"": ""Biotite"", ""pct"": ""5""}, {""mineral"": ""Magnetite"", ""pct"": ""0.5-1.0""}, {""mineral"": ""Ilmenite"", ""pct"": ""0.5-1.0""}, {""mineral"": ""Chalcopyrite"", ""pct"": ""1-2""}, {""mineral"": ""Pentlandite"", ""pct"": ""0.5-1.0""}, {""mineral"": ""Pyrrhotite"", ""pct"": ""3-5""}, {""mineral"": ""Apatite"", ""pct"": ""few""}]","Serpentine, talc, actinolite, chlorite, saussurite; sericite on zoned plagioclase","Magnetite-ilmenite-pentlandite-pyrrhotite-chalcopyrite paragenesis; even disseminations, magnetite-serpentine veinlets along olivine cleavage; chalcopyrite-pyrrhotite lenses to 4.0 mm; pentlandite mostly as separate micro-lenses",Field: mineralized gabbro. Talc-serpentine-pseudomorph-dominated peridotite with brown hornblende; weak-moderate mineralisation with distinctive standalone pentlandite micro-lenses.,tag,
47141,D0345,OVD24-148-150 (47141),OVD24,148.0,"24 р цооног зассан 13ш.docx (hole OVD24, 13 samples)",,,mn,"Altered, mineralised uneven-grained olivine-hornblende melanocratic gabbro",Хувирч хүдэржсэн жигд биш ширхэгтэй оливин-эвэр хуурмагт меланократ габбро,"Panidiomorphic, poikilitic, subophitic; massive, lenticular (taxitic tendency)","[{""mineral"": ""Talc-serpentine pseudomorph"", ""pct"": ""20-25""}, {""mineral"": ""Hornblende"", ""pct"": ""20-25""}, {""mineral"": ""Altered plagioclase"", ""pct"": ""35-40""}, {""mineral"": ""Mon. pyroxene"", ""pct"": ""5-8""}, {""mineral"": ""Biotite"", ""pct"": ""5""}, {""mineral"": ""Actinolite-chlorite pseudomorph"", ""pct"": ""5""}, {""mineral"": ""Pentlandite"", ""pct"": ""0.5-1.0""}, {""mineral"": ""Ilmenite"", ""pct"": ""few""}, {""mineral"": ""Chalcopyrite"", ""pct"": ""1-2""}, {""mineral"": ""Pyrite"", ""pct"": ""3-5""}, {""mineral"": ""Pyrrhotite"", ""pct"": ""few""}, {""mineral"": ""Magnetite"", ""pct"": ""few""}]","Serpentine, talc, actinolite, chlorite, saussurite, sericite",Magnetite-ilmenite-pyrite-pentlandite-pyrrhotite-chalcopyrite paragenesis; pentlandite-pyrrhotite-chalcopyrite intergrowth lenses 0.5-3.0 mm with talc-serpentine; pyrite (marcasite) veinlets 0.1-0.4 mm crosscutting the rock,Field: mineralized gabbro. Similar to 47135; taxitic plagioclase-rich and mafic-rich parts; moderate mineralisation with pentlandite-bearing lenses and late pyrite veinlets.,tag,
47142,D0346,OVD24-159.15-160.75 (47142),OVD24,159.15,"24 р цооног зассан 13ш.docx (hole OVD24, 13 samples)",,,mn,"Weakly brecciated, carbonatised medium-grained pyroxene-hornblende peridotite",Сулавтар брекчилэгдэж карбонатчлагдсан дунд ширхэгтэй пироксен-эвэрхуурмагт перидотит,"Panidiomorphic, poikilitic; weakly breccia-like","[{""mineral"": ""Mon. pyroxene"", ""pct"": ""30-35""}, {""mineral"": ""Hornblende"", ""pct"": ""35-40""}, {""mineral"": ""Talc-serpentine pseudomorph"", ""pct"": ""10-15""}, {""mineral"": ""Altered plagioclase"", ""pct"": ""few""}, {""mineral"": ""Actinolite-chlorite pseudomorph"", ""pct"": ""10-15""}, {""mineral"": ""Ilmenite"", ""pct"": ""few""}, {""mineral"": ""Chalcopyrite"", ""pct"": ""few""}, {""mineral"": ""Pyrrhotite"", ""pct"": ""few""}, {""mineral"": ""Pyrite"", ""pct"": ""0.5-1.0""}, {""mineral"": ""Carbonate (epigenetic)"", ""pct"": ""8-10""}]",Carbonatisation: carbonate(-serpentine) veinlets 0.02-0.1 mm along pyroxene cleavage plus numerous crosscutting carbonate veinlets giving breccia-like fabric; chlorite-actinolite on green hornblende,Ilmenite-pyrite-pentlandite-pyrrhotite-chalcopyrite paragenesis (weak); ilmenite disseminations 0.02-0.2 mm; local lens-shaped zones strongly cut by pyrite veinlets 0.01-0.3 mm with the carbonate veins,"Field: breccia. Pyroxene-hornblende peridotite cut and fragmented by abundant carbonate veinlets; sparse sulfides, pyrite veinlet zones; a hornblende-grain lens also cut by carbonate.",tag,
47143,D0347,OVD025-32-33.65 (47143),OVD25,32.0,"25 цооног 10ш.docx (hole OVD25, 10 samples)",,,mn,Uneven-grained feldspathic greywacke sandstone,Жигд биш ширхэгтэй хээрийн жоншт граувакк элсжин,Psammitic; cement microlepidoblastic; weakly parallel,"[{""mineral"": ""Plagioclase (fragments)"", ""pct"": ""40-45""}, {""mineral"": ""Hornblende fragments (with pyrrhotite+chalcopyrite)"", ""pct"": ""15-20""}, {""mineral"": ""Andesite (fragments)"", ""pct"": ""few""}, {""mineral"": ""Albitophyre/microquartzite (fragments)"", ""pct"": ""8-10""}, {""mineral"": ""Talc-serpentine pseudomorph fragments (with sulfides)"", ""pct"": ""3-5""}, {""mineral"": ""Argillite/meta-siltstone (fragments)"", ""pct"": ""10-15""}, {""mineral"": ""Pelitomorphic actinolite-chlorite cement"", ""pct"": ""10-15""}]",Plagioclase fragments weakly sericite-pelite-epidote altered,"Pyrrhotite-chalcopyrite; micro-grains and lenses 0.05-0.2 mm inside hornblende and talc-serpentine pseudomorph fragments, usually with carbonate","Field: sandstone. Clast-supported greywacke (85-90% fragments) whose mafic clasts (hornblende, talc-serpentine pseudomorphs) carry pyrrhotite-chalcopyrite micro-lenses — detrital record of the mineralised intrusion.",tag,
47144,D0348,OVD25-37-39 (47144),OVD25,37.0,"25 цооног 10ш.docx (hole OVD25, 10 samples)",,,mn,Altered uneven-grained olivine-hornblende melanocratic gabbro,Хувирсан жигд биш ширхэгтэй оливин-эвэр хуурмагт меланократ габбро,"Panidiomorphic, poikilitic, subophitic; massive, lenticular","[{""mineral"": ""Talc-serpentine pseudomorph"", ""pct"": ""20-25""}, {""mineral"": ""Hornblende"", ""pct"": ""20-25""}, {""mineral"": ""Altered plagioclase"", ""pct"": ""35-40""}, {""mineral"": ""Mon. pyroxene"", ""pct"": ""few""}, {""mineral"": ""Biotite"", ""pct"": ""5-8""}, {""mineral"": ""Actinolite-chlorite pseudomorph"", ""pct"": ""5-10""}, {""mineral"": ""Ilmenite"", ""pct"": ""0.5""}, {""mineral"": ""Pyrrhotite"", ""pct"": ""few""}, {""mineral"": ""Chalcopyrite"", ""pct"": ""single grains""}, {""mineral"": ""Pyrite"", ""pct"": ""few""}, {""mineral"": ""Magnetite"", ""pct"": ""few""}, {""mineral"": ""Apatite"", ""pct"": ""few""}, {""mineral"": ""Carbonate (secondary)"", ""pct"": ""3-5""}]","Serpentine, talc, actinolite, chlorite, saussurite, carbonate; carbonate veinlets 0.01-0.2 mm","Magnetite-ilmenite-pyrite-pyrrhotite-chalcopyrite paragenesis, weak; magnetite along olivine cleavage; single pyrrhotite lenses 0.5-0.8 mm with chalcopyrite micro-grains",Field: mineralized gabbro. Similar to OVD24-47135; plagioclase-rich taxitic melanocratic gabbro with weak sulfide mineralisation.,tag,
47145,D0349,OVD25-42.3-44.6 (47145),OVD25,42.3,"25 цооног 10ш.docx (hole OVD25, 10 samples)",,,mn,Strongly carbonatised epidote-chlorite-actinolite-sericite metasomatite after gabbrodiorite porphyry,Хүчтэй карбонатчлагдсан габбродиорит порфироор үүссэн эпидот-хлорит-актинолит-серицитэт метасоматит,"Relict porphyritic; groundmass relict hypidiomorphic, prismatic granular, micronematolepidogranoblastic; taxitic, lenticular, veined","[{""mineral"": ""Epidote-muscovite-sericite aggregate (after plagioclase)"", ""pct"": ""45-50""}, {""mineral"": ""Chlorite-actinolite pseudomorph"", ""pct"": ""25-30""}, {""mineral"": ""Mon. pyroxene"", ""pct"": ""few""}, {""mineral"": ""Hornblende"", ""pct"": ""10-15""}, {""mineral"": ""Pyrrhotite"", ""pct"": ""few""}, {""mineral"": ""Chalcopyrite"", ""pct"": ""single grains""}, {""mineral"": ""Sphene"", ""pct"": ""few""}, {""mineral"": ""Carbonate (epigenetic)"", ""pct"": ""15-20""}, {""mineral"": ""Quartz (epigenetic)"", ""pct"": ""few""}]",Intense carbonatisation: carbonate veinlets 0.5-6 mm (10-15%) plus pervasive fine carbonate; green alteration assemblage,Sphene-pyrrhotite paragenesis; pyrrhotite 0.1-0.2 mm micro-lens clusters evenly distributed; cubic pyrite 0.05-0.1 mm mostly in carbonate veinlets; single chalcopyrite grains,Field: dolerite. Metasomatite with relict porphyritic texture after gabbrodiorite porphyry: altered hornblende phenocryst relicts (~10%) in a chlorite-carbonate-actinolite-epidote-sericite groundmass; contains gabbro lens/schlieren patches; weak mineralisation.,tag,
47146,D0350,OVD25-44.6-46.6 (47146),OVD25,44.6,"25 цооног 10ш.docx (hole OVD25, 10 samples)",,,mn,"Strongly mineralised, altered uneven-grained olivine-hornblende peridotite","Хүчтэй хүдэржиж, хувирсан жигд биш ширхэгтэй оливин-эвэр хуурмагт перидотит","Relict panidiomorphic, poikilo-ophitic; massive","[{""mineral"": ""Talc-serpentine pseudomorph"", ""pct"": ""35-40""}, {""mineral"": ""Hornblende"", ""pct"": ""20-25""}, {""mineral"": ""Mon. pyroxene"", ""pct"": ""few""}, {""mineral"": ""Altered plagioclase"", ""pct"": ""few""}, {""mineral"": ""Actinolite-chlorite pseudomorph"", ""pct"": ""5-8""}, {""mineral"": ""Biotite"", ""pct"": ""1-3""}, {""mineral"": ""Magnetite"", ""pct"": ""1-3""}, {""mineral"": ""Ilmenite"", ""pct"": ""0.5-1.0""}, {""mineral"": ""Chalcopyrite"", ""pct"": ""5-8""}, {""mineral"": ""Pentlandite"", ""pct"": ""3-5""}, {""mineral"": ""Pyrrhotite"", ""pct"": ""20-25""}, {""mineral"": ""Apatite"", ""pct"": ""few""}]","Serpentine, talc, actinolite, chlorite, saussurite; ore minerals along pseudomorph cleavage",Magnetite-ilmenite-pentlandite-pyrrhotite-chalcopyrite paragenesis; abundant evenly distributed sulfide lenses 0.3-5.0 mm; pyrrhotite dominant (20-25% of rock) with pentlandite-pyrrhotite-chalcopyrite growth sequence,Field: mineralized gabbro. The most strongly mineralised sample of the hole: talc-serpentine pseudomorph peridotite carrying massive amounts of pentlandite-chalcopyrite-pyrrhotite intergrowth lenses.,tag,
47147,D0351,OVD25-46.6-48.2 (47147),OVD25,46.6,"25 цооног 10ш.docx (hole OVD25, 10 samples)",,,mn,"Strongly mineralised, altered melanocratic gabbro porphyry","Хүчтэй хүдэржиж, хувирсан меланократ габбро порфир","Porphyritic; groundmass hypidiomorphic, locally gabbro-like; massive","[{""mineral"": ""Altered mon. pyroxene"", ""pct"": ""40-45""}, {""mineral"": ""Plagioclase"", ""pct"": ""20-25""}, {""mineral"": ""Actinolite-chlorite pseudomorph"", ""pct"": ""5-10""}, {""mineral"": ""Altered olivine (quartz-bowlingite-iddingsite-chlorite pseudomorph)"", ""pct"": ""5-10""}, {""mineral"": ""Pyrrhotite"", ""pct"": ""10-15""}, {""mineral"": ""Pentlandite"", ""pct"": ""3-5""}, {""mineral"": ""Chalcopyrite"", ""pct"": ""5-8""}]","Sericite, pelite, chlorite, actinolite, carbonate, quartz; pyroxene phenocrysts strongly chloritized; olivine to quartz-bowlingite-iddingsite-chlorite pseudomorphs",Pentlandite-pyrrhotite-chalcopyrite paragenesis; sulfide lenses 0.5-10 mm associated with alteration chlorite and slightly later quartz-carbonate; chalcopyrite also as even micro-disseminations,Field: mineralized gabbro. Gabbro porphyry with chloritized monoclinic-pyroxene phenocrysts and pseudomorphed olivine; strongly mineralised with large pentlandite-chalcopyrite-pyrrhotite lenses.,tag,
47148,D0352,OVD25 (47148),OVD25,,"25 цооног 10ш.docx (hole OVD25, 10 samples)",,,mn,"Carbonatised, mineralised uneven-grained olivine-hornblende peridotite (with fine gabbro and leucogabbro lenses/schlieren)","Карбонатчлагдаж, хүдэржсэн жигд биш ширхэгтэй оливин-эвэр хуурмагт перидотит (жижиг ширхэгтэй габбро болон лейкогабброгийн линз, шлиртэй)","Panidiomorphic, poikilo-ophitic; taxitic","[{""mineral"": ""Talc-serpentine pseudomorph"", ""pct"": ""40-45""}, {""mineral"": ""Hornblende"", ""pct"": ""25-30""}, {""mineral"": ""Mon. pyroxene"", ""pct"": ""3-5""}, {""mineral"": ""Altered plagioclase"", ""pct"": ""10-15""}, {""mineral"": ""Actinolite-chlorite pseudomorph"", ""pct"": ""5""}, {""mineral"": ""Biotite"", ""pct"": ""1-3""}, {""mineral"": ""Magnetite"", ""pct"": ""0.5-1.0""}, {""mineral"": ""Ilmenite"", ""pct"": ""few""}, {""mineral"": ""Chalcopyrite"", ""pct"": ""2-3""}, {""mineral"": ""Pentlandite"", ""pct"": ""0.5-1.0""}, {""mineral"": ""Pyrrhotite"", ""pct"": ""5-8""}, {""mineral"": ""Apatite"", ""pct"": ""few""}, {""mineral"": ""Carbonate (epigenetic)"", ""pct"": ""8-10""}]","Serpentine, talc, actinolite, chlorite, saussurite; carbonatisation with late carbonate lenses/veins","Magnetite-ilmenite-pentlandite-pyrrhotite-chalcopyrite paragenesis; sulfide lenses 0.2-5.0 mm intergrown with talc-serpentine pseudomorphs and hornblende, plus chalcopyrite-pyrrhotite lenses 1.0-5.0 mm inside late carbonate lenses/veins","Field: dolerite. No depth interval given in the source header (sample number only, between 47147 at 46.6-48.2 m and 47149 at 54-56 m). Taxitic peridotite with fine-gabbro and leucogabbro lenses/bands 1-8 mm; moderate Ni-Cu sulfide mineralisation.",tag,
47149,D0353,OVD25-54-56 (47149),OVD25,54.0,"25 цооног 10ш.docx (hole OVD25, 10 samples)",,,mn,Altered melanocratic gabbro (dolerite) porphyry with melanocratic microgabbro and pyroxene-garnet-carbonate skarn schlieren,Хувирсан меланократ габбро (долерит) порфир (меланократ микрогаббро ба пироксен-гранат-карбонатат скарны шлирүүдтэй),"Nevaditic porphyritic; groundmass micro-ophitic, poikilo-ophitic; taxitic","[{""mineral"": ""Talc-serpentine pseudomorph"", ""pct"": ""25-30""}, {""mineral"": ""Hornblende"", ""pct"": ""10-15""}, {""mineral"": ""Altered plagioclase"", ""pct"": ""20-25""}, {""mineral"": ""Mon. pyroxene"", ""pct"": ""few""}, {""mineral"": ""Biotite"", ""pct"": ""5-10""}, {""mineral"": ""Ilmenite"", ""pct"": ""few""}, {""mineral"": ""Pyrrhotite"", ""pct"": ""0.5""}, {""mineral"": ""Magnetite"", ""pct"": ""few""}, {""mineral"": ""Carbonate (secondary)"", ""pct"": ""3-5""}]","Serpentine, talc, actinolite, chlorite, saussurite, carbonate; skarn schlieren cut by quartz-carbonate veins 0.5-1.5 mm",Magnetite-ilmenite-pyrite-pyrrhotite-chalcopyrite paragenesis; pyrrhotite-chalcopyrite micro-lenses inside talc-serpentine pseudomorph phenocrysts; in microgabbro schlieren sulfide-ilmenite micro-grains within quartz-carbonate veins; in skarn schlieren pyrite-pyrrhotite grains/micro-lenses in quartz-carbonate veins,"Field: dolerite. Three-part taxitic rock: (1) host melanocratic gabbro/dolerite porphyry with talc-serpentine pseudomorph phenocrysts (65-70%); (2) melanocratic microgabbro schlieren (plagioclase+mon.pyroxene); (3) carbonatised pyroxene-garnet-carbonate skarn schlieren, 10-25 mm, weakly brecciated.",tag,
47150,D0354,OVD025-56-58.25 (47150),OVD25,56.0,"25 цооног 10ш.docx (hole OVD25, 10 samples)",,,mn,Uneven-grained feldspathic greywacke (gravelly) sandstone,Жигд биш ширхэгтэй хээрийн жоншт граувакк элсжин,Psepho-psammitic; cement lamellar/contact-type microlepidoblastic; weakly parallel,"[{""mineral"": ""Plagioclase (fragments)"", ""pct"": ""40-45""}, {""mineral"": ""Altered mon. pyroxene (fragments)"", ""pct"": ""3-5""}, {""mineral"": ""Altered olivine fragments (serpentinite+magnetite)"", ""pct"": ""3-5""}, {""mineral"": ""Altered hornblende fragments (with po+cp)"", ""pct"": ""8-10""}, {""mineral"": ""Andesite (fragments)"", ""pct"": ""15-20""}, {""mineral"": ""Albitophyre (fragments)"", ""pct"": ""5-8""}, {""mineral"": ""Argillite/meta-siltstone (fragments)"", ""pct"": ""5""}, {""mineral"": ""Chlorite-carbonate cement"", ""pct"": ""10-15""}]",Epigenetic quartz and carbonate; quartz-carbonate veinlets 0.05-0.2 mm,"Ilmenite-magnetite-pyrite-pyrrhotite-chalcopyrite; magnetite-pyrrhotite(-chalcopyrite) micro-lenses 0.05-0.2 mm inside altered olivine/pyroxene/hornblende clasts, usually with quartz-carbonate","Field: dolerite. Clast-supported greywacke (85-90%) with abundant mafic-ultramafic detritus (serpentinized olivine, pyroxene, hornblende) carrying oxide-sulfide micro-lenses; records erosion of the mineralised intrusive.",tag,
47151,D0355,OVD025-58.25-58.85 (47151),OVD25,58.25,"25 цооног 10ш.docx (hole OVD25, 10 samples)",,,mn,"Silicified, carbonatised chlorite-sericite-muscovite micro-schist (phyllite) after siltstone",Цахиуржиж карбонатчлагдсан алевролитоор үүссэн хлорит-серицит-мусковитот бичил занар (филлит),"Microlepidoblastic, blastoaleuritic; schistose, banded, weakly folded","[{""mineral"": ""Sericite-muscovite"", ""pct"": ""35-40""}, {""mineral"": ""Chlorite"", ""pct"": ""20-25""}, {""mineral"": ""Siliceous aggregate"", ""pct"": ""10-15""}, {""mineral"": ""Silt-sized relict fragments"", ""pct"": ""3-5""}, {""mineral"": ""Pyrrhotite"", ""pct"": ""few""}, {""mineral"": ""Arsenopyrite"", ""pct"": ""0.1-0.2""}, {""mineral"": ""Titanite"", ""pct"": ""0.5""}, {""mineral"": ""Goethite-hydrogoethite"", ""pct"": ""0.5""}, {""mineral"": ""Quartz+carbonate+albite (epigenetic)"", ""pct"": ""15-20""}]",Late silicification and carbonatisation: quartz-carbonate veins 0.1-5 mm; iron-oxide veinlets along carbonate veins; leucoxene,Titanite-pyrrhotite-goethite-hydrogoethite-arsenopyrite paragenesis; distinctive late euhedral rhombic arsenopyrite (0.1-0.2 mm) forming 0.2-0.5 mm lenses within quartz-carbonate veins; sparse pyrrhotite/chalcopyrite micro-grains,Field: sandstone. Banded phyllite of aligned chlorite-sericite-muscovite with siliceous and carbonate micro-aggregates; notable for late arsenopyrite lenses in quartz-carbonate veins.,tag,
47152,D0356,OVD025-58.85-60.85 (47152),OVD25,58.85,"25 цооног 10ш.docx (hole OVD25, 10 samples)",,,mn,Fine-grained feldspathic sandstone,Жижиг ширхэгтэй хээрийн жоншт элсжин,Psammitic; filling-type cement; weakly parallel,"[{""mineral"": ""Feldspar (plagioclase) fragments"", ""pct"": ""60-65""}, {""mineral"": ""Quartz (fragments)"", ""pct"": ""5""}, {""mineral"": ""Microquartzite? (fragments)"", ""pct"": ""few""}, {""mineral"": ""Pyrite"", ""pct"": ""0.5-1.0""}, {""mineral"": ""Pyrrhotite"", ""pct"": ""0.5""}, {""mineral"": ""Chalcopyrite"", ""pct"": ""single grains""}, {""mineral"": ""Titanite"", ""pct"": ""few""}, {""mineral"": ""Chlorite(-carbonate) cement"", ""pct"": ""25-30""}]","Fragments weakly sericite-pelite-carbonate-albite altered, partly recrystallized to microgranoblastic aggregate; epigenetic quartz-carbonate veinlets 0.05-0.2 mm",Titanite-pyrite-pyrrhotite-chalcopyrite paragenesis; euhedral pyrite and pyrrhotite 0.1-0.2 mm as micro-lens clusters within late quartz-carbonate lenses; single chalcopyrite grains; leucoxenised titanite in cement,Field: tuff-sandstone. Poorly rounded angular plagioclase fragments (70-75%) in chlorite cement; weak sulfide mineralisation tied to late quartz-carbonate lenses.,tag,D5: stored interval 61.4-61.5 m disagrees with the report-named interval 58.85-60.85 m by 0.65 m
47177,D0357,OVD26-14.9-15.1 (47177),OVD26,14.9,"26 р цооног 16 ш зассан.docx (hole OVD26, 16 samples)",,,mn,Altered porphyritic-like medium- to fine-grained olivine-pyroxene-hornblende melanocratic gabbro,Хувирсан шигтгээ маягийн дунд жижиг ширхэгтэй оливин-пироксен-эвэр хуурмагт меланократ габбро,"Porphyritic-like; groundmass poikilo-ophitic, ophitic, locally prismatic granular; massive","[{""mineral"": ""Hornblende"", ""pct"": ""35-40""}, {""mineral"": ""Serpentine-talc pseudomorph (after olivine-pyroxene)"", ""pct"": ""30-35""}, {""mineral"": ""Plagioclase"", ""pct"": ""20-25""}, {""mineral"": ""Biotite"", ""pct"": ""3-5""}, {""mineral"": ""Magnetite"", ""pct"": ""0.5""}, {""mineral"": ""Chromite"", ""pct"": ""few""}, {""mineral"": ""Apatite"", ""pct"": ""0.5""}, {""mineral"": ""Goethite-hydrogoethite"", ""pct"": ""0.5-1.0""}]","Serpentine, saussurite, talc, chlorite",Chromite-magnetite-goethite-hydrogoethite paragenesis (oxide only); goethite-hydrogoethite lens clusters 0.1-0.3 mm; no sulfides,Hornblende and talc-serpentine pseudomorph segregations (55-60%) in a plagioclase-hornblende groundmass; abundant acicular apatite; only weak oxide mineralisation.,tag,
47179,D0358,OVD26-19.9-20.1 (47179),OVD26,19.9,"26 р цооног 16 ш зассан.docx (hole OVD26, 16 samples)",,,mn,Altered porphyritic-like medium- to fine-grained olivine-pyroxene-hornblende melanocratic gabbro (gabbro porphyry),Хувирсан шигтгээ маягийн дунд жижиг ширхэгтэй оливин-пироксен-эвэр хуурмагт меланократ габбро (Габбро порфир),"Porphyritic-like; groundmass poikilo-ophitic, ophitic, locally prismatic granular; massive","[{""mineral"": ""Hornblende"", ""pct"": ""40-45""}, {""mineral"": ""Serpentine-talc pseudomorph (after olivine-pyroxene)"", ""pct"": ""30-35""}, {""mineral"": ""Plagioclase"", ""pct"": ""15-20""}, {""mineral"": ""Biotite"", ""pct"": ""3-5""}, {""mineral"": ""Magnetite-hematite"", ""pct"": ""0.5""}, {""mineral"": ""Chromite"", ""pct"": ""few""}, {""mineral"": ""Apatite"", ""pct"": ""0.5""}, {""mineral"": ""Goethite-hydrogoethite, Mn oxide"", ""pct"": ""1.0-2.0""}]","Serpentine, sericite, saussurite, talc, carbonate",Chromite-magnetite-hematite-goethite-hydrogoethite-Mn-oxide paragenesis; magnetite mostly martitized to hematite; iron- and manganese-oxide zoned lenses 0.5x2.5 mm along carbonate lenses; no sulfides,Field: mineralized gabbro. Same as 47177 with 60-65% phenocryst-like segregations; oxidised (hematite-goethite-Mn oxide) mineralisation only. NOTE: sample 47178 does not appear in this document.,tag,
47180,D0359,OVD26-32.7-32.9 (47180),OVD26,32.7,"26 р цооног 16 ш зассан.docx (hole OVD26, 16 samples)",,,mn,"Carbonatised, metasomatically strongly altered medium- to fine-grained biotite diorite","Карбонатчлагдаж, метасоматозоор хүчтэй хувирсан дунд жижиг ширхэгтэй биотитот диорит","Prismatic granular, subophitic; parallel","[{""mineral"": ""Altered plagioclase"", ""pct"": ""70-75""}, {""mineral"": ""Altered mafic mineral"", ""pct"": ""20-25""}, {""mineral"": ""Goethite"", ""pct"": ""3-5""}, {""mineral"": ""Pyrite"", ""pct"": ""few""}, {""mineral"": ""Hydrogoethite"", ""pct"": ""1-3""}, {""mineral"": ""Carbonate (epigenetic)"", ""pct"": ""5-10""}]",Plagioclase to epidote-carbonate-sericite (locally full pseudomorphs); mafics (biotite) to muscovite-chlorite pseudomorphs; strong carbonatisation with veins 0.1-2.5 mm along schistosity; iron hydroxide staining along fractures,"Pyrite-hematite-goethite-hydrogoethite paragenesis; zoned goethite 0.05-0.2 mm with hydrogoethite rims and rare pyrite relicts; accessory apatite, sphene with chlorite pseudomorphs",Aligned metasomatised diorite; oxide-only mineralisation with pyrite relicts inside goethite.,tag,
47181,D0360,OVD26-42.3-42.5 (47181),OVD26,42.3,"26 р цооног 16 ш зассан.docx (hole OVD26, 16 samples)",,,mn,Altered porphyritic-like fine- to medium-grained olivine-pyroxene-hornblende melanocratic gabbro,Хувирсан шигтгээ маягийн жижиг дунд ширхэгтэй оливин-пироксен-эвэр хуурмагт меланократ габбро,"Porphyritic-like; groundmass poikilo-ophitic, ophitic, locally prismatic granular; massive","[{""mineral"": ""Hornblende"", ""pct"": ""30-35""}, {""mineral"": ""Talc-serpentine pseudomorph (after olivine-pyroxene)"", ""pct"": ""30-35""}, {""mineral"": ""Plagioclase"", ""pct"": ""25-30""}, {""mineral"": ""Biotite"", ""pct"": ""1-3""}, {""mineral"": ""Magnetite"", ""pct"": ""1-2""}, {""mineral"": ""Chromite"", ""pct"": ""few""}, {""mineral"": ""Pyrite"", ""pct"": ""few""}, {""mineral"": ""Chalcopyrite"", ""pct"": ""few""}, {""mineral"": ""Pyrrhotite"", ""pct"": ""single grains""}, {""mineral"": ""Apatite"", ""pct"": ""0.5""}]","Serpentine, sericite, saussurite, talc, carbonate","Chromite-magnetite-pyrite-pyrrhotite-chalcopyrite paragenesis, weak; magnetite disseminations 0.05-0.2 mm; chromite in pseudomorphs; chalcopyrite micro-grains 0.02-0.1 mm",Field: mineralized gabbro. Same rock family as 47177/47179 (70-75% segregations); weakly sulfide-mineralised.,tag,
47182,D0361,OVD26-51.1-51.3 (47182),OVD26,51.1,"26 р цооног 16 ш зассан.docx (hole OVD26, 16 samples)",,,mn,Altered porphyritic-like fine- to medium-grained olivine-pyroxene-hornblende melanocratic gabbro,Хувирсан шигтгээ маягийн жижиг дунд ширхэгтэй оливин-пироксен-эвэр хуурмагт меланократ габбро,"Porphyritic-like; groundmass poikilo-ophitic, ophitic, locally prismatic granular; massive","[{""mineral"": ""Hornblende"", ""pct"": ""30-35""}, {""mineral"": ""Talc-serpentine pseudomorph (after olivine-pyroxene)"", ""pct"": ""30-35""}, {""mineral"": ""Plagioclase"", ""pct"": ""25-30""}, {""mineral"": ""Biotite"", ""pct"": ""3-5""}, {""mineral"": ""Magnetite"", ""pct"": ""1-3""}, {""mineral"": ""Chromite"", ""pct"": ""few""}, {""mineral"": ""Pyrite"", ""pct"": ""few""}, {""mineral"": ""Chalcopyrite"", ""pct"": ""single grains""}, {""mineral"": ""Pyrrhotite"", ""pct"": ""single grains""}, {""mineral"": ""Apatite"", ""pct"": ""few""}]","Serpentine, sericite, saussurite, talc, zoisite; plagioclase to sericite-epidote-zoisite","Chromite-magnetite-pyrite-pyrrhotite-chalcopyrite paragenesis, weak; even magnetite 0.05-0.4 mm; chromite in pseudomorphs; sparse chalcopyrite (0.02-0.05 mm) and pyrrhotite (0.1-0.2 mm) grains; rare discontinuous pyrite veinlets along fractures",Field: mineralized gabbro. Same as 47179/47181 (75-80% segregations); weakly mineralised.,tag,
47183,D0362,OVD26-61.7-61.9 (47183),OVD26,61.7,"26 р цооног 16 ш зассан.docx (hole OVD26, 16 samples)",,,mn,Altered porphyritic-like fine- to medium-grained olivine-pyroxene-hornblende melanocratic gabbro (uneven-grained melanocratic gabbro),Хувирсан шигтгээ маягийн жижиг дунд ширхэгтэй оливин-пироксен-эвэр хуурмагт меланократ габбро (Жигд биш ширхэгтэй меланократ габбро),"Porphyritic-like; groundmass poikilo-ophitic, ophitic, locally prismatic granular; massive","[{""mineral"": ""Hornblende"", ""pct"": ""35-40""}, {""mineral"": ""Altered plagioclase"", ""pct"": ""35-40""}, {""mineral"": ""Talc-serpentine pseudomorph"", ""pct"": ""20-25""}, {""mineral"": ""Altered biotite"", ""pct"": ""3-5""}, {""mineral"": ""Magnetite"", ""pct"": ""1-3""}, {""mineral"": ""Chromite"", ""pct"": ""few""}, {""mineral"": ""Pyrite"", ""pct"": ""single grains""}, {""mineral"": ""Chalcopyrite"", ""pct"": ""few""}, {""mineral"": ""Pyrrhotite"", ""pct"": ""single grains""}, {""mineral"": ""Apatite"", ""pct"": ""few""}]","Serpentine, sericite, saussurite, talc, actinolite, chlorite; biotite strongly chloritized","Chromite-magnetite-pyrite-chalcopyrite paragenesis, weak; magnetite/ilmenite disseminations 0.05-0.3 mm; chromite with hornblende and pseudomorphs; sparse chalcopyrite micro-grains",Field: mineralized gabbro. Like 47182 but with more altered plagioclase (80-85% segregations overall); weakly mineralised.,tag,
47184,D0363,OVD26-71.7-71.9 (47184),OVD26,71.7,"26 р цооног 16 ш зассан.docx (hole OVD26, 16 samples)",,,mn,"Mineralised, altered uneven-grained olivine-pyroxene-hornblende melanocratic gabbro (hornblende peridotite)","Хүдэржиж, хувирсан жигд биш ширхэгтэй оливин-пироксен-эвэр хуурмагт меланократ габбро (эвэр хуурмагт перидотит)","Panidiomorphic, poikilo-ophitic, subophitic; massive, lenticular","[{""mineral"": ""Hornblende"", ""pct"": ""30-35""}, {""mineral"": ""Talc-serpentine pseudomorph (after olivine-pyroxene)"", ""pct"": ""35-40""}, {""mineral"": ""Altered plagioclase"", ""pct"": ""10-15""}, {""mineral"": ""Biotite"", ""pct"": ""3-5""}, {""mineral"": ""Magnetite"", ""pct"": ""5-8""}, {""mineral"": ""Chromite"", ""pct"": ""few""}, {""mineral"": ""Chalcopyrite"", ""pct"": ""1-2""}, {""mineral"": ""Pyrrhotite"", ""pct"": ""3-5""}, {""mineral"": ""Pentlandite"", ""pct"": ""1-2""}]","Serpentine, sericite, saussurite, talc, actinolite; olivine relicts with mesh texture preserved",Chromite-magnetite-pentlandite-pyrrhotite-chalcopyrite paragenesis; magnetite disseminations plus mesh veins/lenses along olivine cleavage; few 2x8 mm chalcopyrite-pentlandite-pyrrhotite lenses rimmed by talc-serpentine pseudomorphs,"Field: mineralized gabbro. Like 47182/47183 but with less plagioclase; more strongly mineralised, including large sulfide lenses.",tag,
47185,D0364,OVD26-84.1-84.3 (47185),OVD26,84.1,"26 р цооног 16 ш зассан.docx (hole OVD26, 16 samples)",,,mn,"Strongly altered, mineralised uneven-grained hornblende peridotite","Хүчтэй хувирч, хүдэржсэн жигд биш ширхэгтэй эвэр хуурмагт перидотит","Panidiomorphic, poikilo-ophitic, subophitic; massive","[{""mineral"": ""Hornblende"", ""pct"": ""35-40""}, {""mineral"": ""Serpentinized olivine"", ""pct"": ""35-40""}, {""mineral"": ""Biotite"", ""pct"": ""5-8""}, {""mineral"": ""Altered plagioclase"", ""pct"": ""5-8""}, {""mineral"": ""Chromite"", ""pct"": ""0.5""}, {""mineral"": ""Magnetite"", ""pct"": ""1-3""}, {""mineral"": ""Chalcopyrite"", ""pct"": ""3-5""}, {""mineral"": ""Pyrrhotite"", ""pct"": ""few""}, {""mineral"": ""Pentlandite"", ""pct"": ""1-2""}]","Serpentine, talc, actinolite, chlorite, muscovite, saussurite; olivine relicts with vivid mesh texture","Chromite-magnetite-pentlandite-pyrrhotite-chalcopyrite paragenesis; disseminations, mesh veinlets along olivine cleavage, and chalcopyrite-pentlandite intergrowth micro-lenses 1-3 mm with serpentine pseudomorphs",Field: mineralized gabbro. Serpentinized olivine and brown hornblende dominate; notable chalcopyrite-pentlandite micro-lens mineralisation.,tag,
47186,D0365,OVD26-91.7-91.9 (47186),OVD26,91.7,"26 р цооног 16 ш зассан.docx (hole OVD26, 16 samples)",,,mn,"Mineralised, altered uneven-grained pyroxene-hornblende melanocratic gabbro","Хүдэржиж, хувирсан жигд биш ширхэгтэй пироксен-эвэр хуурмагт меланократ габбро","Panidiomorphic, subophitic; massive, lenticular","[{""mineral"": ""Altered plagioclase"", ""pct"": ""35-40""}, {""mineral"": ""Mon. pyroxene"", ""pct"": ""25-30""}, {""mineral"": ""Hornblende"", ""pct"": ""20-25""}, {""mineral"": ""Microdiorite schlieren"", ""pct"": ""5""}, {""mineral"": ""Serpentine pseudomorph"", ""pct"": ""3-5""}, {""mineral"": ""Ilmenite"", ""pct"": ""1-3""}, {""mineral"": ""Chromite"", ""pct"": ""few""}, {""mineral"": ""Pyrite"", ""pct"": ""few""}, {""mineral"": ""Chalcopyrite"", ""pct"": ""1-3""}, {""mineral"": ""Pyrrhotite"", ""pct"": ""1-3""}, {""mineral"": ""Pentlandite"", ""pct"": ""1-2""}, {""mineral"": ""Apatite"", ""pct"": ""0.5""}]","Serpentine, sericite, saussurite, actinolite, carbonate, leucoxene",Chromite-ilmenite-pentlandite-pyrrhotite-chalcopyrite paragenesis; sulfide intergrowth lenses 1-6 mm with serpentine pseudomorphs; standalone chalcopyrite lenses 0.5-2.5 mm intergrown with fresh plagioclase; sparse cubic pyrite 0.3-1.0 mm,"Field: dense dissemination. Plagioclase-rich pyroxene gabbro of several texturally distinct parts; a 15x25 mm microdiorite schlieren is unmineralised; intense sulfide mineralisation elsewhere, including chalcopyrite intergrown with nearly unaltered plagioclase.",tag,
47187,D0366,OVD26-92.8-93.0 (47187),OVD26,92.8,"26 р цооног 16 ш зассан.docx (hole OVD26, 16 samples)",,,mn,"Mineralised, altered uneven-grained (porphyritic-like) olivine-pyroxene-hornblende melanocratic gabbro (hornblende peridotite)","Хүдэржиж, хувирсан жигд биш ширхэгтэй (шигтгээ маягийн) оливин-пироксен-эвэр хуурмагт меланократ габбро","Panidiomorphic, poikilo-ophitic, subophitic; massive, lenticular","[{""mineral"": ""Hornblende"", ""pct"": ""30-35""}, {""mineral"": ""Talc-serpentine pseudomorph (after olivine-pyroxene)"", ""pct"": ""35-40""}, {""mineral"": ""Altered plagioclase"", ""pct"": ""10-15""}, {""mineral"": ""Biotite"", ""pct"": ""3-5""}, {""mineral"": ""Magnetite"", ""pct"": ""5-8""}, {""mineral"": ""Chromite"", ""pct"": ""few""}, {""mineral"": ""Chalcopyrite"", ""pct"": ""1-2""}, {""mineral"": ""Pyrrhotite"", ""pct"": ""5-8""}, {""mineral"": ""Pentlandite"", ""pct"": ""2-5""}]","Serpentine, sericite, saussurite, talc, actinolite","Chromite-magnetite-pentlandite-pyrrhotite-chalcopyrite paragenesis; disseminations, mesh veinlets after olivine, and 2x10 mm chalcopyrite-pentlandite-pyrrhotite lenses rimmed by talc-serpentine pseudomorphs","Three-part rock: host mineralised hornblende-peridotite-like melanocratic gabbro; strongly altered AND mineralised fine biotite-hornblende gabbrodiorite lenses (plag 40%, hbl 20-25%, biotite 15-20%, ore 8-10%); unmineralised microgabbro lenses. Note in source: ""need to check hole log; large sample"".",tag,
47188,D0367,OVD26-104.9-105.1 (47188),OVD26,104.9,"26 р цооног 16 ш зассан.docx (hole OVD26, 16 samples)",,,en,Massive sulfide ore,Цул сульфидаас тогтсон хүдэр,"Panidiomorphic; veined, lenticular","[{""mineral"": ""Pyrite"", ""pct"": ""20-25""}, {""mineral"": ""Chalcopyrite"", ""pct"": ""10-15""}, {""mineral"": ""Pyrrhotite"", ""pct"": ""25-30""}, {""mineral"": ""Pentlandite"", ""pct"": ""15-20""}, {""mineral"": ""Magnetite"", ""pct"": ""5-10""}, {""mineral"": ""Hematite-goethite"", ""pct"": ""3-5""}, {""mineral"": ""Serpentine pseudomorph"", ""pct"": ""5-10""}, {""mineral"": ""Talc"", ""pct"": ""few""}, {""mineral"": ""Actinolite"", ""pct"": ""few""}, {""mineral"": ""Biotite (fuchsite)"", ""pct"": ""few""}, {""mineral"": ""Carbonate"", ""pct"": ""1-2""}]","Host-rock relicts: serpentine(-talc) pseudomorphs with relict 6-8-sided shapes, rimmed by magnetite; late carbonate veinlets 0.05-0.2 mm","Magnetite-pyrite-pentlandite-pyrrhotite-chalcopyrite-hematite-goethite paragenesis; ~90% sulfide mass; pyrite 0.8-10 mm; pyrrhotite 0.3-8 mm replacing pentlandite; pentlandite rimmed by pyrite-pyrrhotite, forming veins 0.2-1.0 mm, cut by hematite-goethite veinlets; chalcopyrite 0.3-2.5 mm replacing pentlandite and pyrrhotite","Field: mineralized gabbro. Massive Ni-Cu sulfide ore (~90% ore minerals) with minor serpentinite host relicts; classic magnetite-first, then pyrite-pentlandite-pyrrhotite-chalcopyrite sequence with supergene iron-oxide veinlets in pentlandite.",tag,
47189,D0368,OVD26-96.1-96.3 (47189),OVD26,96.1,"26 р цооног 16 ш зассан.docx (hole OVD26, 16 samples)",,,mn,"Mineralised, altered uneven-grained pyroxene-olivine-hornblende melanocratic gabbro (hornblende peridotite)","Хүдэржиж, хувирсан жигд биш ширхэгтэй пироксен-оливин-эвэр хуурмагт меланократ габбро","Panidiomorphic, poikilo-ophitic, subophitic; massive, lenticular","[{""mineral"": ""Hornblende"", ""pct"": ""20-25""}, {""mineral"": ""Serpentinized olivine"", ""pct"": ""20-25""}, {""mineral"": ""Altered mon. pyroxene"", ""pct"": ""15-20""}, {""mineral"": ""Altered plagioclase"", ""pct"": ""8-10""}, {""mineral"": ""Biotite"", ""pct"": ""3-5""}, {""mineral"": ""Magnetite"", ""pct"": ""3-5""}, {""mineral"": ""Chromite"", ""pct"": ""few""}, {""mineral"": ""Chalcopyrite"", ""pct"": ""5-8""}, {""mineral"": ""Pyrrhotite"", ""pct"": ""8-10""}, {""mineral"": ""Pentlandite"", ""pct"": ""3-5""}]","Serpentine, sericite, saussurite, talc, actinolite; olivine mesh texture",Chromite-magnetite-pentlandite-pyrrhotite-chalcopyrite paragenesis; strongly mineralised; large intergrowth lenses up to 2x15 mm rimmed by serpentinized olivine; magnetite-pyrrhotite veinlets in olivine mesh,Field: mineralized gabbro. Strongly mineralised peridotitic gabbro; sulfides mostly as large mutual-intergrowth lenses evenly distributed.,tag,
47190,D0369,OVD26-106.7-106.9 (47190),OVD26,106.7,"26 р цооног 16 ш зассан.docx (hole OVD26, 16 samples)",,,mn,"Mineralised, altered uneven-grained pyroxene-olivine-hornblende melanocratic gabbro (hornblende peridotite)","Хүдэржиж, хувирсан жигд биш ширхэгтэй пироксен-оливин-эвэр хуурмагт меланократ габбро","Panidiomorphic, poikilo-ophitic, subophitic; massive, lenticular; ore sideronitic","[{""mineral"": ""Hornblende"", ""pct"": ""20-25""}, {""mineral"": ""Altered olivine (iddingsitized)"", ""pct"": ""15-20""}, {""mineral"": ""Mon. pyroxene"", ""pct"": ""25-30""}, {""mineral"": ""Altered plagioclase"", ""pct"": ""8-10""}, {""mineral"": ""Biotite"", ""pct"": ""3-5""}, {""mineral"": ""Magnetite"", ""pct"": ""3-5""}, {""mineral"": ""Chromite"", ""pct"": ""few""}, {""mineral"": ""Chalcopyrite"", ""pct"": ""3-5""}, {""mineral"": ""Pyrrhotite"", ""pct"": ""8-10""}, {""mineral"": ""Pentlandite"", ""pct"": ""3-5""}, {""mineral"": ""Carbonate (secondary)"", ""pct"": ""3-5""}]","Olivine almost fully replaced by red-brown iddingsite with serpentine-ore mesh along cleavage; saussurite, actinolite, chlorite, carbonate",Chromite-magnetite-pentlandite-pyrrhotite-chalcopyrite paragenesis; chalcopyrite-pentlandite-pyrrhotite lenses up to 1x20 mm forming sideronitic texture; magnetite disseminations and veinlets,Field: mineralized gabbro. Pyroxene-rich peridotitic gabbro with iddingsitized olivine; strongly mineralised with sideronitic sulfide lens network.,tag,
47191,D0370,OVD26-105.4-105.6 (47191),OVD26,105.4,"26 р цооног 16 ш зассан.docx (hole OVD26, 16 samples)",,,en,Massive sulfide ore,Цул сульфидаас тогтсон хүдэр,"Panidiomorphic; veined, lenticular, net-like","[{""mineral"": ""Pyrite"", ""pct"": ""15-20""}, {""mineral"": ""Chalcopyrite"", ""pct"": ""15-20""}, {""mineral"": ""Pyrrhotite"", ""pct"": ""30-35""}, {""mineral"": ""Pentlandite"", ""pct"": ""15-20""}, {""mineral"": ""Magnetite"", ""pct"": ""1-3""}, {""mineral"": ""Hematite-goethite"", ""pct"": ""10""}, {""mineral"": ""Serpentine pseudomorph"", ""pct"": ""few""}, {""mineral"": ""Carbonate"", ""pct"": ""few""}]",Nearly no host-rock relicts (single serpentine pseudomorphs 0.3-1.0 mm),Magnetite-pyrite-pentlandite-pyrrhotite-chalcopyrite-hematite-goethite paragenesis; ~99% ore; pyrite up to 15 mm; pentlandite veins up to 5 mm wide rimmed by pyrite-pyrrhotite and cut by an intersecting hematite-goethite veinlet network; chalcopyrite 0.3-5.0 mm replacing pentlandite and pyrrhotite,Field: massive sulfide. Almost pure massive Ni-Cu sulfide ore with subequal pyrite-pyrrhotite-pentlandite-chalcopyrite; net-textured iron-oxide veinlets in pentlandite fractures.,tag,
47192,D0371,OVD26-100.9-101.1 (47192),OVD26,100.9,"26 р цооног 16 ш зассан.docx (hole OVD26, 16 samples)",,,mn,"Mineralised, altered uneven-grained pyroxene melanocratic gabbro","Хүдэржиж, хувирсан жигд биш ширхэгтэй пироксент меланократ габбро","Panidiomorphic, subophitic, ophitic; ore sideronitic; massive, lenticular","[{""mineral"": ""Altered plagioclase"", ""pct"": ""35-40""}, {""mineral"": ""Mon. pyroxene"", ""pct"": ""30-35""}, {""mineral"": ""Microgabbro (lens)"", ""pct"": ""5-10""}, {""mineral"": ""Altered biotite"", ""pct"": ""5-10""}, {""mineral"": ""Hornblende"", ""pct"": ""3-5""}, {""mineral"": ""Ilmenite"", ""pct"": ""1-2""}, {""mineral"": ""Pyrite"", ""pct"": ""5-8""}, {""mineral"": ""Chalcopyrite"", ""pct"": ""5-8""}, {""mineral"": ""Pyrrhotite"", ""pct"": ""8-10""}, {""mineral"": ""Pentlandite"", ""pct"": ""5""}]","Sericite, chlorite, epidote-zoisite, actinolite, carbonate; biotite strongly epidote-chlorite altered",Ilmenite-pyrite-pentlandite-pyrrhotite-chalcopyrite paragenesis; intergrowth lenses 0.5-8.0 mm cementing silicates (sideronitic); standalone chalcopyrite lenses 0.5-2.5 mm with plagioclase; cubic pyrite 0.3-1.0 mm; ore also in alteration carbonate-chlorite-epidote lenses,Field: net-textured. Intensely mineralised pyroxene gabbro with sideronitic sulfide network; contains an unmineralised 15x35 mm microgabbro lens (10-15% of slide).,tag,
47193,D0372,OVD26-110.9-111.1 (47193),OVD26,110.9,"26 р цооног 16 ш зассан.docx (hole OVD26, 16 samples)",,,mn,Mineralised fine- to medium-grained pyroxene-hornblende melanocratic gabbro,Хүдэржисэн жижиг дунд ширхэгтэй пироксен-эвэр хуурмагт меланократ габбро,"Panidiomorphic, subophitic; massive, lenticular","[{""mineral"": ""Altered plagioclase"", ""pct"": ""40-45""}, {""mineral"": ""Mon. pyroxene"", ""pct"": ""15-20""}, {""mineral"": ""Hornblende"", ""pct"": ""15-20""}, {""mineral"": ""Microgabbro (gabbro porphyry) lens"", ""pct"": ""10-15""}, {""mineral"": ""Altered biotite"", ""pct"": ""1-3""}, {""mineral"": ""Ilmenite"", ""pct"": ""few""}, {""mineral"": ""Pyrite"", ""pct"": ""3-5""}, {""mineral"": ""Chalcopyrite"", ""pct"": ""3-5""}, {""mineral"": ""Pyrrhotite"", ""pct"": ""5-8""}, {""mineral"": ""Pentlandite"", ""pct"": ""1-2""}, {""mineral"": ""Sphene"", ""pct"": ""few""}]","Sericite, chlorite, epidote, saussurite, actinolite, carbonate, leucoxene",Ilmenite-pentlandite-pyrrhotite-chalcopyrite paragenesis; intergrowth lenses 0.5-5 mm with all silicates; standalone chalcopyrite lenses 0.2-1.5 mm; cubic pyrite up to 2.5 mm,Field: mineralized gabbro. Zoned saussuritized plagioclase with pyroxene and hornblende; intensively mineralised; a 10x25 mm microgabbro lens (10-15%) is unmineralised.,tag,
47194,D0373,OVD27-54-56 (47194),OVD27,54.0,"27 р цооног 12ш.docx (hole OVD27, 12 samples)",,,mn,"Mineralised, altered uneven-grained hornblende peridotite","Хүдэржиж, хувирсан жигд биш ширхэгтэй эвэр хуурмагт перидотит","Panidiomorphic, poikilo-ophitic, subophitic; massive, lenticular","[{""mineral"": ""Hornblende"", ""pct"": ""30-35""}, {""mineral"": ""Altered olivine"", ""pct"": ""25-30""}, {""mineral"": ""Mon. pyroxene"", ""pct"": ""10-15""}, {""mineral"": ""Altered plagioclase"", ""pct"": ""5-8""}, {""mineral"": ""Biotite"", ""pct"": ""5""}, {""mineral"": ""Magnetite"", ""pct"": ""3-5""}, {""mineral"": ""Chromite"", ""pct"": ""few""}, {""mineral"": ""Ilmenite"", ""pct"": ""few""}, {""mineral"": ""Chalcopyrite"", ""pct"": ""2-3""}, {""mineral"": ""Pyrrhotite"", ""pct"": ""5-8""}, {""mineral"": ""Pentlandite"", ""pct"": ""few""}, {""mineral"": ""Pyrite"", ""pct"": ""few""}]","Serpentine, talc, carbonate, saussurite, actinolite, chlorite; olivine mesh texture with ore veinlets",Chromite-magnetite-ilmenite-pyrite-pentlandite-pyrrhotite-chalcopyrite paragenesis; chalcopyrite-pyrrhotite lenses 1x8 mm evenly distributed (sideronitic tendency); magnetite mesh veinlets,Field: mineralized gabbro. Coarse hornblende-olivine-pyroxene peridotite; strong sulfide lens mineralisation with minor pentlandite and pyrite.,tag,D5: stored interval 52.1-52.3 m disagrees with the report-named interval 54-56 m by 1.9 m
47195,D0374,OVD27-63.8-64.4 (47195),OVD27,63.8,"27 р цооног 12ш.docx (hole OVD27, 12 samples)",,,mn,"Silicified, weakly mineralised medium- to fine-grained pyroxenite","Цахиуржиж, сулавтар хүдэржсэн дунд жижиг ширхэгтэй пироксенит","Panidiomorphic, occasionally poikilo-ophitic; lenticular, banded, taxitic, weakly breccia-like","[{""mineral"": ""Mon. pyroxene"", ""pct"": ""55-60""}, {""mineral"": ""Orthopyroxene"", ""pct"": ""5-10""}, {""mineral"": ""Hornblende"", ""pct"": ""5-10""}, {""mineral"": ""Chlorite pseudomorph"", ""pct"": ""5-8""}, {""mineral"": ""Plagioclase"", ""pct"": ""few""}, {""mineral"": ""Magnetite"", ""pct"": ""1-2""}, {""mineral"": ""Pyrite"", ""pct"": ""few""}, {""mineral"": ""Pyrrhotite"", ""pct"": ""few""}, {""mineral"": ""Chalcopyrite"", ""pct"": ""few""}, {""mineral"": ""Sphene"", ""pct"": ""few""}, {""mineral"": ""Quartz (epigenetic)"", ""pct"": ""10-15""}, {""mineral"": ""Prehnite (epigenetic)"", ""pct"": ""5-8""}, {""mineral"": ""Carbonate (epigenetic)"", ""pct"": ""few""}]",Silicification: quartz-prehnite(-carbonate) lenses 0.5-20 mm cutting the rock; chlorite pseudomorphs probably after hornblende,Ilmenite-pentlandite-pyrrhotite-chalcopyrite paragenesis (weak); pyrite lenses 0.5-8.0 mm mostly within quartz-prehnite lenses; chalcopyrite lenses to 0.1x1.5 mm; sparse ilmenite-pyrrhotite micrograins,"Field: altered mineralized gabbro. Pyroxenite (mon.pyroxene-dominated with minor opx and hornblende), taxitic with grain-size banding, cut by prominent quartz-prehnite veins carrying pyrite and chalcopyrite; gabbrodiorite-like patches present.",tag,
47196,D0375,OVD27-66.3-68.0 (47196),OVD27,66.3,"27 р цооног 12ш.docx (hole OVD27, 12 samples)",,,mn,"Mineralised, altered melanocratic gabbro porphyry","Хүдэржиж, хувирсан меланократ габбро порфир","Porphyritic; groundmass ophitic, subophitic, locally micro-prismatic granular; massive","[{""mineral"": ""Plagioclase"", ""pct"": ""45-50""}, {""mineral"": ""Mon. pyroxene"", ""pct"": ""40-45""}, {""mineral"": ""Hornblende"", ""pct"": ""3-5""}, {""mineral"": ""Altered biotite"", ""pct"": ""1-3""}, {""mineral"": ""Pyrite"", ""pct"": ""0.3-0.5""}, {""mineral"": ""Pyrrhotite"", ""pct"": ""few""}, {""mineral"": ""Pentlandite"", ""pct"": ""0.2""}, {""mineral"": ""Chalcopyrite"", ""pct"": ""0.1""}, {""mineral"": ""Ilmenite"", ""pct"": ""few""}, {""mineral"": ""Sphene"", ""pct"": ""few""}]","Epidote, sericite, chlorite; epigenetic actinolite, epidote-zoisite, carbonate, quartz, chlorite; carbonate-prehnite-quartz-actinolite-epidote-zoisite zoned lenses 8-15 mm; epidote veins 0.1-0.3 mm",Ilmenite-pyrite-pentlandite-pyrrhotite-chalcopyrite paragenesis (weak); sulfide micro-lenses 0.2-0.8 mm associated with epidote-chlorite lenses/veins; ilmenite-pyrite-chalcopyrite micro-disseminations,Field: altered mineralized gabbro. Plagioclase and fresh mon.pyroxene phenocrysts (15-20%) in like groundmass; weak sulfide mineralisation tied to late epidote-dominated veins/lenses.,tag,
47197,D0376,OVD27-78-80 (47197),OVD27,78.0,"27 р цооног 12ш.docx (hole OVD27, 12 samples)",,,mn,"Strongly mineralised, altered melanocratic gabbro porphyry","Хүчтэй хүдэржиж, хувирсан меланократ габбро порфир","Porphyritic; groundmass ophitic, poikilo-ophitic, locally gabbro-like; taxitic","[{""mineral"": ""Plagioclase"", ""pct"": ""35-40""}, {""mineral"": ""Hornblende"", ""pct"": ""15-20""}, {""mineral"": ""Talc-serpentine pseudomorph"", ""pct"": ""15-20""}, {""mineral"": ""Biotite"", ""pct"": ""3-5""}, {""mineral"": ""Mon. pyroxene"", ""pct"": ""3-5""}, {""mineral"": ""Actinolite-chlorite pseudomorph"", ""pct"": ""8-10""}, {""mineral"": ""Pyrrhotite"", ""pct"": ""5-8""}, {""mineral"": ""Pentlandite"", ""pct"": ""0.5-1.0""}, {""mineral"": ""Chalcopyrite"", ""pct"": ""3-5""}, {""mineral"": ""Magnetite"", ""pct"": ""1-2""}, {""mineral"": ""Ilmenite"", ""pct"": ""0.5-1.0""}]","Saussurite (strong, on plagioclase phenocrysts), serpentine, talc, pelite, chlorite, actinolite",Ilmenite-magnetite-pentlandite-pyrrhotite-chalcopyrite paragenesis; abundant sulfide lenses 0.5-15 mm associated with alteration chlorite and talc-serpentine pseudomorphs; magnetite veinlets along olivine cleavage,"Field: mineralized gabbro. Phenocrysts (40-45%) of saussuritized plagioclase, hornblende and talc-serpentine pseudomorphs after olivine; strongly mineralised with large pentlandite-bearing lenses.",tag,
47198,D0377,OVD27-80-82 (47198),OVD27,80.0,"27 р цооног 12ш.docx (hole OVD27, 12 samples)",,,mn,"Mineralised, altered uneven-grained pyroxene-olivine-hornblende melanocratic gabbro (hornblende peridotite)","Хүдэржиж, хувирсан жигд биш ширхэгтэй пироксен-оливин-эвэр хуурмагт меланократ габбро","Panidiomorphic, poikilo-ophitic, subophitic; massive, lenticular","[{""mineral"": ""Hornblende"", ""pct"": ""20-25""}, {""mineral"": ""Altered olivine"", ""pct"": ""20-25""}, {""mineral"": ""Mon. pyroxene"", ""pct"": ""10-15""}, {""mineral"": ""Altered plagioclase"", ""pct"": ""10-15""}, {""mineral"": ""Biotite"", ""pct"": ""5-8""}, {""mineral"": ""Actinolite-chlorite pseudomorph"", ""pct"": ""5""}, {""mineral"": ""Magnetite"", ""pct"": ""3-5""}, {""mineral"": ""Chromite"", ""pct"": ""few""}, {""mineral"": ""Chalcopyrite"", ""pct"": ""3-5""}, {""mineral"": ""Pyrrhotite"", ""pct"": ""8-10""}, {""mineral"": ""Pentlandite"", ""pct"": ""3-5""}]","Serpentine, iddingsite, saussurite, actinolite, chlorite, talc, fuchsite, carbonate; olivine mostly to full pseudomorphs",Chromite-magnetite-pentlandite-pyrrhotite-chalcopyrite paragenesis; chalcopyrite-pentlandite-pyrrhotite lenses up to 0.8x21 mm occupying ~20-25% of the rock; magnetite mesh veinlets,Field: mineralized gabbro. Iddingsite-serpentine pseudomorphed olivine with hornblende and pyroxene; strongly mineralised — sulfide lenses make up a fifth to a quarter of the slide.,tag,D5: stored interval 78.9-79.1 m disagrees with the report-named interval 80-82 m by 1.1 m
47199,D0378,OVD27-94-96 (47199),OVD27,94.0,"27 р цооног 12ш.docx (hole OVD27, 12 samples)",,,mn,"Mineralised, altered uneven-grained pyroxene-olivine-hornblende melanocratic gabbro","Хүдэржиж, хувирсан жигд биш ширхэгтэй пироксен-оливин-эвэр хуурмагт меланократ габбро","Panidiomorphic, poikilo-ophitic, subophitic; massive, lenticular, taxitic tendency","[{""mineral"": ""Hornblende"", ""pct"": ""20-25""}, {""mineral"": ""Altered olivine"", ""pct"": ""20-25""}, {""mineral"": ""Altered plagioclase"", ""pct"": ""20-25""}, {""mineral"": ""Mon. pyroxene"", ""pct"": ""5-8""}, {""mineral"": ""Biotite"", ""pct"": ""1-3""}, {""mineral"": ""Actinolite-chlorite pseudomorph"", ""pct"": ""5-8""}, {""mineral"": ""Magnetite"", ""pct"": ""5""}, {""mineral"": ""Chalcopyrite"", ""pct"": ""3-5""}, {""mineral"": ""Pyrrhotite"", ""pct"": ""5-8""}, {""mineral"": ""Pentlandite"", ""pct"": ""3-5""}, {""mineral"": ""Apatite"", ""pct"": ""0.5""}]","Serpentine, iddingsite, saussurite, actinolite, chlorite, talc, fuchsite-muscovite, carbonate",Magnetite-pentlandite-pyrrhotite-chalcopyrite paragenesis; sulfide lenses up to 0.5x12 mm occupying ~15-20% of the rock; chalcopyrite veinlets crosscutting pentlandite-pyrrhotite; magnetite mesh veinlets 0.01-0.03 mm,"Field: mineralized gabbro. Same rock as 47198; strongly mineralised, sulfide lens network 15-20% of slide.",tag,
47200,D0379,OVD27-98.15-99 (47200),OVD27,98.15,"27 р цооног 12ш.docx (hole OVD27, 12 samples)",,,mn,Mineralised coarse- to medium-grained hornblende gabbro (gabbrodiorite),Хүдэржсэн том дунд ширхэгтэй эвэрхуурмагт габбро (Габбродиорит),"Gabbroic, subophitic, panidiomorphic; massive","[{""mineral"": ""Plagioclase"", ""pct"": ""70-75""}, {""mineral"": ""Hornblende"", ""pct"": ""20-25""}, {""mineral"": ""Chlorite (titanite-bearing) pseudomorph"", ""pct"": ""few""}, {""mineral"": ""Pentlandite"", ""pct"": ""few""}, {""mineral"": ""Chalcopyrite"", ""pct"": ""1-3""}, {""mineral"": ""Magnetite"", ""pct"": ""few""}, {""mineral"": ""Titanite/ilmenite"", ""pct"": ""few""}, {""mineral"": ""Apatite"", ""pct"": ""1-2""}, {""mineral"": ""Sphene"", ""pct"": ""0.5""}, {""mineral"": ""Actinolite+sericite+pelite (secondary)"", ""pct"": ""5-10""}, {""mineral"": ""Epidote+chlorite+carbonate (secondary)"", ""pct"": ""5-10""}]","Sericite, pelite, epidote on plagioclase; actinolite-chlorite on hornblende; late chlorite-epidote(-carbonate) lenses/veins 0.05-0.4 mm controlling the mineralisation","Magnetite-ilmenite-pentlandite-chalcopyrite paragenesis; chalcopyrite dominant as 0.2-3.0 mm lens clusters with pentlandite grains, associated with chlorite-epidote lenses; skeletal titanite in chlorite pseudomorphs",Field: massive sulphide (host to it). Coarse plagioclase-hornblende gabbro; chalcopyrite(-pentlandite) mineralisation tied to late chlorite-epidote veins; abundant sphene and apatite.,tag,D5: stored interval 98-98.2 m disagrees with the report-named interval 98.15-99 m by 0.15 m
47091,D0380,OVD27-99-100 (47091),OVD27,99.0,"27 р цооног 12ш.docx (hole OVD27, 12 samples)",,,mn,Massive magnetite-chalcopyrite-millerite-pyrrhotite ore,Магнетит-халькопирит-миллерит-пирротиноос тогтсон цул хүдэр,"Hypidiomorphic; veined, lenticular","[{""mineral"": ""Chalcopyrite"", ""pct"": ""15-20""}, {""mineral"": ""Pyrrhotite"", ""pct"": ""60-65""}, {""mineral"": ""Magnetite"", ""pct"": ""8-10""}, {""mineral"": ""Millerite?"", ""pct"": ""5-8""}, {""mineral"": ""Platinum?/silver?"", ""pct"": ""2 grains""}, {""mineral"": ""Carbonate"", ""pct"": ""single grains""}, {""mineral"": ""Serpentine"", ""pct"": ""few""}]",Essentially no gangue; rare carbonate and serpentine chips 0.1-0.2 mm,Magnetite-millerite-pyrrhotite-chalcopyrite(-platinum) paragenesis; pyrrhotite massive matrix cut/replaced by chalcopyrite and millerite micro-lenses/veins (millerite veins 0.2-1.0 mm); magnetite disseminated grains 0.3-1.0 mm (very chromite-like — flagged for re-check); 2 bright-white grains 0.03-0.05 mm of possible platinum or silver requiring detailed analysis,"Field: massive sulphide. Massive Ni-Cu sulfide ore dominated by pyrrhotite with chalcopyrite and probable millerite; note in header ""XRD — ask about submitting""; possible precious-metal grains observed.",tag,D5: stored interval 98.9-99.1 m disagrees with the report-named interval 99-100 m by 0.1 m
47092,D0381,OVD27-108-110 (47092),OVD27,108.0,"27 р цооног 12ш.docx (hole OVD27, 12 samples)",,,mn,"Mineralised, altered uneven-grained pyroxene-olivine-hornblende melanocratic gabbro (hornblende peridotite)","Хүдэржиж, хувирсан жигд биш ширхэгтэй пироксен-оливин-эвэр хуурмагт меланократ габбро","Panidiomorphic, poikilo-ophitic, subophitic; massive, lenticular","[{""mineral"": ""Hornblende"", ""pct"": ""20-25""}, {""mineral"": ""Altered olivine"", ""pct"": ""45-50""}, {""mineral"": ""Altered plagioclase"", ""pct"": ""10-15""}, {""mineral"": ""Biotite"", ""pct"": ""5-8""}, {""mineral"": ""Pyroxene"", ""pct"": ""few""}, {""mineral"": ""Actinolite-chlorite pseudomorph"", ""pct"": ""3-5""}, {""mineral"": ""Magnetite"", ""pct"": ""3-5""}, {""mineral"": ""Chromite"", ""pct"": ""few""}, {""mineral"": ""Chalcopyrite"", ""pct"": ""5-8""}, {""mineral"": ""Pyrrhotite"", ""pct"": ""10-15""}, {""mineral"": ""Pentlandite"", ""pct"": ""3-5""}]","Serpentine, iddingsite, talc, fuchsite, saussurite, actinolite, chlorite, carbonate; variable olivine alteration degree",Chromite-magnetite-pentlandite-pyrrhotite-chalcopyrite paragenesis; sulfide lenses 0.5x10 mm occupying ~30-35% of the rock — chalcopyrite replaces/cuts pentlandite and pyrrhotite; magnetite mesh veinlets,Field: mineralized gabbro. Olivine-rich variant of 47198/47199; the most heavily lens-mineralised host rock in the hole (30-35% sulfide lenses).,tag,
47093,D0382,OVD27-116-117.8 (47093),OVD27,116.0,"27 р цооног 12ш.docx (hole OVD27, 12 samples)",,,mn,"Mineralised, altered uneven-grained pyroxene-olivine-hornblende melanocratic gabbro","Хүдэржиж, хувирсан жигд биш ширхэгтэй пироксен-оливин-эвэр хуурмагт меланократ габбро","Panidiomorphic, poikilo-ophitic, subophitic; massive, lenticular, taxitic tendency","[{""mineral"": ""Altered olivine"", ""pct"": ""35-40""}, {""mineral"": ""Hornblende"", ""pct"": ""20-25""}, {""mineral"": ""Altered plagioclase"", ""pct"": ""10-15""}, {""mineral"": ""Mon. pyroxene"", ""pct"": ""10-15""}, {""mineral"": ""Biotite"", ""pct"": ""5""}, {""mineral"": ""Actinolite-chlorite pseudomorph"", ""pct"": ""5-8""}, {""mineral"": ""Magnetite"", ""pct"": ""5-8""}, {""mineral"": ""Chalcopyrite"", ""pct"": ""1-3""}, {""mineral"": ""Pyrrhotite"", ""pct"": ""3-5""}, {""mineral"": ""Serpentine+iddingsite+talc etc. (secondary)"", ""pct"": ""10-15""}]","Iddingsite, talc, serpentine (talc relatively abundant), saussurite, actinolite, chlorite, fuchsite, carbonate",Magnetite-pyrrhotite-chalcopyrite paragenesis; chalcopyrite-pyrrhotite lenses 0.5x8 mm occupying ~10-15%; magnetite disseminations 0.05-0.4 mm and mesh veinlets 0.01-0.1 mm,Field: mineralized gabbro. Like 47092 but more pyroxene and talc; moderate sulfide lens mineralisation.,tag,
47094,D0383,OVD27-119.5-121.5 (47094),OVD27,119.5,"27 р цооног 12ш.docx (hole OVD27, 12 samples)",,,mn,"Mineralised, altered uneven-grained pyroxene-olivine-hornblende melanocratic gabbro","Хүдэржиж, хувирсан жигд биш ширхэгтэй пироксен-оливин-эвэр хуурмагт меланократ габбро","Panidiomorphic, poikilo-ophitic, subophitic; massive, lenticular, taxitic tendency","[{""mineral"": ""Altered olivine"", ""pct"": ""35-40""}, {""mineral"": ""Hornblende"", ""pct"": ""20-25""}, {""mineral"": ""Altered plagioclase"", ""pct"": ""10-15""}, {""mineral"": ""Mon. pyroxene"", ""pct"": ""8-10""}, {""mineral"": ""Biotite"", ""pct"": ""5""}, {""mineral"": ""Actinolite-chlorite pseudomorph"", ""pct"": ""5-8""}, {""mineral"": ""Magnetite"", ""pct"": ""5-8""}, {""mineral"": ""Chalcopyrite"", ""pct"": ""1-3""}, {""mineral"": ""Pyrrhotite"", ""pct"": ""3-5""}, {""mineral"": ""Pentlandite"", ""pct"": ""0.5""}, {""mineral"": ""Millerite"", ""pct"": ""0.5-1.0""}]","Serpentine, iddingsite, talc, saussurite, actinolite, chlorite, carbonate",Magnetite-pentlandite-pyrrhotite-millerite?-chalcopyrite paragenesis; sulfide lenses 0.5x9 mm (~10-15% of rock) with pale-yellow millerite micro-grains rimmed by chalcopyrite; magnetite mesh veinlets 0.01-0.05 mm,Field: mineralized gabbro. Same as 47093; distinctive millerite within the chalcopyrite-pentlandite-pyrrhotite lenses.,tag,
47095,D0384,OVD27-135-137 (47095),OVD27,135.0,"27 р цооног 12ш.docx (hole OVD27, 12 samples)",,,mn,Carbonatised plagioclase-epidote-pyroxene micro-gneiss? (garnet-bearing skarn-like rock),Карбонатчлагдсан плагиоклаз-эпидот-пироксент бичил гнейс?,"Micronematogranoblastic, relict hypidiomorphic; lenticular, banded","[{""mineral"": ""Mon. pyroxene"", ""pct"": ""45-50""}, {""mineral"": ""Epidote"", ""pct"": ""10-15""}, {""mineral"": ""Amphibole"", ""pct"": ""8-10""}, {""mineral"": ""Carbonate"", ""pct"": ""5""}, {""mineral"": ""Garnet"", ""pct"": ""1-3""}, {""mineral"": ""Plagioclase"", ""pct"": ""10-15""}, {""mineral"": ""Pyrrhotite"", ""pct"": ""3-5""}, {""mineral"": ""Chalcopyrite"", ""pct"": ""few""}, {""mineral"": ""Pyrite"", ""pct"": ""few""}, {""mineral"": ""Carbonate+chlorite+epidote+albite (epigenetic)"", ""pct"": ""5-10""}]",Carbonatisation and albitisation; two carbonate generations (skarn calcite; late coarse carbonate-albite-chlorite-epidote veins 0.5-2.5 mm); actinolite lenses,"Pyrite-pyrrhotite-chalcopyrite paragenesis (modest); pyrrhotite disseminations, micro-lenses and discontinuous veinlets 0.2-0.5 mm; pyrite mostly in late carbonate veins; sulfides concentrated in relict gabbro bands",Field: mineralized gabbro. Fine granoblastic pyroxene-plagioclase-epidote(-garnet-calcite) rock (skarn-like micro-gneiss) with relict gabbro/gabbrodiorite bands; weakly-modestly mineralised.,tag,D5: stored interval 134.9-135.1 m disagrees with the report-named interval 135-137 m by 0.1 m
47096,D0385,OVD28-15-17 (47096),OVD28,15.0,"28 ба 29 р цооног 9ш.docx (holes OVD28 + OVD29, 9 samples)",,,mn,"Mineralised, altered uneven-grained pyroxene-olivine-hornblende melanocratic gabbro (hornblende peridotite)","Хүдэржиж, хувирсан жигд биш ширхэгтэй пироксен-оливин-эвэр хуурмагт меланократ габбро","Panidiomorphic, poikilo-ophitic, subophitic; massive, lenticular, trachytic tendency","[{""mineral"": ""Hornblende"", ""pct"": ""20-25""}, {""mineral"": ""Talc-serpentine pseudomorph"", ""pct"": ""40-45""}, {""mineral"": ""Altered plagioclase"", ""pct"": ""10-15""}, {""mineral"": ""Biotite"", ""pct"": ""5-8""}, {""mineral"": ""Pyroxene"", ""pct"": ""5-10""}, {""mineral"": ""Actinolite-chlorite pseudomorph"", ""pct"": ""5-10""}, {""mineral"": ""Magnetite"", ""pct"": ""3-5""}, {""mineral"": ""Chalcopyrite"", ""pct"": ""1-2""}, {""mineral"": ""Pyrrhotite"", ""pct"": ""3-5""}, {""mineral"": ""Pentlandite"", ""pct"": ""0.5-1.0""}, {""mineral"": ""Goethite-hydrogoethite"", ""pct"": ""0.5-1.0""}, {""mineral"": ""Carbonate (epigenetic)"", ""pct"": ""3-5""}]","Serpentine, iddingsite, talc, saussurite, actinolite, chlorite; carbonate veinlets 0.1-0.4 mm with goethite-hydrogoethite along fractures",Magnetite-pentlandite-pyrrhotite-chalcopyrite paragenesis plus supergene goethite; sulfide lenses 0.3x8 mm occupying ~5-8%; magnetite mesh veinlets 0.01-0.1 mm,Field: mineralized gabbro. Similar to OVD27 samples 47198/47092; olivine fully pseudomorphed; moderate sulfide mineralisation with incipient oxidation.,tag,
47097,D0386,OVD28-19-21.25 (47097),OVD28,19.0,"28 ба 29 р цооног 9ш.docx (holes OVD28 + OVD29, 9 samples)",,,mn,"Altered, oxidised uneven-grained olivine-hornblende melanocratic gabbro (hornblende peridotite)","Хувирч, исэлдсэн жигд биш ширхэгтэй оливин-эвэр хуурмагт меланократ габбро","Panidiomorphic, poikilo-ophitic, subophitic; massive, lenticular, trachytic tendency","[{""mineral"": ""Talc-serpentine pseudomorph"", ""pct"": ""50-55""}, {""mineral"": ""Altered hornblende"", ""pct"": ""10-15""}, {""mineral"": ""Altered plagioclase"", ""pct"": ""10-15""}, {""mineral"": ""Biotite"", ""pct"": ""10-15""}, {""mineral"": ""Actinolite-chlorite pseudomorph"", ""pct"": ""5-10""}, {""mineral"": ""Magnetite"", ""pct"": ""few""}, {""mineral"": ""Pyrrhotite"", ""pct"": ""few""}, {""mineral"": ""Hematite"", ""pct"": ""1-2""}, {""mineral"": ""Goethite-hydrogoethite"", ""pct"": ""3-5""}, {""mineral"": ""Apatite"", ""pct"": ""0.5""}, {""mineral"": ""Carbonate (epigenetic)"", ""pct"": ""3-5""}]","Strong oxidation: iron hydroxides along fractures (orange-brown); serpentine, talc, iddingsite, saussurite; carbonate veinlets 0.02-0.2 mm",Magnetite-hematite-goethite-hydrogoethite paragenesis; hematite disseminations 0.05-0.2 mm probably after magnetite; zoned goethite lens 0.2-0.4 mm; sparse magnetite in olivine mesh,"Field: mineralized gabbro. Fractured, strongly oxidised peridotitic gabbro; only oxide mineralisation remains, sulfides largely destroyed.",tag,D5: stored interval 21.1-21.3 m disagrees with the report-named interval 19-21.25 m by 0.05 m
47098,D0387,OVD28-22.9-25 (47098),OVD28,22.9,"28 ба 29 р цооног 9ш.docx (holes OVD28 + OVD29, 9 samples)",,,en,Mineralised chlorite-carbonate metasomatite,Хүдэржсэн хлорит-карбонатат метасоматит,"Lepidogranoblastic; massive, lenticular","[{""mineral"": ""Carbonate"", ""pct"": ""60-65""}, {""mineral"": ""Chlorite"", ""pct"": ""20-25""}, {""mineral"": ""Pyrite+pyrrhotite"", ""pct"": ""10-15""}, {""mineral"": ""Chalcopyrite"", ""pct"": ""few""}, {""mineral"": ""Pentlandite"", ""pct"": ""few""}, {""mineral"": ""Chromite"", ""pct"": ""few""}, {""mineral"": ""Titanite"", ""pct"": ""1-3""}, {""mineral"": ""Biotite"", ""pct"": ""5-8""}, {""mineral"": ""Quartz"", ""pct"": null}]","Complete replacement of probable gabbrodiorite: carbonate after plagioclase, chlorite after mafics",Chromite-pyrrhotite-pentlandite-chalcopyrite paragenesis; even pyrrhotite disseminations 0.02-0.3 mm plus 0.5x2.5 mm pyrrhotite lenses cut by chalcopyrite micro-lenses; pentlandite micro-grains; sparse chromite,"Field: mineralized gabbro. Header in source reads ""OVD22.9-25"" (missing hole number - hole 28 by position). Fully carbonate-chlorite-replaced intrusive still carrying Ni-Cu sulfide disseminations and lenses.",tag,
47099,D0388,OVD28-26.4-28.15 (47099),OVD28,26.4,"28 ба 29 р цооног 9ш.docx (holes OVD28 + OVD29, 9 samples)",,,mn,"Mineralised, altered uneven-grained hornblende peridotite (with altered gabbrodiorite schlieren)","Хүдэржиж, хувирсан жигд биш ширхэгтэй эвэр хуурмагт перидотит (Хувирсан габбродиоритын шлиртэй)","Panidiomorphic, poikilo-ophitic, subophitic; massive, lenticular","[{""mineral"": ""Talc-serpentine pseudomorph"", ""pct"": ""40-45""}, {""mineral"": ""Hornblende"", ""pct"": ""30-35""}, {""mineral"": ""Biotite"", ""pct"": ""5-8""}, {""mineral"": ""Altered plagioclase"", ""pct"": ""5""}, {""mineral"": ""Actinolite-chlorite pseudomorph"", ""pct"": ""5-10""}, {""mineral"": ""Magnetite"", ""pct"": ""few""}, {""mineral"": ""Chalcopyrite"", ""pct"": ""3-5""}, {""mineral"": ""Pyrrhotite"", ""pct"": ""5-8""}, {""mineral"": ""Pentlandite"", ""pct"": ""1-3""}]","Serpentine, talc, saussurite, actinolite, chlorite; late chlorite-carbonate lenses/veins 0.1-0.5 mm rimming the ore lenses","Magnetite-pentlandite-pyrrhotite-chalcopyrite paragenesis; pentlandite-chalcopyrite-pyrrhotite lenses 0.4-5.0 mm evenly distributed, rimmed by late chlorite-carbonate; growth order magnetite-pentlandite-pyrrhotite-chalcopyrite",Field: breccia. Typical mineralised hornblende peridotite hosting weakly-mineralised metasomatically altered microgabbrodiorite schlieren (sericitized plagioclase + biotite with ilmenite-pyrrhotite-chalcopyrite micrograins).,tag,
47100,D0389,OVD28-28.5-30.0 (47100),OVD28,28.5,"28 ба 29 р цооног 9ш.docx (holes OVD28 + OVD29, 9 samples)",,,mn,"Mineralised, altered porphyritic-like fine-grained pyroxene-olivine-hornblende melanocratic gabbro","Хүдэржиж, хувирсан шигтгээ маягийн жижиг ширхэгтэй пироксен-оливин-эвэр хуурмагт меланократ габбро","Porphyritic-like, panidiomorphic, poikilo-ophitic, subophitic; massive, lenticular","[{""mineral"": ""Talc-serpentine pseudomorph"", ""pct"": ""25-30""}, {""mineral"": ""Hornblende"", ""pct"": ""20-25""}, {""mineral"": ""Altered plagioclase"", ""pct"": ""30-35""}, {""mineral"": ""Biotite"", ""pct"": ""5-8""}, {""mineral"": ""Pyroxene"", ""pct"": ""few""}, {""mineral"": ""Actinolite-chlorite pseudomorph"", ""pct"": ""8-10""}, {""mineral"": ""Magnetite"", ""pct"": ""0.5-1.0""}, {""mineral"": ""Ilmenite"", ""pct"": ""1-2""}, {""mineral"": ""Chalcopyrite"", ""pct"": ""1-2""}, {""mineral"": ""Pyrrhotite"", ""pct"": ""3-5""}, {""mineral"": ""Pentlandite"", ""pct"": ""0.5-1.0""}, {""mineral"": ""Pyrite"", ""pct"": ""3-5""}, {""mineral"": ""Carbonate (epigenetic)"", ""pct"": ""3-5""}, {""mineral"": ""Quartz (epigenetic)"", ""pct"": ""few""}]","Serpentine, saussurite, actinolite, chlorite, talc, leucoxene, hydrogoethite; late quartz-carbonate lenses/veins 0.1-0.3 mm rimming ore lenses",Ilmenite-magnetite-pyrite-pentlandite-pyrrhotite-chalcopyrite paragenesis; pyrite-pentlandite-chalcopyrite-pyrrhotite lenses 0.4-15 mm evenly distributed; ilmenite partly leucoxenised; magnetite in olivine relict cleavage,Field: mineralized gabbro. Phenocryst-like talc-serpentine pseudomorphs and hornblende (65-70%) in a plagioclase-dominated subophitic groundmass; strongly mineralised; contains a weakly-mineralised strongly-altered gabbrodiorite-porphyry schlieren.,tag,
OVD028@38,D0390,OVD028-38 (33.14-35),OVD28,33.14,"28 ба 29 р цооног 9ш.docx (holes OVD28 + OVD29, 9 samples)",,,mn,Uneven-grained feldspathic gravelly greywacke sandstone,Жигд биш ширхэгтэй хээрийн жоншт гравелитлаг граувакк элсжин,Psepho-psammitic; lamellar/contact-type microlepidoblastic cement; weakly parallel,"[{""mineral"": ""Altered plagioclase (fragments)"", ""pct"": ""40-45""}, {""mineral"": ""Altered mon. pyroxene (fragments)"", ""pct"": ""5""}, {""mineral"": ""Altered hornblende and olivine (fragments)"", ""pct"": ""3-5""}, {""mineral"": ""Andesite (fragments)"", ""pct"": ""8-10""}, {""mineral"": ""Albitophyre/rhyolite/microquartzite (fragments)"", ""pct"": ""10-15""}, {""mineral"": ""Argillite/meta-siltstone (fragments)"", ""pct"": ""5-10""}, {""mineral"": ""Pyrite"", ""pct"": ""few""}, {""mineral"": ""Pyrrhotite"", ""pct"": ""few""}, {""mineral"": ""Chalcopyrite"", ""pct"": ""single grains""}, {""mineral"": ""Actinolite-chlorite cement"", ""pct"": ""10-15""}, {""mineral"": ""Carbonate (epigenetic)"", ""pct"": null}]","Fragments sericite-pelite-carbonate altered, partly recrystallized; carbonate lenses/veins 0.05-0.5 mm","Ilmenite-magnetite-pyrite-pyrrhotite-chalcopyrite; sulfide micro-grains 0.05-0.2 mm hosted in mafic mineral fragments (hornblende, olivine pseudomorphs)",Field: gravelly sandstone. Clast-supported greywacke (85-90%) with abundant volcanic and mafic-ultramafic clasts carrying sulfide micrograins; sample number written as OVD028-38 with interval 33.14-35 m.,label,D5: stored interval 38-38 m disagrees with the report-named interval 33.14-35 m by 3 m
OVD029@4,D0391,OVD029-4,OVD29,4.0,"28 ба 29 р цооног 9ш.docx (holes OVD28 + OVD29, 9 samples)",,,mn,Fine- to medium-grained biotite granodiorite,Жижиг дунд ширхэгтэй биотитот гранодиорит,"Hypidiomorphic, locally pegmatitic; parallel","[{""mineral"": ""Plagioclase (oligoclase An29-30)"", ""pct"": ""50-55""}, {""mineral"": ""Quartz"", ""pct"": ""15-20""}, {""mineral"": ""K-feldspar"", ""pct"": ""10-15""}, {""mineral"": ""Altered mafic mineral (after biotite)"", ""pct"": ""10-15""}, {""mineral"": ""Magnetite"", ""pct"": ""1-3""}, {""mineral"": ""Hematite"", ""pct"": ""few""}, {""mineral"": ""Goethite"", ""pct"": ""few""}, {""mineral"": ""Sphene"", ""pct"": ""few""}, {""mineral"": ""Apatite"", ""pct"": ""few""}, {""mineral"": ""Cassiterite"", ""pct"": ""single grains""}]","Sericite, epidote, albite, pelite, chlorite, carbonate; biotite fully carbonate-chlorite pseudomorphed; K-feldspar albitized","Magnetite-hematite-hydrogoethite paragenesis; magnetite 0.05-0.4 mm with chlorite pseudomorphs, martitized to hematite, rimmed by goethite; leucoxenised titanite; single cassiterite grains","Granodiorite from the top of hole OVD29: oligoclase, quartz(-K-feldspar micropegmatite) and chloritized biotite; oxide-only accessory mineralisation. No 47xxx lab number given.",label,
OVD029@122.4,D0392,OVD029-122.4 (123-124.5),OVD29,123.0,"28 ба 29 р цооног 9ш.docx (holes OVD28 + OVD29, 9 samples)",,,mn,"Strongly carbonatised, chloritized gabbrodiorite porphyry","Хүчтэй карбонатчлагдаж, хлоритжсон габбродиорит порфир","Porphyritic; groundmass subophitic, prismatic granular; taxitic, lenticular, veined","[{""mineral"": ""Altered plagioclase"", ""pct"": ""45-50""}, {""mineral"": ""Chlorite pseudomorph"", ""pct"": ""30-35""}, {""mineral"": ""Titanite"", ""pct"": ""0.5-1.0""}, {""mineral"": ""Magnetite"", ""pct"": ""few""}, {""mineral"": ""Pyrrhotite"", ""pct"": ""few""}, {""mineral"": ""Pyrite"", ""pct"": ""0.5""}, {""mineral"": ""Chalcopyrite"", ""pct"": ""few""}, {""mineral"": ""Sphene"", ""pct"": ""few""}, {""mineral"": ""Apatite"", ""pct"": ""0.5""}]","Strong carbonatisation (discontinuous carbonate(-quartz) veinlets/lenses 0.1-0.5 mm); sericite, chlorite, leucoxene; phenocrysts fully chlorite-pseudomorphed (after hornblende/biotite)",Titanite-magnetite-pyrite-pyrrhotite-chalcopyrite paragenesis (weak); strongly leucoxenised titanite 0.1-0.3 mm; cubic pyrite 0.05-0.1 mm in quartz-carbonate lenses; single magnetite/pyrrhotite/chalcopyrite micrograins with chlorite pseudomorphs,Field: unmineralized gabbro. Chlorite-pseudomorph phenocrysts (30-35%) in altered plagioclase-chlorite groundmass; essentially barren. Sample labelled 122.4 but interval 123-124.5 m; microphoto captions read 122.7.,label,D5: stored interval 122.4-122.4 m disagrees with the report-named interval 123-124.5 m by 0.6 m
OVD029@129.4,D0393,OVD029-129.4 (129-131),OVD29,129.0,"28 ба 29 р цооног 9ш.docx (holes OVD28 + OVD29, 9 samples)",,,mn,Mineralised chlorite-carbonate metasomatite (after gabbrodiorite),Хүдэржсэн хлорит-карбонатат метасоматит (Габбродиоритоор үүссэн),"Lepidogranoblastic, relict micro-hypidiomorphic?; weakly parallel, lenticular","[{""mineral"": ""Carbonate"", ""pct"": ""50-55""}, {""mineral"": ""Chlorite"", ""pct"": ""30-35""}, {""mineral"": ""Pyrite"", ""pct"": ""3-5""}, {""mineral"": ""Pyrrhotite"", ""pct"": ""3-5""}, {""mineral"": ""Chalcopyrite"", ""pct"": ""1-2""}, {""mineral"": ""Pentlandite"", ""pct"": ""0.5""}, {""mineral"": ""Chromite/magnetite"", ""pct"": ""few""}, {""mineral"": ""Titanite"", ""pct"": ""few""}, {""mineral"": ""Arsenopyrite"", ""pct"": ""few""}, {""mineral"": ""Quartz"", ""pct"": ""5-8""}]",Complete chlorite-carbonate replacement of gabbrodiorite; late coarse carbonate veins/lenses 0.2-1.0 mm controlling mineralisation; leucoxenised titanite lenses,Chromite-pyrite-pyrrhotite-pentlandite-chalcopyrite-arsenopyrite paragenesis; sulfide lenses 0.5x10 mm in late carbonate veins occupying ~8-10% of rock; arsenopyrite 0.01-0.2 mm rims on pyrite-chalcopyrite lenses; chromite-chalcopyrite micrograins in chlorite lenses,Field: hydrothermal breccia. Chlorite-carbonate metasomatite whose late carbonate veins host pyrite-pentlandite-pyrrhotite-chalcopyrite lenses with arsenopyrite rims — remobilised mineralisation.,label,
40340,D0394,40340,,,"15ш пет-мин бичиглэл. 09.02. (2 петрографи, 13 пет-мин бичиглэл) (1).docx",,2025-09-02 (inferred from file name),en,Altered gabbrodiorite porphyry,Хувирсан габбродиорит порфир,"Porphyritic; groundmass prismatic granular, subophitic; massive","[{""mineral"": ""Plagioclase"", ""pct"": ""70-75""}, {""mineral"": ""Mon. pyroxene"", ""pct"": ""10-15""}, {""mineral"": ""Altered volcanic glass"", ""pct"": ""10-15""}, {""mineral"": ""Quartz"", ""pct"": ""few""}, {""mineral"": ""Ore mineral (accessory)"", ""pct"": ""0.5""}, {""mineral"": ""Apatite"", ""pct"": ""0.5""}, {""mineral"": ""Sphene"", ""pct"": ""few""}, {""mineral"": ""Zircon"", ""pct"": ""single grains""}]","Sericite, pelite, epidote, carbonate on plagioclase",Accessory ore-mineral grains 0.02-0.2 mm associated with pyroxene and biotite,"Petrographic description only. Altered plagioclase phenocrysts (5-10%) in subophitic groundmass of plagioclase prisms, fresh mon.pyroxene and red-brown biotite.",tag,
40341,D0395,40341,,,"15ш пет-мин бичиглэл. 09.02. (2 петрографи, 13 пет-мин бичиглэл) (1).docx",,2025-09-02 (inferred from file name),en,Altered amygdaloidal basalt,Хувирсан базальт (миндалинлаг),Porphyritic; groundmass intersertal; amygdaloidal,"[{""mineral"": ""Plagioclase"", ""pct"": ""55-60""}, {""mineral"": ""Mon. pyroxene"", ""pct"": ""20-25""}, {""mineral"": ""Altered olivine"", ""pct"": ""10""}, {""mineral"": ""Ore mineral"", ""pct"": ""5-8""}, {""mineral"": ""Volcanic glass"", ""pct"": ""3-5""}, {""mineral"": ""Apatite"", ""pct"": ""0.5""}, {""mineral"": ""Sphene"", ""pct"": ""few""}]","Olivine phenocrysts fully iddingsite-biotite(-serpentine-carbonate) pseudomorphed; sericite, pelite; carbonate-quartz-iron-oxide amygdules 0.2-2.5 mm (15-20%)","Euhedral ore-mineral grains in intersertal groundmass, from devitrified glass",Petrographic description only. Basalt with iddingsitized olivine phenocrysts (8-10%) in plagioclase-microlite/pyroxene/glass intersertal groundmass; abundant amygdules.,tag,
41304,D0396,41304,,,"15ш пет-мин бичиглэл. 09.02. (2 петрографи, 13 пет-мин бичиглэл) (1).docx",,2025-09-02 (inferred from file name),mn,Altered medium- to fine-grained hornblende-pyroxene gabbro,Хувирсан дунд жижиг ширхэгтэй эвэр хуурмаг-пироксент габбро,"Ophitic, subophitic; massive, lenticular","[{""mineral"": ""Altered plagioclase"", ""pct"": ""20-25""}, {""mineral"": ""Mon. pyroxene"", ""pct"": ""20-25""}, {""mineral"": ""Altered amphibole"", ""pct"": ""5-8""}, {""mineral"": ""Altered olivine"", ""pct"": ""1-3""}, {""mineral"": ""Ilmenite"", ""pct"": ""0.5""}, {""mineral"": ""Titanite"", ""pct"": ""0.5""}, {""mineral"": ""Apatite"", ""pct"": ""few""}]","Sericite, pelite, chlorite, actinolite, leucoxene, iddingsite, iron hydroxides, carbonate; hydrogoethite-limonite along micro-fractures","Ilmenite-titanite-iron-hydroxide paragenesis; prismatic ilmenite 0.1-0.2 mm evenly distributed with mafics, leucoxene-rimmed",Ophitic gabbro of strongly altered plagioclase and fresh mon.pyroxene rimmed by pale-green hornblende; chlorite-actinolite pseudomorphs after amphibole and iddingsite-iron-oxide pseudomorphs after olivine. Weak oxide mineralisation only.,tag,
41253,D0397,41253,,,"15ш пет-мин бичиглэл. 09.02. (2 петрографи, 13 пет-мин бичиглэл) (1).docx",,2025-09-02 (inferred from file name),en,Mineralised spinel-bearing epidote-pyroxene micro-gneiss (skarn?),Хүдэржсэн шпинельтэй эпидот-пироксент бичил гнейс (скарн?),"Lepidogranoblastic; massive, lenticular","[{""mineral"": ""Hornblende"", ""pct"": ""25-30""}, {""mineral"": ""Clinopyroxene"", ""pct"": ""25-30""}, {""mineral"": ""Muscovite"", ""pct"": ""20-25""}, {""mineral"": ""Quartz"", ""pct"": ""few""}, {""mineral"": ""Biotite"", ""pct"": ""few""}, {""mineral"": ""Magnetite"", ""pct"": ""15-20""}, {""mineral"": ""Hematite"", ""pct"": ""1-3""}, {""mineral"": ""Goethite-hydrogoethite"", ""pct"": null}, {""mineral"": ""Spinel"", ""pct"": ""5""}]",,"Magnetite-hematite-goethite-hydrogoethite paragenesis; magnetite 0.05-1.0 mm disseminations and lens clusters cementing silicates, partly martitized and goethite-rimmed; even green spinel disseminations 0.1-0.3 mm",Fine hornblende-clinopyroxene-muscovite granoblastic rock with abundant magnetite and green spinel; analyst notes rock naming is difficult and asks geologists to judge from geological context (microphoto captions call it pyroxene-muscovite-amphibole metasomatite/micro-gneiss).,tag,
41330,D0398,41330,,,"15ш пет-мин бичиглэл. 09.02. (2 петрографи, 13 пет-мин бичиглэл) (1).docx",,2025-09-02 (inferred from file name),en,Altered gabbrodiorite porphyry,Хувирсан габбродиорит порфир,"Porphyritic; groundmass prismatic granular, subophitic, poikilo-ophitic; massive","[{""mineral"": ""Altered plagioclase"", ""pct"": null}, {""mineral"": ""Altered hornblende"", ""pct"": null}, {""mineral"": ""Altered biotite"", ""pct"": ""5-10""}, {""mineral"": ""Magnetite"", ""pct"": ""0.5-1.0""}, {""mineral"": ""Hematite"", ""pct"": ""few""}, {""mineral"": ""Apatite"", ""pct"": ""single grains""}]","Sericite (strong, on plagioclase), chlorite pseudomorphs after biotite, leucoxene, rutile","Magnetite-hematite paragenesis; even euhedral magnetite 0.02-0.2 mm with mafics, weakly martitized",Porphyry with altered plagioclase and fresh hornblende phenocrysts (15-20%) in fine plagioclase-chlorite groundmass. NOTE: main-mineral percentages missing from the source table. Oxide-only mineralisation.,tag,
41331,D0399,41331,,,"15ш пет-мин бичиглэл. 09.02. (2 петрографи, 13 пет-мин бичиглэл) (1).docx",,2025-09-02 (inferred from file name),en,Strongly mineralised (ferruginous) quartzite,Хүчтэй хүдэржсэн (төмөржсөн) кварцит,"Granoblastic; lenticular, veined, banded (zoned)","[{""mineral"": ""Quartz"", ""pct"": ""50-55""}, {""mineral"": ""Magnetite"", ""pct"": ""15-20""}, {""mineral"": ""Hematite"", ""pct"": ""3-5""}, {""mineral"": ""Goethite"", ""pct"": ""5-10""}, {""mineral"": ""Chlorite"", ""pct"": ""3-5""}, {""mineral"": ""Epidote"", ""pct"": ""8-10""}, {""mineral"": ""Muscovite-sericite"", ""pct"": ""5-8""}]","Muscovite-sericite, chlorite and epidote-zoisite lenses intergrown with the ore lenses",Magnetite-hematite-goethite-hydrogoethite paragenesis; magnetite lenses/veins 2-10 mm rimmed and replaced by hematite (martite) and goethite-hydrogoethite; ore veins 0.2-3.0 mm cut the quartzite,Iron-oxide-mineralised quartzite: granoblastic quartz cut by numerous magnetite-hematite-goethite lenses/veins with zoned (banded) textures intergrown with muscovite-chlorite-epidote lenses.,tag,
41334,D0400,41334,,,"15ш пет-мин бичиглэл. 09.02. (2 петрографи, 13 пет-мин бичиглэл) (1).docx",,2025-09-02 (inferred from file name),en,Strongly mineralised garnet-quartz vein,Хүчтэй хүдэржсэн гранат-кварцын судал,"Granoblastic; lenticular, veined, zoned","[{""mineral"": ""Quartz"", ""pct"": ""45-50""}, {""mineral"": ""Garnet"", ""pct"": ""25-30""}, {""mineral"": ""Magnetite"", ""pct"": ""3-5""}, {""mineral"": ""Hematite"", ""pct"": ""5-8""}, {""mineral"": ""Goethite"", ""pct"": ""10-15""}, {""mineral"": ""Malachite"", ""pct"": ""1-3""}, {""mineral"": ""Hydrogoethite"", ""pct"": ""3-5""}, {""mineral"": ""Amphibole"", ""pct"": ""few""}, {""mineral"": ""Epidote"", ""pct"": ""few""}, {""mineral"": ""Pyrite"", ""pct"": ""relicts""}]",,Magnetite-hematite-goethite-hydrogoethite-malachite paragenesis; zoned oxide lenses/veins 0.1-10 mm rimmed by garnet; pyrite relicts 0.02-0.1 mm inside; late malachite(-azurite) veinlets 0.01-0.3 mm,"Coarse quartz-garnet vein material cut by strongly oxidised ore lenses (magnetite-hematite-goethite-hydrogoethite-malachite in growth order), ore usually rimmed by garnet — oxidised Cu-bearing skarn-vein.",tag,
41336,D0401,41336,,,"15ш пет-мин бичиглэл. 09.02. (2 петрографи, 13 пет-мин бичиглэл) (1).docx",,2025-09-02 (inferred from file name),mn,Altered medium- to fine-grained biotite-hornblende gabbrodiorite,Хувирсан дунд жижиг ширхэгтэй биотит-эвэр хуурмагт габбродиорит,"Hypidiomorphic, occasionally poikilitic; massive","[{""mineral"": ""Altered plagioclase"", ""pct"": ""60-65""}, {""mineral"": ""Hornblende"", ""pct"": ""25-30""}, {""mineral"": ""Chlorite pseudomorph (after biotite)"", ""pct"": ""8-10""}, {""mineral"": ""Quartz"", ""pct"": ""few""}, {""mineral"": ""Ilmenite-hematite"", ""pct"": ""1-2""}, {""mineral"": ""Titanite-sphene"", ""pct"": ""0.5""}, {""mineral"": ""Apatite"", ""pct"": ""few""}]","Sericite, pelite, chlorite, rutile, epidote","Ilmenite-hematite paragenesis; euhedral ilmenite 0.1-0.3 mm evenly distributed with mafics, partly hematized and sphene-rimmed",Zoned intermediate-basic plagioclase with fresh green hornblende and chlorite pseudomorphs after biotite (rutile-bearing); oxide accessory mineralisation only.,tag,
41337,D0402,41337,,,"15ш пет-мин бичиглэл. 09.02. (2 петрографи, 13 пет-мин бичиглэл) (1).docx",,2025-09-02 (inferred from file name),mn,"Fine- to medium-grained hornblende quartz diorite (gabbrodiorite), weakly gneissose",Жижиг дунд ширхэгтэй эвэр хуурмагт кварцат диорит (габбродиорит),"Hypidiomorphic, locally micro-granonematoblastic; weakly parallel","[{""mineral"": ""Altered plagioclase"", ""pct"": ""60-65""}, {""mineral"": ""Hornblende"", ""pct"": ""25-30""}, {""mineral"": ""Quartz"", ""pct"": ""3-5""}, {""mineral"": ""Magnetite-hematite"", ""pct"": ""few""}, {""mineral"": ""Titanite-sphene"", ""pct"": ""1-2""}, {""mineral"": ""Apatite"", ""pct"": ""0.5-1.0""}]",Sericite-epidote cores in zoned plagioclase (fresh rims); hornblende partly recrystallized to nematoblastic aggregate/actinolite; epigenetic pelitomorphic carbonate veinlets 0.05-0.1 mm,"Ilmenite/magnetite-hematite; magnetite micrograins 0.02-0.1 mm mostly with epidotized plagioclase, partly hematized",Weakly gneissose quartz diorite: zoned plagioclase with sericite-epidote cores and recrystallized green hornblende; poikilitic coarse quartz. Barren apart from accessory oxides.,tag,
41339,D0403,41339,,,"15ш пет-мин бичиглэл. 09.02. (2 петрографи, 13 пет-мин бичиглэл) (1).docx",,2025-09-02 (inferred from file name),mn,Fine- to medium-grained biotite-hornblende-pyroxene gabbro,Жижиг дунд ширхэгтэй биотит-эвэр хуурмаг-пироксент габбро,"Gabbroic, subophitic; weakly parallel","[{""mineral"": ""Altered plagioclase"", ""pct"": ""55-60""}, {""mineral"": ""Mon. pyroxene"", ""pct"": ""15-20""}, {""mineral"": ""Hornblende"", ""pct"": ""10-15""}, {""mineral"": ""Biotite"", ""pct"": ""5-8""}, {""mineral"": ""Magnetite"", ""pct"": ""3-5""}, {""mineral"": ""Hematite-goethite"", ""pct"": ""few""}]",Very weak sericite in plagioclase cores,"Magnetite-hematite-goethite paragenesis; even euhedral magnetite 0.1-0.5 mm with mafic clots, weakly martitized; minor hematite-goethite grains","Fresh-looking gabbro: weakly aligned zoned plagioclase with clotted mon.pyroxene, brown-green hornblende and biotite. Accessory magnetite only.",tag,
41348,D0404,41348,,,"15ш пет-мин бичиглэл. 09.02. (2 петрографи, 13 пет-мин бичиглэл) (1).docx",,2025-09-02 (inferred from file name),mn,Fine- to medium-grained olivine-pyroxene gabbro,Жижиг дунд ширхэгтэй оливин-пироксент габбро,"Ophitic, subophitic; massive, lenticular","[{""mineral"": ""Altered plagioclase"", ""pct"": ""20-25""}, {""mineral"": ""Mon. pyroxene"", ""pct"": ""10-15""}, {""mineral"": ""Olivine"", ""pct"": ""5-8""}, {""mineral"": ""Biotite"", ""pct"": ""1-3""}, {""mineral"": ""Ilmenite"", ""pct"": ""1-3""}, {""mineral"": ""Titanite"", ""pct"": ""few""}, {""mineral"": ""Chalcopyrite"", ""pct"": ""single grains""}]",Nearly fresh; plagioclase almost unaltered,"Ilmenite-titanite paragenesis; euhedral ilmenite 0.1-0.4 mm evenly distributed, often biotite-rimmed, clustered with mafic lenses; single chalcopyrite grains","Fresh olivine gabbro: zoned plagioclase, unaltered mon.pyroxene and olivine (0.2-2.0 mm) with red-brown biotite rims on ore minerals; near-barren.",tag,
41349,D0405,41349,,,"15ш пет-мин бичиглэл. 09.02. (2 петрографи, 13 пет-мин бичиглэл) (1).docx",,2025-09-02 (inferred from file name),en,Mineralised quartz-carbonate vein (oxidised Cu),Хүдэржсэн кварц-карбонатын судал,"Granoblastic; veined, lenticular, zoned","[{""mineral"": ""Carbonate"", ""pct"": ""70-75""}, {""mineral"": ""Quartz"", ""pct"": ""15-20""}, {""mineral"": ""Chalcopyrite"", ""pct"": ""0.5-1.0""}, {""mineral"": ""Covellite"", ""pct"": ""1-2""}, {""mineral"": ""Goethite-hydrogoethite"", ""pct"": ""1-3""}, {""mineral"": ""Malachite"", ""pct"": ""1-3""}, {""mineral"": ""Azurite"", ""pct"": ""0.5-1.0""}, {""mineral"": ""Sphalerite"", ""pct"": ""few""}, {""mineral"": ""Pyrite"", ""pct"": ""few""}, {""mineral"": ""Arsenopyrite"", ""pct"": ""single grains""}]",Supergene oxidation of sulfides,Pyrite-sphalerite-chalcopyrite -> covellite-goethite-hydrogoethite-malachite-azurite sequence; chalcopyrite relicts 0.01-0.2 mm within covellite-goethite-malachite veinlets; malachite-azurite lenses 0.1-1.5 mm; grey sphalerite 0.2-0.5 mm; rare arsenopyrite,"Quartz-carbonate vein with oxidised copper mineralisation: chalcopyrite largely replaced by covellite, iron hydroxides, malachite and azurite; sphalerite and arsenopyrite accessories.",tag,
41362,D0406,41362,,,"15ш пет-мин бичиглэл. 09.02. (2 петрографи, 13 пет-мин бичиглэл) (1).docx",,2025-09-02 (inferred from file name),mn,Fine- to medium-grained biotite granite,Жижиг дунд ширхэгтэй биотитот боржин,Granitic; massive,"[{""mineral"": ""Quartz"", ""pct"": ""25-30""}, {""mineral"": ""K-feldspar"", ""pct"": ""45-50""}, {""mineral"": ""Plagioclase"", ""pct"": ""15-20""}, {""mineral"": ""Biotite"", ""pct"": ""3-5""}, {""mineral"": ""Muscovite"", ""pct"": ""few""}, {""mineral"": ""Magnetite"", ""pct"": ""few""}, {""mineral"": ""Hematite"", ""pct"": ""single grains""}, {""mineral"": ""Sphene"", ""pct"": ""single grains""}, {""mineral"": ""Apatite"", ""pct"": ""few""}]","Albite, pelite on K-feldspar","Magnetite-hematite paragenesis; sparse magnetite 0.1-0.8 mm with biotite, slightly martitized",K-feldspar-dominant biotite granite with local porphyritic K-feldspar segregations 4-5 mm; accessory oxide mineralisation only.,tag,
41363,D0407,41363,,,"15ш пет-мин бичиглэл. 09.02. (2 петрографи, 13 пет-мин бичиглэл) (1).docx",,2025-09-02 (inferred from file name),mn,Coarse- to medium-grained biotite granite,Том дунд ширхэгтэй биотитот боржин,"Hypidiomorphic, locally poikilitic; massive","[{""mineral"": ""Quartz"", ""pct"": ""25-30""}, {""mineral"": ""K-feldspar"", ""pct"": ""40-45""}, {""mineral"": ""Plagioclase (oligoclase)"", ""pct"": ""25-30""}, {""mineral"": ""Biotite"", ""pct"": ""3-5""}, {""mineral"": ""Magnetite"", ""pct"": ""few""}, {""mineral"": ""Hematite"", ""pct"": ""single grains""}, {""mineral"": ""Sphene"", ""pct"": ""single grains""}, {""mineral"": ""Zircon"", ""pct"": ""single grains""}, {""mineral"": ""Apatite"", ""pct"": ""few""}]","Albite, pelite, sericite, chlorite (with rutile) on biotite","Magnetite-hematite paragenesis; sparse euhedral magnetite 0.1-0.2 mm, weakly hematized","Coarse biotite granite; K-feldspar strongly albite-pelite altered, poikilitically enclosing quartz and plagioclase. Accessory oxides only.",tag,
43816,D0408,43816 (OVD-009-126.6),OVD009,126.6,"15ш пет-мин бичиглэл. 09.02. (2 петрографи, 13 пет-мин бичиглэл) (1).docx",,2025-09-02 (inferred from file name),mn,"Strongly altered, weakly mineralised uneven-grained olivine-pyroxene peridotite","Хүчтэй хувирч, сулавтар хүдэржсэн жигд биш ширхэгтэй оливин-пироксент перидотит","Panidiomorphic, poikilitic, subophitic; massive","[{""mineral"": ""Talc-serpentine pseudomorph after olivine"", ""pct"": ""45-50""}, {""mineral"": ""Mon. pyroxene"", ""pct"": ""20-25""}, {""mineral"": ""Hornblende"", ""pct"": ""10""}, {""mineral"": ""Altered plagioclase"", ""pct"": ""5-8""}, {""mineral"": ""Biotite"", ""pct"": ""5""}, {""mineral"": ""Magnetite"", ""pct"": ""3-5""}, {""mineral"": ""Chromite"", ""pct"": ""few""}, {""mineral"": ""Chalcopyrite"", ""pct"": ""few""}, {""mineral"": ""Pyrrhotite"", ""pct"": ""1-2""}]","Serpentine, talc, actinolite, chlorite, saussurite; olivine mesh texture with magnetite-chromite veinlets",Magnetite/chromite-pyrrhotite-chalcopyrite paragenesis; magnetite disseminations 0.05-0.4 mm and mesh veinlets; magnetite-chalcopyrite-pyrrhotite micro-lenses 0.05-0.2 mm with talc-serpentine,The only hole-tagged sample in this 2025 set: OVD-009 at 126.6 m. Serpentinized olivine-pyroxene peridotite with weak disseminated/micro-lens sulfide mineralisation.,tag,
43460,D0409,43460,,,5 петрографи баттерей (2).docx,,,en,Amphibolitized pyroxenite,Амфиболитжсон пироксенит,"Lepidonematoblastic, relict panidiomorphic; weakly parallel, lenticular","[{""mineral"": ""Clinopyroxene"", ""pct"": ""55-60""}, {""mineral"": ""Hornblende"", ""pct"": ""40-45""}, {""mineral"": ""Biotite"", ""pct"": ""few""}, {""mineral"": ""Ore mineral (accessory)"", ""pct"": ""few""}, {""mineral"": ""Sphene"", ""pct"": ""few""}]","Amphibolitization (hornblende after pyroxene); actinolite, chlorite, rutile; epigenetic carbonate and actinolite veins 0.1-0.4 mm; some hornblende fully pseudomorphed by actinolite-chlorite",Ore mineral and sphene grains 0.02-0.2 mm released within actinolite-chlorite pseudomorphs,Field: gabbro. Pyroxenite strongly overprinted by amphibolitization: fresh clinopyroxene relics within pale-green hornblende (locally could be called amphibolite after pyroxenite); cut by actinolite and carbonate veins.,tag,
43471,D0410,43471,,,5 петрографи баттерей (2).docx,,,en,Altered medium- to coarse-grained pyroxenite,Хувирсан дунд том ширхэгтэй пироксенит,"Panidiomorphic; massive, lenticular","[{""mineral"": ""Clinopyroxene"", ""pct"": ""65-70""}, {""mineral"": ""Serpentine pseudomorph"", ""pct"": ""20-25""}, {""mineral"": ""Hornblende"", ""pct"": ""5-10""}, {""mineral"": ""Ore mineral"", ""pct"": ""5-8""}, {""mineral"": ""Carbonate (epigenetic)"", ""pct"": ""2-3""}]","Serpentinization (pseudomorphs after olivine, some after pyroxene); actinolite-chlorite on hornblende; carbonate veinlets 0.1-0.3 mm","Ore-mineral veinlets 0.01-0.2 mm along relict cleavage of serpentine pseudomorphs, intersecting; mineralisation linked to the carbonate veinlet system","Field: ""purely mineralized pyroxenite"". Very coarse clinopyroxene (grains up to 10-15 mm dominant) with interstitial serpentine pseudomorphs whose relict cleavage carries interconnected ore veinlets.",tag,
43477,D0411,43477,,,5 петрографи баттерей (2).docx,,,mn,Altered pyroxenite porphyry (vein pyroxenite),Хувирсан пироксенит порфир (Судлын пироксенит),"Porphyritic; groundmass finely crystalline; massive, lenticular","[{""mineral"": ""Mon. pyroxene"", ""pct"": ""60-65""}, {""mineral"": ""Chlorite pseudomorph"", ""pct"": ""30-35""}, {""mineral"": ""Ore mineral"", ""pct"": ""1-2""}]","Chlorite pseudomorphs (after hornblende or pyroxene), both as phenocrysts and in groundmass","Even euhedral ore-mineral grains 0.03-0.2 mm in the groundmass, mostly associated with chlorite pseudomorphs",Field: dunite. Porphyritic vein pyroxenite: chlorite-pseudomorph and minor fresh mon.pyroxene phenocrysts (30-35%) in a fully crystallized fine mon.pyroxene-chlorite groundmass.,tag,
43494,D0412,43494,,,5 петрографи баттерей (2).docx,,,en,Altered uneven-grained peridotite,Хувирсан жигд биш ширхэгтэй перидотит,"Panidiomorphic, locally poikilitic; massive","[{""mineral"": ""Mon. pyroxene"", ""pct"": ""55-60""}, {""mineral"": ""Serpentinized olivine"", ""pct"": ""30-35""}, {""mineral"": ""Altered hornblende"", ""pct"": ""3-5""}, {""mineral"": ""Biotite"", ""pct"": ""3-5""}, {""mineral"": ""Ore mineral"", ""pct"": ""5-8""}]","Serpentinization with mesh texture; actinolite, chlorite, carbonate","Ore minerals (magnetite) as intersecting mesh veinlets along olivine relict cleavage together with serpentine, plus micro-disseminations",Field: peridotite. Fresh coarse mon.pyroxene poikilitically enclosing serpentinized olivine (mesh-textured with magnetite veinlets); phlogopite plates; considerable oxide mineralisation along the mesh.,tag,
43515,D0413,43515,,,5 петрографи баттерей (2).docx,,,en,Altered uneven-grained peridotite,Хувирсан жигд биш ширхэгтэй перидотит,"Panidiomorphic, locally poikilitic; massive","[{""mineral"": ""Mon. pyroxene"", ""pct"": ""50-55""}, {""mineral"": ""Serpentinized olivine"", ""pct"": ""30-35""}, {""mineral"": ""Altered hornblende"", ""pct"": ""5-10""}, {""mineral"": ""Biotite"", ""pct"": ""3-5""}, {""mineral"": ""Ore mineral"", ""pct"": ""5""}]","Serpentinization (minor talc), actinolite, chlorite, carbonate; carbonate veinlets 0.02-0.1 mm","Ore-mineral mesh veinlets 0.01-0.1 mm with serpentine along olivine relict cleavage, plus notable micro-disseminations",Field: peridotite. Generally identical to 43494: coarse fresh mon.pyroxene (0.7-7.0 mm) with mesh-serpentinized olivine relicts and phlogopite; oxide mineralisation along the serpentine mesh.,tag,
46459,D0414,46459,,,"Report_ABM 2025.09.09 final.pdf (MUST lab, 22 samples, SEM-EDX)","MUST (ШУТИС) Mineral Resource Research professor team — B.Enkhjargal (PhD), T.Oyunchimeg (PhD), N.Bolorchimeg (PhD), B.Altanzul (PhD); client: Ragnarok Investment LLC | T.Oyunchimeg, B.Enkhjargal",2025-09-09,en,Olivine gabbro,Оливинт габбро,"Uneven-grained, poikilitic; massive; ore texture disseminated, spotted","[{""mineral"": ""Olivine"", ""pct"": ""30-35""}, {""mineral"": ""Plagioclase"", ""pct"": ""25-30""}, {""mineral"": ""Hornblende"", ""pct"": ""15-20""}, {""mineral"": ""Clinopyroxene (augite)"", ""pct"": ""10-15""}, {""mineral"": ""Biotite"", ""pct"": ""5""}, {""mineral"": ""Ore minerals total"", ""pct"": ""10-12""}, {""mineral"": ""Magnetite"", ""pct"": ""3-5""}, {""mineral"": ""Pyrite"", ""pct"": ""2-4""}, {""mineral"": ""Chalcopyrrhotite"", ""pct"": ""2-4""}, {""mineral"": ""Heazlewoodite"", ""pct"": ""1-2""}, {""mineral"": ""Isoferroplatinum"", ""pct"": ""<1""}]",Olivine fully pseudomorphed by fibrous talc with serpentine-magnetite along fractures; hornblende and biotite weakly chloritized,"Sequence platinum - magnetite - pyrite - heazlewoodite - chalcopyrrhotite; pyrite (clusters to 6 mm) hosts heazlewoodite droplets; chalcopyrrhotite (to 4.1 mm) replaces pyrite; isoferroplatinum (Pt3Fe) crystals to 0.2 mm at altered olivine margins, confirmed by SEM-EDX","Olivine gabbro with talc-pseudomorphed olivine. Distinctive pyrite-chalcopyrrhotite-heazlewoodite association: heazlewoodite (Ni3S2, up to Ni 73.3%) as droplets in pyrite plus SEM-confirmed isoferroplatinum — interpreted as Ni-rich low-fS2 assemblage from serpentinization of ultramafic-mafic rocks, analogous to Noril'sk/Sudbury associations.",tag,
41508,D0415,41508,,,"Report_ABM 2025.09.09 final.pdf (MUST lab, 22 samples, SEM-EDX)","MUST (ШУТИС) Mineral Resource Research professor team — B.Enkhjargal (PhD), T.Oyunchimeg (PhD), N.Bolorchimeg (PhD), B.Altanzul (PhD); client: Ragnarok Investment LLC | T.Oyunchimeg",2025-09-09,mn,Olivine-bearing gabbronorite,Оливинтой габбронорит,Uneven-grained; massive,"[{""mineral"": ""Clinopyroxene (augite)"", ""pct"": ""20-25""}, {""mineral"": ""Orthopyroxene"", ""pct"": ""10-15""}, {""mineral"": ""Olivine"", ""pct"": ""10-15""}, {""mineral"": ""Plagioclase (labradorite An52-54)"", ""pct"": ""25-30""}, {""mineral"": ""Hornblende"", ""pct"": ""20-25""}, {""mineral"": ""Biotite"", ""pct"": ""5""}, {""mineral"": ""Ore minerals"", ""pct"": ""2-3""}]",Olivine fully serpentine-talc-carbonate replaced (shape preserved); hornblende and biotite weakly to strongly chloritized,"Accessory ore minerals only (2-3%), intergrown with hornblende",Fresh two-pyroxene gabbronorite with pseudomorphed olivine; labradorite An52-54; low ore content.,tag,
43333,D0416,43333,,,"Report_ABM 2025.09.09 final.pdf (MUST lab, 22 samples, SEM-EDX)","MUST (ШУТИС) Mineral Resource Research professor team — B.Enkhjargal (PhD), T.Oyunchimeg (PhD), N.Bolorchimeg (PhD), B.Altanzul (PhD); client: Ragnarok Investment LLC | T.Oyunchimeg",2025-09-09,en,Diabase (olivine-bearing),Диабаз,"Prismatic granular, ophitic; massive","[{""mineral"": ""Plagioclase (labradorite An58-60)"", ""pct"": ""50-55""}, {""mineral"": ""Clinopyroxene (augite)"", ""pct"": ""10-15""}, {""mineral"": ""Orthopyroxene"", ""pct"": ""5""}, {""mineral"": ""Olivine"", ""pct"": ""10-15""}, {""mineral"": ""Hornblende"", ""pct"": ""5-10""}, {""mineral"": ""Biotite"", ""pct"": ""5""}, {""mineral"": ""Ore minerals"", ""pct"": ""5""}]",Plagioclase weakly sericitized; olivine fully serpentine-talc(-iddingsite) replaced; hornblende/biotite chloritized,Skeletal ore-mineral grains to 1 mm intergrown with clinopyroxene; ~5%,"Ophitic diabase: lath plagioclase with interstitial augite, minor opx, pseudomorphed olivine; hornblende and biotite late; moderate accessory oxides.",tag,
43632,D0417,43632,,,"Report_ABM 2025.09.09 final.pdf (MUST lab, 22 samples, SEM-EDX)","MUST (ШУТИС) Mineral Resource Research professor team — B.Enkhjargal (PhD), T.Oyunchimeg (PhD), N.Bolorchimeg (PhD), B.Altanzul (PhD); client: Ragnarok Investment LLC | N.Bolorchimeg",2025-09-09,en,Pyroxene hornfels,Пироксент роговик,"Acicular, replacement structure; massive; ore spotted, disseminated, veined","[{""mineral"": ""Pyroxene"", ""pct"": ""35-40""}, {""mineral"": ""Plagioclase"", ""pct"": ""30-35""}, {""mineral"": ""Chlorite"", ""pct"": ""10-15""}, {""mineral"": ""Quartz"", ""pct"": ""5-10""}, {""mineral"": ""Pyrite"", ""pct"": ""2-3""}, {""mineral"": ""Pyrrhotite"", ""pct"": ""1""}, {""mineral"": ""Chalcopyrite"", ""pct"": ""1""}, {""mineral"": ""Magnetite"", ""pct"": ""1""}]",Contact metamorphism (all minerals secondary); marcasite minor,"Pyrite (to 0.25 mm, spotted/disseminated/veined, locally with marcasite and chalcopyrite), magnetite (0.05 mm), chalcopyrite and pyrrhotite (to 0.1 mm); SEM-EDX confirmed pyrite and chalcopyrite compositions",Very fine acicular pyroxene-plagioclase hornfels formed by high-T contact metamorphism; sulfides interpreted as combining sedimentary sulfur with magma-derived metals.,tag,
46363,D0418,46363,,,"Report_ABM 2025.09.09 final.pdf (MUST lab, 22 samples, SEM-EDX)","MUST (ШУТИС) Mineral Resource Research professor team — B.Enkhjargal (PhD), T.Oyunchimeg (PhD), N.Bolorchimeg (PhD), B.Altanzul (PhD); client: Ragnarok Investment LLC | T.Oyunchimeg",2025-09-09,en,Gabbrodiorite,Габбродиорит,"Hypidiomorphic granular; massive, weakly brecciated","[{""mineral"": ""Plagioclase"", ""pct"": ""55-60""}, {""mineral"": ""Clinopyroxene"", ""pct"": ""15-20""}, {""mineral"": ""Hornblende"", ""pct"": ""20-25""}, {""mineral"": ""Biotite"", ""pct"": ""5""}, {""mineral"": ""Ore minerals"", ""pct"": ""5""}]",Strong: plagioclase fully pelite-sericite; cpx replaced by epidote-chlorite dust; biotite chlorite-leucoxene replaced; cut by 1 mm iron-hydroxide-quartz and carbonate-epidote veins (brecciated),Cubic ore grains 0.1-0.3 mm intergrown with mafics; apatite accessory,Strongly altered gabbrodiorite crosscut by epidote-carbonate-ore veinlets.,tag,
46381,D0419,46381,,,"Report_ABM 2025.09.09 final.pdf (MUST lab, 22 samples, SEM-EDX)","MUST (ШУТИС) Mineral Resource Research professor team — B.Enkhjargal (PhD), T.Oyunchimeg (PhD), N.Bolorchimeg (PhD), B.Altanzul (PhD); client: Ragnarok Investment LLC | T.Oyunchimeg, B.Enkhjargal, B.Altanzul (SEM)",2025-09-09,en,Picrite,Пикрит,"Porphyritic, mesh (гогцоолог), cryptic; massive; ore disseminated","[{""mineral"": ""Olivine"", ""pct"": ""75-80""}, {""mineral"": ""Clinopyroxene (augite/titanaugite)"", ""pct"": ""15-20""}, {""mineral"": ""Phlogopite"", ""pct"": ""2-3""}, {""mineral"": ""Ore minerals"", ""pct"": ""5-10""}, {""mineral"": ""Magnetite"", ""pct"": ""2-3""}, {""mineral"": ""Pyrrhotite"", ""pct"": ""1-2""}, {""mineral"": ""Chalcopyrrhotite"", ""pct"": ""1-2""}, {""mineral"": ""Pentlandite"", ""pct"": ""<1""}, {""mineral"": ""Rutile"", ""pct"": ""<1""}]",Olivine strongly serpentine-talc(-tremolite) altered with serpentine mesh; groundmass glass fully chloritized; secondary carbonate,"Sequence magnetite - pyrrhotite - chalcopyrrhotite - pentlandite; pyrrhotite-chalcopyrrhotite clusters to 2.2 mm; euhedral pentlandite to 0.1 mm associated with talc-carbonate after olivine; SEM-EDX confirmed chalcopyrrhotite, pentlandite, ilmenite, Fe-Cr magnetite, pyrrhotite",Ultramafic volcanic (picrite): olivine phenocrysts 75-80% in cryptocrystalline serpentine-talc groundmass; magmatic Ni-Cu sulfide disseminations with pentlandite tied to carbonate-talc alteration of olivine.,tag,
46393,D0420,46393,,,"Report_ABM 2025.09.09 final.pdf (MUST lab, 22 samples, SEM-EDX)","MUST (ШУТИС) Mineral Resource Research professor team — B.Enkhjargal (PhD), T.Oyunchimeg (PhD), N.Bolorchimeg (PhD), B.Altanzul (PhD); client: Ragnarok Investment LLC | N.Bolorchimeg",2025-09-09,en,Altered olivine gabbro,Хувирсан оливинт габбро,"Poikilitic; massive; ore spotted, disseminated","[{""mineral"": ""Plagioclase"", ""pct"": ""25-30""}, {""mineral"": ""Hornblende (amphibole)"", ""pct"": ""20-25""}, {""mineral"": ""Olivine"", ""pct"": ""20-25""}, {""mineral"": ""Phlogopite"", ""pct"": ""5-10""}, {""mineral"": ""Ore minerals"", ""pct"": ""8-10""}, {""mineral"": ""Pyrite"", ""pct"": ""2-3""}, {""mineral"": ""Chalcopyrite"", ""pct"": ""1-2""}, {""mineral"": ""Ilmenite"", ""pct"": ""4-5""}, {""mineral"": ""Apatite"", ""pct"": ""accessory""}]",Olivine fully talc-serpentine(-calcite) pseudomorphed; plagioclase saussuritized; amphibole marginal chloritization,"Pyrite (to 1 mm, spotted/disseminated) with chalcopyrite (to 1 mm, spotted); ilmenite 4-5% disseminated with amphibole (interpreted as released Fe-Ti from amphibole); sulfides possibly from sulfide-silicate liquation",Altered olivine gabbro with talc-serpentine pseudomorphs; pyrite-chalcopyrite-ilmenite assemblage mostly linked to amphibole and phlogopite.,tag,
46451,D0421,46451,,,"Report_ABM 2025.09.09 final.pdf (MUST lab, 22 samples, SEM-EDX)","MUST (ШУТИС) Mineral Resource Research professor team — B.Enkhjargal (PhD), T.Oyunchimeg (PhD), N.Bolorchimeg (PhD), B.Altanzul (PhD); client: Ragnarok Investment LLC | N.Bolorchimeg (petro+minera+SEM)",2025-09-09,en,Altered gabbro,Хувирсан габбро,"Poikilitic; massive; ore spotted, disseminated, droplet","[{""mineral"": ""Clinopyroxene"", ""pct"": ""40-45""}, {""mineral"": ""Orthopyroxene"", ""pct"": ""7""}, {""mineral"": ""Plagioclase"", ""pct"": ""30-35""}, {""mineral"": ""Hornblende"", ""pct"": ""5-10""}, {""mineral"": ""Phlogopite"", ""pct"": ""3""}, {""mineral"": ""Ore minerals"", ""pct"": ""5""}, {""mineral"": ""Calcite (secondary)"", ""pct"": null}, {""mineral"": ""Quartz (secondary)"", ""pct"": null}]",Plagioclase strongly saussuritized (zoisite-amphibole-chlorite-carbonate-magnetite-quartz); calcite veinlets with secondary apatite,"Chalcopyrite (to 4 cm! disseminated/spotted, droplets in pyrite), millerite (to 0.25 mm), pyrite (to 3 mm), ilmenite (0.15 mm) with magnetite; EDS: millerite Ni 63%, chalcopyrite, pyrite, Mn-bearing ilmenite, titanite; sulfides likely from liquation of S-saturated basic magma; CO2-bearing fluid role noted (ore with secondary calcite)",Coarse altered gabbro with very large chalcopyrite clusters and millerite — SEM-confirmed Ni-Cu assemblage associated with secondary calcite.,tag,
46511,D0422,46511,,,"Report_ABM 2025.09.09 final.pdf (MUST lab, 22 samples, SEM-EDX)","MUST (ШУТИС) Mineral Resource Research professor team — B.Enkhjargal (PhD), T.Oyunchimeg (PhD), N.Bolorchimeg (PhD), B.Altanzul (PhD); client: Ragnarok Investment LLC | T.Oyunchimeg",2025-09-09,en,Andesite,Андезит,Porphyritic; groundmass microlitic; massive,"[{""mineral"": ""Plagioclase (andesine An45-46)"", ""pct"": ""60-65""}, {""mineral"": ""Hornblende"", ""pct"": ""10-15""}, {""mineral"": ""Biotite"", ""pct"": ""3-5""}, {""mineral"": ""Volcanic glass"", ""pct"": ""15-20""}, {""mineral"": ""Ore minerals"", ""pct"": ""accessory""}, {""mineral"": ""Zircon"", ""pct"": ""accessory""}, {""mineral"": ""Apatite"", ""pct"": ""accessory""}]",Plagioclase partly epidote-zoisite-carbonate; hornblende nearly fully epidote-chlorite replaced; glass to leucoxene-magnetite-chlorite,Accessory only: elongated isometric grains 0.03-0.05 mm with groundmass biotite,"Andesite with 15-20% phenocrysts (andesine, altered hornblende) in fine plagioclase-microlite groundmass; essentially barren.",tag,
46545,D0423,46545,,,"Report_ABM 2025.09.09 final.pdf (MUST lab, 22 samples, SEM-EDX)","MUST (ШУТИС) Mineral Resource Research professor team — B.Enkhjargal (PhD), T.Oyunchimeg (PhD), N.Bolorchimeg (PhD), B.Altanzul (PhD); client: Ragnarok Investment LLC | T.Oyunchimeg, B.Enkhjargal, B.Altanzul (SEM)",2025-09-09,en,Wehrlite,Верлит,"Poikilitic, drusitic (opx-cpx coronas on olivine); massive; ore disseminated, spotted, replacement","[{""mineral"": ""Olivine"", ""pct"": ""50-55""}, {""mineral"": ""Clinopyroxene (augite)"", ""pct"": ""20-25""}, {""mineral"": ""Orthopyroxene"", ""pct"": ""10-15""}, {""mineral"": ""Plagioclase (labradorite An52)"", ""pct"": ""5-10""}, {""mineral"": ""Biotite"", ""pct"": ""5""}, {""mineral"": ""Ore minerals"", ""pct"": ""2-5""}, {""mineral"": ""Chalcopyrrhotite"", ""pct"": ""1-2""}, {""mineral"": ""Pyrrhotite"", ""pct"": ""2-3""}, {""mineral"": ""Pentlandite"", ""pct"": ""<1""}, {""mineral"": ""Magnetite"", ""pct"": ""3-5""}, {""mineral"": ""Galena"", ""pct"": ""<1""}, {""mineral"": ""Millerite"", ""pct"": ""<1""}]",Olivine partly bowlingite/serpentine replaced with serpentine-ore veinlet bands; biotite weakly chloritized,"Sequence platinum - magnetite - pyrrhotite - chalcopyrrhotite - millerite - galena - magnetite; chalcopyrrhotite clusters to 4.4 mm; two magnetite generations (interstitial Cr-bearing disseminated; olivine-breakdown); SEM-EDX confirmed Cr-magnetite, millerite, platinum and a rare galena grain",Wehrlite with drusitic coronas; Ni-Cu sulfide disseminations plus SEM-confirmed platinum and exotic galena (rare in ultramafics; noted as reported in small amounts at Noril'sk).,tag,
46564,D0424,46564,,,"Report_ABM 2025.09.09 final.pdf (MUST lab, 22 samples, SEM-EDX)","MUST (ШУТИС) Mineral Resource Research professor team — B.Enkhjargal (PhD), T.Oyunchimeg (PhD), N.Bolorchimeg (PhD), B.Altanzul (PhD); client: Ragnarok Investment LLC | T.Oyunchimeg, B.Enkhjargal, B.Altanzul (SEM)",2025-09-09,en,Hornblende peridotite,Эвэрхуурмагт перидотит,"Poikilitic, hypidiomorphic granular; massive","[{""mineral"": ""Olivine"", ""pct"": ""30-35""}, {""mineral"": ""Clinopyroxene (diopside)"", ""pct"": ""20-25""}, {""mineral"": ""Hornblende"", ""pct"": ""20-25""}, {""mineral"": ""Plagioclase"", ""pct"": ""5-10""}, {""mineral"": ""Orthopyroxene (bastite-altered)"", ""pct"": ""0-5""}, {""mineral"": ""Biotite"", ""pct"": ""5-8""}, {""mineral"": ""Ore minerals"", ""pct"": ""10-15""}, {""mineral"": ""Magnetite"", ""pct"": ""3-5""}, {""mineral"": ""Pyrrhotite"", ""pct"": ""3-5""}, {""mineral"": ""Chalcopyrrhotite"", ""pct"": ""2-4""}, {""mineral"": ""Pentlandite"", ""pct"": ""1-3""}, {""mineral"": ""Platinum"", ""pct"": ""<1""}]",Olivine serpentine-antigorite replaced with mesh-textured serpentine-ore veinlets; opx bastitized; hornblende weakly chloritized; actinolite,"Sequence platinum - magnetite - pyrrhotite - chalcopyrrhotite - pentlandite - magnetite; pyrrhotite dominant (clusters to 3 mm) hosting chalcopyrrhotite and pentlandite; two magnetite generations, disseminated one carries up to 20% Cr (SEM); SEM-EDX newly identified platinum/ferroan platinum; Co-bearing pentlandite","Hornblende peridotite with 10-15% ore: pyrrhotite-chalcopyrrhotite-pentlandite Ni-Cu assemblage plus SEM-confirmed Pt; interstitial Cr-magnetite vs Fe-only magnetite after olivine. Ni chiefly in pentlandite, Cu in chalcopyrrhotite.",tag,
46342,D0425,46342,,,"Report_ABM 2025.09.09 final.pdf (MUST lab, 22 samples, SEM-EDX)","MUST (ШУТИС) Mineral Resource Research professor team — B.Enkhjargal (PhD), T.Oyunchimeg (PhD), N.Bolorchimeg (PhD), B.Altanzul (PhD); client: Ragnarok Investment LLC | T.Oyunchimeg, B.Enkhjargal",2025-09-09,mn,Hornblende gabbrodiorite,Эвэрхуурмагт габбродиорит,"Hypidiomorphic granular, poikilo-ophitic; massive; ore disseminated, spotted","[{""mineral"": ""Plagioclase"", ""pct"": ""40-45""}, {""mineral"": ""Clinopyroxene (diopside-hedenbergite)"", ""pct"": ""15-20""}, {""mineral"": ""Hornblende"", ""pct"": ""30-35""}, {""mineral"": ""Ore minerals"", ""pct"": ""5-10""}, {""mineral"": ""Pyrite"", ""pct"": ""2-3""}, {""mineral"": ""Magnetite"", ""pct"": ""3-5""}, {""mineral"": ""Chalcopyrite"", ""pct"": ""<1""}, {""mineral"": ""Platinum"", ""pct"": ""<1""}]",Plagioclase fully carbonate-sericite replaced; hornblende weakly chlorite-carbonate; late quartz-carbonate clots,"Magnetite dominant (to 0.8 mm); pyrite clusters to 0.7 mm; fine chalcopyrite 0.05 mm; platinum as isolated disseminated grains to 0.25 mm — no mutual spatial relations, growth sequence indeterminate",Altered hornblende gabbrodiorite carrying isolated platinum grains alongside disseminated magnetite-pyrite-chalcopyrite.,tag,
46592,D0426,46592,,,"Report_ABM 2025.09.09 final.pdf (MUST lab, 22 samples, SEM-EDX)","MUST (ШУТИС) Mineral Resource Research professor team — B.Enkhjargal (PhD), T.Oyunchimeg (PhD), N.Bolorchimeg (PhD), B.Altanzul (PhD); client: Ragnarok Investment LLC | T.Oyunchimeg, B.Enkhjargal",2025-09-09,en,Olivine-bearing websterite,Оливинтой вебстерит,"Uneven-grained; massive; ore disseminated, spotted","[{""mineral"": ""Clinopyroxene (diopside)"", ""pct"": ""20-25""}, {""mineral"": ""Orthopyroxene (bastite-rimmed)"", ""pct"": ""10-15""}, {""mineral"": ""Olivine"", ""pct"": ""20-25""}, {""mineral"": ""Plagioclase (labradorite An50-52)"", ""pct"": ""15-20""}, {""mineral"": ""Hornblende"", ""pct"": ""15-20""}, {""mineral"": ""Biotite"", ""pct"": ""3-5""}, {""mineral"": ""Ore minerals"", ""pct"": ""5-10""}, {""mineral"": ""Magnetite"", ""pct"": ""3-5""}, {""mineral"": ""Chalcopyrrhotite"", ""pct"": ""<1""}, {""mineral"": ""Pyrrhotite"", ""pct"": ""<1""}, {""mineral"": ""Pentlandite"", ""pct"": ""<1""}, {""mineral"": ""Millerite"", ""pct"": ""<1""}, {""mineral"": ""Platinum"", ""pct"": ""<1""}]",Olivine fully serpentine-talc pseudomorphed (shape kept) with ore-dust bands; opx bastite; hornblende weakly chloritized,Platinum disseminations to 0.2 mm with altered olivine; magnetite interstitial and corroding chalcopyrrhotite; chalcopyrrhotite replacing pyrrhotite (to 1 mm); euhedral pentlandite 0.05 mm; millerite disseminations to 0.5 mm partly replacing magnetite,"Olivine websterite with low-grade but diverse Ni-Cu-PGE assemblage: platinum, millerite, pentlandite, chalcopyrrhotite, pyrrhotite and magnetite.",tag,
46489,D0427,46489,,,"Report_ABM 2025.09.09 final.pdf (MUST lab, 22 samples, SEM-EDX)","MUST (ШУТИС) Mineral Resource Research professor team — B.Enkhjargal (PhD), T.Oyunchimeg (PhD), N.Bolorchimeg (PhD), B.Altanzul (PhD); client: Ragnarok Investment LLC | N.Bolorchimeg (petro+minera+SEM)",2025-09-09,en,Hornblende wehrlite,Эвэрхуурмагт верлит,"Poikilitic; massive; ore disseminated, spotted","[{""mineral"": ""Olivine"", ""pct"": ""50-55""}, {""mineral"": ""Clinopyroxene"", ""pct"": ""10-15""}, {""mineral"": ""Orthopyroxene"", ""pct"": ""1-2""}, {""mineral"": ""Hornblende"", ""pct"": ""15-20""}, {""mineral"": ""Apatite"", ""pct"": ""1-2""}, {""mineral"": ""Phlogopite"", ""pct"": ""2-3""}, {""mineral"": ""Plagioclase"", ""pct"": ""2-3""}, {""mineral"": ""Ore minerals"", ""pct"": ""10-12""}, {""mineral"": ""Chalcopyrite"", ""pct"": ""1-2""}, {""mineral"": ""Pyrite"", ""pct"": ""1-2""}, {""mineral"": ""Pentlandite"", ""pct"": ""~1""}, {""mineral"": ""Ilmenite"", ""pct"": ""~1""}, {""mineral"": ""Chromite"", ""pct"": ""1-2""}, {""mineral"": ""Magnetite"", ""pct"": ""4-5""}]","Olivine fully talc-serpentine(-calcite) pseudomorphed with magnetite-bearing serpentine veinlets; secondary calcite, chlorite; plagioclase argillized",Chalcopyrite-pyrite-pentlandite association (EDS-confirmed; pentlandite with Ag up to 12.6% in one point analysis); euhedral chromite 0.025 mm and magnetite in olivine pseudomorphs (chromite primary magmatic and secondary from olivine breakdown); ilmenite with amphibole; sulfides from silicate-sulfide melt segregation,Hornblende wehrlite with 10-12% ore minerals; SEM-EDX documents chalcopyrite-pyrite-pentlandite intergrowths and chromite-magnetite in serpentinized olivine.,tag,
46336,D0428,46336,,,"Report_ABM 2025.09.09 final.pdf (MUST lab, 22 samples, SEM-EDX)","MUST (ШУТИС) Mineral Resource Research professor team — B.Enkhjargal (PhD), T.Oyunchimeg (PhD), N.Bolorchimeg (PhD), B.Altanzul (PhD); client: Ragnarok Investment LLC | T.Oyunchimeg, B.Enkhjargal",2025-09-09,en,Diorite,Диорит,Hypidiomorphic granular; massive; ore disseminated,"[{""mineral"": ""Plagioclase"", ""pct"": ""50-53""}, {""mineral"": ""Hornblende"", ""pct"": ""40-45""}, {""mineral"": ""Quartz"", ""pct"": ""few""}, {""mineral"": ""Apatite"", ""pct"": ""accessory""}, {""mineral"": ""Ore minerals"", ""pct"": ""5-7""}, {""mineral"": ""Magnetite"", ""pct"": ""3-4""}, {""mineral"": ""Pentlandite"", ""pct"": ""1-2""}, {""mineral"": ""Chalcopyrite"", ""pct"": ""<1""}, {""mineral"": ""Arsenopyrite"", ""pct"": ""<1""}]",Plagioclase carbonate-sericite replaced; hornblende weakly chloritized; hydrothermal chlorite-carbonate-sericite,"Disseminated magnetite (0.5 mm); euhedral pentlandite to 0.1 mm with talc-carbonate; sparse chalcopyrite 0.1 mm; disseminated arsenopyrite to 0.7 mm; no mutual relations, sequence indeterminate",Hornblende diorite with unusual disseminated pentlandite and arsenopyrite in an intermediate intrusive.,tag,
41546,D0429,41546,,,"Report_ABM 2025.09.09 final.pdf (MUST lab, 22 samples, SEM-EDX)","MUST (ШУТИС) Mineral Resource Research professor team — B.Enkhjargal (PhD), T.Oyunchimeg (PhD), N.Bolorchimeg (PhD), B.Altanzul (PhD); client: Ragnarok Investment LLC | T.Oyunchimeg, B.Enkhjargal",2025-09-09,en,Olivine gabbro,Оливинт габбро,"Ophitic, poikilitic; massive","[{""mineral"": ""Clinopyroxene (augite)"", ""pct"": ""25-30""}, {""mineral"": ""Olivine"", ""pct"": ""25-30""}, {""mineral"": ""Plagioclase"", ""pct"": ""20-25""}, {""mineral"": ""Hornblende"", ""pct"": ""15-20""}, {""mineral"": ""Biotite"", ""pct"": ""3-5""}, {""mineral"": ""Ore minerals"", ""pct"": ""5-10""}, {""mineral"": ""Magnetite"", ""pct"": ""2-3""}, {""mineral"": ""Chalcopyrrhotite"", ""pct"": ""<1""}, {""mineral"": ""Pentlandite"", ""pct"": ""<1""}, {""mineral"": ""Pyrrhotite"", ""pct"": ""1-2""}, {""mineral"": ""Ilmenite"", ""pct"": ""1-2""}]",Olivine fully talcose (shape kept) with ore-dust bands along fractures; plagioclase sericite-saussurite; hornblende/biotite chloritized; calcite veinlets with secondary apatite,"Pyrrhotite (to 1 mm, spotted) rimmed by chalcopyrrhotite; pentlandite to 0.4 mm intergrown with both; magnetite to 2 mm — SEM-EDX shows it carries Cr and Ti; ilmenite with pyrrhotite",Olivine gabbro with talc-pseudomorphed olivine; disseminated Ni-Cu assemblage (pyrrhotite-chalcopyrrhotite-pentlandite) and Cr-Ti-bearing magnetite.,tag,
43542,D0430,43542,,,"Report_ABM 2025.09.09 final.pdf (MUST lab, 22 samples, SEM-EDX)","MUST (ШУТИС) Mineral Resource Research professor team — B.Enkhjargal (PhD), T.Oyunchimeg (PhD), N.Bolorchimeg (PhD), B.Altanzul (PhD); client: Ragnarok Investment LLC | T.Oyunchimeg, B.Enkhjargal",2025-09-09,en,Rhyolite porphyry,Риолит-порфир,Porphyritic (glomeroporphyritic); groundmass microfelsitic; massive,"[{""mineral"": ""Plagioclase"", ""pct"": ""30-35""}, {""mineral"": ""K-feldspar (micropertite)"", ""pct"": ""30-35""}, {""mineral"": ""Quartz"", ""pct"": ""30-35""}, {""mineral"": ""Biotite"", ""pct"": ""3-5""}, {""mineral"": ""Pyrite"", ""pct"": ""1-2""}, {""mineral"": ""Hematite"", ""pct"": ""<1""}, {""mineral"": ""Apatite"", ""pct"": ""accessory""}]",Weak pelite-sericite on feldspars; weak brecciation with biotite + ore dust along fractures; iron-hydroxide staining,Pyrite disseminations to 0.6 mm partly replaced by hematite; hematite hairline veinlets to 0.1 mm; sequence pyrite - hematite,Felsic rhyolite porphyry with glomeroporphyritic feldspar-quartz phenocrysts (65-70%); weak pyrite-hematite mineralisation only.,tag,
46470,D0431,46470,,,"Report_ABM 2025.09.09 final.pdf (MUST lab, 22 samples, SEM-EDX)","MUST (ШУТИС) Mineral Resource Research professor team — B.Enkhjargal (PhD), T.Oyunchimeg (PhD), N.Bolorchimeg (PhD), B.Altanzul (PhD); client: Ragnarok Investment LLC | T.Oyunchimeg, B.Enkhjargal",2025-09-09,en,Altered andesite,Хувирсан андезит,"Porphyritic; groundmass lepidogranoblastic (metamorphosed); massive, weakly brecciated; ore disseminated, spotted","[{""mineral"": ""Plagioclase"", ""pct"": ""45-50""}, {""mineral"": ""Hornblende"", ""pct"": ""40-45""}, {""mineral"": ""Quartz"", ""pct"": ""5""}, {""mineral"": ""Chalcopyrite"", ""pct"": ""<1""}, {""mineral"": ""Pyrite"", ""pct"": ""1-2""}, {""mineral"": ""Magnetite"", ""pct"": ""1-2""}]","Phenocrysts pseudomorphed: plagioclase to chlorite-epidote-sericite, hornblende to chlorite-tremolite; groundmass recrystallized (lepidogranoblastic); cut by 0.5 mm quartz-carbonate veins",Sequence magnetite - pyrite - chalcopyrite; pyrite to 1.4 mm with chalcopyrite filling its micro-fractures (later); lone chalcopyrite disseminations; isolated magnetite to 1 mm,Metamorphosed/altered andesite with weak pyrite-chalcopyrite mineralisation along recrystallized groundmass and veins.,tag,
46369,D0432,46369,,,"Report_ABM 2025.09.09 final.pdf (MUST lab, 22 samples, SEM-EDX)","MUST (ШУТИС) Mineral Resource Research professor team — B.Enkhjargal (PhD), T.Oyunchimeg (PhD), N.Bolorchimeg (PhD), B.Altanzul (PhD); client: Ragnarok Investment LLC | T.Oyunchimeg, B.Enkhjargal",2025-09-09,en,Andesite tuff,Андезитын туф,"Litho-crystalloclastic; matrix microlitic; massive; ore disseminated, spotted","[{""mineral"": ""Plagioclase"", ""pct"": ""60-65""}, {""mineral"": ""Hornblende"", ""pct"": ""10-15""}, {""mineral"": ""Biotite"", ""pct"": ""3-5""}, {""mineral"": ""Volcanic glass"", ""pct"": ""15-20""}, {""mineral"": ""Pyrite"", ""pct"": ""<1""}, {""mineral"": ""Chalcopyrite"", ""pct"": ""<1""}, {""mineral"": ""Rutile"", ""pct"": ""1-2""}, {""mineral"": ""Zircon"", ""pct"": ""accessory""}, {""mineral"": ""Apatite"", ""pct"": ""accessory""}]","Hornblende partly carbonate-tremolite-chlorite; glass partly chlorite-epidote; epidote-zoisite, carbonate secondary",Euhedral pyrite 0.3 mm grains and clusters to 1.6 mm; chalcopyrite disseminations to 0.2 mm; no mutual spatial relations; secondary rutile,Crystal-lithic andesite tuff (andesite and dacite clasts 45-50%) with sparse disseminated pyrite-chalcopyrite.,tag,
41582,D0433,41582,,,"Report_ABM 2025.09.09 final.pdf (MUST lab, 22 samples, SEM-EDX)","MUST (ШУТИС) Mineral Resource Research professor team — B.Enkhjargal (PhD), T.Oyunchimeg (PhD), N.Bolorchimeg (PhD), B.Altanzul (PhD); client: Ragnarok Investment LLC | T.Oyunchimeg",2025-09-09,mn,Altered quartz diorite,Хувирсан кварцат диорит,"Relict hypidiomorphic; massive, weakly brecciated","[{""mineral"": ""Hornblende"", ""pct"": ""40-45""}, {""mineral"": ""Plagioclase"", ""pct"": ""45-50""}, {""mineral"": ""Quartz (primary+secondary)"", ""pct"": ""5-10""}, {""mineral"": ""Ore minerals"", ""pct"": ""2-3""}, {""mineral"": ""Carbonate (secondary)"", ""pct"": null}, {""mineral"": ""Chlorite (secondary)"", ""pct"": null}]",Very strong carbonatisation; plagioclase weakly sericitized; amphibole fully chlorite-carbonate pseudomorphed; secondary quartz-carbonate fills brecciated interstices,Accessory ore grains with altered hornblende; apatite accessory,Strongly carbonatised quartz diorite with pseudomorphed amphibole; near-barren.,tag,
43664,D0434,43664,,,"Report_ABM 2025.09.09 final.pdf (MUST lab, 22 samples, SEM-EDX)","MUST (ШУТИС) Mineral Resource Research professor team — B.Enkhjargal (PhD), T.Oyunchimeg (PhD), N.Bolorchimeg (PhD), B.Altanzul (PhD); client: Ragnarok Investment LLC | T.Oyunchimeg",2025-09-09,mn,Metasomatically strongly altered andesidacite,Метасоматоз хувиралд хүчтэй орсон андезидацит,"Blastoporphyritic, lepidogranoblastic; massive, porous","[{""mineral"": ""Epidote"", ""pct"": ""35-40""}, {""mineral"": ""Chlorite"", ""pct"": ""35-40""}, {""mineral"": ""Quartz+plagioclase"", ""pct"": ""10-15""}, {""mineral"": ""Sericite"", ""pct"": ""10-15""}, {""mineral"": ""Ore minerals"", ""pct"": ""2-3""}]",Near-total metasomatic replacement: epidote pseudomorphs after amphibole/biotite phenocrysts; quartz-epidote false amygdules; sericite-chlorite groundmass,Accessory only (2-3%),Andesidacite converted to an epidote-chlorite-sericite-quartz metasomatite; ore minerals accessory.,tag,
43570,D0435,43570,,,"Report_ABM 2025.09.09 final.pdf (MUST lab, 22 samples, SEM-EDX)","MUST (ШУТИС) Mineral Resource Research professor team — B.Enkhjargal (PhD), T.Oyunchimeg (PhD), N.Bolorchimeg (PhD), B.Altanzul (PhD); client: Ragnarok Investment LLC | T.Oyunchimeg",2025-09-09,mn,Plagioclase-quartz-calcite metasomatite,Плагиоклаз-кварц-кальцитын метасоматит,"Relict granitic, metasomatic; weakly schistose","[{""mineral"": ""Quartz"", ""pct"": ""50-55""}, {""mineral"": ""Calcite"", ""pct"": ""15-20""}, {""mineral"": ""Feldspar"", ""pct"": ""10-15""}, {""mineral"": ""Biotite"", ""pct"": ""5""}, {""mineral"": ""Ore minerals"", ""pct"": ""2-3""}, {""mineral"": ""Apatite"", ""pct"": ""accessory""}, {""mineral"": ""Fluorite"", ""pct"": ""<1""}]",Silicification (quartz lenses/clots); cataclasis with 0.5 mm quartz-carbonate veins (weak breccia); sericite,Cubic and irregular ore grains 0.1-0.5 mm with carbonate veinlets and scattered; fluorite noted in vein cement,"Silicified, carbonated cataclastic metasomatite over probable granitic protolith; minor disseminated ore and trace fluorite.",tag,
45616,D0436,BS001-111.5 (45616),BS001,111.5,BayanSair_Drilling Sample Petrography_12 Sample.docx,,,en,Altered diorite porphyry,Хувирсан диорит порфир,"Porphyritic; groundmass micro-prismatic granular, partly subophitic; massive","[{""mineral"": ""Altered plagioclase"", ""pct"": ""75-80""}, {""mineral"": ""Altered hornblende"", ""pct"": ""20-25""}, {""mineral"": ""Pyrite"", ""pct"": ""few""}, {""mineral"": ""Goethite"", ""pct"": ""few""}, {""mineral"": ""Hydrogoethite"", ""pct"": ""few""}]","Sericite, pelite, quartz, actinolite; epigenetic quartz and carbonate veinlets 0.03-1.0 mm; hornblende partly silicified",Pyrite-goethite-hydrogoethite paragenesis; disseminated pyrite/goethite 0.02-0.1 mm plus dust-like pyrite micro-lenses; hydrogoethite hairline veinlets along fractures,Field: andesite. Diorite porphyry with 20-25% micro-phenocrysts of altered plagioclase and blue-green hornblende in a micro-prismatic groundmass; weak pyrite + iron-oxide mineralisation. (Report summary lists this sample as 45621; the per-sample header reads 45616.),tag,
45625,D0437,BS001-195.3 (45625),BS001,195.3,BayanSair_Drilling Sample Petrography_12 Sample.docx,,,mn,Altered medium- to fine-grained hornblende gabbrodiorite,Хувирсан дунд жижиг ширхэгтэй эвэрхуурмагт габбродиорит,"Porphyritic tendency; subophitic, locally prismatic granular to poikilo-ophitic; massive","[{""mineral"": ""Altered plagioclase"", ""pct"": ""65-70""}, {""mineral"": ""Altered hornblende"", ""pct"": ""25-30""}, {""mineral"": ""Biotite"", ""pct"": ""1-2""}, {""mineral"": ""Pyrite"", ""pct"": ""3-5""}, {""mineral"": ""Ilmenite"", ""pct"": ""0.5""}, {""mineral"": ""Titanite"", ""pct"": ""few""}]",Weak sericite-pelite on plagioclase; hornblende margins to actinolite; leucoxene,Ilmenite-pyrite paragenesis; ilmenite micro-disseminations with hornblende; euhedral pyrite 0.1-0.5 mm as disseminations and micro-lenses,Field: dolerite. Fresh-ish hornblende gabbrodiorite with even pyrite dissemination.,tag,
45632,D0438,BS001-281.2 (45632),BS001,281.2,BayanSair_Drilling Sample Petrography_12 Sample.docx,,,mn,Altered gabbrodiorite porphyry,Хувирсан габбродиорит порфир,"Porphyritic; groundmass micro-prismatic granular, partly subophitic; massive","[{""mineral"": ""Altered plagioclase"", ""pct"": ""55-60""}, {""mineral"": ""Altered hornblende"", ""pct"": ""30-35""}, {""mineral"": ""Biotite"", ""pct"": ""1-3""}, {""mineral"": ""Pyrite"", ""pct"": ""3-5""}, {""mineral"": ""Magnetite"", ""pct"": ""0.2-0.5""}, {""mineral"": ""Hematite"", ""pct"": ""few""}, {""mineral"": ""Ilmenite"", ""pct"": ""few""}, {""mineral"": ""Titanite"", ""pct"": ""few""}]","Sericite, pelite, chlorite, actinolite, carbonate; epigenetic carbonate veinlets 0.05-1.5 mm plus quartz-chlorite lenses","Magnetite/ilmenite-hematite-pyrite paragenesis; magnetite micro-disseminations with hornblende, weakly martitized; pyrite 0.1-1.0 mm mostly within chlorite-carbonate lenses and veinlets",Field: gabbro/gabbrodiorite. Gabbrodiorite porphyry (phenocrysts 20-25%) with pyrite in late carbonate veins.,tag,
45634,D0439,BS001-284.2 (45634),BS001,284.2,BayanSair_Drilling Sample Petrography_12 Sample.docx,,,mn,Altered gabbrodiorite porphyry,Хувирсан габбродиорит порфир,"Porphyritic; groundmass micro-prismatic granular, partly subophitic; massive","[{""mineral"": ""Altered plagioclase"", ""pct"": ""70-75""}, {""mineral"": ""Altered hornblende"", ""pct"": ""25-30""}, {""mineral"": ""Mon. pyroxene"", ""pct"": ""few""}, {""mineral"": ""Biotite"", ""pct"": ""1-3""}, {""mineral"": ""Pyrite"", ""pct"": ""3-5""}, {""mineral"": ""Ilmenite+magnetite"", ""pct"": ""0.2-0.5""}, {""mineral"": ""Titanite"", ""pct"": ""few""}, {""mineral"": ""Carbonate (epigenetic)"", ""pct"": ""3-5""}, {""mineral"": ""Quartz (epigenetic)"", ""pct"": ""few""}]","Sericite, pelite, chlorite; carbonate-chlorite veinlets cutting pyroxene",Titanite-ilmenite-pyrite paragenesis; skeletal (cage-like) ilmenite intergrowths with hornblende; pyrite 0.02-0.6 mm disseminated with mafics plus micro-lenses in carbonate-quartz veins,Same as BS001-281.2 with rare fresh mon.pyroxene phenocrysts; even pyrite dissemination.,tag,
45635,D0440,BS001-287 (45635),BS001,287.0,BayanSair_Drilling Sample Petrography_12 Sample.docx,,,en,Altered diorite porphyry,Хувирсан диорит порфир,"Porphyritic; groundmass micro-prismatic granular, locally subophitic; massive","[{""mineral"": ""Altered plagioclase"", ""pct"": ""70-75""}, {""mineral"": ""Altered biotite"", ""pct"": ""10-15""}, {""mineral"": ""Altered hornblende"", ""pct"": ""3-5""}, {""mineral"": ""Pyrite"", ""pct"": ""0.5-1.0""}, {""mineral"": ""Ilmenite"", ""pct"": ""1-3""}, {""mineral"": ""Titanite"", ""pct"": ""few""}, {""mineral"": ""Apatite"", ""pct"": ""few""}]","Sericite, pelite, chlorite, actinolite, carbonate; mafic phenocrysts fully carbonate-bearing chlorite pseudomorphs (after hornblende and biotite); epigenetic carbonate veinlets 0.05-0.2 mm",Titanite-ilmenite-pyrite paragenesis; magmatic skeletal ilmenite disseminated with altered mafics; pyrite 0.02-0.3 mm disseminations (with mafics) and micro-lenses in carbonate lenses,Field: gabbro. Diorite porphyry with chlorite-pseudomorphed mafic phenocrysts; weak pyrite-ilmenite mineralisation.,tag,
45656,D0441,BS001-443 (45656),BS001,443.0,BayanSair_Drilling Sample Petrography_12 Sample.docx,,,mn,"Carbonatised, silicified altered gabbrodiorite porphyry","Карбонатчлагдаж, цахиуржсан хувирсан габбродиорит порфир","Porphyritic; groundmass micro-prismatic granular, partly subophitic; massive","[{""mineral"": ""Altered plagioclase"", ""pct"": ""70-75""}, {""mineral"": ""Altered hornblende"", ""pct"": ""20-25""}, {""mineral"": ""Pyrite"", ""pct"": ""1-3""}, {""mineral"": ""Ilmenite"", ""pct"": ""0.5""}, {""mineral"": ""Titanite"", ""pct"": ""few""}, {""mineral"": ""Apatite"", ""pct"": ""few""}, {""mineral"": ""Chalcopyrite"", ""pct"": ""single grains""}, {""mineral"": ""Carbonate (epigenetic)"", ""pct"": ""5""}, {""mineral"": ""Quartz (epigenetic)"", ""pct"": ""1-3""}, {""mineral"": ""Chlorite (epigenetic)"", ""pct"": ""1-2""}]","Carbonatisation and silicification: quartz-carbonate(-pyrite) lenses/veinlets 0.05-0.4 mm; sericite, pelite, chlorite, actinolite",Titanite-ilmenite-pyrite paragenesis; pyrite 0.02-0.6 mm disseminated and as 0.2-0.5 mm veinlets with quartz-carbonate veins; rare chalcopyrite micrograins 0.03-0.1 mm,Field: dacite. Quartz-pyrite veined gabbrodiorite porphyry; weak Cu (single chalcopyrite grains).,tag,
45659,D0442,BS001-460.3 (45659),BS001,460.3,BayanSair_Drilling Sample Petrography_12 Sample.docx,,,en,Strongly altered gabbrodiorite porphyry,Хүчтэй хувирсан габбродиорит порфир,"Porphyritic; groundmass micro-prismatic granular, subophitic, partly micronematolepidoblastic; massive","[{""mineral"": ""Altered plagioclase"", ""pct"": ""65-70""}, {""mineral"": ""Altered hornblende"", ""pct"": ""20-25""}, {""mineral"": ""Biotite"", ""pct"": ""3-5""}, {""mineral"": ""Pyrite"", ""pct"": ""1""}, {""mineral"": ""Ilmenite+magnetite"", ""pct"": ""0.5-1""}, {""mineral"": ""Titanite"", ""pct"": ""few""}, {""mineral"": ""Chalcopyrite"", ""pct"": ""few""}]","Sericite, pelite, chlorite, actinolite; epigenetic carbonate, quartz, chlorite, actinolite, muscovite veinlets 0.05-0.1 mm; biotite-chlorite aggregates replacing hornblende",Titanite-ilmenite-chalcopyrite-pyrite paragenesis; pyrite 0.02-0.5 mm intergrown with altered hornblende and chloritized biotite; chalcopyrite 0.05-0.2 mm replaced by pyrite; biotite-chlorite+chalcopyrite-pyrite micro-lenses,"Field: gabbrodiorite (alkalic gabbro). Strongly altered porphyry; chemistry plots as alkalic gabbrodiorite on TAS, attributed to K-bearing biotite/muscovite; chalcopyrite-pyrite lenses with biotite-chlorite.",tag,
45663,D0443,BS001-483.5 (45663),BS001,483.5,BayanSair_Drilling Sample Petrography_12 Sample.docx,,,en,Altered diorite porphyry,Хувирсан диорит порфир,Porphyritic; groundmass micro-prismatic granular; massive,"[{""mineral"": ""Altered plagioclase"", ""pct"": ""75-80""}, {""mineral"": ""Altered hornblende"", ""pct"": ""15-20""}, {""mineral"": ""Pyrite"", ""pct"": ""few""}, {""mineral"": ""Magnetite"", ""pct"": ""1-3""}, {""mineral"": ""Titanite"", ""pct"": ""few""}]","Sericite, epidote, pelite, actinolite; hornblende to radiating actinolite micronematoblastic aggregates; epigenetic quartz-amphibole-epidote veinlets 0.05-2.5 mm",Titanite-magnetite-pyrite paragenesis; magnetite micro-disseminations 0.01-0.1 mm with titanite and actinolitized hornblende; pyrite 0.02-0.3 mm disseminations,Field: gabbrodiorite (diorite). Diorite porphyry with actinolitized hornblende; oxide-dominant weak mineralisation.,tag,
45675,D0444,BS001-501.2 (45675),BS001,501.2,BayanSair_Drilling Sample Petrography_12 Sample.docx,,,mn,Altered (actinolitized) gabbrodiorite porphyry,Хувирсан (актинолитжсан) габбродиорит порфир,"Porphyritic; groundmass micro-prismatic granular, partly subophitic; massive","[{""mineral"": ""Altered plagioclase"", ""pct"": ""70-75""}, {""mineral"": ""Altered hornblende"", ""pct"": ""25-30""}, {""mineral"": ""Altered biotite"", ""pct"": ""few""}, {""mineral"": ""Pyrite"", ""pct"": ""0.5-1.0""}, {""mineral"": ""Magnetite"", ""pct"": ""1-2""}, {""mineral"": ""Titanite"", ""pct"": ""few""}, {""mineral"": ""Chalcopyrite"", ""pct"": ""single grains""}, {""mineral"": ""Quartz+carbonate (epigenetic)"", ""pct"": ""3-5""}]","Actinolitization (hornblende and plagioclase both replaced by acicular actinolite aggregates); sericite, carbonate, epidote; carbonate-quartz veinlets 0.05-1.0 mm",Titanite-magnetite-chalcopyrite-pyrite paragenesis; magnetite 0.01-0.2 mm with titanite and actinolitized hornblende; pyrite 0.02-0.3 mm; single chalcopyrite micrograins 0.02-0.1 mm inside pyrite-rich lens patches,Field: gabbrodiorite (gabbro). Actinolitized porphyry with weak magnetite-pyrite(-chalcopyrite) dissemination.,tag,
45681,D0445,BS001-510.2 (45681),BS001,510.2,BayanSair_Drilling Sample Petrography_12 Sample.docx,,,mn,Altered (strongly actinolitized) gabbrodiorite porphyry,Хувирсан (хүчтэй актинолитжсан) габбродиорит порфир,"Porphyritic; groundmass micro-prismatic granular, occasionally subophitic; massive","[{""mineral"": ""Altered plagioclase"", ""pct"": ""75-80""}, {""mineral"": ""Altered hornblende"", ""pct"": ""25-30""}, {""mineral"": ""Pyrite"", ""pct"": ""0.5""}, {""mineral"": ""Magnetite"", ""pct"": ""0.5-1.0""}, {""mineral"": ""Titanite"", ""pct"": ""few""}, {""mineral"": ""Chalcopyrite"", ""pct"": ""few""}, {""mineral"": ""Quartz+epidote (epigenetic)"", ""pct"": ""20-25""}]","Strong actinolitization (acicular actinolite nematoblastic aggregate ~40% of rock, after both hornblende and plagioclase); sericite, chlorite, epidote (relatively abundant); quartz-epidote veinlets 0.05-2.0 mm",Titanite-magnetite-pyrite paragenesis; magnetite 0.01-0.2 mm titanite-rimmed; pyrite 0.02-0.3 mm; chalcopyrite micro-clusters 0.01-0.1 mm inside fine pyrite,Like BS001-501.2 but more intensely actinolitized and epidotized; weak sulfide-oxide mineralisation.,tag,
45652,D0446,BS001-380.5 (45652),BS001,380.5,BayanSair_Drilling Sample Petrography_12 Sample.docx,,,mn,"Silicified, pyritized silty argillite","Цахиуржиж, пиритжсэн алевритлаг аргиллит","Blastoaleuropelitic; matrix cryptolepidoblastic; weakly schistose, lenticular, banded","[{""mineral"": ""Clayey-micaceous aggregate"", ""pct"": ""80-85""}, {""mineral"": ""Silt/sand relict fragments"", ""pct"": ""3-5""}, {""mineral"": ""Microdiorite fragments/lenses"", ""pct"": ""1-3""}, {""mineral"": ""Quartz (epigenetic)"", ""pct"": ""5-8""}, {""mineral"": ""Carbonate (epigenetic)"", ""pct"": ""1-3""}, {""mineral"": ""Pyrite"", ""pct"": ""5-8""}, {""mineral"": ""Goethite"", ""pct"": ""few""}]",Silicification; quartz-carbonate lenses/veinlets 0.1-2.0 mm; quartz-sericite bands 1-2 mm with pyrite; XRD suggested for the cryptocrystalline clay-mica aggregate,Pyrite-goethite paragenesis; pyrite lenses/veins 0.1-1.5 mm within quartz-carbonate veinlets and in quartz-sericite bands; single goethite grains,Field: siltstone. Cryptolepidoblastic clay-sericite argillite with albite/microdiorite chips (possible xenoliths); pyritization tied to late quartz-carbonate.,tag,
45652,D0447,BS001-380.8 (45652/45653),BS001,380.8,BayanSair_Drilling Sample Petrography_12 Sample.docx,,,mn,"Silicified, carbonatised, pyritized silty argillite (phyllite)","Цахиуржиж, карбонатчлагдаж, пиритжсэн алевритлаг аргиллит (филлит)","Blastoaleuropelitic; matrix cryptolepidoblastic; weakly schistose, lenticular, banded","[{""mineral"": ""Clayey-siliceous-sericite aggregate"", ""pct"": ""80-85""}, {""mineral"": ""Silt/sand relict fragments"", ""pct"": ""1-3""}, {""mineral"": ""Microdiorite fragments/lenses"", ""pct"": ""1-3""}, {""mineral"": ""Quartz (epigenetic)"", ""pct"": ""5-8""}, {""mineral"": ""Carbonate (epigenetic)"", ""pct"": ""1-3""}, {""mineral"": ""Pyrite"", ""pct"": ""8-10""}, {""mineral"": ""Pyrrhotite?"", ""pct"": ""few""}, {""mineral"": ""Goethite"", ""pct"": ""few""}]",Strong silicification and carbonatisation; carbonate-quartz lenses/veins 0.05-5 mm; strongly pyritized sericite-quartz bands 1-3 mm,"Pyrite dominant: veinlets of 0.1-0.3 mm grains plus standalone lenses/veins 5-8 mm wide, locally intergrown with muscovite; sparse pyrrhotite within pyrite lenses","Like BS001-380.5 but more strongly veined and pyritized. Lab number printed as 45652 for both 380.5 and 380.8 (report summary lists 45652, 45653 — likely 45653 here).",hole+depth,
46811,D0448,46811,,,MS3_Outcrop Sample_Петрографи-минераграфи 4ш.docx,,,mn,Fine-grained pyroxene-hornblende gabbrodiorite,Жижиг ширхэгтэй пироксен-эвэрхуурмагт габбродиорит,"Ophitic, subophitic, locally poikilo-ophitic; massive","[{""mineral"": ""Altered plagioclase"", ""pct"": ""65-70""}, {""mineral"": ""Mon. pyroxene"", ""pct"": ""10-15""}, {""mineral"": ""Hornblende"", ""pct"": ""10-15""}, {""mineral"": ""Biotite"", ""pct"": ""1-2""}, {""mineral"": ""Pyrite"", ""pct"": ""few""}, {""mineral"": ""Magnetite"", ""pct"": ""3-5""}, {""mineral"": ""Ilmenite"", ""pct"": ""0.5""}, {""mineral"": ""Hematite"", ""pct"": ""0.5""}, {""mineral"": ""Goethite"", ""pct"": ""few""}]","Sericite (plagioclase cores), actinolite, chlorite, carbonate","Magnetite/ilmenite-hematite-pyrite-goethite paragenesis; magnetite dominant, even disseminations 0.02-0.2 mm with pyroxene/hornblende, ~10-15% martitized to hematite; sparse pyrite 0.01-0.1 mm; rare goethite grains/veinlets","Field: gabbrodiorite. Subophitic gabbrodiorite of zoned plagioclase, fresh mon.pyroxene and pale-green hornblende; oxide-dominated accessory mineralisation.",tag,
46810,D0449,46810,,,MS3_Outcrop Sample_Петрографи-минераграфи 4ш.docx,,,en,Altered gabbrodiorite porphyry,Хувирсан габбродиорит-порфир,"Porphyritic; groundmass subophitic, locally poikilo-ophitic; massive","[{""mineral"": ""Altered plagioclase"", ""pct"": ""65-70""}, {""mineral"": ""Mon. pyroxene"", ""pct"": ""15-20""}, {""mineral"": ""Hornblende"", ""pct"": ""8-10""}, {""mineral"": ""Biotite"", ""pct"": ""5-8""}, {""mineral"": ""Pyrite"", ""pct"": ""few""}, {""mineral"": ""Magnetite"", ""pct"": ""2-3""}, {""mineral"": ""Hematite"", ""pct"": ""few""}, {""mineral"": ""Ilmenite"", ""pct"": ""few""}, {""mineral"": ""Goethite"", ""pct"": ""0.5""}, {""mineral"": ""Apatite"", ""pct"": ""single grains""}]",Sericite; hornblende strongly actinolitized; biotite chloritized; weak hydrogoethite staining along fractures,"Magnetite-hematite-pyrite-goethite paragenesis; magnetite/ilmenite disseminations 0.02-0.2 mm with mafics, 15-20% martitized; zoned goethite grains 0.05-0.2 mm containing pyrite relicts",Field: oxidized gabbro? Porphyritic gabbrodiorite (plagioclase phenocrysts 10-15%) with weakly oxidised magnetite-dominated accessory mineralisation; pyrite preserved as relicts in goethite.,tag,
46808,D0450,46808,,,MS3_Outcrop Sample_Петрографи-минераграфи 4ш.docx,,,mn,Fine- to medium-grained pyroxene-hornblende gabbrodiorite,Жижиг дунд ширхэгтэй пироксен-эвэрхуурмагт габбродиорит,"Ophitic, subophitic, locally poikilo-ophitic; massive","[{""mineral"": ""Altered plagioclase"", ""pct"": ""65-70""}, {""mineral"": ""Mon. pyroxene"", ""pct"": ""15-20""}, {""mineral"": ""Hornblende"", ""pct"": ""8-10""}, {""mineral"": ""Biotite"", ""pct"": ""5-8""}, {""mineral"": ""Magnetite"", ""pct"": ""3-5""}, {""mineral"": ""Hematite"", ""pct"": ""few""}, {""mineral"": ""Goethite"", ""pct"": ""few""}, {""mineral"": ""Pyrite"", ""pct"": ""single grains""}, {""mineral"": ""Hydrogoethite"", ""pct"": ""few""}]",Sericite with earthy epidote in plagioclase cores; hornblende strongly actinolitized; biotite partly to fully chlorite pseudomorphed with hydrogoethite along cleavage,"Magnetite-hematite-pyrite-goethite-hydrogoethite paragenesis; magnetite disseminations 0.05-0.2 mm slightly martitized; goethite replacing magnetite, hosting single pyrite relicts; very weak oxidation overall",Field: oxidized gabbro? Subophitic gabbrodiorite very similar to 46811/46810; weakly oxidised oxide-dominant mineralisation.,tag,
46812,D0451,46812,,,MS3_Outcrop Sample_Петрографи-минераграфи 4ш.docx,,,en,Spotted meta-siltstone,Толболог метаалевролит,"Blastoaleuritic, microlepidoblastic; schistose, spotted, weakly folded","[{""mineral"": ""Quartz (silt fragments)"", ""pct"": ""25-30""}, {""mineral"": ""Plagioclase (fragments)"", ""pct"": ""few""}, {""mineral"": ""Clayey-sericite matrix"", ""pct"": ""70-75""}, {""mineral"": ""Goethite"", ""pct"": ""1-2""}, {""mineral"": ""Hydrogoethite"", ""pct"": ""3-5""}, {""mineral"": ""Pyrite"", ""pct"": ""few""}]",Sericite spots 0.6-1.0 mm (35-40% of rock); iron-hydroxide staining,Pyrite-goethite-hydrogoethite paragenesis; goethite-hydrogoethite grains 0.01-0.2 mm and crosscutting veinlets; sparse pyrite dust,Field: spotted rock. Spotted meta-siltstone: aligned clay-sericite matrix with coarse sericite spot clusters and silt quartz fragments; only iron-oxide veinlets with pyrite dust.,tag,
YT-08,D0452,YT-08,,,Yambat Petrographic Master Data.xlsx :: 2022-2024 grab sheet (field description column),ABM field geologist (not named in the sheet),,en,Rhyodacite,,,,,,"Strong porisity sulfide,  sercite alteration zone. sferoid texture in contact part. alteration zone wide 1m. length 25m",grab sheet row,"COVERAGE G9: field (hand-specimen/outcrop) description recovered in v1.1 from the master grab sheet; it is a field call, NOT a microscope determination"
YT-20,D0453,YT-20,,,Yambat Petrographic Master Data.xlsx :: 2022-2024 grab sheet (field description column),ABM field geologist (not named in the sheet),,en,Basalt - Andesite basalt,,,,,,Altered basalt. Wide 2M. STRIKE NW300.,grab sheet row,"COVERAGE G9: field (hand-specimen/outcrop) description recovered in v1.1 from the master grab sheet; it is a field call, NOT a microscope determination"
YM-27,D0454,YM-27,,,Yambat Petrographic Master Data.xlsx :: 2022-2024 grab sheet (field description column),ABM field geologist (not named in the sheet),,en,Andesite porphyry,,,,,,pillow lava. ser mod. mod weath. stuff awaw.,grab sheet row,"COVERAGE G9: field (hand-specimen/outcrop) description recovered in v1.1 from the master grab sheet; it is a field call, NOT a microscope determination"
YM-29,D0455,YM-29,,,Yambat Petrographic Master Data.xlsx :: 2022-2024 grab sheet (field description column),ABM field geologist (not named in the sheet),,en,Subvolcanic Rock,,,,,,SE139. Metasandstone?? 5m orchim zuzaan. high weath. zanar ni q eer herchigdsen. stuff awaw,grab sheet row,"COVERAGE G9: field (hand-specimen/outcrop) description recovered in v1.1 from the master grab sheet; it is a field call, NOT a microscope determination"
YT-21,D0456,YT-21,,,Yambat Petrographic Master Data.xlsx :: 2022-2024 grab sheet (field description column),ABM field geologist (not named in the sheet),,en,Basalt - Andesite basalt,,,,,,basalt-andesibasalt,grab sheet row,"COVERAGE G9: field (hand-specimen/outcrop) description recovered in v1.1 from the master grab sheet; it is a field call, NOT a microscope determination"
YT-38,D0457,YT-38,,,Yambat Petrographic Master Data.xlsx :: 2022-2024 grab sheet (field description column),ABM field geologist (not named in the sheet),,en,Andesite porphyry,,,,,,"Weak-moderate limonite, hematite, weakly pyrite rhyolite dyke",grab sheet row,"COVERAGE G9: field (hand-specimen/outcrop) description recovered in v1.1 from the master grab sheet; it is a field call, NOT a microscope determination"
YT-40,D0458,YT-40,,,Yambat Petrographic Master Data.xlsx :: 2022-2024 grab sheet (field description column),ABM field geologist (not named in the sheet),,en,Tuffsandstone,,,,,,tuff,grab sheet row,"COVERAGE G9: field (hand-specimen/outcrop) description recovered in v1.1 from the master grab sheet; it is a field call, NOT a microscope determination"
2021-01,D0459,2021-01,,,Yambat Petrographic Master Data.xlsx :: 2022-2024 grab sheet (field description column),ABM field geologist (not named in the sheet),,en,,,,,,,Gossan,grab sheet row,"COVERAGE G9: field (hand-specimen/outcrop) description recovered in v1.1 from the master grab sheet; it is a field call, NOT a microscope determination"
OVF-1,D0460,OVF-1,,,Yambat Petrographic Master Data.xlsx :: 2022-2024 grab sheet (field description column),ABM field geologist (not named in the sheet),,en,Quartz vein,,,,,,Gossan,grab sheet row,"COVERAGE G9: field (hand-specimen/outcrop) description recovered in v1.1 from the master grab sheet; it is a field call, NOT a microscope determination"
OVF-2,D0461,OVF-2,,,Yambat Petrographic Master Data.xlsx :: 2022-2024 grab sheet (field description column),ABM field geologist (not named in the sheet),,en,Quartzite,,,,,,quartzite hematite ?,grab sheet row,"COVERAGE G9: field (hand-specimen/outcrop) description recovered in v1.1 from the master grab sheet; it is a field call, NOT a microscope determination"
20,D0462,20,,,Yambat Petrographic Master Data.xlsx :: 2022-2024 grab sheet (field description column),ABM field geologist (not named in the sheet),,en,Dacite Porphyry,,,,,,dacite porphyry,grab sheet row,"COVERAGE G9: field (hand-specimen/outcrop) description recovered in v1.1 from the master grab sheet; it is a field call, NOT a microscope determination"
OV-40,D0463,OV-40,,,Yambat Petrographic Master Data.xlsx :: 2022-2024 grab sheet (field description column),ABM field geologist (not named in the sheet),,en,Intrusive Rock?,,,,,,"Yelowish brown,  porphyry,  weak limonite,  pyrite rock",grab sheet row,"COVERAGE G9: field (hand-specimen/outcrop) description recovered in v1.1 from the master grab sheet; it is a field call, NOT a microscope determination"
OV-41,D0464,OV-41,,,Yambat Petrographic Master Data.xlsx :: 2022-2024 grab sheet (field description column),ABM field geologist (not named in the sheet),,en,mafic intrusive,,,,,,"Light yellowish,  moderate Py,  weak hematite,  moderate limonite altered rock",grab sheet row,"COVERAGE G9: field (hand-specimen/outcrop) description recovered in v1.1 from the master grab sheet; it is a field call, NOT a microscope determination"
OV-51,D0465,OV-51,,,Yambat Petrographic Master Data.xlsx :: 2022-2024 grab sheet (field description column),ABM field geologist (not named in the sheet),,en,altered dolerite,,,,,,Dark grey fine grained altered rhyolite dyke. andesite ?,grab sheet row,"COVERAGE G9: field (hand-specimen/outcrop) description recovered in v1.1 from the master grab sheet; it is a field call, NOT a microscope determination"
sh-14,D0466,sh-14,,,Yambat Petrographic Master Data.xlsx :: 2022-2024 grab sheet (field description column),ABM field geologist (not named in the sheet),,en,Gossan,,,,,,Gossan,grab sheet row,"COVERAGE G9: field (hand-specimen/outcrop) description recovered in v1.1 from the master grab sheet; it is a field call, NOT a microscope determination"
sh-18,D0467,sh-18,,,Yambat Petrographic Master Data.xlsx :: 2022-2024 grab sheet (field description column),ABM field geologist (not named in the sheet),,en,Diorite,,,,,,Gossan,grab sheet row,"COVERAGE G9: field (hand-specimen/outcrop) description recovered in v1.1 from the master grab sheet; it is a field call, NOT a microscope determination"
sh-14-1,D0468,sh-14-1,,,Yambat Petrographic Master Data.xlsx :: 2022-2024 grab sheet (field description column),ABM field geologist (not named in the sheet),,en,Diorite,,,,,,Gossan,grab sheet row,"COVERAGE G9: field (hand-specimen/outcrop) description recovered in v1.1 from the master grab sheet; it is a field call, NOT a microscope determination"
sh-16,D0469,sh-16,,,Yambat Petrographic Master Data.xlsx :: 2022-2024 grab sheet (field description column),ABM field geologist (not named in the sheet),,en,Gossan,,,,,,Gossan,grab sheet row,"COVERAGE G9: field (hand-specimen/outcrop) description recovered in v1.1 from the master grab sheet; it is a field call, NOT a microscope determination"
2107,D0470,2107,,,Yambat Petrographic Master Data.xlsx :: 2022-2024 grab sheet (field description column),ABM field geologist (not named in the sheet),,en,Gabbro amphybolite,,,,,,Gabbro,grab sheet row,"COVERAGE G9: field (hand-specimen/outcrop) description recovered in v1.1 from the master grab sheet; it is a field call, NOT a microscope determination"
2104-1,D0471,2104-1,,,Yambat Petrographic Master Data.xlsx :: 2022-2024 grab sheet (field description column),ABM field geologist (not named in the sheet),,en,Габбродиорит порфироор үүссэн амфиболит,,,,,,Gossan,grab sheet row,"COVERAGE G9: field (hand-specimen/outcrop) description recovered in v1.1 from the master grab sheet; it is a field call, NOT a microscope determination"
A,D0472,A,,,Yambat Petrographic Master Data.xlsx :: 2022-2024 grab sheet (field description column),ABM field geologist (not named in the sheet),,en,Gabbro pyroxenite,,,,,,Gossan,grab sheet row,"COVERAGE G9: field (hand-specimen/outcrop) description recovered in v1.1 from the master grab sheet; it is a field call, NOT a microscope determination"
2102,D0473,2102,,,Yambat Petrographic Master Data.xlsx :: 2022-2024 grab sheet (field description column),ABM field geologist (not named in the sheet),,en,Gabbrodiorite porphyry and Amphybolite,,,,,,Basalt,grab sheet row,"COVERAGE G9: field (hand-specimen/outcrop) description recovered in v1.1 from the master grab sheet; it is a field call, NOT a microscope determination"
43113,D0474,43113,,,Yambat Petrographic Master Data.xlsx :: 2022-2024 grab sheet (field description column),ABM field geologist (not named in the sheet),,en,,,,,,,Hematite and limonite altered quartz vein,grab sheet row,"COVERAGE G9: field (hand-specimen/outcrop) description recovered in v1.1 from the master grab sheet; it is a field call, NOT a microscope determination"
43122,D0475,43122,,,Yambat Petrographic Master Data.xlsx :: 2022-2024 grab sheet (field description column),ABM field geologist (not named in the sheet),,en,,,,,,,Intense Limonited Metasediment rock. Cut by Quartz.,grab sheet row,"COVERAGE G9: field (hand-specimen/outcrop) description recovered in v1.1 from the master grab sheet; it is a field call, NOT a microscope determination"
43123,D0476,43123,,,Yambat Petrographic Master Data.xlsx :: 2022-2024 grab sheet (field description column),ABM field geologist (not named in the sheet),,en,,,,,,,Intense Limonited Metasediment rock. Cut by Quartz.,grab sheet row,"COVERAGE G9: field (hand-specimen/outcrop) description recovered in v1.1 from the master grab sheet; it is a field call, NOT a microscope determination"
43125,D0477,43125,,,Yambat Petrographic Master Data.xlsx :: 2022-2024 grab sheet (field description column),ABM field geologist (not named in the sheet),,en,,,,,,,"Py boxwork in Quartz Veins, moderate to Strong jarosite in Py in Rock.",grab sheet row,"COVERAGE G9: field (hand-specimen/outcrop) description recovered in v1.1 from the master grab sheet; it is a field call, NOT a microscope determination"
43141,D0478,43141,,,Yambat Petrographic Master Data.xlsx :: 2022-2024 grab sheet (field description column),ABM field geologist (not named in the sheet),,en,,,,,,,"Mendee's CR82 point. Strong silcified hydrothermal brecciated metasedimentary. XRF reading high sulfur S-4000ppm, Phosphorus-1%. Hydrothermal cement material has magnetite.",grab sheet row,"COVERAGE G9: field (hand-specimen/outcrop) description recovered in v1.1 from the master grab sheet; it is a field call, NOT a microscope determination"
43144,D0479,43144,,,Yambat Petrographic Master Data.xlsx :: 2022-2024 grab sheet (field description column),ABM field geologist (not named in the sheet),,en,,,,,,,"Qtz sheeted veinlets. 21 veins per meter. XRF reading Cu-3500ppm. The rock is strong silcified limonite hematite altered metasedimentary cut by veinlets. Strong limonite altered part's XRF reading is 270ppm Cu, but the less limonite altered, strong silicic altered and cut by sheeted veins part contains 3500ppm Cu by XRF reading. Sample CR86. dip azi 315, dip 63.",grab sheet row,"COVERAGE G9: field (hand-specimen/outcrop) description recovered in v1.1 from the master grab sheet; it is a field call, NOT a microscope determination"
43146,D0480,43146,,,Yambat Petrographic Master Data.xlsx :: 2022-2024 grab sheet (field description column),ABM field geologist (not named in the sheet),,en,,,,,,,Strong  hematite altered gneissous rock,grab sheet row,"COVERAGE G9: field (hand-specimen/outcrop) description recovered in v1.1 from the master grab sheet; it is a field call, NOT a microscope determination"
41154,D0481,41154,,,Yambat Petrographic Master Data.xlsx :: 2022-2024 grab sheet (field description column),ABM field geologist (not named in the sheet),,en,,,,,,,"Hydrotermal breccia. Strongly brecciated rock. Quartz, carbonate breccia. Light yellowish, moderately limonite, strongly carbonate alteration",grab sheet row,"COVERAGE G9: field (hand-specimen/outcrop) description recovered in v1.1 from the master grab sheet; it is a field call, NOT a microscope determination"
41155,D0482,41155,,,Yambat Petrographic Master Data.xlsx :: 2022-2024 grab sheet (field description column),ABM field geologist (not named in the sheet),,en,,,,,,,"Greenish gray, porphyritic diorite, disseminated py, limonite, malachite replaced sulfide blebs with some residual chalcopyrite",grab sheet row,"COVERAGE G9: field (hand-specimen/outcrop) description recovered in v1.1 from the master grab sheet; it is a field call, NOT a microscope determination"
41160,D0483,41160,,,Yambat Petrographic Master Data.xlsx :: 2022-2024 grab sheet (field description column),ABM field geologist (not named in the sheet),,en,,,,,,,"Dark green, moderately magnetic, strongly chlorytic mafic rock (Andesite?)",grab sheet row,"COVERAGE G9: field (hand-specimen/outcrop) description recovered in v1.1 from the master grab sheet; it is a field call, NOT a microscope determination"
41161,D0484,41161,,,Yambat Petrographic Master Data.xlsx :: 2022-2024 grab sheet (field description column),ABM field geologist (not named in the sheet),,en,,,,,,,Andesitic rock with hematitic alteration along the fractures,grab sheet row,"COVERAGE G9: field (hand-specimen/outcrop) description recovered in v1.1 from the master grab sheet; it is a field call, NOT a microscope determination"
41162,D0485,41162,,,Yambat Petrographic Master Data.xlsx :: 2022-2024 grab sheet (field description column),ABM field geologist (not named in the sheet),,en,,,,,,,Felsic rock with jarositic alteration,grab sheet row,"COVERAGE G9: field (hand-specimen/outcrop) description recovered in v1.1 from the master grab sheet; it is a field call, NOT a microscope determination"
41163,D0486,41163,,,Yambat Petrographic Master Data.xlsx :: 2022-2024 grab sheet (field description column),ABM field geologist (not named in the sheet),,en,,,,,,,Andesite with some malachite within the fractures,grab sheet row,"COVERAGE G9: field (hand-specimen/outcrop) description recovered in v1.1 from the master grab sheet; it is a field call, NOT a microscope determination"
41167,D0487,41167,,,Yambat Petrographic Master Data.xlsx :: 2022-2024 grab sheet (field description column),ABM field geologist (not named in the sheet),,en,,,,,,,"Meta sediment with strongly laminated texture, with strong limonitic, hematitic, sericitic alterations",grab sheet row,"COVERAGE G9: field (hand-specimen/outcrop) description recovered in v1.1 from the master grab sheet; it is a field call, NOT a microscope determination"
41168,D0488,41168,,,Yambat Petrographic Master Data.xlsx :: 2022-2024 grab sheet (field description column),ABM field geologist (not named in the sheet),,en,,,,,,,"Meta sediment with strongly argillic, limonitic, sercitic alterations",grab sheet row,"COVERAGE G9: field (hand-specimen/outcrop) description recovered in v1.1 from the master grab sheet; it is a field call, NOT a microscope determination"
41169,D0489,41169,,,Yambat Petrographic Master Data.xlsx :: 2022-2024 grab sheet (field description column),ABM field geologist (not named in the sheet),,en,,,,,,,Altered rock with strong silicification and hematitic alterations,grab sheet row,"COVERAGE G9: field (hand-specimen/outcrop) description recovered in v1.1 from the master grab sheet; it is a field call, NOT a microscope determination"
41172,D0490,41172,,,Yambat Petrographic Master Data.xlsx :: 2022-2024 grab sheet (field description column),ABM field geologist (not named in the sheet),,en,,,,,,,"Rhyolite with strong goetic, hematitic, limonitic and argillic aletrations",grab sheet row,"COVERAGE G9: field (hand-specimen/outcrop) description recovered in v1.1 from the master grab sheet; it is a field call, NOT a microscope determination"
41178,D0491,41178,,,Yambat Petrographic Master Data.xlsx :: 2022-2024 grab sheet (field description column),ABM field geologist (not named in the sheet),,en,,,,,,,Light yellowish altered porphyritic rhyolite with strong limonitic alterations,grab sheet row,"COVERAGE G9: field (hand-specimen/outcrop) description recovered in v1.1 from the master grab sheet; it is a field call, NOT a microscope determination"
41179,D0492,41179,,,Yambat Petrographic Master Data.xlsx :: 2022-2024 grab sheet (field description column),ABM field geologist (not named in the sheet),,en,,,,,,,Alkaline rock with strong hematitic alterations,grab sheet row,"COVERAGE G9: field (hand-specimen/outcrop) description recovered in v1.1 from the master grab sheet; it is a field call, NOT a microscope determination"
41180,D0493,41180,,,Yambat Petrographic Master Data.xlsx :: 2022-2024 grab sheet (field description column),ABM field geologist (not named in the sheet),,en,,,,,,,"Light greenish altered rhyolite with strong silicification, located on the north side of the fault, maybe related to the fault zone the rock may be altered.",grab sheet row,"COVERAGE G9: field (hand-specimen/outcrop) description recovered in v1.1 from the master grab sheet; it is a field call, NOT a microscope determination"
41183,D0494,41183,,,Yambat Petrographic Master Data.xlsx :: 2022-2024 grab sheet (field description column),ABM field geologist (not named in the sheet),,en,,,,,,,Andesite,grab sheet row,"COVERAGE G9: field (hand-specimen/outcrop) description recovered in v1.1 from the master grab sheet; it is a field call, NOT a microscope determination"
47077,D0495,47077,,,Yambat Petrographic Master Data.xlsx :: 2022-2024 grab sheet (field description column),ABM field geologist (not named in the sheet),,en,,,,,,,Strong metasomatized ultramafic,grab sheet row,"COVERAGE G9: field (hand-specimen/outcrop) description recovered in v1.1 from the master grab sheet; it is a field call, NOT a microscope determination"
47084,D0496,47084,,,Yambat Petrographic Master Data.xlsx :: 2022-2024 grab sheet (field description column),ABM field geologist (not named in the sheet),,en,,,,,,,Ultramafic?,grab sheet row,"COVERAGE G9: field (hand-specimen/outcrop) description recovered in v1.1 from the master grab sheet; it is a field call, NOT a microscope determination"
47076,D0497,47076,,,Yambat Petrographic Master Data.xlsx :: 2022-2024 grab sheet (field description column),ABM field geologist (not named in the sheet),,en,,,,,,,Strong metasomatized ultramafic,grab sheet row,"COVERAGE G9: field (hand-specimen/outcrop) description recovered in v1.1 from the master grab sheet; it is a field call, NOT a microscope determination"
47071,D0498,47071,,,Yambat Petrographic Master Data.xlsx :: 2022-2024 grab sheet (field description column),ABM field geologist (not named in the sheet),,en,,,,,,,Monzodiorite,grab sheet row,"COVERAGE G9: field (hand-specimen/outcrop) description recovered in v1.1 from the master grab sheet; it is a field call, NOT a microscope determination"
47072,D0499,47072,,,Yambat Petrographic Master Data.xlsx :: 2022-2024 grab sheet (field description column),ABM field geologist (not named in the sheet),,en,,,,,,,Monzodiorite,grab sheet row,"COVERAGE G9: field (hand-specimen/outcrop) description recovered in v1.1 from the master grab sheet; it is a field call, NOT a microscope determination"
47073,D0500,47073,,,Yambat Petrographic Master Data.xlsx :: 2022-2024 grab sheet (field description column),ABM field geologist (not named in the sheet),,en,,,,,,,Monzodiorite,grab sheet row,"COVERAGE G9: field (hand-specimen/outcrop) description recovered in v1.1 from the master grab sheet; it is a field call, NOT a microscope determination"
CR66,D0501,CR66,,,Yambat Petrographic Master Data.xlsx :: 2022-2024 grab sheet (field description column),ABM field geologist (not named in the sheet),,en,,,,,,,Fuchsite,grab sheet row,"COVERAGE G9: field (hand-specimen/outcrop) description recovered in v1.1 from the master grab sheet; it is a field call, NOT a microscope determination"
CR99,D0502,CR99,,,Yambat Petrographic Master Data.xlsx :: 2022-2024 grab sheet (field description column),ABM field geologist (not named in the sheet),,en,,,,,,,Mafic rock,grab sheet row,"COVERAGE G9: field (hand-specimen/outcrop) description recovered in v1.1 from the master grab sheet; it is a field call, NOT a microscope determination"
CR71,D0503,CR71,,,Yambat Petrographic Master Data.xlsx :: 2022-2024 grab sheet (field description column),ABM field geologist (not named in the sheet),,en,,,,,,,Basalt,grab sheet row,"COVERAGE G9: field (hand-specimen/outcrop) description recovered in v1.1 from the master grab sheet; it is a field call, NOT a microscope determination"
CR1,D0504,CR1,,,Yambat Petrographic Master Data.xlsx :: 2022-2024 grab sheet (field description column),ABM field geologist (not named in the sheet),,en,,,,,,,Andesite,grab sheet row,"COVERAGE G9: field (hand-specimen/outcrop) description recovered in v1.1 from the master grab sheet; it is a field call, NOT a microscope determination"
CRE,D0505,CRE,,,Yambat Petrographic Master Data.xlsx :: 2022-2024 grab sheet (field description column),ABM field geologist (not named in the sheet),,en,,,,,,,"Strong sericite, jarosite altered metasomatite",grab sheet row,"COVERAGE G9: field (hand-specimen/outcrop) description recovered in v1.1 from the master grab sheet; it is a field call, NOT a microscope determination"
OV202202,D0506,OV202202,,,Petrographic descriptions 06.23.pdf,Mireslab Mongol LLC (reported by Undarmaa Batsaikhan); Report #004 / Order No 004; contact Batkhurel (Innova Mineral),2022-06-23,en,Altered andesite (field name given as 'Gabbro basalt' - rejected by analyst),,"Porphyritic: medium- to fine-grained relict phenocrysts (10-20%, 0.5-2 mm) set in a fine-grained altered groundmass; no deformation","[{""mineral"": ""Plagioclase"", ""pct"": ""60-65""}, {""mineral"": ""K-feldspar"", ""pct"": ""10-15""}, {""mineral"": ""Altered amphibole"", ""pct"": ""10-20""}, {""mineral"": ""Quartz"", ""pct"": ""~5""}, {""mineral"": ""Clay minerals (secondary)"", ""pct"": null}, {""mineral"": ""Chlorite (secondary)"", ""pct"": null}, {""mineral"": ""Epidote (secondary)"", ""pct"": null}, {""mineral"": ""Carbonate (secondary)"", ""pct"": null}, {""mineral"": ""Apatite (accessory)"", ""pct"": null}]","Strong alteration, no deformation. Amphibole completely altered to chlorite + epidote + magnetite (pseudomorphs). Plagioclase cores completely replaced by clay minerals (illite, smectite). K-feldspar strongly altered to clay. Chlorite abundant as pale-green pleochroic flakes; sparse microcrystalline carbonate disseminated.",Opaque minerals (magnetite) after amphibole,"Porphyritic intermediate volcanic rock, dark grey, with 10-20% phenocrysts 0.5-2 mm. Relict plagioclase and amphibole phenocrysts sit in a fine-grained altered groundmass; amphibole is entirely pseudomorphed by chlorite-epidote-magnetite and plagioclase cores are replaced by illite/smectite. Minor quartz occurs as intergranular anhedral grains and as rare granophyric intergrowths with altered plagioclase. Analyst renames the rock altered andesite and notes the field name 'gabbro basalt' is not a valid rock name.",grab sheet id,
OV202203,D0507,OV202203,,,Petrographic descriptions 06.23.pdf,Mireslab Mongol LLC (reported by Undarmaa Batsaikhan); Report #004 / Order No 004; contact Batkhurel (Innova Mineral),2022-06-23,en,"Mudstone (?) - oxidised, weathered",,Weakly oriented matrix; dark oval clay-mineral aggregates 1-2 mm in a fine matrix,"[{""mineral"": ""Clay minerals"", ""pct"": ""80-90""}, {""mineral"": ""Quartz"", ""pct"": ""10-20""}, {""mineral"": ""Opaque (pyrite?)"", ""pct"": null}]",Strongly altered to clay minerals throughout; oxidised and weathered dark brown,"Opaque minerals, possibly pyrite","Oxidised, weathered dark brown mudstone identified mainly by texture and mineral assemblage because it is too strongly clay-altered to resolve optically. Dark oval bodies visible in hand specimen are colourless, low-relief clay aggregates 1-2 mm across under PPL. The matrix is clay-rich with subordinate fine quartz and shows a weak preferred orientation; the analyst recommends XRD for further identification. Field name was 'metamorphic schist'.",grab sheet id,
OVF-1,D0508,OVF-1,,,Petrographic descriptions 11.04.pdf,Mireslab Mongol LLC (reported by Undarmaa); Report #005 / Order No 005; contact Batkhurel (Innova Mineral),2022-11-07,en,Quartz vein (?) - quartz-carbonate vein,,Radial (spherulitic) quartz aggregates between carbonate aggregates; very fine to coarse carbonate,"[{""mineral"": ""Quartz"", ""pct"": ""55-65""}, {""mineral"": ""Carbonate minerals"", ""pct"": ""30-35""}, {""mineral"": ""Hematite"", ""pct"": ""rare""}]",Carbonate partly replaced by Fe-oxide,Hematite - anhedral crowded aggregates between quartz and carbonate,Pale white and green quartz-carbonate vein composed mainly of quartz and carbonate with minor hematite. Quartz forms radial (spherulitic) aggregates in the spaces between carbonate aggregates. Carbonate is partly replaced by Fe-oxide and ranges from very fine to coarse grained. Hematite occurs as anhedral crowded aggregates between quartz and carbonate.,grab sheet id,
OVF-2,D0509,OVF-2,,,Petrographic descriptions 11.04.pdf,Mireslab Mongol LLC (reported by Undarmaa); Report #005 / Order No 005; contact Batkhurel (Innova Mineral),2022-11-07,en,Red-brown quartzite hematite (hematitic quartzite),,Massive; fine-grained (0.01-0.5 mm) anhedral quartz with sugar-like euhedral hematite,"[{""mineral"": ""Quartz"", ""pct"": ""35-45""}, {""mineral"": ""Hematite"", ""pct"": ""50-55""}]",,"Hematite - bluish grey, euhedral 'sugar-like' crystals in crowded aggregates","Reddish brown, massive hematitic quartzite made of quartz and hematite. Quartz is fine grained (0.01-0.5 mm), anhedral, and intergrown with euhedral sugar-textured hematite. Under reflected light hematite is bluish grey and forms crowded aggregates.",grab sheet id,
20,D0510,020,,,Petrographic descriptions 11.04.pdf,Mireslab Mongol LLC (reported by Undarmaa); Report #005 / Order No 005; contact Batkhurel (Innova Mineral),2022-11-07,en,Dacite porphyry,,"Porphyritic - 15-20% phenocrysts (tabular K-feldspar, isometric embayed quartz, prismatic plagioclase) in a felsic groundmass of 0.01-0.05 mm feldspar and quartz","[{""mineral"": ""Quartz"", ""pct"": ""15-20""}, {""mineral"": ""K-feldspar"", ""pct"": ""20-30""}, {""mineral"": ""Plagioclase"", ""pct"": ""15-20""}, {""mineral"": ""Mafic minerals"", ""pct"": ""5""}, {""mineral"": ""Sericite (secondary)"", ""pct"": null}, {""mineral"": ""Clay minerals (secondary)"", ""pct"": null}, {""mineral"": ""Chlorite (secondary)"", ""pct"": null}, {""mineral"": ""Hematite"", ""pct"": ""rare""}, {""mineral"": ""Apatite"", ""pct"": ""rare""}]","Slight phyllic alteration - sericite + chlorite replacement with rare pyrite and hematite; incipient weathering produced clay minerals and Fe-oxide from feldspar breakdown; K-feldspar partly replaced by clay, Fe-oxide, sericite; biotite completely replaced by chlorite","Pyrite completely altered to hematite (bluish grey, cubic euhedral relict outlines)","Pale reddish pink porphyritic dacite with 15-20% phenocrysts of tabular perthitic K-feldspar (2-3 mm), embayed isometric quartz (1-2 mm) and prismatic polysynthetically twinned plagioclase (0.5-2 mm) in a felsic groundmass. The rock has undergone weak phyllic alteration with sericite and chlorite, and incipient weathering has generated clay minerals and Fe-oxide. Biotite is entirely chloritised and pyrite is completely pseudomorphed by bluish-grey hematite that preserves cubic outlines.",grab sheet id,grab-sheet id `20` (row 13) vs report id `020`: joined after case folding / leading-zero stripping
OV-40,D0511,OV-40,,,Petrographic descriptions 11.04.pdf,Mireslab Mongol LLC (reported by Undarmaa); Report #005 / Order No 005; contact Batkhurel (Innova Mineral),2022-11-07,en,"Intermediate (?) intrusive rock - entirely altered, name not determinable",,Medium grained; yellow-grey; relict feldspar outlines with oriented crowded chlorite aggregates,"[{""mineral"": ""Feldspar"", ""pct"": ""45-55""}, {""mineral"": ""Sericite (alteration)"", ""pct"": null}, {""mineral"": ""Clay minerals (alteration)"", ""pct"": null}, {""mineral"": ""Chlorite (alteration)"", ""pct"": null}, {""mineral"": ""Hematite"", ""pct"": ""rare""}, {""mineral"": ""Pyrite"", ""pct"": ""rare""}, {""mineral"": ""Goethite"", ""pct"": ""rare""}]",Intense - feldspars variously strongly altered to clay minerals and fine sericite flakes; chlorite as acicular crowded oriented aggregates with fine hematite along cleavage,"Pyrite (yellow in reflected light, encloses euhedral quartz, partly replaced by hematite with cubic relict outline); hematite bluish grey subhedral, rimmed by goethite","Yellow-grey medium-grained intrusive rock so strongly altered that the protolith name cannot be established. It consists of intensely altered feldspar, chlorite flakes and minor hematite and pyrite. Pyrite is variously replaced by hematite preserving cubic outlines, and hematite is in turn partly replaced by goethite at grain margins.",grab sheet id,
OV-41,D0512,OV-41,,,Petrographic descriptions 11.04.pdf,Mireslab Mongol LLC (reported by Undarmaa); Report #005 / Order No 005; contact Batkhurel (Innova Mineral),2022-11-07,en,Mafic intrusive rock,,Medium grained; prismatic plagioclase 1-2 mm with euhedral pyroxene relicts 1-2.5 mm,"[{""mineral"": ""Plagioclase"", ""pct"": ""45-55""}, {""mineral"": ""Mafic minerals (pyroxene)"", ""pct"": ""25-30""}, {""mineral"": ""Sericite (alteration)"", ""pct"": null}, {""mineral"": ""Chlorite (alteration)"", ""pct"": null}, {""mineral"": ""Clay minerals (alteration)"", ""pct"": null}, {""mineral"": ""Carbonate (alteration)"", ""pct"": null}, {""mineral"": ""Hematite"", ""pct"": ""rare""}, {""mineral"": ""Pyrite"", ""pct"": ""rare""}, {""mineral"": ""Magnetite"", ""pct"": ""rare""}, {""mineral"": ""Apatite"", ""pct"": ""rare""}]","Intense; strongly weathered and impregnated by iron oxide. Plagioclase moderately altered to sericite and clay; pyroxene entirely replaced by chlorite, fine carbonate and elongate specularite","Magnetite (brownish grey, fine disseminated, in fractures of altered pyroxene); hematite (bluish grey, completely replaces primary magnetite, plus elongate specularite 0.02-0.05 mm in pyroxene cleavage); pyrite (white-yellow subhedral, <=0.1 mm, locally altered to goethite)","Yellow-grey medium-grained mafic intrusive rock composed of intensely altered plagioclase and mafic minerals, strongly weathered and impregnated with iron oxide. Euhedral pyroxene relicts (1-2.5 mm) are completely replaced by chlorite, fine carbonate and elongate hematite (specularite). Disseminated brownish-grey magnetite is replaced by bluish-grey hematite, and subhedral pyrite is locally altered to goethite. Apatite occurs as narrow elongate prisms 0.1-0.2 mm.",grab sheet id,
OV-51,D0513,OV-51,,,Petrographic descriptions 11.04.pdf,Mireslab Mongol LLC (reported by Undarmaa); Report #005 / Order No 005; contact Batkhurel (Innova Mineral),2022-11-07,en,Moderately altered dolerite,,Intergranular; un-oriented prismatic euhedral plagioclase 0.5-1 mm with 0.1-0.5 mm altered mafic minerals between,"[{""mineral"": ""Plagioclase"", ""pct"": ""35-45""}, {""mineral"": ""Mafic minerals"", ""pct"": ""25-30""}, {""mineral"": ""Quartz"", ""pct"": ""rare""}, {""mineral"": ""Sericite (alteration)"", ""pct"": null}, {""mineral"": ""Clay minerals (alteration)"", ""pct"": null}, {""mineral"": ""Chlorite (alteration)"", ""pct"": null}, {""mineral"": ""Carbonate (alteration)"", ""pct"": null}, {""mineral"": ""Apatite"", ""pct"": ""a few""}, {""mineral"": ""Pyrite"", ""pct"": ""a few""}, {""mineral"": ""Hematite"", ""pct"": ""rare""}, {""mineral"": ""Magnetite"", ""pct"": ""rare""}, {""mineral"": ""Ilmenite"", ""pct"": ""rare""}]","Moderate phyllic - sericite (0.01-0.05 mm flakes/needles) in plagioclase, chlorite radial and crowded flakes plus carbonate replacing mafic minerals","Pyrite (cubic, disseminated, partly replaced by hematite); hematite (white-grey fine flakes in narrow fractures); magnetite (euhedral cubic 0.025-0.01 mm crowded aggregates enclosing pyrite and quartz, locally replaced by hematite); ilmenite (brownish grey, euhedral, very fine, irregular)","Brown-yellow-grey fine-grained dolerite with intergranular texture, composed of prismatic plagioclase (0.5-1 mm, polysynthetically twinned) and completely altered mafic minerals, with apatite and pyrite as accessories. Alteration is moderate phyllic: sericite and clay in plagioclase, radial chlorite plus carbonate replacing the mafic phases, which are inferred to have been pyroxene from their association with fine magnetite. Opaques include cubic pyrite partly replaced by hematite, crowded euhedral magnetite locally martitised, and trace euhedral ilmenite.",grab sheet id,
,D0514,2111,,,Report_0715_Ni.pdf,"Mireslab Mongol LLC - Jamsran Erdenebayar; Report #004 / Order No 002; report to Innova Mineral, contact Batkhurel. Sections prepared at Dept. of Geology & Hydrogeology, MUST; XRD at MiReS Lab Japan; SEM-EDS (JEOL JSM 5400 + Oxford EDS) at Akita University",2022-07-15,en,Hematite ore,,"Two generations of hematite: well-crystallised, highly cataclased grains, and rounded residual crystals in goethite; colloform banding, spherulitic texture and specularite","[{""mineral"": ""Hematite (Fe2O3, XRD)"", ""pct"": null}, {""mineral"": ""Goethite (FeO(OH), XRD)"", ""pct"": null}, {""mineral"": ""Trevorite? Ni(Fe2O4) (XRD)"", ""pct"": null}]",Supergene oxidation - hematite replaced/rimmed by goethite,"Hematite (grey-white with faint bluish tint, distinct anisotropy), goethite (blackish grey, <50 um, anhedral, weak pleochroism, moderate reflectance)","Hematite ore in which hematite occurs in two generations: a first generation of well-crystallised, highly cataclased grains with sharp contacts against goethite, and a second generation of rounded residual crystals enclosed in goethite mineralisation. Colloform banding, spherulitic texture and specularite are developed. XRD identified hematite, goethite and possible trevorite (NiFe2O4); SEM-EDS gave a goethite analysis (Fe 77.8 wt%) and two Ni-Cu-bearing Fe-oxide spots (Ni 2.84 and 2.25 wt%, Cu 1.19 and 1.22 wt%) interpreted as possible trevorite.",unmatched,UNMATCHED (v1.1): no field/sample number anywhere in Report_0715_Ni.pdf and no row in the 2022-2024 grab sheet or Master All — cannot be joined until a field number is supplied (missing_sources README §4.7)
,D0515,2107,,,Report_0715_Ni.pdf,"Mireslab Mongol LLC - Jamsran Erdenebayar; Report #004 / Order No 002; report to Innova Mineral, contact Batkhurel. Sections prepared at Dept. of Geology & Hydrogeology, MUST; XRD at MiReS Lab Japan; SEM-EDS (JEOL JSM 5400 + Oxford EDS) at Akita University",2022-07-15,en,,,Anhedral pyrite as dense assemblage of fine-grained particles occurring as micro-cracked inlays,"[{""mineral"": ""Nimite-1MIIb (Ni,Mg,Al)6(Si,Al)4O10 (XRD)"", ""pct"": null}, {""mineral"": ""Ferriwinchite (XRD)"", ""pct"": null}, {""mineral"": ""Poitevinite Cu(SO4)(H2O) (XRD)"", ""pct"": null}, {""mineral"": ""Chromite Cr2O3.NiO (XRD)"", ""pct"": null}, {""mineral"": ""Azurite (XRD)"", ""pct"": null}, {""mineral"": ""Chlorite-serpentine (XRD)"", ""pct"": null}, {""mineral"": ""Talc (XRD)"", ""pct"": null}, {""mineral"": ""Pyrite (XRD)"", ""pct"": null}, {""mineral"": ""Hematite (XRD)"", ""pct"": null}, {""mineral"": ""Goethite (XRD)"", ""pct"": null}]",Oxidation - pyrite corroded by goethite; hematite the main ore phase with goethite secondary,"Hematite (grey to silver-grey with red internal reflection, main ore mineral), goethite (secondary), pyrite (whitish-yellow, isometric/polygonal, anhedral, corroded by goethite)","Polished sections examined under ore microscope show hematite as the dominant ore mineral with goethite as the secondary phase; hematite is grey to silver-grey with red internal reflection and is partly eroded by non-ore minerals. Anhedral pyrite forms dense fine-grained assemblages as micro-cracked inlays and is corroded by goethite. XRD of this sample returned a Ni-bearing assemblage including nimite, chromite (Cr2O3.NiO), chlorite-serpentine, talc, azurite, poitevinite, pyrite, hematite and goethite; SEM-EDS spots gave Ni 11.97 wt% / Cu 7.90 wt% in a Mg-Si-Ca silicate and Ni 1.20 wt% / Cu 1.05 wt% in chromite.",unmatched,"UNMATCHED (v1.1): AMBIGUOUS ID: `2107` in Report_0715_Ni.pdf is a Ni-ore sample (XRD + ore microscopy + SEM-EDS), while grab row 21 `2107` is an amphibolite thin section (Thin and polish-4.docx). The grab-sheet coordinates put row 21 in the same outcrop cluster, so they are probably the same physical sample described by different methods — but no document states it, so this record is left UNJOINED rather than force-merged (missing_sources README §4.6)"
YM-29,D0516,YM-29,,,Report_microscope_20221012.pdf,"Mireslab Mongol LLC (Миреслаб Монгол) - Ж. Эрдэнэбаяр (J. Erdenebayar); Report #004 / Order #003; contact B. Batkhurel (Innova Mineral). Sections prepared at Geological Central Laboratory (from 3 Aug 2022); microscopy at MUST Mineral Resources & Geoinformation Centre on Nikon Eclipse LV100-POL; XRD at Akita, Japan",2022-10-12,mn,Intermediate subvolcanic rock (intermediate subvolcanic / dyke-type intrusive),Дундлаг найрлагатай субвулкан,Структур: порфир маягийн (porphyritic); crystal size 0.5-3 mm,"[{""mineral"": ""Плагиоклаз / plagioclase"", ""pct"": ""50-70""}, {""mineral"": ""Хлорит / chlorite (secondary)"", ""pct"": null}, {""mineral"": ""Актинолит / actinolite (secondary)"", ""pct"": null}, {""mineral"": ""Эпидот / epidote (secondary)"", ""pct"": null}, {""mineral"": ""Мусковит / muscovite (secondary)"", ""pct"": null}, {""mineral"": ""Карбонат / carbonate (secondary)"", ""pct"": null}]","Intense: mafic minerals strongly replaced by chlorite, feldspars replaced by sericite (locally coarsened to muscovite); epidote-chlorite +/- carbonate aggregates; weakly cut by fractures",,"Эрчимтэй хувирсан, үндсэн хэсгийн дийлэнхийг плагиоклаз эзэлдэг чулуулаг. Плагиоклаз нь призмлэг идиоморф, урт тэнхлэгийн дагуу 0.5-3 мм, полисинтет ихэрлэлттэй боловч шаврын эрдэс, серицитэд түрэгдсэнээр ихэрлэлт нь сул ажиглагдана; зарим талстад серицит томорч мусковит болжээ. Хоёрдогч эрдсүүд нь актинолит (урт нарийхан, өнгөгүй, тод спайност) ба эпидот-хлоритын цацраг агрегат, заримдаа карбонаттай эвшсэн. Анхдагч чулуулаг нь дундлаг найрлагатай субвулкан буюу дайкийн төрлийн интрузив байсан бололтой.",grab sheet id,
YM-27,D0517,YM-27,,,Report_microscope_20221012.pdf,"Mireslab Mongol LLC (Миреслаб Монгол) - Ж. Эрдэнэбаяр (J. Erdenebayar); Report #004 / Order #003; contact B. Batkhurel (Innova Mineral). Sections prepared at Geological Central Laboratory (from 3 Aug 2022); microscopy at MUST Mineral Resources & Geoinformation Centre on Nikon Eclipse LV100-POL; XRD at Akita, Japan",2022-10-12,mn,Andesite porphyry (fine-grained diorite),андезит порфир (жижиг мөхлөгтэй диорит),Crystal size 0.2-4 mm; long narrow prismatic plagioclase with simple twinning,"[{""mineral"": ""Плагиоклаз / plagioclase (andesine No.32-35)"", ""pct"": ""45-60""}, {""mineral"": ""Кварц / quartz"", ""pct"": ""15-20""}, {""mineral"": ""Эпидот / epidote (secondary)"", ""pct"": null}, {""mineral"": ""Карбонат / carbonate (secondary)"", ""pct"": null}]",Weak - epidote and locally carbonate aggregates partly replace plagioclase; rock essentially unaffected by fracturing,Ore minerals scarce (хүдрийн эрдэс багатай),"Сулхан хувирсан, дан плагиоклазаас бүрдэлтэй чулуулаг. Анхдагч голлох эрдэс нь 4 мм хүртэл урт нарийхан призмлэг плагиоклаз (андезин №32-35) бөгөөд зарим мөхлөгт энгийн ихэрлэлт тод илэрнэ. Хоёрдогч эрдэс болох хурц шаргал эпидотын үүсвэр, заримдаа карбонатын агрегат плагиоклазыг хэсэгчлэн түрсэн байна. Плагиоклазын мөхлөгүүдийн завсраар кварцын ксеноморф мөхлөгүүд тааралдах ба анхдагч үүсвэр биш бололтой. Чулуулаг нь хувирал болон хагарал ан цавд бараг өртөөгүй.",grab sheet id,
YT-20,D0518,YT-20,,,Report_microscope_20221012.pdf,"Mireslab Mongol LLC (Миреслаб Монгол) - Ж. Эрдэнэбаяр (J. Erdenebayar); Report #004 / Order #003; contact B. Batkhurel (Innova Mineral). Sections prepared at Geological Central Laboratory (from 3 Aug 2022); microscopy at MUST Mineral Resources & Geoinformation Centre on Nikon Eclipse LV100-POL; XRD at Akita, Japan",2022-10-12,mn,Amygdaloidal basalt / andesite-basalt,Миндалекаменный базальт-андезитбазальт,"Структур: порфир, миндалекаменный (porphyritic, amygdaloidal); crystal size 0.05-2 mm","[{""mineral"": ""Плагиоклаз / plagioclase"", ""pct"": ""35-45""}, {""mineral"": ""Миндал / amygdules"", ""pct"": ""20-25""}, {""mineral"": ""Шаврын эрдэс / clay minerals"", ""pct"": null}, {""mineral"": ""Мусковит-серицит / muscovite-sericite"", ""pct"": null}, {""mineral"": ""Хлорит / chlorite"", ""pct"": null}, {""mineral"": ""Карбонат / carbonate"", ""pct"": null}, {""mineral"": ""Эпидот / epidote"", ""pct"": null}, {""mineral"": ""Кварц / quartz"", ""pct"": null}, {""mineral"": ""Хүдрийн эрдэс / ore minerals"", ""pct"": null}]","Intense: coloured minerals strongly replaced by chlorite, feldspars by sericite; amygdules completely filled by carbonate aggregate and fine crystalline quartz; weakly fracture-cut","Гематит, гётит (hematite, goethite); square/tabular fine ore-mineral grains and clots in the groundmass; local fully oxidised red iron-oxide clots","Эрчимтэй хувирсан вулканоген чулуулаг. Анхдагч шигтгээ (плагиоклаз ба өнгөт эрдсийн реликт хэлбэрүүд) ба миндалууд нь харилцан адилгүй найрлагатай эрдсээр дүүргэгдсэн бөгөөд ихэвчлэн кварцын хавтгай ксеноморф талстууд үүссэн. Хөвөө хэсгээр хээрийн жоншны ксеноморф талст, төв хэсгээр кварц, эпидот, төмрөөр баялаг хлорит үүссэн ба миндалин нь бор саарал карбонатын агрегат ба жижиг талстлаг кварцаар бүрэн түрэгдсэн. Үндсэн хэсэг нь маш жижиг микролит плагиоклаз, хүдрийн эрдсийн жижиг ширхэг ба карбонатлаг агрегатаас бүрдэнэ; хүдрийн эрдсээс гематит, гётит тохиолдоно.",grab sheet id,
YT-21,D0519,YT-21,,,Report_microscope_20221012.pdf,"Mireslab Mongol LLC (Миреслаб Монгол) - Ж. Эрдэнэбаяр (J. Erdenebayar); Report #004 / Order #003; contact B. Batkhurel (Innova Mineral). Sections prepared at Geological Central Laboratory (from 3 Aug 2022); microscopy at MUST Mineral Resources & Geoinformation Centre on Nikon Eclipse LV100-POL; XRD at Akita, Japan",2022-10-12,mn,Basalt / andesite-basalt (altered volcanic),базальт- андезитбазальт,Структур: гипидиоморф мөхлөгт (hypidiomorphic granular); crystal size 2-10 mm,"[{""mineral"": ""Плагиоклаз / plagioclase"", ""pct"": ""40-55""}, {""mineral"": ""Амфибол / amphibole (relict)"", ""pct"": ""20-25""}, {""mineral"": ""Кварц / quartz (secondary)"", ""pct"": ""15-20""}, {""mineral"": ""Хлорит+карбонат / chlorite+carbonate"", ""pct"": null}, {""mineral"": ""Магнетит / magnetite (ore minerals)"", ""pct"": "">10""}]",Plagioclase partly sericitised and carbonatised; amphibole relicts (0.5-1 mm prisms) completely replaced by chlorite-carbonate aggregate and iron oxide; groundmass intensely carbonatised,"Магнетит (magnetite) - square and irregular grains, ore minerals about 10%+","Хувирсан вулканит. Анхдагч эрдэс нь 3 мм хүртэл урт нарийхан шигтгээ плагиоклаз (дундлаг-суурилаг эгнээ), хэсэгчлэн серицитжиж карбонатжсан, мөн хлорит+карбонатлаг агрегатаар бүрэн түрэгдсэн 0.5-1 мм-ийн призмлэг амфиболын реликт мөхлөгүүд (чулуулгийн 20-25%). Үндсэн хэсэг нь эрчимтэй карбонатжсан плагиоклазын харьцангуй жижиг мөхлөг, бүрэн түрэгдсэн өнгөт эрдсийн реликт, хоёрдогч кварц, карбонат ба магнетитын квадрат хэлбэрийн ширхэгүүдээс бүрдэнэ. Хүдрийн эрдэс ойролцоогоор 10 гаруй хувийг эзэлнэ.",grab sheet id,
YT-40,D0520,YT-40,,,Report_microscope_20221012.pdf,"Mireslab Mongol LLC (Миреслаб Монгол) - Ж. Эрдэнэбаяр (J. Erdenebayar); Report #004 / Order #003; contact B. Batkhurel (Innova Mineral). Sections prepared at Geological Central Laboratory (from 3 Aug 2022); microscopy at MUST Mineral Resources & Geoinformation Centre on Nikon Eclipse LV100-POL; XRD at Akita, Japan",2022-10-12,mn,Tuffite / tuffaceous sandstone; andesitic tuff with 2-8 mm rhyolite and andesite lithic clasts,"туффит, туфоэлсжин","Структур: порфир (porphyritic); clast/crystal size 0.03-8 mm; poorly rounded, unsorted","[{""mineral"": ""Чулуулгийн хэмхтэс / lithic clasts"", ""pct"": ""30-45""}, {""mineral"": ""Плагиоклаз / plagioclase"", ""pct"": ""25-30""}, {""mineral"": ""Кварц / quartz"", ""pct"": ""10-15""}, {""mineral"": ""Мусковит / muscovite"", ""pct"": null}, {""mineral"": ""Серицит / sericite"", ""pct"": null}, {""mineral"": ""Карбонат / carbonate"", ""pct"": null}, {""mineral"": ""Эпидот / epidote"", ""pct"": null}]",Carbonate and epidote widely distributed in the dark ore-rich cement,Dark ore-rich (хүдэрлэг) cement matrix with weak preferred orientation,"Тунамал, жижиг ширхэгтэй хэмхдэслэг чулуулаг. Хэмхлэс материал нь голдуу дундлаг вулканит, плагиоклаз ба кварцын бутархай, 2.2 мм хүртэл кварцит маягийн фельзитлэг агрегатлаг кварц зэрэг вулканоген тунамал чулуулаг, эрдсийн холимог бөгөөд мөлгөршилт сул, сортлолт байхгүй. Барьцалдуулагч материал нь хар бараан хүдэрлэг масс, бүдэг чиглэлтэй тархалттай, карбонат, эпидот их тархалттай. Риолит болон андезитын 2-8 мм хэмжээтэй хэмхдэс агуулсан андезит туф нь порфир структуртай ба үндсэн хэсэг нь бараан галт уулын шил, амфибол, багаар хээрийн жоншны ксеноморф талстаас бүрдэнэ.",grab sheet id,
YT-38,D0521,YT-38,,,Report_microscope_20221012.pdf,"Mireslab Mongol LLC (Миреслаб Монгол) - Ж. Эрдэнэбаяр (J. Erdenebayar); Report #004 / Order #003; contact B. Batkhurel (Innova Mineral). Sections prepared at Geological Central Laboratory (from 3 Aug 2022); microscopy at MUST Mineral Resources & Geoinformation Centre on Nikon Eclipse LV100-POL; XRD at Akita, Japan",2022-10-12,mn,Andesite porphyry; ore: hematite-goethite-limonite low-grade ore,андезит порфир; Хүдэр: Гематит-гётит-лимонит ядуу хүдэр,"Структур: плагиопорфир; crystal size 0.2-4 mm. Ore texture: parallel, corrosion; ore grain size 0.01-4.8 mm","[{""mineral"": ""Плагиоклаз / plagioclase (andesine No.32-35, oligoclase-andesine)"", ""pct"": ""45-60""}, {""mineral"": ""Кварц / quartz"", ""pct"": ""15-20""}, {""mineral"": ""Серицит / sericite (secondary)"", ""pct"": null}, {""mineral"": ""Карбонат / carbonate (secondary)"", ""pct"": null}, {""mineral"": ""Гематит / hematite"", ""pct"": ""5""}, {""mineral"": ""Гётит / goethite"", ""pct"": ""2""}]","Uniform sericitisation of plagioclase; oxidation of iron minerals reddens the rock; XRD: quartz, illite-2M2, calcite, goethite, labradorite, albite","Гематит 5% (white, tabular, anisotropic, brown-blue extinction, 0.01x0.1 to 0.04x0.2 mm; probably after pyrite); гётит 2% + лимонит as goethite-limonite pseudomorphs preserving tabular, rectangular, hexagonal and rhombohedral outlines of a precursor (probably pyrite), 0.005x0.005 to 0.11x0.65 mm","Дундлаг вулканит. Чулуулгийг суб-параллель байршилтай, серицитжиж хувирсан дундлаг эгнээний плагиоклазын жигдхэн 0.1-0.2 мм урттай мөхлөгүүд бүрдүүлнэ; плагиоклазын завсраар кварцын жижиг ксеноморф мөхлөг (хоёрдогч гаралтай ч байж болох) үүссэн. Төмөрлөг эрдсийн талст ба агрегат үүсвэр, тэдгээрийн исэлдлээс чулуулаг улаан өнгөтэй болсон. Минераграфийн хувьд гематит (5%) давамгайлж, гётит (2%) ба лимонит бага хэмжээтэй; гётит-лимонитийн псевдоморфоз нь анхдагч эрдсийн (магадгүй пирит) хавтанлаг, гексагон, ромбоэдр хэлбэрийг сайн хадгалж, хүдрийн бус эрдсээр хэсэгчлэн коррозилогдсон. XRD-ээр кварц, иллит-2M2, кальцит, гётит, лабрадорит, альбит тогтоогдов.",grab sheet id,
YT-08,D0522,YT-08,,,Report_microscope_20221012.pdf,"Mireslab Mongol LLC (Миреслаб Монгол) - Ж. Эрдэнэбаяр (J. Erdenebayar); Report #004 / Order #003; contact B. Batkhurel (Innova Mineral). Sections prepared at Geological Central Laboratory (from 3 Aug 2022); microscopy at MUST Mineral Resources & Geoinformation Centre on Nikon Eclipse LV100-POL; XRD at Akita, Japan",2022-10-12,mn,Rhyodacite (acid volcanic); ore: hematite-pyrite disseminated ore,Риодацит; Хүдэр: гематит-пиритийн шигтгээлэг хүдэр,"Структур: порфир; crystal size 0.5-3 mm. Ore texture: corrosion, disseminated; ore grain size 0.001-2.0 mm","[{""mineral"": ""Плагиоклаз / plagioclase (acid)"", ""pct"": ""5-10 (phenocrysts); 70-80 as microlites""}, {""mineral"": ""Кварц / quartz"", ""pct"": ""25-30""}, {""mineral"": ""Хувирсан биотит / altered biotite"", ""pct"": ""~5""}, {""mineral"": ""Хлорит / chlorite (secondary)"", ""pct"": null}, {""mineral"": ""Серицит / sericite (secondary)"", ""pct"": null}, {""mineral"": ""Циркон / zircon (accessory)"", ""pct"": null}, {""mineral"": ""Гематит / hematite"", ""pct"": ""10-15""}, {""mineral"": ""Пирит / pyrite"", ""pct"": ""5""}]","Weak-moderate sericitisation of plagioclase; chlorite after biotite; red iron hydroxide accumulated in former phenocryst sites; XRD: quartz, labradorite, chlorite IIb-4, biotite, actinolite, hematite, pyrite","Гематит 10-15% (silvery grey, isotropic, rare; mostly slightly replaced by grey-white goethite, preserving tabular/rectangular/hexagonal/rhombohedral outlines; 0.01x0.01 to 0.46x0.56 mm; locally formed after pyrite); Пирит 5% (pale yellow, sharp wavy boundaries, corroded and rimmed by secondary ore minerals; 0.01x0.02 up to 4.1x5.6 mm blotchy aggregates)","Хүчиллэг вулканит. Чулуулгийн 70-80%-ийг хүчиллэг плагиоклазын нарийхан зүүлэг микролит, 20-30%-ийг кварцын жижиг агрегатлаг болон шигтгээ үүсвэрүүд эзэлнэ. Фенокристаллаар идиоморф призмлэг, полисинтет ихэрлэлттэй плагиоклазын 1-3 мм талстууд тохиолдох ба серицитэд жигд дунд зэрэг хувирсан. Кварц юм уу плагиоклазын томхон шигтгээ байсан зайд улаан төмрийн усан исэл хуримтлагдаж толболог ялгарал үүсгэжээ. Минераграфаар гематит (10-15%) давамгайлж, пирит (5%) хүдрийн хоёрдогч эрдсээр коррозилогдож 4.1х5.6 мм хүртэл толболог агрегат үүсгэнэ.",grab sheet id,
2021-01,D0523,2022-01,,,Report_microscope_20221012.pdf,"Mireslab Mongol LLC (Миреслаб Монгол) - Ж. Эрдэнэбаяр (J. Erdenebayar); Report #004 / Order #003; contact B. Batkhurel (Innova Mineral). Sections prepared at Geological Central Laboratory (from 3 Aug 2022); microscopy at MUST Mineral Resources & Geoinformation Centre on Nikon Eclipse LV100-POL; XRD at Akita, Japan",2022-10-12,mn,Hematite-goethite-hydrogoethite ore,Гематит-гётит-гидрогётитийн хүдэр,"Структур/текстур: коррози, шигтгээлэг, судлархаг (corrosion, disseminated, veined); ore grain size 0.005-1.1 mm","[{""mineral"": ""Гематит / hematite"", ""pct"": ""60-70""}, {""mineral"": ""Гётит / goethite"", ""pct"": ""20-30""}, {""mineral"": ""Гидрогётит / hydrogoethite"", ""pct"": ""minor""}]",Supergene oxidation; XRD (sample 2022-01): goethite + hematite only,"Гематит (white, tabular, anisotropic, brown-blue extinction, forming radial aggregates in fractures, 0.01x0.1 to 0.04x0.2 mm); гётит-лимонитийн псевдоморфоз (grey-white with red internal reflection, partly corroded by gangue, clotted aggregates, 0.005x0.005 to 0.11x0.65 mm)","Гематит-гётит-гидрогётитийн хүдэр. Хүдрийн эрдсүүдэд гематит (60-70%) болон гётит (20-30%) давамгайлж, бага хэмжээгээр гидрогётит тохиолдоно. Гематит нь цагаан өнгөтэй, хавтанлаг, анизотроп, борхүрэн хөхөвтөр унтралттай ба голдуу ан цавуудад цацраг маягийн агрегат үүсгэжээ. Гётит-лимонитийн псевдоморфоз нь улаан дотоод рефлекстэй, хүдрийн бус эрдсээр хэсэгчлэн коррозилогдож бөөгнөрсөн агрегат үүсгэнэ. XRD-ээр зөвхөн гётит ба гематит тогтоогдсон.",grab sheet id,"grab-sheet id `2021-01` (row 8) vs report id `2022-01`: joined after case folding / leading-zero stripping; `2021-01` vs `2022-01` is a year-digit typo, not two samples (missing_sources README §4.3) — a human should confirm which spelling is authoritative"
,D0524,2023Nisample,,,MINERALOGICAL-DESCRIPTIONS_2023.03.25.pdf,"Mireslab Mongol LLC - Jamsran Erdenebayar; Report #001 / Order No 001; contact Batkhurel. Sections prepared at MiReSLab Japan; XRD Rigaku SmartLab (MiReSLab Japan); SEM-EDS JEOL JSM 5400 + Oxford, Akita University",2023-03-15,en,Supergene Ni ore - garnierite / nickeliferous goethite-limonite in fractures,,Colloform garnierite fracture fillings; amorphous green fillings with vertical gradation from whitish todorokite at base to grass-green garnierite upward; garnierite phenocryst-like bodies surrounded by chalcedony,"[{""mineral"": ""Quartz, syn (XRD)"", ""pct"": null}, {""mineral"": ""Garnierite (Ni,Mg)3Si2O5(OH)4 (XRD)"", ""pct"": null}, {""mineral"": ""Goethite Fe2O3.H2O (XRD)"", ""pct"": null}, {""mineral"": ""Montmorillonite-chlorite (XRD)"", ""pct"": null}, {""mineral"": ""Todorokite Ca0.8(Mn4O8)(H2O)2 (XRD)"", ""pct"": null}]",Supergene/lateritic weathering of serpentinised ultramafic rock; secondary Ni enrichment of pre-existing fracture fills by circulating Ni-bearing solutions,"Goethite (blackish grey, <50 um, anhedral, weak pleochroism, anisotropic, moderate reflectance) with goethite exsolutions in garnierite","Greenish supergene Ni sample in which most fractures are filled by colloform garnierite of homogeneous green colour, interpreted as a single mineralising episode. Other fractures filled by amorphous material show a vertical gradation over a few decimetres from whitish, nearly Ni-free todorokite at the base to grass-green garnierite above, attributed to secondary enrichment by circulating Ni-bearing solutions. XRD gave quartz, garnierite, goethite, montmorillonite-chlorite and todorokite; SEM-EDS spots returned up to 17.8 wt% Ni with 10.0 wt% Co and 9.9 wt% Cu in Mn-rich phases and 4.0 wt% Ni in a Si-Mn phase. Nickeliferous limonite/goethite makes up the major portion of the ore.",unmatched,"UNMATCHED (v1.1): descriptive placeholder, not a field number: MINERALOGICAL-DESCRIPTIONS_2023.03.25.pdf gives no sample id for the garnierite / Ni-goethite sample (missing_sources README §4.7)"
sh-14,D0525,SH-14,,,Thin and polish-1.docx,"not stated in document (Mongolian-language petrographic-mineragraphic description sheet, 'Петрографи, минераграфийн бичиглэл' format; filed under 31_From_Batkhurel/5. Laboratory/Thin and polish)",,mn,Malachite-bearing iron oxide ore,Малахиттай төмрийн ислийн хүдэр,"Структур: гранобласт, бүслүүрлэг. Текстур: судлархаг, линзлэг. Mineral grain size 0.003-0.5 mm","[{""mineral"": ""Гётит / goethite"", ""pct"": ""65-70""}, {""mineral"": ""Гидрогётит / hydrogoethite"", ""pct"": ""20-25""}, {""mineral"": ""Малахит / malachite"", ""pct"": ""3-5""}]",Oxidation; goethite replaced from margins by hydrogoethite along 0.01-0.3 mm discontinuous seams,"Goethite-hydrogoethite (ore mineral paragenesis: goethite-hydrogoethite, malachite)","Төмрийн ислийн эрдсээс зонхилон бүрдэх хүдэр. Нэвтэрсэн гэрэлд төмрийн ислүүд изотроп, хар өнгөтэй, зарим хэсэгтээ улаан хүрэн, 0.01-0.3 мм өргөнтэй судланцруудаар зүсэгдсэн. Ойсон гэрэлд гётит (бүдэг саарал, сулавтар бүслүүрлэг, цул масс) захаасаа гидрогётитоор түрэгдэн исэлдсэн; гидрогётит улбар шар-хүрэн дотоод рефлекстэй. Төмрийн ислийн масс нүх сүвэрхэг ба нүх сүвийн зах хэсгээр малахитын маш жижиг ширхэгт агрегат, 0.003-0.05 мм өргөнтэй линз, судланцар үүссэн. Микроскопоор никелийн эрдэс ажиглагдаагүй - никель нь төмрийн исэл дотор хольц байдлаар агуулагдсан байх магадлалтай (SEM-ээр нарийвчлах шаардлагатай).",grab sheet id,grab-sheet id `sh-14` (row 17) vs report id `SH-14`: joined after case folding / leading-zero stripping
sh-18,D0526,SH-18,,,Thin and polish-1sh.docx,"not stated in document (Mongolian-language petrographic-mineragraphic description sheet, 'Петрографи, минераграфийн бичиглэл' format; filed under 31_From_Batkhurel/5. Laboratory/Thin and polish)",,mn,Chlorite-albite metasomatite after diorite,Диоритоор үүссэн хлорит-альбитат метасоматит,"Структур: микролепидогранобласт, реликт призмлэг мөхлөгт. Текстур: сулавтар занарлаг. Grain size 0.01-0.3 mm","[{""mineral"": ""Хувирсан плагиоклаз / altered plagioclase (albite)"", ""pct"": ""45-50""}, {""mineral"": ""Хлоритын псевдоморфоз / chlorite pseudomorphs"", ""pct"": ""15-20""}, {""mineral"": ""Магнетит / magnetite"", ""pct"": ""ганц нэг (rare)""}, {""mineral"": ""Титанит / titanite"", ""pct"": ""цөөн (few)""}, {""mineral"": ""Пирротин / pyrrhotite"", ""pct"": ""ганц нэг (rare)""}, {""mineral"": ""Альбит (эпигенет) / epigenetic albite"", ""pct"": null}, {""mineral"": ""Кварц (эпигенет) / epigenetic quartz"", ""pct"": null}, {""mineral"": ""Карбонат (эпигенет) / epigenetic carbonate"", ""pct"": null}]",Very strong metasomatic alteration - protolith diorite texture only poorly preserved; plagioclase recrystallised to fine granoblastic albite; biotite/hornblende replaced by chlorite +/- muscovite pseudomorphs; late albite-quartz-carbonate veinlets 0.1-0.3 mm,"Ore paragenesis magnetite - titanite - leucoxene - pyrrhotite - hydrogoethite. Magnetite isometric euhedral 0.01-0.08 mm, locally martitised; leucoxenised titanite (sphene) 0.05-0.1 mm; pyrrhotite pale yellow-grey 0.01-0.05 mm","Сулавтар нэг зүг чиглэлтэй, хлорит-альбитаас тогтсон лепидогранобласт агрегатаас бүрдэх метасоматит. Анхдагч чулуу нь метасоматоз хувиралд маш хүчтэй хувирч реликт призмлэг мөхлөгт, бичил гипидиоморфлог бүтцээ муухан хадгалсан. Зонхилох хувийг 0.01-0.1 мм альбитын мөхлөгөөс тогтсон бичил гранобласт агрегат эзлэх ба реликт хавтгай призмлэг хэлбэр нь анхдагч плагиоклазын дахин талсжилтыг илтгэнэ. Тэдгээрийн завсраар 0.1-0.4 мм хэмжээтэй, бага зэрэг мусковиттай хлоритын псевдоморфозууд (анхдагч биотит/эвэрхуурмагаар үүссэн бололтой) жигд тархсан. Ойсон гэрэлд титанит, магнетит, пирротины бичил шигтгээ хлориттой ассоциациар үүссэн.",grab sheet id,grab-sheet id `sh-18` (row 18) vs report id `SH-18`: joined after case folding / leading-zero stripping
sh-14-1,D0527,SH-14-1,,,Thin and polish-2sh.docx,"not stated in document (Mongolian-language petrographic-mineragraphic description sheet, 'Петрографи, минераграфийн бичиглэл' format; filed under 31_From_Batkhurel/5. Laboratory/Thin and polish)",,mn,Silicified actinolite-chlorite-clinozoisite-sericite metasomatite (after quartz diorite),Цахиуржсан актинолит-хлорит-циозит-серицитэт метасоматит (кварцат диоритоор үүссэн),"Структур: микролепидогранобласт, реликт призмлэг мөхлөгт. Текстур: цул нягт. Grain size 0.01-0.3 mm","[{""mineral"": ""Эпидот-циозит-серицитэт агрегат (after plagioclase)"", ""pct"": ""45-50""}, {""mineral"": ""Хлорит / chlorite"", ""pct"": ""15-20""}, {""mineral"": ""Амфибол / amphibole"", ""pct"": ""15-20""}, {""mineral"": ""Кварц / quartz"", ""pct"": ""10""}, {""mineral"": ""Биотит / biotite"", ""pct"": ""3-5""}, {""mineral"": ""Актинолит / actinolite"", ""pct"": ""3-5""}, {""mineral"": ""Гётит / goethite"", ""pct"": ""0.5-1.0""}, {""mineral"": ""Гидрогётит / hydrogoethite"", ""pct"": ""цөөн (few)""}, {""mineral"": ""Магнетит / magnetite"", ""pct"": ""ганц нэг (rare)""}, {""mineral"": ""Гематит / hematite"", ""pct"": ""цөөн (few)""}, {""mineral"": ""Сфен / sphene"", ""pct"": ""ганц нэг (rare)""}, {""mineral"": ""Кварц (эпигенет) / epigenetic quartz"", ""pct"": ""5""}]",Very strong metasomatism - relict texture poorly preserved; plagioclase replaced by near-isotropic epidote-clinozoisite-sericite aggregate; hornblende pseudomorphed by chlorite-actinolite; cut by late quartz veinlets 0.1-0.5 mm,"Ore paragenesis magnetite - hematite - goethite - hydrogoethite. Hematite isometric to prismatic 0.03-0.2 mm with relict magnetite inclusions; coarser zoned disseminated hematite/goethite grains 0.1-1.2 mm, some inside quartz veinlets; sphene 0.1-0.2 mm","Эпидот-циозит-серицитэт агрегат ба тэдгээрийн завсраар үүссэн хлорит, актинолитоос тогтсон лепидогранобласт агрегатаас зонхилон бүрдэх метасоматит. Зонхилох хувийг эзлэх хагас изотроп эпидот-циозит-серицитэт агрегатын реликт хавтгай призмлэг хэлбэрээс үзвэл анхдагч плагиоклазаар үүссэн; завсар хооронд хлорит-актинолитоос тогтсон, эвэр хуурмагаар үүссэн бололтой псевдоморфозууд (0.1-0.3 мм) жигд тархсан. Изометрлэг кварцын мөхлөгүүд (0.1-0.2 мм) пойкилитоор хлорит, актинолит, эпидот агуулна. Ойсон гэрэлд гематит, гётит бичил шигтгээ байдлаар хлорит-актинолиттай ассоциациар үүссэн ба зарим гематит дотор магнетитын реликт ажиглагдана.",grab sheet id,grab-sheet id `sh-14-1` (row 19) vs report id `SH-14-1`: joined after case folding / leading-zero stripping
sh-16,D0528,SH-16,,,Thin and polish-2sh.docx,"not stated in document (Mongolian-language petrographic-mineragraphic description sheet, 'Петрографи, минераграфийн бичиглэл' format; filed under 31_From_Batkhurel/5. Laboratory/Thin and polish)",,mn,Weakly carbonatised iron oxide ore,Сулавтар карбонатчлагдсан төмрийн ислийн хүдэр,"Структур: микролепидогранобласт, реликт призмлэг мөхлөгт. Текстур: цул нягт. Grain size 0.01-0.3 mm","[{""mineral"": ""Гётит / goethite"", ""pct"": ""70-75""}, {""mineral"": ""Гидрогётит / hydrogoethite"", ""pct"": ""20-25""}, {""mineral"": ""Карбонат / carbonate"", ""pct"": ""5-10""}]",Oxidation (goethite -> hydrogoethite) plus weak carbonatisation; cut by fine carbonate lenses and veinlets 0.01-0.2 mm,"Goethite-hydrogoethite (paragenesis goethite-hydrogoethite); goethite dull grey with weak zoning forming massive aggregate, hydrogoethite with orange-brown internal reflection","Төмрийн ислийн эрдсээс зонхилон бүрдэх хүдэр. Нэвтэрсэн гэрэлд төмрийн ислүүд изотроп, хар, зарим хэсэгтээ улаан өнгөтэй, 0.01-0.2 мм өргөнтэй судланцруудаар зүсэгдсэн. Ойсон гэрэлд гётит нь бүдэг саарал, сулавтар бүслүүрлэг бүтэцтэй цул масс үүсгэх ба захаасаа 0.01-0.2 мм өргөнтэй гидрогётитоор түрэгдэн исэлдсэн. Төмрийн ислийн масс нь бичил ширхэгт карбонатаас тогтсон 0.01-0.2 мм өргөнтэй линз, судланцруудаар зүсэгдсэн байна.",grab sheet id,grab-sheet id `sh-16` (row 20) vs report id `SH-16`: joined after case folding / leading-zero stripping
2107,D0529,2107,,,Thin and polish-4.docx,"not stated in document (Mongolian-language petrographic-mineragraphic description sheet, 'Петрографи, минераграфийн бичиглэл' format; filed under 31_From_Batkhurel/5. Laboratory/Thin and polish)",,mn,Amphibolite after gabbro (medium-grained),Габброгоор үүссэн амфиболит,"Структур: нематобластлаг, реликт гипидиоморфлог. Текстур: цул нягт. Grain size 1.0-5.0 mm","[{""mineral"": ""Эвэр хуурмаг / hornblende"", ""pct"": ""80-85""}, {""mineral"": ""Хлорит / chlorite (secondary)"", ""pct"": ""5-10""}, {""mineral"": ""Актинолит / actinolite (secondary)"", ""pct"": ""10-15""}, {""mineral"": ""Ильменит / ilmenite"", ""pct"": ""цөөн (few)""}, {""mineral"": ""Гётит / goethite"", ""pct"": ""цөөн (few)""}, {""mineral"": ""Гидрогётит / hydrogoethite"", ""pct"": ""цөөн (few)""}]",Hornblende replaced from margins by actinolite and chlorite; locally strongly replaced by actinolite-chlorite micronematolepidoblastic aggregate leaving hornblende relicts; goethite micro-lenses and veinlets along cleavage colour the surroundings orange-brown,"Ore paragenesis ilmenite - hematite. Ilmenite brownish-grey, tabular-prismatic 0.05-0.2 mm, anisotropic, disseminated, slightly replaced at margins by leucoxene and hydrogoethite","Харьцангуй том ширхэгтэй, бараг дан ганц эвэр хуурмагаас бүрдэх амфиболит. Эвэр хуурмаг нь цайвар бор хүрэн өнгөтэй, хавтгай призмлэг, 1.0-5.0 мм, унтралын өнцөг 16-22 градус, захаасаа актинолит, хлоритод хувирсан. Реликт гипидиоморфлог бүтцээс үзвэл амфиболит нь габброгоор үүссэн байх магадлалтай. Хувирсан эвэр хуурмагийн мөхлөг дотор ильменит, гётит, гематит, гидрогётит цөөнөөр ялгарч, ильменит захаасаа лейкоксен, гидрогётитоор бага зэрэг түрэгдсэн байна.",grab sheet id,
2104-1,D0530,2104-1,,,Thin and polish-4.docx,"not stated in document (Mongolian-language petrographic-mineragraphic description sheet, 'Петрографи, минераграфийн бичиглэл' format; filed under 31_From_Batkhurel/5. Laboratory/Thin and polish)",,mn,Amphibolite after gabbrodiorite porphyry (amphibolitised gabbrodiorite porphyry),Габбродиорит порфироор үүссэн амфиболит /амфиболжсон габбродиорит порфир/,"Структур: реликт шигтгээлэг, үндсэн хэсэг реликт призмлэг мөхлөгт, лепидонематобласт. Текстур: цул нягт. Phenocrysts 0.5-2.0 mm, groundmass 0.1-0.3 mm","[{""mineral"": ""Эвэр хуурмаг / hornblende"", ""pct"": ""65-70""}, {""mineral"": ""Серицит-актинолит-хлоритын псевдоморфоз (after plagioclase)"", ""pct"": ""25-30""}, {""mineral"": ""Актинолит / actinolite (secondary)"", ""pct"": ""5-10""}, {""mineral"": ""Ильменит / ilmenite"", ""pct"": ""0.5-1.0""}, {""mineral"": ""Гётит / goethite"", ""pct"": ""цөөн (few)""}, {""mineral"": ""Пирит / pyrite"", ""pct"": ""цөөн (few)""}, {""mineral"": ""Гидрогётит / hydrogoethite"", ""pct"": ""цөөн (few)""}, {""mineral"": ""Лейкоксен / leucoxene"", ""pct"": ""цөөн (few)""}]",Strong amphibolitisation - most of the rock converted to actinolite-hornblende nematoblastic aggregate; original plagioclase completely replaced by sericite-actinolite-chlorite pseudomorphs,"Ore paragenesis ilmenite - pyrite - goethite - hydrogoethite - leucoxene. Ilmenite brownish grey, tabular-prismatic 0.03-0.2 mm, evenly disseminated, slightly replaced by leucoxene; pyrite white-yellow euhedral 0.02-0.2 mm in lenses, rimmed and replaced by goethite/hydrogoethite","Эвэр хуурмагийн реликт шигтгээнүүд (30-35%) болон эвэр хуурмаг, серицит-актинолит-хлоритын псевдоморфозоос тогтсон үндсэн хэсгээс бүрдэнэ. Реликт бүтцээс үзвэл анхдагч чулуу нь габбродиорит порфир байсан бөгөөд хүчтэй амфиболжих хувирлын үр дүнд дийлэнх хэсэг нь актинолит-эвэр хуурмагаас тогтсон нематобласт агрегатад шилжсэн. Эвэр хуурмагийн реликт шигтгээ нь 0.5-2.0 мм, унтралын өнцөг 17-20 градус, захаасаа актинолит, хлоритод хувирсан. Ойсон гэрэлд ильменит, гётит, пирит, гидрогётит тодорхойлогдсон.",grab sheet id,
A,D0531,A,,,Thin and polish-4.docx,"not stated in document (Mongolian-language petrographic-mineragraphic description sheet, 'Петрографи, минераграфийн бичиглэл' format; filed under 31_From_Batkhurel/5. Laboratory/Thin and polish)",,mn,Fine- to medium-grained pyroxene-hornblende gabbro,Жижиг-дунд ширхэгтэй пироксен эвэр хуурмагт габбро,Структур: субофитлог. Текстур: цул нягт. Grain size 0.6-2.5 mm,"[{""mineral"": ""Плагиоклаз + эвэр хуурмаг / plagioclase + hornblende"", ""pct"": ""20-25""}, {""mineral"": ""Мон. пироксен / monoclinic pyroxene"", ""pct"": ""10-15""}, {""mineral"": ""Хувирсан биотит / altered biotite"", ""pct"": ""3-5""}, {""mineral"": ""Ильменит / ilmenite"", ""pct"": ""цөөн (few)""}, {""mineral"": ""Гётит / goethite"", ""pct"": ""цөөн (few)""}, {""mineral"": ""Гидрогётит / hydrogoethite"", ""pct"": ""цөөн (few)""}]","Weak - plagioclase slightly altered to sericite, chlorite, actinolite; biotite completely converted to chlorite with rutile; hornblende and clinopyroxene unaltered","Ilmenite (brownish grey, tabular-prismatic 0.05-0.2 mm, anisotropic, disseminated, slightly replaced at margins by leucoxene and hydrogoethite); few goethite micro-grains 0.01-0.1 mm locally replacing ilmenite","Субофитлог бүтэцтэй габбро. Плагиоклаз нь хавтгай призмлэг, бүслүүрлэг, андезины найрлагатай, 0.6-1.8 мм, серицит, хлорит, актинолитод бага зэрэг хувирсан ба захаасаа эвэр хуурмагаар түрэгдсэн. Плагиоклазын призмүүдийн завсрыг эвэр хуурмаг, мон. пироксен, хувирсан биотит дүүргэн субофитлог бүтэц үүсгэнэ. Эвэр хуурмаг (0.5-2.0 мм) хувираагүй, мон. пироксен (0.7-1.8 мм, унтралын өнцөг 36-38 градус) хувираагүй, хувирсан биотит (0.3-1.1 мм) рутилтэй хлоритод бүрэн хувирсан. Ойсон гэрэлд ильменит, гётит, гидрогётит тодорхойлогдов.",grab sheet id,
2102,D0532,2102,,,Thin and polish-4.docx,"not stated in document (Mongolian-language petrographic-mineragraphic description sheet, 'Петрографи, минераграфийн бичиглэл' format; filed under 31_From_Batkhurel/5. Laboratory/Thin and polish)",,mn,Chlorite-albite metasomatite after gabbrodiorite porphyry,Габбродиорит порфироор үүссэн хлорит-альбитат метасоматит,"Структур: микролепидогранобласт, реликт шигтгээлэг, реликт призмлэг мөхлөгт. Текстур: сулавтар занарлаг. Grain size 0.01-0.4 mm","[{""mineral"": ""Хувирсан плагиоклаз (альбит) / altered plagioclase (albite)"", ""pct"": ""45-50""}, {""mineral"": ""Хлоритын псевдоморфоз / chlorite pseudomorphs"", ""pct"": ""15-20""}, {""mineral"": ""Титанит / titanite"", ""pct"": ""0.5-1.0""}, {""mineral"": ""Ильменит / ilmenite"", ""pct"": ""цөөн (few)""}, {""mineral"": ""Гётит / goethite"", ""pct"": ""ганц нэг (rare)""}, {""mineral"": ""Пирит / pyrite"", ""pct"": ""цөөн (few)""}, {""mineral"": ""Актинолит / actinolite (secondary)"", ""pct"": null}]",Very strong metasomatism; plagioclase recrystallised to fine albite granoblastic aggregate; primary biotite replaced by chlorite pseudomorphs with weak ferruginisation,Ore paragenesis ilmenite - titanite - leucoxene - pyrite - goethite - hydrogoethite. Ilmenite isometric euhedral 0.01-0.05 mm strongly replaced by titanite and hydrogoethite; leucoxenised titanite (sphene) 0.05-0.1 mm evenly disseminated; rare pyrite 0.01-0.05 mm,"Хлорит-альбитаас тогтсон лепидогранобласт агрегатаас бүрдэх метасоматит; анхдагч чулуу нь метасоматоз хувиралд маш хүчтэй хувирч реликт шигтгээлэг, призмлэг мөхлөгт бүтцээ муухан хадгалсан. Зонхилох хувийг 0.01-0.1 мм альбитын мөхлөгөөс тогтсон бичил гранобласт агрегат эзэлнэ. Реликт плагиоклазаар үүссэн псевдоморфозын завсраар 0.1-0.4 мм хэмжээтэй, бага зэрэг мусковиттай хлоритын псевдоморфозууд (анхдагч габбродиоритын биотитоор үүссэн, дотор нь сулавтар төмөржсөн биотитын реликттэй) жигд тархсан бөгөөд эдгээр нь реликт шигтгээлэг бүтцийг үүсгэнэ. Ойсон гэрэлд титанит, ильменит, пирит тодорхойлогдов.",grab sheet id,
40763,D0533,40763,OVD008 (per ABM 'Suggested Petro for the Oval 2024' list),84.5 m (per ABM list; not stated in this report),"BE-3 samples in English.pdf (Results of Ore Petrology - Ragnarock Investment, 3 block samples)",L. Oyunjargal Ph.D (NUM); client Ragnarock Investment LLC; 9-page report. Mongolian-language twin: 'BE-3 samples in Mongolian.pdf' fileId 1POBc4Or0a4L_m33xSjb5WwJSULy7bb0X,2023-06-22,en,,,"Structure and texture: disseminated, veinlets. Opaque grain size 11-5155 um; ore vein width 6-38 um. Rock = 20-25% ore minerals, 75-80% gangue","[{""mineral"": ""Pyrrhotite (tabulated as 'Pyrite')"", ""pct"": ""10-15""}, {""mineral"": ""Chalcopyrite"", ""pct"": ""5""}, {""mineral"": ""Pentlandite"", ""pct"": ""2""}, {""mineral"": ""Magnetite"", ""pct"": ""3""}]",Pyrrhotite partially altered to magnetite; pyrrhotite surfaces porous,"Paragenetic sequence pyrrhotite -> chalcopyrite -> pentlandite -> magnetite. Pyrrhotite anhedral, whitish yellow, impure surface, 26-5155 um; chalcopyrite greenish-yellow anhedral 39-1810 um; pentlandite anhedral 35-388 um; magnetite grey anhedral 11-410 um micro-disseminated, plus vein-like accumulations 6-38 um along gangue cracks","Polished block containing 20-25% ore minerals: anhedral disseminated pyrrhotite (whitish yellow, porous, up to 5155 um) rimmed by greenish-yellow chalcopyrite and partially altered to magnetite. Chalcopyrite (39-1810 um) is associated with pyrrhotite, pentlandite and magnetite; pentlandite (35-388 um) accompanies pyrrhotite and chalcopyrite. Grey magnetite is minor, micro-disseminated, and also forms vein-like accumulations 6-38 um wide along cracks in the gangue.",tag,
40900,D0534,40900,OVD001 (per ABM 'Suggested Petro for the Oval 2024' list),56.8 m (per ABM list; not stated in this report),"BE-3 samples in English.pdf (Results of Ore Petrology - Ragnarock Investment, 3 block samples)",L. Oyunjargal Ph.D (NUM); client Ragnarock Investment LLC; 9-page report. Mongolian-language twin: 'BE-3 samples in Mongolian.pdf' fileId 1POBc4Or0a4L_m33xSjb5WwJSULy7bb0X,2023-06-22,en,,,"Structure and texture: disseminated, colloform. Opaque grain size 25-2300 um. Ore minerals about 5% of rock volume","[{""mineral"": ""Pyrite"", ""pct"": ""<1""}, {""mineral"": ""Native copper"", ""pct"": ""<1""}, {""mineral"": ""Goethite"", ""pct"": ""5""}, {""mineral"": ""Limonite"", ""pct"": ""<1""}]",Supergene - goethite altered to limonite; limonite as very fine earthy aggregates,Paragenetic sequence pyrite -> copper -> goethite -> limonite. Creamy yellow anhedral pyrite 34-304 um associated with gangue; two anhedral pink native-copper grains 92x210 and 83x110 um; goethite altering to limonite,"Polished block with about 5% ore minerals forming disseminated and colloform accumulations. Creamy yellow anhedral pyrite (34-304 um) sits with gangue minerals. Two grains of pink native copper (92x210 and 83x110 um) were found, anhedral under the ore microscope. Goethite alters to limonite, which is distributed through the rock as very fine earthy aggregates.",tag,
40913,D0535,40913,OVD001 (per ABM 'Suggested Petro for the Oval 2024' list),68.0 m (per ABM list; not stated in this report),"BE-3 samples in English.pdf (Results of Ore Petrology - Ragnarock Investment, 3 block samples)",L. Oyunjargal Ph.D (NUM); client Ragnarock Investment LLC; 9-page report. Mongolian-language twin: 'BE-3 samples in Mongolian.pdf' fileId 1POBc4Or0a4L_m33xSjb5WwJSULy7bb0X,2023-06-22,en,,,"Structure and texture: disseminated, massive, veinlets. Opaque grain size 30-8649 um; ore vein width 17-221 um. Rock = 55% ore minerals, 45% non-ore","[{""mineral"": ""Pyrrhotite (tabulated as 'Pyrite')"", ""pct"": ""30-35""}, {""mineral"": ""Chalcopyrite"", ""pct"": ""10-15""}, {""mineral"": ""Cubanite (?)"", ""pct"": ""5""}, {""mineral"": ""Magnetite"", ""pct"": ""2""}, {""mineral"": ""Pentlandite (?)"", ""pct"": ""3""}]",,Paragenetic sequence pyrrhotite -> chalcopyrite -> cubanite. Creamy yellow anhedral pyrrhotite 30-2710 um plus 17-221 um veinlets; greenish yellow anhedral chalcopyrite 108-8649 um; cubanite anhedral 56-400 um with pyrrhotite; pinkish-creamy pentlandite anhedral 21-265 um; magnetite as veinlets in gangue cracks,"Semi-massive sulphide block in which ore minerals make up 55% of the rock. Creamy yellow anhedral pyrrhotite (30-2710 um) dominates and also forms veinlets 17-221 um wide. Greenish yellow anhedral chalcopyrite reaches 8649 um. Cubanite (56-400 um) is associated with pyrrhotite grains, and pinkish-creamy pentlandite (21-265 um) accompanies pyrrhotite; magnetite occurs as veinlets in cracks in the gangue.",tag,
40763,D0536,40763,OVD-008,84.5 m,Report20231124.docx,"Mireslab Mongol LLC - Engineer Erdenebayar J, Ph.D; Director Batsumber A, M.Eng. Report #2303 / Order No 008 for Innova Mineral LLC (contact Batkhurel). 2 polished thin sections per sample prepared at MiReSLab Japan; Nikon Eclipse LV100NPOL; JEOL JSM 5400 SEM + Oxford EDS, Akita University",2023-11-24,en,,,Type-1 magmatic assemblage: interstitial inclusions and globular/ellipsoidal pentlandite-chalcopyrite-pyrrhotite intergrowths; flame-like pentlandite exsolution lamellae in pyrrhotite; angular interstitial sulphides,"[{""mineral"": ""Nickel pyrrhotite"", ""pct"": ""74-86 (of sulphide)""}, {""mineral"": ""Chalcopyrite"", ""pct"": ""9-20 (of sulphide)""}, {""mineral"": ""Pentlandite"", ""pct"": ""0.5-6 (of sulphide)""}, {""mineral"": ""Pyrite"", ""pct"": null}, {""mineral"": ""Goethite"", ""pct"": null}, {""mineral"": ""Titanomagnetite"", ""pct"": null}, {""mineral"": ""Magnetite"", ""pct"": null}, {""mineral"": ""Chromium-alumina spinel"", ""pct"": null}, {""mineral"": ""Ilmenite (Cr-bearing)"", ""pct"": null}, {""mineral"": ""Galena"", ""pct"": ""small amount""}, {""mineral"": ""Zn-bearing mineral"", ""pct"": ""small amount""}, {""mineral"": ""Ag-Te mineral"", ""pct"": ""unknown/trace""}, {""mineral"": ""Ni-bearing anglesite"", ""pct"": ""unknown/trace""}]","Where the rocks have undergone significant metasomatism pyrite and chalcopyrite become dominant, but total sulphide is then small (generally <3-10%)","Sulphides: pyrrhotite (Ni-bearing), chalcopyrite, pentlandite, pyrite (Ni-bearing), goethite. Pentlandite carries about 1.2 wt% Co and 30.9-36.3% Ni; lamellar pentlandite (pn2) has lower Ni (20.9-28.3%) and very low Co (~0.3 wt%). Oxides: titanomagnetite, magnetite, Cr-Al spinel, Cr-bearing ilmenite","Sample dominated by sulphides (pyrrhotite, chalcopyrite, pentlandite, pyrite, goethite) together with spinel-group minerals (titanomagnetite, magnetite, chromium-alumina spinel) and ilmenite. Nickel pyrrhotite makes up 74-86% of the sulphide assemblage, chalcopyrite 9-20% and pentlandite 0.5-6%. Early pentlandite (pn1) contains 30.9-36.3% Ni with about 1.2 wt% Co, whereas lamellar pentlandite (pn2) is poorer in Ni (20.9-28.3%) and nearly Co-free. SEM-EDS additionally detected minor galena, Zn-bearing minerals, Cr-bearing ilmenite and unknown Ag-Te and Ni-bearing anglesite phases.",tag,
40913,D0537,40913,OVD-001,68 m,Report20231124.docx,"Mireslab Mongol LLC - Engineer Erdenebayar J, Ph.D; Director Batsumber A, M.Eng. Report #2303 / Order No 008 for Innova Mineral LLC (contact Batkhurel). 2 polished thin sections per sample prepared at MiReSLab Japan; Nikon Eclipse LV100NPOL; JEOL JSM 5400 SEM + Oxford EDS, Akita University",2023-11-24,en,,,Anhedral crystals of laminated pyrrhotite intergrown with chalcopyrite and pentlandite; magnetite segregations always at intergrowth margins; pyrite pseudomorphs after pyrrhotite and violarite after pentlandite; independent pyrite aggregates with residual marginal chalcopyrite,"[{""mineral"": ""Pyrrhotite"", ""pct"": null}, {""mineral"": ""Chalcopyrite"", ""pct"": null}, {""mineral"": ""Pentlandite"", ""pct"": null}, {""mineral"": ""Sphalerite"", ""pct"": ""small amount""}, {""mineral"": ""Cubanite"", ""pct"": ""small amount""}, {""mineral"": ""Argentopentlandite"", ""pct"": ""small amount""}, {""mineral"": ""Galena"", ""pct"": ""small amount""}, {""mineral"": ""Magnetite"", ""pct"": null}, {""mineral"": ""Violarite (secondary)"", ""pct"": null}, {""mineral"": ""Pyrite (secondary)"", ""pct"": null}, {""mineral"": ""Sb-michenerite (PGM)"", ""pct"": ""submicron""}, {""mineral"": ""Ag-Te mineral"", ""pct"": ""submicron""}, {""mineral"": ""Ni-bearing anglesite"", ""pct"": ""submicron""}]",Relatively low degree of alteration for the primary Po-Ccp-Pn assemblage; hydrothermal replacement of pyrrhotite by pyrite and of pentlandite by violarite in the metasomatised parts,Po-Ccp-Pn intergrowths with marginal magnetite; secondary chalcopyrite-violarite-pyrite pseudomorphs with residual pentlandite and pyrrhotite; late vein-like and finely dispersed pyrite-chalcopyrite. Submicron platinum and palladium minerals detected within the sulphides,"Pyrrhotite-chalcopyrite-pentlandite assemblages occur in relatively weakly altered rock, with only small amounts of sphalerite, cubanite, argentopentlandite and galena; the intergrowths are always accompanied by small magnetite segregations at their margins. SEM-EDS detected submicron platinum and palladium mineral inclusions inside the sulphide phases, together with an Ag-Te mineral and Ni-bearing anglesite. The report distinguishes three sulphide assemblage types across the deposit: (1) primary magmatic Pn-Ccp-Po intergrowths with spinel-group minerals and ilmenite, (2) secondary chalcopyrite-violarite-pyrite pseudomorphs with residual pentlandite and pyrrhotite (releasing Sb-Pd michenerite), and (3) newly formed vein-like and finely dispersed pyrite-chalcopyrite aggregates without PGM.",tag,
40579,D0538,40579,OVD-004,36 m,Report_20230816_Part1.pdf + Report_20230816_Part2.pdf,"Mireslab Mongol LLC - Engineer Erdenebayar J, Ph.D; Director Batsumber A, M.Eng. Report #2302 / Order No 007 for Innova Mineral LLC (contact Batkhurel). 23 polished thin sections prepared at Mineral Resource Science Laboratory, Akita, Japan; Nikon Eclipse LV100NPOL optical microscope; JEOL JSM 5400 SEM + Oxford EDS, Akita University",2023-08-16,en,Amphibole micro-gabbro,,"Holocrystalline, slightly fine-grained plagioclase + amphibole; ophitic texture","[{""mineral"": ""Plagioclase (100-500 um, euhedral-subhedral)"", ""pct"": null}, {""mineral"": ""Amphibole (100-500 um, subhedral, intergrown with plagioclase)"", ""pct"": null}, {""mineral"": ""Hematite"", ""pct"": null}, {""mineral"": ""Pyrite"", ""pct"": null}, {""mineral"": ""Chalcopyrite"", ""pct"": ""rare""}]",Weak sericite-chlorite alteration; plagioclase weakly sericitised,"Hematite 20-50 um anhedral, minor, in amphibole; pyrite 20-50 um anhedral, minor, in amphibole; chalcopyrite 10-80 um anhedral, rare, with amphibole","Holocrystalline amphibole micro-gabbro of slightly fine-grained plagioclase and amphibole showing ophitic texture. Alteration is weak sericite-chlorite; plagioclase is weakly sericitised and amphibole is colourless in PPL with highest-order interference colours. Opaques are sparse: hematite and pyrite (20-50 um, anhedral) in amphibole and rare anhedral chalcopyrite 10-80 um. No SEM-EDS was performed.",tag (MIRESL code),joined via the Mireslab internal code OVD001 -> tag 40579 of the Petrograph_MIRESL20230816_summary `Code` column
40605,D0539,40605,OVD-004,91 m,Report_20230816_Part1.pdf + Report_20230816_Part2.pdf,"Mireslab Mongol LLC - Engineer Erdenebayar J, Ph.D; Director Batsumber A, M.Eng. Report #2302 / Order No 007 for Innova Mineral LLC (contact Batkhurel). 23 polished thin sections prepared at Mineral Resource Science Laboratory, Akita, Japan; Nikon Eclipse LV100NPOL optical microscope; JEOL JSM 5400 SEM + Oxford EDS, Akita University",2023-08-16,en,Amphibole-Orthopyroxene micro-gabbro,,"Holocrystalline, slightly fine-grained plagioclase + amphibole; euhedral plagioclase poikilitic with orthopyroxene inclusions; anhedral plagioclase fills space between amphibole and euhedral plagioclase","[{""mineral"": ""Plagioclase (50-1000 um, euhedral-subhedral, poikilitic)"", ""pct"": null}, {""mineral"": ""Amphibole / hornblende (100-500 um, dark brown to yellow in PPL)"", ""pct"": null}, {""mineral"": ""Orthopyroxene (10-80 um, euhedral, enclosed in plagioclase)"", ""pct"": null}, {""mineral"": ""Chlorite (secondary, rare)"", ""pct"": null}, {""mineral"": ""Chalcopyrite"", ""pct"": ""rare""}]",Weak sericite-chlorite alteration; weak sericitisation at the boundary between euhedral and anhedral plagioclase; chlorite rare after amphibole and plagioclase,"Chalcopyrite - anhedral, rare, occurring in fracture-filling veins","Dark green fine-grained equigranular holocrystalline micro-gabbro of plagioclase, hornblende and orthopyroxene. Euhedral plagioclase encloses orthopyroxene poikilitically, and anhedral plagioclase fills the interstices between amphibole and euhedral plagioclase, with weak sericitisation at their boundaries. Alteration is weak sericite-chlorite. The only sulphide seen is rare anhedral chalcopyrite filling fractures. No SEM-EDS.",tag (MIRESL code),joined via the Mireslab internal code OVD002 -> tag 40605 of the Petrograph_MIRESL20230816_summary `Code` column
40574,D0540,40574,OVD-004,28 m,Report_20230816_Part1.pdf + Report_20230816_Part2.pdf,"Mireslab Mongol LLC - Engineer Erdenebayar J, Ph.D; Director Batsumber A, M.Eng. Report #2302 / Order No 007 for Innova Mineral LLC (contact Batkhurel). 23 polished thin sections prepared at Mineral Resource Science Laboratory, Akita, Japan; Nikon Eclipse LV100NPOL optical microscope; JEOL JSM 5400 SEM + Oxford EDS, Akita University",2023-08-16,en,Oxidized Amphibole Gabbro,,Holocrystalline plagioclase + amphibole; recently altered with secondary goethite,"[{""mineral"": ""Plagioclase (100-500 um)"", ""pct"": null}, {""mineral"": ""Amphibole (200-1000 um)"", ""pct"": null}, {""mineral"": ""Hematite"", ""pct"": null}, {""mineral"": ""Chalcopyrite"", ""pct"": null}, {""mineral"": ""Goethite (Cu-, Ni-, Co-bearing)"", ""pct"": null}]",Middle sericite-chlorite alteration; plagioclase strongly clay(sericite)-altered; amphibole strongly clay-altered but identified by columnar habit and 120-degree cleavage,"Hematite 20-80 um subhedral, rare, in amphibole; chalcopyrite 100-200 um anhedral with goethite; goethite up to 2000 um anhedral, secondary, replacing amphibole and carrying Cu","Oxidised amphibole gabbro, dark green with irregular 3-4 cm grayish-white patches, holocrystalline and moderately sericite-chlorite altered. Both plagioclase and amphibole are strongly clay-altered; amphibole is recognised only from its columnar habit and 120-degree cleavage. Coarse secondary goethite (up to 2000 um) is interpreted to replace amphibole, and SEM-EDS shows that this goethite contains Ni and Co while the amphibole itself carries Cu (and Ni). Chalcopyrite (100-200 um) occurs with the goethite and rare subhedral hematite sits in amphibole.",tag (MIRESL code),joined via the Mireslab internal code OVD003 -> tag 40574 of the Petrograph_MIRESL20230816_summary `Code` column
40635,D0541,40635,OVD-005,53 m,Report_20230816_Part1.pdf + Report_20230816_Part2.pdf,"Mireslab Mongol LLC - Engineer Erdenebayar J, Ph.D; Director Batsumber A, M.Eng. Report #2302 / Order No 007 for Innova Mineral LLC (contact Batkhurel). 23 polished thin sections prepared at Mineral Resource Science Laboratory, Akita, Japan; Nikon Eclipse LV100NPOL optical microscope; JEOL JSM 5400 SEM + Oxford EDS, Akita University",2023-08-16,en,Amphibole micro-gabbro,,"Holocrystalline, slightly fine-grained plagioclase + amphibole; amphibole with ophitic texture","[{""mineral"": ""Plagioclase (100-500 um)"", ""pct"": null}, {""mineral"": ""Amphibole / hornblende (50-500 um, light brown in PPL)"", ""pct"": null}, {""mineral"": ""Ilmenite"", ""pct"": null}, {""mineral"": ""Chalcopyrite"", ""pct"": null}, {""mineral"": ""Ni-bearing pyrrhotite"", ""pct"": null}, {""mineral"": ""Heideite (?) Fe-Ti-Cr sulphide"", ""pct"": null}, {""mineral"": ""Illite-smectite (secondary)"", ""pct"": null}, {""mineral"": ""Chlorite + calcite (secondary)"", ""pct"": null}]",Illite-smectite alteration; abundant illite-smectite in plagioclase; chlorite and calcite common in amphibole; sericitisation of plagioclase,"Ilmenite 50-100 um anhedral intergranular to plagioclase and amphibole (SEM-EDS shows Mn-rich pyrophanite and Mn-free ilmenite components); chalcopyrite 10-200 um anhedral, 10 um refined grains inside ilmenite, often with Ni-bearing pyrrhotite; Ni-bearing pyrrhotite 50-800 um anhedral; Heideite(?) (Fe,Cr)1.15(Ti,Fe)2S4, 10 um, irregular with chalcopyrite in ilmenite","Holocrystalline amphibole micro-gabbro with ophitic amphibole, altered to an illite-smectite assemblage with chlorite and calcite in the amphibole. Ilmenite (50-100 um) is intergranular between plagioclase and amphibole and SEM-EDS resolves two components in it: a Mn-rich pyrophanite part and a Mn-free ilmenite part. Chalcopyrite (10-200 um, and 10 um refined grains inside ilmenite) occurs with Ni-bearing pyrrhotite (50-800 um). A 10 um Fe-Ti-Cr sulphide interpreted as possible heideite occurs irregularly with chalcopyrite inside ilmenite.",tag (MIRESL code),joined via the Mireslab internal code OVD004 -> tag 40635 of the Petrograph_MIRESL20230816_summary `Code` column
40645,D0542,40645,OVD-005,71 m,Report_20230816_Part1.pdf + Report_20230816_Part2.pdf,"Mireslab Mongol LLC - Engineer Erdenebayar J, Ph.D; Director Batsumber A, M.Eng. Report #2302 / Order No 007 for Innova Mineral LLC (contact Batkhurel). 23 polished thin sections prepared at Mineral Resource Science Laboratory, Akita, Japan; Nikon Eclipse LV100NPOL optical microscope; JEOL JSM 5400 SEM + Oxford EDS, Akita University",2023-08-16,en,Amphibole gabbro,,"Holocrystalline, slightly fine-grained plagioclase + amphibole, amphibole often ophitic","[{""mineral"": ""Plagioclase (50-400 um)"", ""pct"": null}, {""mineral"": ""Amphibole / hornblende (50-800 um)"", ""pct"": null}, {""mineral"": ""Ilmenite"", ""pct"": null}, {""mineral"": ""Chalcopyrite"", ""pct"": null}, {""mineral"": ""Ni-bearing pyrite"", ""pct"": null}, {""mineral"": ""Pentlandite"", ""pct"": null}, {""mineral"": ""Chlorite (secondary)"", ""pct"": null}, {""mineral"": ""Sericite + calcite (secondary)"", ""pct"": null}]","Partly sericite-calcite alteration in patchy form; chalcopyrite, pyrrhotite and pyrite are predominant in the altered patches; amphibole often chloritised","Ilmenite 50-400 um anhedral in amphibole; chalcopyrite 10-80 um anhedral inside pyrrhotite; pyrite 10-500 um anhedral, SEM-EDS shows slight Ni (0.54 wt% Ni); pentlandite 1-10 um anhedral, rare, at the rim of pyrite as fracture-filling (SEM-EDS: 22.19 wt% Ni, 4.35 wt% Co)","Dark green holocrystalline amphibole gabbro with ophitic amphibole and patchy sericite-calcite alteration; chalcopyrite, pyrrhotite and pyrite concentrate in the altered patches and amphibole is partly chloritised. Ilmenite (50-400 um) sits inside amphibole. SEM-EDS shows the pyrite carries slight Ni (0.54 wt%) and that rare 1-10 um pentlandite occurs as fracture-filling at pyrite rims with 22.19 wt% Ni and 4.35 wt% Co.",tag (MIRESL code),joined via the Mireslab internal code OVD005 -> tag 40645 of the Petrograph_MIRESL20230816_summary `Code` column
40715,D0543,40715,OVD-007,98.2 m,Report_20230816_Part1.pdf + Report_20230816_Part2.pdf,"Mireslab Mongol LLC - Engineer Erdenebayar J, Ph.D; Director Batsumber A, M.Eng. Report #2302 / Order No 007 for Innova Mineral LLC (contact Batkhurel). 23 polished thin sections prepared at Mineral Resource Science Laboratory, Akita, Japan; Nikon Eclipse LV100NPOL optical microscope; JEOL JSM 5400 SEM + Oxford EDS, Akita University",2023-08-16,en,Shale (weak schistosity),,Pelitic rock with prominent sedimentary texture; fine pyrite in harmony with the sedimentary layering,"[{""mineral"": ""Quartz (very fine-grained)"", ""pct"": null}, {""mineral"": ""Feldspar (very fine-grained)"", ""pct"": null}, {""mineral"": ""Clay mineral"", ""pct"": null}, {""mineral"": ""Pyrite"", ""pct"": null}, {""mineral"": ""Calcite (veinlets)"", ""pct"": null}]",Not altered,"Pyrite ~1 um anhedral distributed in harmony with the sedimentary structure, and ~5 um subhedral-anhedral pyrite forming 10-20 um veinlets; calcite veinlets cut the pyrite veinlets","Dark fine-grained shale of very fine quartz, feldspar and clay minerals with a prominent sedimentary texture and weak schistosity. It is unaltered. Very fine (~1 um) anhedral pyrite is distributed in harmony with the sedimentary structure, and coarser (~5 um) subhedral to anhedral pyrite forms 10-20 um veinlets, which are in turn cut by calcite veinlets. No SEM-EDS.",tag (MIRESL code),joined via the Mireslab internal code OVD006 -> tag 40715 of the Petrograph_MIRESL20230816_summary `Code` column
40628,D0544,40628,OVD-005,40.5 m,Report_20230816_Part1.pdf + Report_20230816_Part2.pdf,"Mireslab Mongol LLC - Engineer Erdenebayar J, Ph.D; Director Batsumber A, M.Eng. Report #2302 / Order No 007 for Innova Mineral LLC (contact Batkhurel). 23 polished thin sections prepared at Mineral Resource Science Laboratory, Akita, Japan; Nikon Eclipse LV100NPOL optical microscope; JEOL JSM 5400 SEM + Oxford EDS, Akita University",2023-08-16,en,Amphibole gabbro,,Holocrystalline rock of plagioclase and amphibole; amphibole intergrown with plagioclase and possibly replaced by sulphides,"[{""mineral"": ""Plagioclase (50-400 um, sericitised core, albite rim)"", ""pct"": null}, {""mineral"": ""Amphibole / hornblende (50-800 um)"", ""pct"": null}, {""mineral"": ""Cr-bearing magnetite"", ""pct"": null}, {""mineral"": ""Chalcopyrite"", ""pct"": null}, {""mineral"": ""Ni-bearing pyrite"", ""pct"": null}, {""mineral"": ""Pentlandite"", ""pct"": null}, {""mineral"": ""Ag-Te mineral"", ""pct"": ""trace""}, {""mineral"": ""Ni-bearing anglesite (?)"", ""pct"": ""trace""}]","Partly substantial sericite-calcite alteration in patchy form; chalcopyrite, pyrrhotite and pyrite predominate in altered patches; plagioclase sericitised in core with albite rim","Cr-bearing magnetite 50-100 um subhedral-anhedral with altered amphibole and chalcopyrite; chalcopyrite 10-80 um anhedral with Ni-bearing pyrite; pyrite 10-500 um anhedral, sometimes Ni-bearing (SEM-EDS 24.63 wt% Ni in one spot); pentlandite 1-10 um anhedral in chalcopyrite; Ag-Te mineral 1 um at the rim of chalcopyrite and pentlandite; Ni-bearing anglesite (?) ~3 um","Dark equigranular holocrystalline amphibole gabbro carrying sulphide patches up to 1 cm. Plagioclase is sericitised in the core with an albite rim, and amphibole is intergrown with plagioclase and may be replaced by sulphides. Alteration is patchy but locally strong sericite-calcite, and chalcopyrite, pyrrhotite and pyrite concentrate in these patches. SEM-EDS identified Cr-bearing magnetite, Ni-bearing pyrite, pentlandite in chalcopyrite and 1 um Ag-Te grains at chalcopyrite/pentlandite rims, plus a possible Ni-bearing anglesite.",tag (MIRESL code),joined via the Mireslab internal code OVD007 -> tag 40628 of the Petrograph_MIRESL20230816_summary `Code` column
40530,D0545,40530,OVD-003,157.5 m,Report_20230816_Part1.pdf + Report_20230816_Part2.pdf,"Mireslab Mongol LLC - Engineer Erdenebayar J, Ph.D; Director Batsumber A, M.Eng. Report #2302 / Order No 007 for Innova Mineral LLC (contact Batkhurel). 23 polished thin sections prepared at Mineral Resource Science Laboratory, Akita, Japan; Nikon Eclipse LV100NPOL optical microscope; JEOL JSM 5400 SEM + Oxford EDS, Akita University",2023-08-16,en,Amphibole micro-gabbro,,Holocrystalline rock of plagioclase and amphibole; holocrystalline and ophitic texture,"[{""mineral"": ""Plagioclase (50-400 um)"", ""pct"": null}, {""mineral"": ""Amphibole / hornblende (50-800 um)"", ""pct"": null}, {""mineral"": ""Magnetite"", ""pct"": null}, {""mineral"": ""Ni-bearing pyrite"", ""pct"": null}, {""mineral"": ""Pyrrhotite"", ""pct"": null}, {""mineral"": ""Chalcopyrite"", ""pct"": null}, {""mineral"": ""Pentlandite"", ""pct"": null}, {""mineral"": ""Cd-bearing sphalerite"", ""pct"": null}, {""mineral"": ""Ag-Te-Bi mineral"", ""pct"": ""trace""}, {""mineral"": ""Ag-Au mineral"", ""pct"": ""trace""}]","Partly strong sericitisation; plagioclase partly sericitised, cores often replaced by chalcopyrite or pyrite, rims chloritised; amphibole partly chloritised. Locally strong sericite-calcite alteration in patches where chalcopyrite, pyrrhotite and Ni-bearing pyrite predominate","Magnetite 50-100 um subhedral-anhedral in amphibole; pyrite 10-200 um anhedral, sometimes replacing plagioclase and amphibole, sometimes Ni-bearing (SEM-EDS 0.52 wt% Ni); pyrrhotite 100-2000 um anhedral; chalcopyrite 10-1000 um anhedral with Ni-bearing pyrite; pentlandite 1-10 um; Ag-Te-Bi mineral 1 um in chalcopyrite and pyrite; Ag-Au mineral 1 um in pyrite; Cd-bearing sphalerite","Dark black holocrystalline amphibole micro-gabbro with ophitic texture and partly strong sericitisation; plagioclase cores are often replaced by chalcopyrite or pyrite while the rims are chloritised. Sulphides are relatively abundant: anhedral pyrrhotite up to 2000 um, chalcopyrite up to 1000 um, Ni-bearing pyrite (0.52 wt% Ni) and 1-10 um pentlandite. SEM-EDS also detected Cd-bearing sphalerite and 1 um precious-metal phases - an Ag-Te-Bi mineral in chalcopyrite and pyrite and an Ag-Au mineral in pyrite.",tag (MIRESL code),joined via the Mireslab internal code OVD008 -> tag 40530 of the Petrograph_MIRESL20230816_summary `Code` column
40899,D0546,40899,OVD-001,15.5 m,Report_20230816_Part1.pdf + Report_20230816_Part2.pdf,"Mireslab Mongol LLC - Engineer Erdenebayar J, Ph.D; Director Batsumber A, M.Eng. Report #2302 / Order No 007 for Innova Mineral LLC (contact Batkhurel). 23 polished thin sections prepared at Mineral Resource Science Laboratory, Akita, Japan; Nikon Eclipse LV100NPOL optical microscope; JEOL JSM 5400 SEM + Oxford EDS, Akita University",2023-08-16,en,Pelitic rock (weak schistosity),,"Characteristic massive texture of muddy rock; very fine-grained quartz, feldspar and clay minerals","[{""mineral"": ""Quartz (very fine-grained)"", ""pct"": null}, {""mineral"": ""Feldspar (very fine-grained)"", ""pct"": null}, {""mineral"": ""Clay mineral"", ""pct"": null}, {""mineral"": ""Goethite (veinlets)"", ""pct"": null}]","No alteration, but quartz and goethite-quartz veinlets are present","Goethite in 50-100 um wide goethite-quartz veinlets, often with voids","Weathered blackish-brown to brown pelitic rock with weak schistosity and the characteristic massive texture of a muddy rock, composed of very fine-grained quartz, feldspar and clay minerals. It is unaltered but is cut by quartz and goethite-quartz veinlets 50-100 um wide that often contain voids; goethite occurs in these veinlets together with quartz. No SEM-EDS.",tag (MIRESL code),joined via the Mireslab internal code OVD009 -> tag 40899 of the Petrograph_MIRESL20230816_summary `Code` column
40901,D0547,40901,OVD-002,20.4 m,Report_20230816_Part1.pdf + Report_20230816_Part2.pdf,"Mireslab Mongol LLC - Engineer Erdenebayar J, Ph.D; Director Batsumber A, M.Eng. Report #2302 / Order No 007 for Innova Mineral LLC (contact Batkhurel). 23 polished thin sections prepared at Mineral Resource Science Laboratory, Akita, Japan; Nikon Eclipse LV100NPOL optical microscope; JEOL JSM 5400 SEM + Oxford EDS, Akita University",2023-08-16,en,Oxidized Amphibole Gabbro,,"Holocrystalline rock of plagioclase and hornblende, ophitic texture; late-stage alteration with secondary goethite","[{""mineral"": ""Plagioclase (100-400 um)"", ""pct"": null}, {""mineral"": ""Amphibole (100-2000 um)"", ""pct"": null}, {""mineral"": ""Goethite (secondary)"", ""pct"": null}, {""mineral"": ""Chalcopyrite"", ""pct"": null}, {""mineral"": ""Pyrite"", ""pct"": null}, {""mineral"": ""Epidote (secondary)"", ""pct"": null}, {""mineral"": ""Calcite"", ""pct"": null}]","Partly strong sericite and epidote alteration; plagioclase strongly altered to clay (sericite, rarely calcite); amphibole strongly altered to chlorite and epidote","Chalcopyrite 100-200 um anhedral with goethite; goethite up to 2000 um anhedral, thought to replace chalcopyrite; pyrite present","Black to dark green oxidised amphibole gabbro with patchy orange oxidised zones and ophitic texture. Plagioclase is strongly clay(sericite)-altered and amphibole strongly chlorite-epidote altered, so the crystals are recognised mainly from their columnar habit. Coarse anhedral goethite (up to 2000 um) is interpreted to have replaced chalcopyrite, and 100-200 um chalcopyrite still occurs with the goethite. Calcite and goethite-quartz veining is present. No SEM-EDS.",tag (MIRESL code),joined via the Mireslab internal code OVD010 -> tag 40901 of the Petrograph_MIRESL20230816_summary `Code` column
40902,D0548,40902,OVD-002,87.4 m,Report_20230816_Part1.pdf + Report_20230816_Part2.pdf,"Mireslab Mongol LLC - Engineer Erdenebayar J, Ph.D; Director Batsumber A, M.Eng. Report #2302 / Order No 007 for Innova Mineral LLC (contact Batkhurel). 23 polished thin sections prepared at Mineral Resource Science Laboratory, Akita, Japan; Nikon Eclipse LV100NPOL optical microscope; JEOL JSM 5400 SEM + Oxford EDS, Akita University",2023-08-16,en,Pelitic rock,,"Characteristic massive texture of muddy rock, rarely with 200 um plagioclase crystal fragments; dissemination of pyrite and pyrrhotite","[{""mineral"": ""Quartz (very fine-grained)"", ""pct"": null}, {""mineral"": ""Feldspar (very fine-grained)"", ""pct"": null}, {""mineral"": ""Clay mineral"", ""pct"": null}, {""mineral"": ""Pyrite"", ""pct"": null}, {""mineral"": ""Pyrrhotite"", ""pct"": null}, {""mineral"": ""Calcite (veins)"", ""pct"": null}]",No alteration,"Pyrite 1-200 um euhedral to anhedral as fine-grained aggregates or crystal fragments; pyrrhotite 1-10 um anhedral, rarely with the pyrite aggregates","Dark gray unaltered pelitic rock cut by helminthic white calcite veins, with the massive texture typical of a muddy rock and rare 200 um relict plagioclase crystal fragments. It consists of very fine-grained quartz, feldspar and clay minerals. Pyrite (1-200 um, euhedral to anhedral) forms fine aggregates and crystal fragments, and rare 1-10 um anhedral pyrrhotite accompanies the pyrite aggregates. No SEM-EDS.",tag (MIRESL code),joined via the Mireslab internal code OVD011 -> tag 40902 of the Petrograph_MIRESL20230816_summary `Code` column
40903,D0549,40903,OVD-001,7.15 m,Report_20230816_Part1.pdf + Report_20230816_Part2.pdf,"Mireslab Mongol LLC - Engineer Erdenebayar J, Ph.D; Director Batsumber A, M.Eng. Report #2302 / Order No 007 for Innova Mineral LLC (contact Batkhurel). 23 polished thin sections prepared at Mineral Resource Science Laboratory, Akita, Japan; Nikon Eclipse LV100NPOL optical microscope; JEOL JSM 5400 SEM + Oxford EDS, Akita University",2023-08-16,en,Gossan (iron oxide-calcite-quartz; original lithofacies not identified),,Composed of goethite and calcite with calcite filling between the goethite; rare unknown Fe-Si hydroxide minerals,"[{""mineral"": ""Goethite"", ""pct"": null}, {""mineral"": ""Calcite (small Mg content)"", ""pct"": null}, {""mineral"": ""Quartz"", ""pct"": null}, {""mineral"": ""Fe-Si hydroxide mineral (unknown)"", ""pct"": null}, {""mineral"": ""Ag-I mineral (unknown, 8 um)"", ""pct"": ""trace""}]",Strongly oxidised,"Goethite (dominant), unknown Fe-Si hydroxide mineral, unknown Ag-I mineral 8 um present in goethite, calcite (with small Mg content)","Strongly oxidised gossan, dark black to reddish copper coloured and massive, cut in places by quartz veins. It consists of goethite with calcite filling the interstices between goethite, plus rare unknown Fe-Si hydroxide minerals. The original lithofacies cannot be identified. SEM-EDS identified goethite, an Fe-Si hydroxide mineral, calcite with a small Mg content, and an 8 um unknown Ag-I mineral hosted in goethite.",tag (MIRESL code),joined via the Mireslab internal code OVD012 -> tag 40903 of the Petrograph_MIRESL20230816_summary `Code` column
40904,D0550,40904,OVD-002,"44.2 m (Table 1). NOTE: the body text of both report parts repeats 'Tag: 40902, Depth 87.4 m' for OVD013, which duplicates OVD011 and is a transcription error; Table 1 of Part 1 gives 40904 / 44.2 m",Report_20230816_Part1.pdf + Report_20230816_Part2.pdf,"Mireslab Mongol LLC - Engineer Erdenebayar J, Ph.D; Director Batsumber A, M.Eng. Report #2302 / Order No 007 for Innova Mineral LLC (contact Batkhurel). 23 polished thin sections prepared at Mineral Resource Science Laboratory, Akita, Japan; Nikon Eclipse LV100NPOL optical microscope; JEOL JSM 5400 SEM + Oxford EDS, Akita University",2023-08-16,en,Amphibole micro-Gabbro,,Holocrystalline rock of plagioclase and amphibole; ophitic texture not common in amphibole,"[{""mineral"": ""Plagioclase (50-200 um)"", ""pct"": null}, {""mineral"": ""Amphibole / hornblende (50-500 um)"", ""pct"": null}, {""mineral"": ""Magnetite"", ""pct"": null}, {""mineral"": ""Ni-bearing pyrite"", ""pct"": null}, {""mineral"": ""Pyrrhotite"", ""pct"": null}, {""mineral"": ""Chalcopyrite"", ""pct"": null}, {""mineral"": ""Pentlandite"", ""pct"": null}, {""mineral"": ""As-Ag-Te sulphide (unknown)"", ""pct"": ""trace""}, {""mineral"": ""Chlorite (secondary)"", ""pct"": null}, {""mineral"": ""Calcite"", ""pct"": null}]",Middle sericite-chlorite alteration with chalcopyrite-pyrite veinlets; amphibole strongly chlorite-altered,"Magnetite 50 um subhedral-anhedral in amphibole; pyrite in chalcopyrite-pyrrhotite veinlets, anhedral, sometimes Ni-bearing (SEM-EDS 0.36 wt% Ni); pyrrhotite in chalcopyrite veinlets; chalcopyrite anhedral in veinlets with pyrite or Ni-bearing pyrite; pentlandite 1-10 um anhedral inside pyrite (SEM-EDS spot with 2.54 wt% Co); unknown As-Ag-Te sulphide mineral 1 um","Dark green to black equigranular holocrystalline amphibole micro-gabbro with common calcite veins and moderate sericite-chlorite alteration; the amphibole is strongly chloritised. The distinctive feature is a chalcopyrite-pyrite(-pyrrhotite) veinlet. SEM-EDS identified chalcopyrite, pyrite, Ni-bearing pyrite (0.36 wt% Ni), pentlandite hosted in pyrite and an unknown 1 um As-Ag-Te sulphide.",tag (MIRESL code),joined via the Mireslab internal code OVD013 -> tag 40904 of the Petrograph_MIRESL20230816_summary `Code` column
40905,D0551,40905,OVD-001,35.8 m,Report_20230816_Part1.pdf + Report_20230816_Part2.pdf,"Mireslab Mongol LLC - Engineer Erdenebayar J, Ph.D; Director Batsumber A, M.Eng. Report #2302 / Order No 007 for Innova Mineral LLC (contact Batkhurel). 23 polished thin sections prepared at Mineral Resource Science Laboratory, Akita, Japan; Nikon Eclipse LV100NPOL optical microscope; JEOL JSM 5400 SEM + Oxford EDS, Akita University",2023-08-16,en,Strong altered diabase,,Very little discernible texture remains; goethite with slightly columnar shape around sericitised plagioclase gives a presumed ophitic-like texture; anorthite retained its shape better than the mafic minerals,"[{""mineral"": ""Altered plagioclase (50-300 um)"", ""pct"": null}, {""mineral"": ""Goethite (after mafic mineral)"", ""pct"": null}, {""mineral"": ""Calcite"", ""pct"": null}]","Strong sericite alteration; plagioclase strongly sericitised, mafic minerals and/or matrix oxidised; calcite and goethite veinlets present","Goethite present as a replaced mafic mineral, often in veins; calcite in fractures or veinlets; other opaque minerals could not be confirmed","Dense brown to light green strongly altered diabase in which almost no igneous texture survives. Goethite with a slightly columnar habit surrounds sericitised plagioclase, giving a presumed relict ophitic texture, and the plagioclase (anorthite) has kept its shape better than the mafic minerals because of its greater resistance to alteration. Alteration is strong sericitisation of plagioclase with oxidation of the mafic minerals and matrix; calcite and goethite veinlets are present. No other opaque minerals could be confirmed and no SEM-EDS was done.",tag (MIRESL code),joined via the Mireslab internal code OVD014 -> tag 40905 of the Petrograph_MIRESL20230816_summary `Code` column
40906,D0552,40906,OVD-002,126.4 m,Report_20230816_Part1.pdf + Report_20230816_Part2.pdf,"Mireslab Mongol LLC - Engineer Erdenebayar J, Ph.D; Director Batsumber A, M.Eng. Report #2302 / Order No 007 for Innova Mineral LLC (contact Batkhurel). 23 polished thin sections prepared at Mineral Resource Science Laboratory, Akita, Japan; Nikon Eclipse LV100NPOL optical microscope; JEOL JSM 5400 SEM + Oxford EDS, Akita University",2023-08-16,en,Black Schist,,"Slightly sandy quartz, feldspar and clay minerals (chlorite, illite-smectite) with schistosity; ~50 um grains; weak boudinage and fold texture; sub-rounded to rounded clusters of coarser fragments produce the spotted appearance","[{""mineral"": ""Quartz (~50 um)"", ""pct"": null}, {""mineral"": ""Feldspar"", ""pct"": null}, {""mineral"": ""Clay minerals (chlorite, illite-smectite)"", ""pct"": null}, {""mineral"": ""Hematite"", ""pct"": null}, {""mineral"": ""Pyrite"", ""pct"": null}, {""mineral"": ""Calcite (veinlets)"", ""pct"": null}]","No alteration; quartz and goethite-quartz veinlets present, sometimes calcite and pyrite veinlets cutting the sedimentary and schistosity texture","Hematite 100-500 um anhedral, rarely in clusters; pyrite 1-100 um euhedral to anhedral, commonly as veinlets","Black massive schist of slightly sandy quartz, feldspar and clay minerals (chlorite, illite-smectite) with schistosity, weak boudinage and fold textures. The spotted appearance in hand specimen reflects sub-rounded to rounded clusters of slightly coarser crystal fragments. The rock is unaltered but carries quartz and goethite-quartz veinlets, with calcite and pyrite veinlets locally cutting the sedimentary and schistose fabric. Opaques are anhedral hematite (100-500 um, rarely clustered) and common pyrite (1-100 um) as veinlets.",tag (MIRESL code),joined via the Mireslab internal code OVD015 -> tag 40906 of the Petrograph_MIRESL20230816_summary `Code` column
40907,D0553,40907,OVD-001,62.4 m,Report_20230816_Part1.pdf + Report_20230816_Part2.pdf,"Mireslab Mongol LLC - Engineer Erdenebayar J, Ph.D; Director Batsumber A, M.Eng. Report #2302 / Order No 007 for Innova Mineral LLC (contact Batkhurel). 23 polished thin sections prepared at Mineral Resource Science Laboratory, Akita, Japan; Nikon Eclipse LV100NPOL optical microscope; JEOL JSM 5400 SEM + Oxford EDS, Akita University",2023-08-16,en,Strong altered diabase,,Very little discernible texture remains; goethite with slightly columnar shape around sericitised plagioclase gives presumed ophitic-like texture,"[{""mineral"": ""Altered plagioclase (50-200 um)"", ""pct"": null}, {""mineral"": ""Goethite (after mafic mineral)"", ""pct"": null}, {""mineral"": ""Calcite"", ""pct"": null}, {""mineral"": ""Pyrite"", ""pct"": null}]",Strong sericite-calcite alteration; plagioclase strongly sericitised and calcite-altered; mafic minerals and matrix oxidised; calcite and goethite veinlets present,"Goethite present as a displaced mafic mineral, often in veins; calcite replacing plagioclase, often fractured or veined; pyrite 10-100 um euhedral to subhedral, commonly disseminated","Dark gray to dark green strongly altered diabase with irregular colour distribution and almost no preserved primary texture; a relict ophitic-like fabric is inferred from columnar goethite around sericitised plagioclase. Alteration is strong sericite-calcite: plagioclase is strongly sericitised and replaced by calcite, and the mafic minerals and matrix are oxidised. Calcite and goethite veinlets are present, and euhedral to subhedral pyrite 10-100 um is commonly disseminated. No SEM-EDS.",tag (MIRESL code),joined via the Mireslab internal code OVD016 -> tag 40907 of the Petrograph_MIRESL20230816_summary `Code` column
40908,D0554,40908,OVD-001,8.6 m,Report_20230816_Part1.pdf + Report_20230816_Part2.pdf,"Mireslab Mongol LLC - Engineer Erdenebayar J, Ph.D; Director Batsumber A, M.Eng. Report #2302 / Order No 007 for Innova Mineral LLC (contact Batkhurel). 23 polished thin sections prepared at Mineral Resource Science Laboratory, Akita, Japan; Nikon Eclipse LV100NPOL optical microscope; JEOL JSM 5400 SEM + Oxford EDS, Akita University",2023-08-16,en,Gossan (copper-iron-oxide; original lithofacies not identified),,Copper-iron oxide mineral and malachite; malachite as fracture filling in goethite and Cu-Fe oxide; Fe-Si hydroxide mineral with brown rim and dark brown core,"[{""mineral"": ""Goethite"", ""pct"": null}, {""mineral"": ""Malachite"", ""pct"": null}, {""mineral"": ""Copper-iron oxide mineral"", ""pct"": null}, {""mineral"": ""Cu- and Ni-bearing Fe-Si hydroxide (unknown)"", ""pct"": null}, {""mineral"": ""Quartz-clay mineral"", ""pct"": null}, {""mineral"": ""Calcite (in altered plagioclase)"", ""pct"": null}]",Oxidised,"Malachite, goethite, Cu- and Ni-bearing Fe-Si hydroxide minerals (SEM-EDS shows the Fe-Si hydroxide rim contains Cu and Ni)","Copper-iron-oxide gossan with dark red patches and bright green copper oxide filling cracks; the original lithofacies cannot be identified. Malachite is developed as fracture filling within goethite and copper-iron oxide minerals. An unknown Fe-Si hydroxide mineral with a brown rim and dark brown core occurs at the boundary between goethite and Cu oxide, and SEM-EDS shows that its rim contains both Cu and Ni.",tag (MIRESL code),joined via the Mireslab internal code OVD017 -> tag 40908 of the Petrograph_MIRESL20230816_summary `Code` column
40909,D0555,40909,OVD-002,51.6 m,Report_20230816_Part1.pdf + Report_20230816_Part2.pdf,"Mireslab Mongol LLC - Engineer Erdenebayar J, Ph.D; Director Batsumber A, M.Eng. Report #2302 / Order No 007 for Innova Mineral LLC (contact Batkhurel). 23 polished thin sections prepared at Mineral Resource Science Laboratory, Akita, Japan; Nikon Eclipse LV100NPOL optical microscope; JEOL JSM 5400 SEM + Oxford EDS, Akita University",2023-08-16,en,Amphibole micro-gabbro,,Holocrystalline rock of slightly fine-grained plagioclase and amphibole; amphibole intergrown with plagioclase,"[{""mineral"": ""Plagioclase (10-300 um)"", ""pct"": null}, {""mineral"": ""Amphibole (10-500 um)"", ""pct"": null}, {""mineral"": ""Chlorite (secondary)"", ""pct"": null}, {""mineral"": ""Chalcopyrite"", ""pct"": ""rare""}]",Chlorite alteration; plagioclase weakly sericitised,"Chalcopyrite 50-100 um anhedral, rare, occurring with amphibole",Green to dark greenish-gray fine-grained equigranular holocrystalline amphibole micro-gabbro. Plagioclase (10-300 um) is weakly sericitised and amphibole (10-500 um) is intergrown with it; the rock carries a chlorite alteration overprint. The only opaque phase observed is rare anhedral chalcopyrite (50-100 um) associated with amphibole. No SEM-EDS.,tag (MIRESL code),joined via the Mireslab internal code OVD018 -> tag 40909 of the Petrograph_MIRESL20230816_summary `Code` column
40910,D0556,40910,OVD-002,37 m,Report_20230816_Part1.pdf + Report_20230816_Part2.pdf,"Mireslab Mongol LLC - Engineer Erdenebayar J, Ph.D; Director Batsumber A, M.Eng. Report #2302 / Order No 007 for Innova Mineral LLC (contact Batkhurel). 23 polished thin sections prepared at Mineral Resource Science Laboratory, Akita, Japan; Nikon Eclipse LV100NPOL optical microscope; JEOL JSM 5400 SEM + Oxford EDS, Akita University",2023-08-16,en,Amphibole gabbro,,Holocrystalline rock of slightly fine-grained plagioclase and amphibole; amphibole often ophitic,"[{""mineral"": ""Plagioclase (50-400 um)"", ""pct"": null}, {""mineral"": ""Amphibole / hornblende (50-800 um)"", ""pct"": null}, {""mineral"": ""Magnetite"", ""pct"": null}, {""mineral"": ""Chalcopyrite"", ""pct"": null}, {""mineral"": ""Ni-bearing pyrrhotite"", ""pct"": null}, {""mineral"": ""Pyrite"", ""pct"": null}, {""mineral"": ""Ag-Te-Bi mineral"", ""pct"": ""trace""}, {""mineral"": ""Ag-Te mineral"", ""pct"": ""trace""}]","Partly sericitisation; sulphides sit in patchy strongly altered parts, with strong sericitisation between sulphide and rock-forming minerals; strongly sericitised amphibole may be actinolite","Magnetite 50-100 um subhedral-anhedral in amphibole; chalcopyrite 10-1000 um anhedral with Ni-bearing pyrrhotite; pyrrhotite 10-200 um anhedral, Ni-bearing (SEM-EDS 0.57 wt% Ni); pyrite 10-200 um anhedral with Ni-bearing pyrrhotite; Ag-Te-Bi mineral and Ag-Te mineral, 1 um, rare, in chalcopyrite",Black to dark greenish-gray fine-grained equigranular holocrystalline amphibole gabbro with often ophitic amphibole and irregularly scattered sulphides. Sericitisation is patchy and is strongest between the sulphides and the rock-forming minerals; strongly sericitised amphibole may in fact be actinolite. Chalcopyrite reaches 1000 um and occurs with Ni-bearing pyrrhotite (0.57 wt% Ni) and pyrite. SEM-EDS also detected rare 1 um Ag-Te and Ag-Te-Bi minerals inside the chalcopyrite.,tag (MIRESL code),joined via the Mireslab internal code OVD019 -> tag 40910 of the Petrograph_MIRESL20230816_summary `Code` column
40911,D0557,40911,OVD-002,75.5 m,Report_20230816_Part1.pdf + Report_20230816_Part2.pdf,"Mireslab Mongol LLC - Engineer Erdenebayar J, Ph.D; Director Batsumber A, M.Eng. Report #2302 / Order No 007 for Innova Mineral LLC (contact Batkhurel). 23 polished thin sections prepared at Mineral Resource Science Laboratory, Akita, Japan; Nikon Eclipse LV100NPOL optical microscope; JEOL JSM 5400 SEM + Oxford EDS, Akita University",2023-08-16,en,Strong altered diabase,,"Very little discernible texture remains; the spotted appearance is thought to be plagioclase or mafic minerals; more patchy and less basal area suggests a hypabyssal rather than holocrystalline rock, hence diabase","[{""mineral"": ""Altered plagioclase (50-200 um)"", ""pct"": null}, {""mineral"": ""Calcite"", ""pct"": null}, {""mineral"": ""Pyrite"", ""pct"": null}]","Strong sericite-calcite alteration; plagioclase, mafic minerals and matrix strongly sericitised; calcite and pyrite veinlets present","Pyrite 10-100 um euhedral to subhedral, disseminated and rarely as veinlets; calcite displaces plagioclase and mafic minerals, often fractured and veined","Strongly altered diabase in which very little discernible texture survives; the spotted appearance is interpreted as relict plagioclase or mafic minerals and the patchy, low-groundmass character suggests a hypabyssal rock. Alteration is strong sericite-calcite affecting plagioclase, mafic minerals and matrix alike, and calcite displaces plagioclase and mafic minerals and forms fractures and veins. Euhedral to subhedral pyrite (10-100 um) is disseminated and rarely forms veinlets. No SEM-EDS.",tag (MIRESL code),joined via the Mireslab internal code OVD020 -> tag 40911 of the Petrograph_MIRESL20230816_summary `Code` column
40912,D0558,40912,OVD-002,137.6 m (Table 1); body text of both parts gives 137.4 m,Report_20230816_Part1.pdf + Report_20230816_Part2.pdf,"Mireslab Mongol LLC - Engineer Erdenebayar J, Ph.D; Director Batsumber A, M.Eng. Report #2302 / Order No 007 for Innova Mineral LLC (contact Batkhurel). 23 polished thin sections prepared at Mineral Resource Science Laboratory, Akita, Japan; Nikon Eclipse LV100NPOL optical microscope; JEOL JSM 5400 SEM + Oxford EDS, Akita University",2023-08-16,en,Black Schist (weak schistosity),,"Composed of fine-grained quartz, feldspar and clay minerals with weak schistosity","[{""mineral"": ""Quartz (fine-grained)"", ""pct"": null}, {""mineral"": ""Feldspar"", ""pct"": null}, {""mineral"": ""Clay minerals"", ""pct"": null}, {""mineral"": ""Pyrite"", ""pct"": null}]",Weak alteration,"Pyrite 1-500 um anhedral, disseminated or fissure-filling, cutting through the host-rock structure; no opaque minerals other than pyrite were found","Black to dark green weakly schistose black schist with an irregular lamination or cross-bedding-like texture, composed of fine-grained quartz, feldspar and clay minerals. Alteration is weak. Pyrite (1-500 um, anhedral) is the only opaque mineral present and occurs disseminated or as fissure fillings that cut through the host-rock structure. No SEM-EDS.",tag (MIRESL code),joined via the Mireslab internal code OVD021 -> tag 40912 of the Petrograph_MIRESL20230816_summary `Code` column
40914,D0559,40914,OVD-001,9.4 m,Report_20230816_Part1.pdf + Report_20230816_Part2.pdf,"Mireslab Mongol LLC - Engineer Erdenebayar J, Ph.D; Director Batsumber A, M.Eng. Report #2302 / Order No 007 for Innova Mineral LLC (contact Batkhurel). 23 polished thin sections prepared at Mineral Resource Science Laboratory, Akita, Japan; Nikon Eclipse LV100NPOL optical microscope; JEOL JSM 5400 SEM + Oxford EDS, Akita University",2023-08-16,en,Gossan (iron-copper oxide; altered gabbro?),,"Primarily quartz, goethite, Cu hydroxide mineral and clay minerals; quartz microstructure has a chalcedony texture filling voids; very rare relict textures presumed to be plagioclase or mafic mineral (amphibole?)","[{""mineral"": ""Quartz (chalcedonic)"", ""pct"": null}, {""mineral"": ""Goethite"", ""pct"": null}, {""mineral"": ""Malachite (Cu hydroxide)"", ""pct"": null}, {""mineral"": ""Atacamite (Cu hydroxide)"", ""pct"": null}, {""mineral"": ""Native copper"", ""pct"": null}, {""mineral"": ""Cu- and Ni-bearing Fe-Si hydroxide"", ""pct"": null}, {""mineral"": ""Clay minerals"", ""pct"": null}]",Oxidised; intense oxidative action leaving very little original texture,"Cu hydroxide minerals 100-1000 um, disseminated, abundant, inferred to be malachite and atacamite from SEM-EDS; native copper 1-30 um encapsulated in Cu hydroxide mineral; goethite; Cu- and Ni-bearing Fe-Si hydroxide mineral","Intensely oxidised iron-copper oxide gossan, brown to reddish brown with scattered bright green copper oxide, in which very little original texture survives; rare relict textures presumed to be plagioclase or amphibole suggest the protolith was an altered, sulphide-bearing gabbro. It consists mainly of quartz (with chalcedonic void fill), goethite, Cu hydroxide minerals and clay minerals. SEM-EDS shows the abundant 100-1000 um Cu hydroxide minerals are malachite and atacamite, that 1-30 um native copper is encapsulated within them, and that the rim of an Fe-Si hydroxide mineral contains Cu and Ni.",tag (MIRESL code),joined via the Mireslab internal code OVD022 -> tag 40914 of the Petrograph_MIRESL20230816_summary `Code` column
40915,D0560,40915,OVD-009,72 m,Report_20230816_Part1.pdf + Report_20230816_Part2.pdf,"Mireslab Mongol LLC - Engineer Erdenebayar J, Ph.D; Director Batsumber A, M.Eng. Report #2302 / Order No 007 for Innova Mineral LLC (contact Batkhurel). 23 polished thin sections prepared at Mineral Resource Science Laboratory, Akita, Japan; Nikon Eclipse LV100NPOL optical microscope; JEOL JSM 5400 SEM + Oxford EDS, Akita University",2023-08-16,en,Altered Amphibole-Orthopyroxene micro-gabbro,,Presumed holocrystalline rock of relict plagioclase and mafic minerals; relict plagioclase has an ophitic-like texture,"[{""mineral"": ""Plagioclase (20-200 um, relict)"", ""pct"": null}, {""mineral"": ""Mafic mineral - amphibole and/or pyroxene (30-900 um)"", ""pct"": null}, {""mineral"": ""Cr-bearing magnetite"", ""pct"": null}, {""mineral"": ""Pentlandite"", ""pct"": null}, {""mineral"": ""Chalcopyrite"", ""pct"": null}, {""mineral"": ""Pyrrhotite"", ""pct"": null}, {""mineral"": ""Ni-bearing pyrite"", ""pct"": null}, {""mineral"": ""Galena"", ""pct"": null}]","Strong sericite-chlorite-epidote alteration; plagioclase core chloritised and rim sericitised; mafic mineral cores strongly chloritised and epidotised, rims sericitised. Gossan-like oxidised minerals could not be observed","Cr-bearing magnetite 50 um euhedral-subhedral with mafic minerals; pentlandite 1-10 um anhedral in gaps between mafic crystals, often Co-bearing (SEM-EDS 31.41 wt% Ni, 2.06 wt% Co); chalcopyrite 30-300 um; pyrrhotite 30-300 um anhedral; pyrite 10-300 um anhedral, Ni-bearing (SEM-EDS 0.47 wt% Ni); galena 10-30 um anhedral with magnetite","Dark black altered amphibole-orthopyroxene micro-gabbro with a pale yellow patchy texture, presumed holocrystalline with relict plagioclase showing an ophitic-like fabric. Alteration is strong sericite-chlorite-epidote: plagioclase cores are chloritised with sericitised rims, and the mafic mineral cores are strongly chloritised and epidotised. Chalcopyrite, pyrrhotite (30-300 um) and Ni-bearing pyrite occur in the interstices between strongly altered plagioclase and mafic crystals, in contact with the sericitisation rim. SEM-EDS identified Cr-bearing magnetite, Co-bearing pentlandite (31.41 wt% Ni, 2.06 wt% Co), Ni-bearing pyrite (0.47 wt% Ni) and galena with magnetite. No gossan-like oxidised minerals are present.",tag (MIRESL code),joined via the Mireslab internal code OVD023 -> tag 40915 of the Petrograph_MIRESL20230816_summary `Code` column
41022,D0561,41022,OVD009,11.3 m,"Petrography_mineragraphy_24 sample.pdf (consolidated 24-sample Khanlab O-24 report; per-sample PDFs 41014-41023, 41033, 41034 in folder 03_khanlab_Petrography_and_Mineralogy_description_2023)","not stated in document (Khanlab, per ABM 'Suggested Petro for the Oval 2024' list); 'Петрографи, минераграфийн бичиглэл' format, sections numbered ӨТШ-<hole>-<depth>; Mongolian original also as 'Петрографи, минераграфи О -24.doc' and English translation 'Eng Петрографи, минераграфи О -24.doc'",,mn,Altered gabbrodiorite porphyry,Хувирсан габбродиорит порфир,"Структур: шигтгээлэг, үнд.х-субофитлог, пойкилоофитлог, призмлэг мөхлөгт. Текстур: цул нягт. Шигтгээ 1.0-3.0 мм, үндсэн хэсэг 0.1-0.5 мм","[{""mineral"": ""Хувирсан плагиоклаз / altered plagioclase"", ""pct"": ""60-65""}, {""mineral"": ""Хувирсан эвэр хуурмаг / altered hornblende"", ""pct"": ""20-25""}, {""mineral"": ""Хувирсан биотит / altered biotite"", ""pct"": ""10-15""}, {""mineral"": ""Кварц / quartz"", ""pct"": ""5-7""}, {""mineral"": ""Ильменит / ilmenite"", ""pct"": ""цөөн (few)""}, {""mineral"": ""Гётит / goethite"", ""pct"": ""ганц нэг (rare)""}, {""mineral"": ""Гидрогётит / hydrogoethite"", ""pct"": ""цөөн (few)""}, {""mineral"": ""Хромит / chromite"", ""pct"": ""цөөн (few)""}, {""mineral"": ""Пирит / pyrite"", ""pct"": ""ганц нэг (rare)""}]","Серицит, хлорит, актинолит, лейкоксен, серпентин; эпигенет карбонат, кварц. Плагиоклаз серицит, пелит, карбонатад хүчтэй хувирч зарим нь бүрэн псевдоморфоз болсон; эвэр хуурмаг хлорит-актинолитод, биотит карбонат, хлорит, лейкоксенд хувирсан; 0.5-1.0 мм өргөнтэй карбонат-кварцын судлууд","Ильменит-хромит-пирит-гётит-гидрогётит. Ильменит саарал, изометрлэг 0.1-0.4 мм, хааяа лейкоксенжсэн; хромит бараан саарал 0.02-0.1 мм; гётит бүслүүрлэг 0.1-0.2 мм, захаасаа гидрогётитоор түрэгдсэн, дотор нь пиритын реликт; ан цаваар гидрогётит","Плагиоклаз, хувирсан эвэр хуурмагийн шигтгээ маягийн ялгарлууд (40-45%) ба плагиоклаз, хувирсан эвэр хуурмаг, цөөвтөр биотит, кварцаас тогтсон субофитлог, пойкилоофитлог үндсэн хэсгээс бүрдэнэ. Плагиоклазын шигтгээ (1.0-2.5 мм) дундлаг-суурилаг найрлагатай, бүслүүрлэг, серицит-пелит-карбонатад хүчтэй хувирсан. Эвэр хуурмагийн шигтгээ хлорит-актинолитод хувирч хувирсан биотитоор түрэгдсэн; хувирсан биотитоор лейкоксенжсен рутил, сфен ялгарсан. Ойсон гэрэлд гётит, хромит, ильменит, пиритын цөөн мөхлөг тодорхойлогдов.",tag,
41019,D0562,41019,OVD009,17.2 m,"Petrography_mineragraphy_24 sample.pdf (consolidated 24-sample Khanlab O-24 report; per-sample PDFs 41014-41023, 41033, 41034 in folder 03_khanlab_Petrography_and_Mineralogy_description_2023)","not stated in document (Khanlab, per ABM 'Suggested Petro for the Oval 2024' list); 'Петрографи, минераграфийн бичиглэл' format, sections numbered ӨТШ-<hole>-<depth>; Mongolian original also as 'Петрографи, минераграфи О -24.doc' and English translation 'Eng Петрографи, минераграфи О -24.doc'",,mn,Porphyritic fine-grained pyroxene-hornblende gabbro (altered gabbro porphyry),Шигтгээ маягийн жижиг ширхэгтэй пироксен-эвэр хуурмагт габбро (Хувирсан габбро порфир),"Структур: невадит шигтгээ маягийн, үнд.х-субофитлог, пойкилоофитлог, зарим хэсэгтээ микропегматитлаг. Текстур: цул нягт. Шигтгээ 1.0-3.0 мм, үндсэн хэсэг 0.1-0.8 мм","[{""mineral"": ""Хувирсан плагиоклаз / altered plagioclase (labradorite)"", ""pct"": ""55-60""}, {""mineral"": ""Эвэр хуурмаг / hornblende"", ""pct"": ""35-40""}, {""mineral"": ""Кварц / quartz"", ""pct"": ""5-8""}, {""mineral"": ""Мон.пироксен / clinopyroxene"", ""pct"": ""цөөн (few)""}, {""mineral"": ""Биотит / biotite"", ""pct"": ""цөөн (few)""}, {""mineral"": ""Апатит / apatite"", ""pct"": ""цөөн (few)""}, {""mineral"": ""Ильменит / ilmenite"", ""pct"": ""цөөн (few)""}, {""mineral"": ""Магнетит / magnetite"", ""pct"": ""цөөн (few)""}, {""mineral"": ""Пирит / pyrite"", ""pct"": ""цөөн (few)""}, {""mineral"": ""Хромит / chromite"", ""pct"": ""цөөн (few)""}, {""mineral"": ""Титанит / titanite"", ""pct"": ""цөөн (few)""}, {""mineral"": ""Халькопирит / chalcopyrite"", ""pct"": ""ганц нэг (rare)""}, {""mineral"": ""Ковеллин / covellite"", ""pct"": ""ганц нэг (rare)""}]","Серицит, мусковит, соссюрит, хлорит, актинолит, карбонат, лейкоксен. Плагиоклаз серицит, мусковит, карбонат, соссюритад хүчтэй хувирсан; эвэр хуурмаг актинолитод бага зэрэг хувирсан; ан цаваар карбонатын линз, тасархай судланцар","Ильменит-магнетит-хромит-титанит-пирит-халькопирит-ковеллин. Ильменит ягаавтар саарал, призмлэг 0.1-0.8 мм, хааяа лейкоксенжсэн; гематитад хувирсан магнетит 0.2-0.3 мм; хромит 0.03-0.1 мм; пирит 0.2-0.4 мм зөв хэлбэртэй, дотроо ковеллиноор түрэгдсэн халькопиритын бичил мөхлөг агуулна","Эвэр хуурмагийн шигтгээ маягийн ялгарлууд (50-55%) ба плагиоклаз, эвэр хуурмаг, цөөн мон.пироксен, кварцаас тогтсон офитлог, пойкилоофитлог үндсэн хэсгээс бүрдэнэ. Эвэр хуурмагийн шигтгээ (1.0-3.0 мм) харьцангуй бага хувирсан, дотроо мон.пироксены 0.2-0.6 мм мөхлөг агуулна; мон.пироксен 36-38 градусын унтралтай, хувираагүй. Үндсэн хэсгийн плагиоклаз (0.2-0.8 мм) лабрадорын найрлагатай, серицит-мусковит-карбонат-соссюритад хүчтэй хувирсан. Кварц плагиоклазтай бичил пегматитлаг ургалт үүсгэнэ. Ойсон гэрэлд ильменит, магнетит, пирит, хромит тодорхойлогдож, пирит нь ковеллиноор түрэгдсэн халькопирит агуулна.",tag,
41018,D0563,41018,OVD009,80.9 m (per section header; the ABM Khanlab sample sheet lists this interval as 80.8 m),"Petrography_mineragraphy_24 sample.pdf (consolidated 24-sample Khanlab O-24 report; per-sample PDFs 41014-41023, 41033, 41034 in folder 03_khanlab_Petrography_and_Mineralogy_description_2023)","not stated in document (Khanlab, per ABM 'Suggested Petro for the Oval 2024' list); 'Петрографи, минераграфийн бичиглэл' format, sections numbered ӨТШ-<hole>-<depth>; Mongolian original also as 'Петрографи, минераграфи О -24.doc' and English translation 'Eng Петрографи, минераграфи О -24.doc'",,mn,Porphyritic fine-grained pyroxene-hornblende gabbro (altered gabbro porphyry),Шигтгээ маягийн жижиг ширхэгтэй пироксен-эвэр хуурмагт габбро (Хувирсан габбро порфир),"Структур: невадит шигтгээ маягийн, үнд.х-субофитлог, пойкилоофитлог. Текстур: цул нягт. Шигтгээ 1.0-3.5 мм, үндсэн хэсэг 0.1-0.6 мм","[{""mineral"": ""Хувирсан плагиоклаз / altered plagioclase"", ""pct"": ""55-60""}, {""mineral"": ""Эвэр хуурмаг / hornblende"", ""pct"": ""35-40""}, {""mineral"": ""Биотит / biotite"", ""pct"": ""3-5""}, {""mineral"": ""Мон.пироксен / clinopyroxene"", ""pct"": ""цөөн (few)""}, {""mineral"": ""Ильменит / ilmenite"", ""pct"": ""цөөн (few)""}, {""mineral"": ""Хромит / chromite"", ""pct"": ""цөөн (few)""}, {""mineral"": ""Пирит / pyrite"", ""pct"": ""цөөн (few)""}, {""mineral"": ""Титанит / titanite"", ""pct"": ""цөөн (few)""}, {""mineral"": ""Халькопирит / chalcopyrite"", ""pct"": ""ганц нэг (rare)""}]","Серицит, соссюрит, хлорит, актинолит, карбонат, лейкоксен, тальк(?). Плагиоклаз серицит-карбонат-соссюритад хүчтэй хувирсан; үндсэн хэсгийн эвэр хуурмаг хлорит-актинолитот агрегатад хүчтэй хувирсан; ан цаваар карбонат","Ильменит-хромит-титанит-пирит-халькопирит. Ильменит ягаавтар саарал 0.1-0.6 мм, хааяа лейкоксенжсэн; гематитад хувирсан магнетит 0.2-0.3 мм; хромит 0.03-0.1 мм; пирит 0.2-0.5 мм шигтгээлэг, хааяа халькопиритын бичил мөхлөг агуулна","Энэ чулуу нь ерөнхийдөө OVD009-17.2 дээжтэй ижилхэн бөгөөд эвэр хуурмагийн шигтгээ маягийн ялгарлууд (50-55%) ба плагиоклаз, эвэр хуурмаг, цөөн мон.пироксеноос тогтсон офитлог, пойкилоофитлог үндсэн хэсгээс бүрдэнэ. Эвэр хуурмагийн шигтгээ (1.0-3.5 мм) бага хувирсан, дотроо хувираагүй мон.пироксены 0.2-0.5 мм мөхлөг агуулна. Актинолитын зүүлэг агрегат ба тальк(?)-ны бичил шөрмөслөг агрегатаас тогтсон псевдоморфозууд мон.пироксеноор үүссэн байх магадлалтай. Ойсон гэрэлд ильменит, магнетит, пирит, хромит, халькопиритын бичил шигтгээлэг мөхлөгүүд тодорхойлогдов.",tag,"depth cross-check: this report states 80.9 m but the sample register stores 80.8 m (0.1 m apart) — joined on the lab tag, depth kept as the register has it"
41021,D0564,41021,OVD009,126.7 m,"Petrography_mineragraphy_24 sample.pdf (consolidated 24-sample Khanlab O-24 report; per-sample PDFs 41014-41023, 41033, 41034 in folder 03_khanlab_Petrography_and_Mineralogy_description_2023)","not stated in document (Khanlab, per ABM 'Suggested Petro for the Oval 2024' list); 'Петрографи, минераграфийн бичиглэл' format, sections numbered ӨТШ-<hole>-<depth>; Mongolian original also as 'Петрографи, минераграфи О -24.doc' and English translation 'Eng Петрографи, минераграфи О -24.doc'",,mn,"Schistose, carbonatised, strongly altered gabbrodiorite porphyry (metasomatite after gabbrodiorite)","Занаржиж, карбонатчлагдаж, хүчтэй хувирсан габбродиорит порфир /Габбродиоритоор үүссэн метасоматит/","Структур: реликт шигтгээлэг, үнд.х-реликт призмлэг мөхлөгт, микрогранолепидобласт. Текстур: занарлаг, линзлэг, судлархаг. Эрдсийн мөхлөг 0.01-1.0 мм","[{""mineral"": ""Хувирсан плагиоклаз / altered plagioclase"", ""pct"": ""30-35""}, {""mineral"": ""Серицит-хлоритын псевдоморфоз / sericite-chlorite pseudomorph"", ""pct"": ""30-35""}, {""mineral"": ""Титанит / titanite"", ""pct"": ""1-3""}, {""mineral"": ""Пирит / pyrite"", ""pct"": ""цөөн (few)""}, {""mineral"": ""Ильменит / ilmenite"", ""pct"": ""ганц нэг (rare)""}, {""mineral"": ""Мөнгө? / native silver (?)"", ""pct"": ""1 ш (single grain)""}, {""mineral"": ""Халькопирит / chalcopyrite"", ""pct"": ""ганц нэг (rare)""}, {""mineral"": ""Эпигенет карбонат / epigenetic carbonate"", ""pct"": ""25-30""}, {""mineral"": ""Эпигенет кварц / epigenetic quartz"", ""pct"": ""5-10""}]","Хүчтэй метасоматоз: анхдагч габбродиорит порфир нэг зүг чиглэсэн альбит-хлоритоос тогтсон агрегатад хувирсан; плагиоклаз серицит, пелит, карбонатад хүчтэй хувирсан; лейкоксен, рутил; чулуу хүчтэй карбонатчлагдаж 0.1-2.0 мм өргөнтэй карбонатын линз, судлууд занаржилтын дагуу үүссэн","Ильменит-пирит-титанит. Ильменит саарал 0.05-0.2 мм, томхон мөхлөгүүд хүчтэй лейкоксенжсэн; пирит 0.01-0.1 мм цөөн; лейкоксенжсэн титанит занаржилтын дагуу сунасан нарийхан линз, судланцар; тод цагаан өнгийн мөнгөний(?) 0.002 мм ганц нэг мөхлөг","Анхдагч чулуу болох габбродиорит порфир (микрогаббродиорит) хүчтэй метасоматоз хувирлын улмаас нэг зүг чиглэсэн альбит-хлоритоос тогтсон агрегатад хувирч, реликт призмлэг мөхлөгт бүтцээ хадгалан үлджээ. Зарим хэсэгт плагиоклазын призмлэг мөхлөгүүд (0.1-0.8 мм) ба өнгөт эрдсээр (биотитоор?) үүссэн хлоритын псевдоморфозууд сайн хадгалагдсан. Хлорит нь 0.05-1.5 мм өргөнтэй линз, зурвасуудыг үүсгэнэ. Ойсон гэрэлд ильменит, пиритын бичил мөхлөгүүд ихэвчлэн хлоритоор үүссэн лейкоксенжсэн титанит дотор ялгарч үүссэн ба тод цагаан өнгийн мөнгөний ганц нэг бичил мөхлөг ажиглагдана.",tag,
41020,D0565,41020,OVD009,143 m,"Petrography_mineragraphy_24 sample.pdf (consolidated 24-sample Khanlab O-24 report; per-sample PDFs 41014-41023, 41033, 41034 in folder 03_khanlab_Petrography_and_Mineralogy_description_2023)","not stated in document (Khanlab, per ABM 'Suggested Petro for the Oval 2024' list); 'Петрографи, минераграфийн бичиглэл' format, sections numbered ӨТШ-<hole>-<depth>; Mongolian original also as 'Петрографи, минераграфи О -24.doc' and English translation 'Eng Петрографи, минераграфи О -24.doc'",,mn,Mineralized porphyritic fine-grained hornblende-olivine-pyroxene melanocratic gabbro,Хүдэржсэн шигтгээ маягийн жижиг ширхэгтэй эвэр хуурмаг-оливин-пироксент меланократ габбро,"Структур: габбро маягийн, субофитлог, пойкилоофитлог. Текстур: цул нягт, торлог, судлархаг. Шигтгээ 1.0-4.0 мм, үндсэн хэсэг 0.2-0.9 мм","[{""mineral"": ""Эвэр хуурмаг / hornblende"", ""pct"": ""20-25""}, {""mineral"": ""Мон.пироксен / clinopyroxene"", ""pct"": ""15-20""}, {""mineral"": ""Хувирсан плагиоклаз / altered plagioclase"", ""pct"": ""20-25""}, {""mineral"": ""Хувирсан оливин / altered olivine"", ""pct"": ""15-20""}, {""mineral"": ""Биотит / biotite"", ""pct"": ""5-10""}, {""mineral"": ""Пирротин / pyrrhotite"", ""pct"": ""10-15""}, {""mineral"": ""Халькопирит / chalcopyrite"", ""pct"": ""3-5""}, {""mineral"": ""Магнетит / magnetite"", ""pct"": ""3-5""}, {""mineral"": ""Ильменит / ilmenite"", ""pct"": ""цөөн (few)""}, {""mineral"": ""Пентландит / pentlandite"", ""pct"": ""цөөн (few)""}, {""mineral"": ""Хромит / chromite"", ""pct"": ""цөөн (few)""}]","Серицит, иддингсит, биотит, серпентин, хлорит, актинолит, мусковит, тальк. Хувирсан оливин иддингсит(?), бастит-биотитод бүрэн хувирч серпентины нарийхан судлаар зүсэгдэн торлог бүтэц үүсгэсэн; плагиоклаз соссюрит, серицитэд хүчтэй хувирсан","Ильменит-магнетит-пентландит-хромит-пирротин-халькопирит. Пирротин ягаавтар шаргал, изометрлэг 0.2-4.0 мм, халькопирит (0.2-1.5 мм) түүнийг түрж эмжээрлэсэн; линзүүд 0.5-4.5 мм; пентландит 0.1-0.5 мм пойкилитоор линз дотор; магнетит 0.2-0.8 мм шигтгээлэг ба серпентины судланцрын дагуу 0.01-0.1 мм; ильменит 0.1-0.9 мм; хромит 0.05-0.2 мм","Өнгөт эрдсүүдийн шигтгээлэг ялгарлууд (50-55%) ба плагиоклаз, мон.пироксен, хувирсан биотит, эвэр хуурмагаас тогтсон офитлог, пойкилоофитлог, габбро маягийн үндсэн хэсгээс бүрдэнэ. Хувирсан оливины шигтгээ (1.5-4.0 мм) бор хүрэн иддингсит(?), бастит-биотитод бүрэн хувирч, серпентины судлуудаар зүсэгдэн торлог бүтэц үүсгэнэ. Мон.пироксены шигтгээ (1.1-3.0 мм) бараг хувираагүй, эвэр хуурмагийнх (1.0-3.5 мм) актинолитод бага хувирсан. Ойсон гэрэлд пирротин-халькопиритын ургалтаас тогтсон 0.5-4.5 мм линзүүд чулуунд жигд тархалттай үүссэн ба нүдээр ч ажиглагдана; линз дотор пентландитын зөв хэлбэртэй мөхлөгүүд пойкилитоор агуулагдана.",tag,
41015,D0566,41015,OVD009,149.5 m,"Petrography_mineragraphy_24 sample.pdf (consolidated 24-sample Khanlab O-24 report; per-sample PDFs 41014-41023, 41033, 41034 in folder 03_khanlab_Petrography_and_Mineralogy_description_2023)","not stated in document (Khanlab, per ABM 'Suggested Petro for the Oval 2024' list); 'Петрографи, минераграфийн бичиглэл' format, sections numbered ӨТШ-<hole>-<depth>; Mongolian original also as 'Петрографи, минераграфи О -24.doc' and English translation 'Eng Петрографи, минераграфи О -24.doc'",,mn,Altered gabbrodiorite porphyry (with hornblende gabbro schlieren),Хувирсан габбродиорит порфир,"Структур: шигтгээлэг, үнд.х-субофитлог, пойкилоофитлог, призмлэг мөхлөгт. Текстур: цул нягт. Шигтгээ 1.0-2.5 мм, үндсэн хэсэг 0.1-0.8 мм","[{""mineral"": ""Хувирсан плагиоклаз / altered plagioclase"", ""pct"": ""75-80""}, {""mineral"": ""Эвэр хуурмаг / hornblende"", ""pct"": ""15-20""}, {""mineral"": ""Кварц / quartz"", ""pct"": ""цөөн (few)""}, {""mineral"": ""Апатит / apatite"", ""pct"": ""0.5-1""}, {""mineral"": ""Ильменит / ilmenite"", ""pct"": ""цөөн (few)""}, {""mineral"": ""Пирит / pyrite"", ""pct"": ""1-3""}, {""mineral"": ""Титанит / titanite"", ""pct"": ""цөөн (few)""}, {""mineral"": ""Халькопирит / chalcopyrite"", ""pct"": ""ганц нэг (rare)""}]","Серицит, карбонат, хлорит, актинолит, эпидот. Плагиоклазын шигтгээ эпидоттой мусковит-серицитэт агрегатад хүчтэй хувирч зарим нь бүрэн псевдоморфоз болсон; эвэр хуурмаг актинолит, карбонат, хлоритод хувирсан","Ильменит-титанит-пирит-халькопирит. Пирит цайвар шар, зөв хэлбэртэй 0.1-0.6 мм шигтгээлэг, заримдаа бичил линз үүсгэнэ; ильменит ягаавтар саарал 0.1-0.4 мм, лейкоксеноор бага хувирсан; халькопирит 0.01-0.03 мм цөөн, хувирсан эвэр хуурмагтай ассоциацитай","Хувирсан плагиоклазын шигтгээнүүд (10-15%) ба плагиоклаз, эвэр хуурмаг, цөөн кварцаас тогтсон офитлог, пойкилоофитлог үндсэн хэсгээс бүрдэнэ. Плагиоклазын шигтгээ (1.0-2.0 мм) бүслүүрлэг бүтэцтэй, эпидоттой мусковит-серицитэт агрегатад хүчтэй хувирсан. Үндсэн хэсгийн плагиоклаз (0.2-0.8 мм) шигтгээтэйгээ ижил, хэмжээгээрээ ялгаатай ба захын хэсэг нь хувираагүй. Энэ порфир дотор жижиг-дунд ширхэгтэй эвэр хуурмагт габбродиоритын 0.5-16 мм шлирүүд (15-20%) жигд тархалттай ажиглагдах ба тэдгээрт өнгөт эрдэстэй каркас маягийн ургалт үүсгэсэн титанит (ильменит) мөхлөгүүд, дотор нь халькопиритын бичил мөхлөгүүд ажиглагдана.",tag,
41033,D0567,41033,OVD009,149.8 m,"Petrography_mineragraphy_24 sample.pdf (consolidated 24-sample Khanlab O-24 report; per-sample PDFs 41014-41023, 41033, 41034 in folder 03_khanlab_Petrography_and_Mineralogy_description_2023)","not stated in document (Khanlab, per ABM 'Suggested Petro for the Oval 2024' list); 'Петрографи, минераграфийн бичиглэл' format, sections numbered ӨТШ-<hole>-<depth>; Mongolian original also as 'Петрографи, минераграфи О -24.doc' and English translation 'Eng Петрографи, минераграфи О -24.doc'",,mn,Altered gabbro porphyry (with hornblende gabbrodiorite schlieren),Хувирсан габбро порфир,"Структур: шигтгээлэг, үнд.х-субофитлог, пойкилоофитлог, призмлэг мөхлөгт. Текстур: цул нягт. Шигтгээ 1.0-2.5 мм, үндсэн хэсэг 0.1-0.8 мм","[{""mineral"": ""Хувирсан плагиоклаз / altered plagioclase"", ""pct"": ""50-55""}, {""mineral"": ""Эвэр хуурмаг / hornblende"", ""pct"": ""20-25""}, {""mineral"": ""Мон.пироксен / clinopyroxene"", ""pct"": ""10-15""}, {""mineral"": ""Кварц / quartz"", ""pct"": ""5""}, {""mineral"": ""Ильменит / ilmenite"", ""pct"": ""1-3""}, {""mineral"": ""Пирит / pyrite"", ""pct"": ""0.5""}, {""mineral"": ""Титанит / titanite"", ""pct"": ""цөөн (few)""}, {""mineral"": ""Халькопирит / chalcopyrite"", ""pct"": ""0.5-1.0""}, {""mineral"": ""Апатит / apatite"", ""pct"": ""цөөн (few)""}]","Серицит, карбонат, хлорит, актинолит, эпидот; эпигенет карбонат, кварц. Хувирсан эвэр хуурмагийн шигтгээ актинолит, хлоритод хүчтэй хувирсан; плагиоклазын шигтгээ эпидот, мусковит-серицитэт агрегатад хүчтэй хувирсан, захаараа хувираагүй эмжээртэй; 0.1-8.0 мм өргөнтэй кварц-карбонатын линз, судлууд","Ильменит-титанит-пирит-халькопирит. Ильменит ягаавтар саарал, призмлэг 0.1-0.6 мм, лейкоксеноор бага хувирсан, халькопиритын 0.01-0.1 мм бичил мөхлөгтэй ургалт үүсгэнэ; кварц-карбонатын судал дотор пирит (0.1-0.6 мм) ба халькопирит (0.1-0.5 мм) линзлэг ургалт үүсгэнэ","Хувирсан плагиоклаз, хувирсан эвэр хуурмаг, мон.пироксены шигтгээнүүд (20-25%) ба плагиоклаз, хувирсан эвэр хуурмаг, цөөн кварцаас тогтсон офитлог, пойкилоофитлог үндсэн хэсгээс бүрдэнэ. Мон.пироксены шигтгээ (1.0-2.0 мм) хувираагүй, захаасаа хувирсан эвэр хуурмагаар эмжээрлэгдсэн. Чулуунд кварц, карбонатаас тогтсон 0.1-8.0 мм өргөнтэй линз, судлууд үүсч, тэдгээрийн дунд хүдэржилт явагдсан. Энэ порфир дотор (009-149.5 дээжтэй ижилхэн) жижиг-дунд ширхэгтэй эвэр хуурмагт габбродиоритын 10-30 мм шлирүүд 20-25% хэмжээтэй ажиглагдана. Ойсон гэрэлд ильменит, пирит, халькопирит тодорхойлогдов.",tag,
41023,D0568,41023,OVD009,151.6 m,"Petrography_mineragraphy_24 sample.pdf (consolidated 24-sample Khanlab O-24 report; per-sample PDFs 41014-41023, 41033, 41034 in folder 03_khanlab_Petrography_and_Mineralogy_description_2023)","not stated in document (Khanlab, per ABM 'Suggested Petro for the Oval 2024' list); 'Петрографи, минераграфийн бичиглэл' format, sections numbered ӨТШ-<hole>-<depth>; Mongolian original also as 'Петрографи, минераграфи О -24.doc' and English translation 'Eng Петрографи, минераграфи О -24.doc'",,mn,Porphyritic fine-grained pyroxene-hornblende gabbro (altered gabbro porphyry),Шигтгээ маягийн жижиг ширхэгтэй пироксен-эвэр хуурмагт габбро (Хувирсан габбро порфир),"Структур: шигтгээлэг, үнд.х-субофитлог, пойкилоофитлог, призмлэг мөхлөгт. Текстур: цул нягт. Шигтгээ 1.0-2.5 мм, үндсэн хэсэг 0.2-0.8 мм","[{""mineral"": ""Хувирсан плагиоклаз / altered plagioclase"", ""pct"": ""55-60""}, {""mineral"": ""Эвэр хуурмаг / hornblende"", ""pct"": ""25-30""}, {""mineral"": ""Мон.пироксен / clinopyroxene"", ""pct"": ""5-10""}, {""mineral"": ""Кварц / quartz"", ""pct"": ""цөөн (few)""}, {""mineral"": ""Ильменит / ilmenite"", ""pct"": ""0.5-1""}, {""mineral"": ""Пирит / pyrite"", ""pct"": ""цөөн (few)""}, {""mineral"": ""Титанит / titanite"", ""pct"": ""цөөн (few)""}, {""mineral"": ""Халькопирит / chalcopyrite"", ""pct"": ""0.5""}, {""mineral"": ""Пирротин / pyrrhotite"", ""pct"": ""1-2""}, {""mineral"": ""Апатит / apatite"", ""pct"": ""цөөн (few)""}]","Серицит, мусковит, карбонат, хлорит, актинолит, эпидот; эпигенет карбонат, кварц. Плагиоклазын шигтгээ эпидот, мусковит-серицитэт агрегатад хүчтэй хувирсан; эвэр хуурмаг хлорит-актинолитод хүчтэй хувирсан; 0.1-8.0 мм өргөнтэй кварц-карбонатын линз, судлууд","Ильменит-титанит-пирит-халькопирит. Ильменит ягаавтар саарал 0.1-0.5 мм, лейкоксеноор бага хувирсан, халькопиритын 0.01-0.1 мм бичил мөхлөгтэй ургалт; хожуу карбонат-кварцын линз дотор шаргал ягаан пирротин (0.3-4.0 мм) ба халькопиритын ургалтаас тогтсон 3.0х7.0 мм линзүүд, мөн цайвар шар пиритээс тогтсон бичил линзүүд","Энэ чулуу нь ерөнхийдөө OVD009-149.5 ба OVD009-149.8 дээжүүдтэй ижил төстэй бөгөөд мон.пироксен, эвэр хуурмаг, хувирсан плагиоклазын шигтгээнүүд (20-25%) ба плагиоклаз, хувирсан эвэр хуурмагаас тогтсон офитлог, пойкилоофитлог үндсэн хэсгээс бүрдэнэ. Мон.пироксены шигтгээ (1.0-2.5 мм) хувираагүй; эвэр хуурмагийн шигтгээ (1.0-2.0 мм) карбонат, актинолит, хлоритод хувирсан. Ойсон гэрэлд ильменит, пирротин, пирит, халькопирит тодорхойлогдож, хожуу карбонат-кварцын линз дотор пирротин-халькопиритын 3.0х7.0 мм хүртэл ургалт үүссэн байна.",tag,
41017,D0569,41017,OVD009,161 m,"Petrography_mineragraphy_24 sample.pdf (consolidated 24-sample Khanlab O-24 report; per-sample PDFs 41014-41023, 41033, 41034 in folder 03_khanlab_Petrography_and_Mineralogy_description_2023)","not stated in document (Khanlab, per ABM 'Suggested Petro for the Oval 2024' list); 'Петрографи, минераграфийн бичиглэл' format, sections numbered ӨТШ-<hole>-<depth>; Mongolian original also as 'Петрографи, минераграфи О -24.doc' and English translation 'Eng Петрографи, минераграфи О -24.doc'",,mn,"Mineralized, altered porphyritic medium- to fine-grained melanocratic gabbronorite (peridotite?)","Хүдэржиж, хувирсан шигтгээ маягийн дунд жижиг ширхэгтэй меланократ габбронорит (Перидотит?)","Структур: шигтгээ маягийн, үнд.х-субофитлог, пойкилоофитлог. Текстур: цул нягт. Шигтгээ 1.0-6.0 мм, үндсэн хэсэг 0.1-0.8 мм","[{""mineral"": ""Хувирсан пироксен / altered pyroxene (bastite)"", ""pct"": ""10-15""}, {""mineral"": ""Хувирсан плагиоклаз / altered plagioclase"", ""pct"": ""5-10""}, {""mineral"": ""Эвэр хуурмаг / hornblende"", ""pct"": ""5""}, {""mineral"": ""Хувирсан оливин / altered olivine"", ""pct"": ""5-8""}, {""mineral"": ""Биотит / biotite"", ""pct"": ""10-15""}, {""mineral"": ""Халькопирит / chalcopyrite"", ""pct"": ""1-2""}, {""mineral"": ""Пирротин / pyrrhotite"", ""pct"": ""0.5-1.0""}, {""mineral"": ""Ильменит / ilmenite"", ""pct"": ""цөөн (few)""}, {""mineral"": ""Магнетит / magnetite"", ""pct"": ""цөөн (few)""}, {""mineral"": ""Пентландит / pentlandite"", ""pct"": ""цөөн (few)""}, {""mineral"": ""Хромит / chromite"", ""pct"": ""цөөн (few)""}, {""mineral"": ""Сфалерит / sphalerite (?)"", ""pct"": ""ганц нэг (rare)""}]","Серицит, карбонат, хлорит, актинолит, серпентин, тальк. Ромбо пироксен баститад (лизардит-серпентин) бүрэн псевдоморфоз болтлоо хувирсан; оливин серпентинд бүрэн хувирсан; плагиоклаз серицитэд хүчтэй хувирсан",Магнетит-ильменит-хромит-пентландит-пирротин-халькопирит. Пирротин-халькопиритын ургалтаас тогтсон 2.0-8.0 мм линзүүд чулуунд 15-20%; линз захаар пентландит (0.1-0.2 мм) ба ильменит; ильменит 0.1-0.5 мм лейкоксентэй; магнетит 0.1-0.3 мм ба серпентины судланцрын дагуу 0.01-0.1 мм; хромит 0.02-0.1 мм; халькопиритын тоосонцор агуулсан сфалерит(?) 0.1-0.2 мм,"Пироксен, хувирсан оливин, хувирсан эвэр хуурмагийн шигтгээ маягийн ялгарлууд (60-65%) ба плагиоклаз, хувирсан эвэр хуурмаг, хувирсан пироксен, биотитоос тогтсон үндсэн хэсгээс бүрдэнэ. Хувирсан ромбо пироксены шигтгээ (1.0-6.0 мм) баститад бүрэн псевдоморфоз болж, ногоон серпентины нарийхан судлуудаар зүсэгдэн түүнийг даган хүдрийн эрдсийн бичил мөхлөгүүд (0.01-0.03 мм) үүссэн. Бараг хувиралд өртөөгүй моноклин пироксен, серпентинд бүрэн хувирсан оливины псевдоморфоз (2.5-3.0 мм) ажиглагдана. Ойсон гэрэлд ильменит, магнетит, пирротин, пентландит, хромит, халькопирит тодорхойлогдож, пирротин-халькопиритын линзүүд чулуунд 15-20%-ийг эзэлнэ.",tag,
41016,D0570,41016,OVD009,171.5 m,"Petrography_mineragraphy_24 sample.pdf (consolidated 24-sample Khanlab O-24 report; per-sample PDFs 41014-41023, 41033, 41034 in folder 03_khanlab_Petrography_and_Mineralogy_description_2023)","not stated in document (Khanlab, per ABM 'Suggested Petro for the Oval 2024' list); 'Петрографи, минераграфийн бичиглэл' format, sections numbered ӨТШ-<hole>-<depth>; Mongolian original also as 'Петрографи, минераграфи О -24.doc' and English translation 'Eng Петрографи, минераграфи О -24.doc'",,mn,Mineralized altered fine- to medium-grained melanocratic gabbronorite (peridotite?),Хүдэржсэн жижиг дунд ширхэгтэй хувирсан меланократ габбронорит (перидотит?),"Структур: панидиоморфлог, пойкилоофитлог, пойкилитлог. Текстур: цул нягт. Эрдсийн мөхлөг 0.3-5.0 мм","[{""mineral"": ""Хувирсан пироксен / altered pyroxene (ortho + clino)"", ""pct"": ""40-45""}, {""mineral"": ""Хувирсан оливин / altered olivine"", ""pct"": ""15-20""}, {""mineral"": ""Эвэр хуурмаг / hornblende"", ""pct"": ""10-15""}, {""mineral"": ""Хувирсан плагиоклаз / altered plagioclase"", ""pct"": ""10""}, {""mineral"": ""Биотит / biotite"", ""pct"": ""1-3""}, {""mineral"": ""Халькопирит / chalcopyrite"", ""pct"": ""8-10""}, {""mineral"": ""Пирротин / pyrrhotite"", ""pct"": ""10-15""}, {""mineral"": ""Ильменит / ilmenite"", ""pct"": ""1-2""}, {""mineral"": ""Магнетит / magnetite"", ""pct"": ""1-2""}, {""mineral"": ""Пентландит / pentlandite"", ""pct"": ""1-3""}, {""mineral"": ""Хромит / chromite"", ""pct"": ""цөөн (few)""}]","Серицит, карбонат, хлорит, актинолит, серпентин, тальк(?). Ромбо пироксен хуваагдлын ан цавын дагуу серпентины судлуудаар зүсэгдэж, захаасаа серпентин-актинолитоор түрэгдсэн; оливин серпентин-магнетитын судлаар торлог бүтэц үүсгэсэн; плагиоклаз серицитэд хувирсан","Магнетит-ильменит-хромит-пентландит-пирротин-халькопирит. Пентландит-пирротин-халькопиритын ургалтаас тогтсон 1.0-8.0 мм линзүүд чулууны 30-35%-ийг эзэлнэ; ильменит 0.05-0.5 мм, халькопиритын тоосонцор агуулна; хромит 0.03-0.6 мм; магнетит 0.1-0.3 мм ба серпентины судланцрын дагуу 0.01-0.1 мм; сфалерит линз дотор","Хувирсан пироксен, хувирсан оливин, хувирсан эвэр хуурмаг, бага зэргийн плагиоклаз, биотит ба хүдрийн эрдсүүдээс бүрдэнэ. Ромбо пироксен шулуун унтралтай, мон.пироксен 35-38 градусын унтралтай, 0.3-5.0 мм; оливин зургаа-найман талт 0.2-3.0 мм, хөндлөн ан цавын дагуу серпентин, магнетитын нарийхан судлууд үүсч торлог бүтэц үүсгэсэн. Хүчтэй хүдэржилтийн улмаас пентландит-пирротин-халькопиритын ургалтаас тогтсон 1.0-8.0 мм линзүүд чулууны бараг 30-35%-ийг эзэлж, жигд тархалттай үүссэн байна.",tag,
41034,D0571,41034,OVD009,190.8 m,"Petrography_mineragraphy_24 sample.pdf (consolidated 24-sample Khanlab O-24 report; per-sample PDFs 41014-41023, 41033, 41034 in folder 03_khanlab_Petrography_and_Mineralogy_description_2023)","not stated in document (Khanlab, per ABM 'Suggested Petro for the Oval 2024' list); 'Петрографи, минераграфийн бичиглэл' format, sections numbered ӨТШ-<hole>-<depth>; Mongolian original also as 'Петрографи, минераграфи О -24.doc' and English translation 'Eng Петрографи, минераграфи О -24.doc'",,mn,Mineralized porphyritic fine-grained pyroxene-hornblende gabbro (altered gabbro porphyry),Хүдэржсэн шигтгээ маягийн жижиг ширхэгтэй пироксен-эвэр хуурмагт габбро /Хувирсан габбро порфир/,"Структур: шигтгээлэг, үнд.х-субофитлог, пойкилоофитлог, призмлэг мөхлөгт. Текстур: цул нягт. Шигтгээ 0.8-2.5 мм, үндсэн хэсэг 0.1-0.6 мм","[{""mineral"": ""Хувирсан плагиоклаз / altered plagioclase"", ""pct"": ""55-60""}, {""mineral"": ""Эвэр хуурмаг / hornblende"", ""pct"": ""30-35""}, {""mineral"": ""Мон.пироксен / clinopyroxene"", ""pct"": ""5-10""}, {""mineral"": ""Хувирсан биотит / altered biotite"", ""pct"": ""цөөн (few)""}, {""mineral"": ""Кварц / quartz"", ""pct"": ""цөөн (few)""}, {""mineral"": ""Ильменит / ilmenite"", ""pct"": ""0.5-1.0""}, {""mineral"": ""Пирит / pyrite"", ""pct"": ""3-5""}, {""mineral"": ""Пирротин / pyrrhotite"", ""pct"": ""цөөн (few)""}, {""mineral"": ""Халькопирит / chalcopyrite"", ""pct"": ""1-3""}, {""mineral"": ""Хромит / chromite"", ""pct"": ""цөөн (few)""}, {""mineral"": ""Магнетит / magnetite"", ""pct"": ""цөөн (few)""}, {""mineral"": ""Титанит / titanite"", ""pct"": ""0.5-1""}]","Серицит, пелит, эпидот, хлорит, актинолит, карбонат, лейкоксен, кварц. Плагиоклазын шигтгээ (0.8-2.5 мм) дундлаг-суурилаг найрлагатай, эпидот, серицит, пелитэд хүчтэй хувирсан; эвэр хуурмаг актинолитод бага хувирсан; ан цаваар кварц, карбонатын 0.2-0.6 мм мөхлөгүүд","Ильменит-хромит-титанит-пирит-пирротин-халькопирит. Хүдрийн эрдсээс тогтсон 0.2-3.0 мм өргөнтэй линз, судлууд; ильменит ягаавтар саарал 0.1-0.6 мм, лейкоксенжсэн, халькопиритын 0.01-0.1 мм бичил мөхлөгтэй; пирит зонхилох ба 0.5-1.5 мм өргөнтэй судлууд үүсгэн чулууг зүсэж, халькопиритын бичил мөхлөг агуулна","Хувирсан плагиоклаз, эвэр хуурмагийн шигтгээ маягийн ялгарлууд (40-45%) ба плагиоклаз, эвэр хуурмаг, цөөн мон.пироксеноос тогтсон офитлог, пойкилоофитлог үндсэн хэсгээс бүрдэнэ. Эвэр хуурмагийн шигтгээ (0.8-2.0 мм) бор хүрэн өнгөтэй, дотроо хувираагүй мон.пироксены 0.2-0.4 мм мөхлөг агуулна; мон.пироксен 36-38 градусын унтралтай. Чулуу хүдэржилтэд өртсний улмаас хүдрийн эрдсээс тогтсон 0.2-3.0 мм өргөнтэй линз, судлууд үүсч, хүдрийн эрдсүүд чулууг бүрдүүлэгч эрдсүүдтэй ургалт үүсгэсэн. Ойсон гэрэлд ильменит, магнетит, пирит, хромит, пирротин, халькопирит тодорхойлогдов.",tag,
41014,D0572,41014,OVD009,195.2 m,"Petrography_mineragraphy_24 sample.pdf (consolidated 24-sample Khanlab O-24 report; per-sample PDFs 41014-41023, 41033, 41034 in folder 03_khanlab_Petrography_and_Mineralogy_description_2023)","not stated in document (Khanlab, per ABM 'Suggested Petro for the Oval 2024' list); 'Петрографи, минераграфийн бичиглэл' format, sections numbered ӨТШ-<hole>-<depth>; Mongolian original also as 'Петрографи, минераграфи О -24.doc' and English translation 'Eng Петрографи, минераграфи О -24.doc'",,mn,"Mineralized, altered porphyritic fine- to medium-grained melanocratic gabbronorite (peridotite?)","Хүдэржиж, хувирсан шигтгээ маягийн жижиг дунд ширхэгтэй меланократ габбронорит (Перидотит?)","Структур: шигтгээ маягийн, үнд.х-субофитлог, пойкилоофитлог. Текстур: цул нягт. Шигтгээ 0.8-4.0 мм, үндсэн хэсэг 0.1-0.6 мм","[{""mineral"": ""Хувирсан пироксен / altered pyroxene (bastite)"", ""pct"": ""10-15""}, {""mineral"": ""Эвэр хуурмаг / hornblende"", ""pct"": ""8-10""}, {""mineral"": ""Биотит / biotite"", ""pct"": ""10""}, {""mineral"": ""Хувирсан плагиоклаз / altered plagioclase"", ""pct"": ""1-3""}, {""mineral"": ""Хувирсан оливин / altered olivine"", ""pct"": ""1-3""}, {""mineral"": ""Халькопирит / chalcopyrite"", ""pct"": ""0.5""}, {""mineral"": ""Пирротин / pyrrhotite"", ""pct"": ""0.5-1""}, {""mineral"": ""Ильменит / ilmenite"", ""pct"": ""цөөн (few)""}, {""mineral"": ""Магнетит / magnetite"", ""pct"": ""цөөн (few)""}, {""mineral"": ""Хромит / chromite"", ""pct"": ""цөөн (few)""}, {""mineral"": ""Пентландит / pentlandite"", ""pct"": ""цөөн (few)""}]","Серпентин, тальк, мусковит, серицит, хлорит, актинолит, карбонат. Ромбо пироксен баститад (лизардит-серпентин) бүрэн псевдоморфоз болтлоо хувирсан; баститын псевдоморфоз гадуураа актинолит, хлоритжсон биотит, тальк агрегатаар түрэгдсэн; плагиоклаз серицитэд хүчтэй хувирсан","Магнетит-ильменит-хромит-пирротин-халькопирит. Пирротин-халькопиритын ургалтаас тогтсон 0.8-3.0 мм линзүүд чулуунд 10-15%, гадуураа хожуу карбонатаар эмжээрлэгдсэн; магнетит 0.1-0.4 мм ба серпентины судланцрын дагуу 0.01-0.1 мм; ильменит 0.1-0.5 мм биотит, хувирсан эвэр хуурмагтай ассоциацитай; хромит 0.02-0.1 мм бөөгнөрсөн","Энэ чулуу нь ерөнхийдөө OVD009-161 дээжтэй ижилхэн бөгөөд пироксен, хувирсан оливин, хувирсан эвэр хуурмагийн шигтгээ маягийн ялгарлууд (60-65%) ба актинолитжсон эвэр хуурмаг, серпентинжсэн пироксен, бага зэргийн хувирсан плагиоклаз, биотитоос тогтсон хүчтэй хувирсан үндсэн хэсгээс бүрдэнэ. Хувирсан ромбо пироксены шигтгээ (0.8-4.0 мм) баститад бүрэн псевдоморфоз болж реликт призмлэг хэлбэрээ хадгалсан. Ойсон гэрэлд ильменит, магнетит, пирротин, пентландит, хромит, халькопирит тодорхойлогдож, пирротин-халькопиритын 0.8-3.0 мм линзүүд чулуунд 10-15%-ийг эзэлнэ.",tag,
