sample_id,alt_ids,hole_id_norm,depth_from_m,depth_to_m,depth_mid_m,sample_source,year,petrographer_lab,thin_section,polished_thin_section,asd,xrd,eds,fluid_incl,epma,field_lithology,petro_lithology,iogas_lithology,rock_group,iogas_no,x_utm,y_utm,z_rl,coord_source,qa_flags,source_files
40903,,OVD001,7.15,,7.15,drill core,2023,MIRES,0,1,0,0,1,0,0,schist,Gossan,,gossan / oxidized,1,721956.3,5144521.67,1830.81,desurvey,,Yambat_Petrographic_Master_Data__All.csv
40908,,OVD001,8.6,,8.6,drill core,2023,MIRES,0,1,0,0,1,0,0,schist,Gossan,,gossan / oxidized,2,721955.58,5144521.55,1829.55,desurvey,,Yambat_Petrographic_Master_Data__All.csv
40914,,OVD001,9.4,,9.4,drill core,2023,MIRES,0,1,0,0,1,0,0,gabbro,Gabbro,,gabbro / gabbronorite / norite,3,721955.19,5144521.48,1828.86,desurvey,,Yambat_Petrographic_Master_Data__All.csv
40899,,OVD001,15.5,,15.5,drill core,2023,MIRES,0,1,0,0,0,0,0,gabbro,schist,,schist / phyllite,4,721952.17,5144521.07,1823.58,desurvey,,Yambat_Petrographic_Master_Data__All.csv
40905,,OVD001,35.8,,35.8,drill core,2023,MIRES,0,1,0,0,0,0,0,gabbro,Diabase,,dolerite / diabase / basalt dyke,5,721942.07,5144520.01,1806.0,desurvey,,Yambat_Petrographic_Master_Data__All.csv
40900,,OVD001,56.8,,56.8,drill core,2023,NUM,0,1,0,0,0,0,0,spotted/Schist,Gabbro,,gabbro / gabbronorite / norite,6,721931.63,5144518.94,1787.81,desurvey,,Yambat_Petrographic_Master_Data__All.csv
40907,,OVD001,62.4,,62.4,drill core,2023,MIRES,0,1,0,0,0,0,0,schist,Diabase,,dolerite / diabase / basalt dyke,7,721928.85,5144518.6,1782.96,desurvey,,Yambat_Petrographic_Master_Data__All.csv
40913,,OVD001,68.0,,68.0,drill core,2023,NUM,0,1,0,0,0,0,0,schist?,Gabbro,,gabbro / gabbronorite / norite,8,721926.07,5144518.25,1778.11,desurvey,,Yambat_Petrographic_Master_Data__All.csv
40901,,OVD002,20.4,,20.4,drill core,2023,MIRES,0,1,0,0,1,0,0,gabbro,Gabbro,,gabbro / gabbronorite / norite,9,722011.84,5144334.01,1815.47,desurvey,,Yambat_Petrographic_Master_Data__All.csv
40910,,OVD002,37.0,,37.0,drill core,2023,MIRES,0,1,0,0,0,0,0,schist?,Gabbro,,gabbro / gabbronorite / norite,10,722011.84,5144334.01,1798.87,desurvey,,Yambat_Petrographic_Master_Data__All.csv
40909,,OVD002,51.6,,51.6,drill core,2023,MIRES,0,1,0,0,0,0,0,Spotted,Gabbro,,gabbro / gabbronorite / norite,12,722011.84,5144334.01,1784.27,desurvey,,Yambat_Petrographic_Master_Data__All.csv
40911,,OVD002,75.5,,75.5,drill core,2023,MIRES,0,1,0,0,0,0,0,gabbro,Diabase,,dolerite / diabase / basalt dyke,13,722011.84,5144334.01,1760.37,desurvey,,Yambat_Petrographic_Master_Data__All.csv
40902,,OVD002,87.4,,87.4,drill core,2023,MIRES,0,1,0,0,0,0,0,oxidazed gabbro,Gabbro,,gabbro / gabbronorite / norite,14,722011.84,5144334.01,1748.47,desurvey,,Yambat_Petrographic_Master_Data__All.csv
40906,,OVD002,126.4,,126.4,drill core,2023,MIRES,0,1,0,0,0,0,0,spotted,schist,,schist / phyllite,15,722011.84,5144334.01,1709.47,desurvey,,Yambat_Petrographic_Master_Data__All.csv
40912,,OVD002,137.6,,137.6,drill core,2023,MIRES,0,1,0,0,0,0,0,spotted,schist,,schist / phyllite,16,722011.84,5144334.01,1698.27,desurvey,,Yambat_Petrographic_Master_Data__All.csv
41012,,OVD003,155.3,,155.3,drill core,2023,Altantsetseg,0,1,0,0,0,0,0,Gabbro,Gabbro,,gabbro / gabbronorite / norite,17,722091.66,5144182.44,1711.38,desurvey,,Yambat_Petrographic_Master_Data__All.csv
40530,,OVD003,157.5,,157.5,drill core,2023,MIRES,0,1,0,0,1,0,0,schist,Gabbro,,gabbro / gabbronorite / norite,18,722092.65,5144182.88,1709.47,desurvey,,Yambat_Petrographic_Master_Data__All.csv
40574,,OVD004,28.0,,28.0,drill core,2023,MIRES,0,1,0,0,1,0,0,spotted???,Gabbro,,gabbro / gabbronorite / norite,19,721946.89,5144499.04,1812.93,desurvey,,Yambat_Petrographic_Master_Data__All.csv
40579,,OVD004,36.0,,36.0,drill core,2023,MIRES,0,1,0,0,0,0,0,gabbro,Gabbro,,gabbro / gabbronorite / norite,20,721944.62,5144495.75,1806.0,desurvey,,Yambat_Petrographic_Master_Data__All.csv
40605,,OVD004,91.0,,91.0,drill core,2023,MIRES,0,1,0,0,0,0,0,oxidazed gabbro,Gabbro,,gabbro / gabbronorite / norite,21,721929.13,5144473.02,1758.37,desurvey,,Yambat_Petrographic_Master_Data__All.csv
41027,,OVD005,13.4,,13.4,drill core,2023,Altantsetseg,0,1,0,0,0,0,0,Gabbro,Peridodtite,,peridotite / ultramafic,22,722025.61,5144334.67,1824.45,desurvey,,Yambat_Petrographic_Master_Data__All.csv
40628,,OVD005,40.5,,40.5,drill core,2023,MIRES,0,1,0,0,0,0,0,gabbro,Gabbro,,gabbro / gabbronorite / norite,23,722037.72,5144340.73,1800.98,desurvey,"Crawford 2025 caveat: section far too thin — very little rock preserved, diagnosis provisional [source: OVD005@40.5m]",Yambat_Petrographic_Master_Data__All.csv
40635,,OVD005,53.0,,53.0,drill core,2023,MIRES,0,1,0,0,0,0,0,spotted,Gabbro,,gabbro / gabbronorite / norite,24,722043.33,5144343.49,1790.16,desurvey,Crawford 2025 caveat: another far too-thin section with little useful material [source: OVD005@53.0m],Yambat_Petrographic_Master_Data__All.csv
40645,,OVD005,71.0,,71.0,drill core,2023,MIRES,0,1,0,0,1,0,0,gabbro,Gabbro,,gabbro / gabbronorite / norite,25,722051.39,5144347.48,1774.57,desurvey,,Yambat_Petrographic_Master_Data__All.csv
41011,,OVD007,50.0,,50.0,drill core,2023,Altantsetseg,0,1,0,0,0,0,0,Gabbro,Peridodtite,,peridotite / ultramafic,26,721995.29,5144402.98,1792.49,desurvey,,Yambat_Petrographic_Master_Data__All.csv
41031,,OVD007,55.9,,55.9,drill core,2023,Altantsetseg,0,1,0,0,0,0,0,Gabbro,Gabbro,,gabbro / gabbronorite / norite,27,721992.81,5144401.27,1787.41,desurvey,Crawford 2025 caveat: the analyst was unsure the provided core photo matches the thin section [source: OVD007@55.9m],Yambat_Petrographic_Master_Data__All.csv
41025,,OVD007,58.2,,58.2,drill core,2023,Altantsetseg,0,1,0,0,0,0,0,Gabbro,Gabbro,,gabbro / gabbronorite / norite,28,721991.85,5144400.59,1785.43,desurvey,,Yambat_Petrographic_Master_Data__All.csv
41026,,OVD007,87.8,,87.8,drill core,2023,Altantsetseg,0,1,0,0,0,0,0,Gabbro,Gabbro,,gabbro / gabbronorite / norite,29,721979.55,5144391.82,1759.98,desurvey,,Yambat_Petrographic_Master_Data__All.csv
40715,,OVD007,98.2,98.2,98.2,drill core,2023,MIRES,0,1,0,0,0,0,0,gabbro,schist,,schist / phyllite,30,721975.23,5144388.73,1751.04,desurvey,,Yambat_Petrographic_Master_Data__All.csv
41028,,OVD008,27.3,,27.3,drill core,2023,Altantsetseg,0,1,0,0,0,0,0,Gabbro,Gabbro,,gabbro / gabbronorite / norite,31,722094.79,5144244.52,1815.41,desurvey,,Yambat_Petrographic_Master_Data__All.csv
41032,,OVD008,39.5,,39.5,drill core,2023,Altantsetseg,0,1,0,0,0,0,0,Gabbro,Gabbro,,gabbro / gabbronorite / norite,32,722091.18,5144242.24,1803.98,desurvey,,Yambat_Petrographic_Master_Data__All.csv
41013,,OVD008,40.1,,40.1,drill core,2023,Altantsetseg,0,1,0,0,0,0,0,Gabbro,Gabbrodiorite,,gabbrodiorite,33,722091.0,5144242.12,1803.42,desurvey,,Yambat_Petrographic_Master_Data__All.csv
41029,,OVD008,60.3,,60.3,drill core,2023,Altantsetseg,0,1,0,0,0,0,0,Gabbro,Gabbro,,gabbro / gabbronorite / norite,34,722085.02,5144238.37,1784.5,desurvey,,Yambat_Petrographic_Master_Data__All.csv
40763,,OVD008,84.5,,84.5,drill core,2023,NUM,0,1,0,0,0,0,0,gabbro,Gabbro,,gabbro / gabbronorite / norite,35,722077.9,5144233.91,1761.8,desurvey,,Yambat_Petrographic_Master_Data__All.csv
41030,,OVD008,88.9,,88.9,drill core,2023,Altantsetseg,0,1,0,0,0,0,0,Gabbro,Gabbro,,gabbro / gabbronorite / norite,36,722076.61,5144233.1,1757.67,desurvey,Crawford 2025 caveat: this sample lacks sulfides despite the 2.5 %S assay for the interval [source: OVD008@88.9m],Yambat_Petrographic_Master_Data__All.csv
41024,,OVD008,90.5,,90.5,drill core,2023,Altantsetseg,0,1,0,0,0,0,0,Gabbro,Diorite,,diorite / quartz diorite,37,722076.15,5144232.81,1756.17,desurvey,Crawford 2025 caveat: the assay for this hole/depth indicates a strongly sulfidic rock (~30 % pyrrhotite) whereas the thin section is a finely hornblende-phyric basalt (dyke?) with <2 % sulfides [source: OVD008@90.5m],Yambat_Petrographic_Master_Data__All.csv
41022,,OVD009,11.3,,11.3,drill core,2023,Altantsetseg,0,1,0,0,0,0,0,Gabbro,Gabbrodiorite,,gabbrodiorite,38,722160.4,5144170.61,1836.42,desurvey,,Yambat_Petrographic_Master_Data__All.csv
41019,,OVD009,17.2,,17.2,drill core,2023,Altantsetseg,0,1,0,0,0,0,0,Gabbro,Gabbrodiorite,,gabbrodiorite,39,722159.37,5144169.94,1830.65,desurvey,,Yambat_Petrographic_Master_Data__All.csv
40915,,OVD009,72.0,,72.0,drill core,2023,MIRES,0,1,0,0,1,0,0,gossan,Gabbro,,gabbro / gabbronorite / norite,40,722149.25,5144164.68,1777.05,desurvey,,Yambat_Petrographic_Master_Data__All.csv
41018,,OVD009,80.8,,80.8,drill core,2023,Altantsetseg,0,1,0,0,0,0,0,Gabbro,Gabbrodiorite,,gabbrodiorite,41,722147.63,5144163.83,1768.44,desurvey,,Yambat_Petrographic_Master_Data__All.csv
41021,,OVD009,126.7,,126.7,drill core,2023,Altantsetseg,0,1,0,0,0,0,0,Gabbro,Gabbrodiorite,,gabbrodiorite,42,722139.2,5144159.36,1723.54,desurvey,"D7 cross-reference: possible duplicate of sample 43816 (OVD009 @ 126.6 m, 0.1 m away, alt ids `43816 (OVD-009-126.6)`) — verify before treating the two as independent observations",Yambat_Petrographic_Master_Data__All.csv
41020,,OVD009,143.0,,143.0,drill core,2023,Altantsetseg,0,1,0,0,0,0,0,Gabbro,габбронорит,Peridotite,gabbro / gabbronorite / norite,43,722136.18,5144157.82,1707.6,desurvey,,Yambat_Petrographic_Master_Data__All.csv
41015,,OVD009,149.5,,149.5,drill core,2023,Altantsetseg,0,1,0,0,0,0,0,Gabbro,Gabbrodiorite,,gabbrodiorite,44,722134.98,5144157.2,1701.24,desurvey,"D7 cross-reference: possible duplicate of sample 41033 (OVD009 @ 149.8 m, 0.3 m away) — verify before treating the two as independent observations",Yambat_Petrographic_Master_Data__All.csv
41033,,OVD009,149.8,,149.8,drill core,2023,Altantsetseg,0,1,0,0,0,0,0,Gabbro,Gabbro,Foid Gabbro,gabbro / gabbronorite / norite,45,722134.93,5144157.17,1700.95,desurvey,"D7 cross-reference: possible duplicate of sample 41015 (OVD009 @ 149.5 m, 0.3 m away) — verify before treating the two as independent observations",Yambat_Petrographic_Master_Data__All.csv
41023,,OVD009,151.6,,151.6,drill core,2023,Altantsetseg,0,1,0,0,0,0,0,Gabbro,Gabbrodiorite,Alkalic Gabbro,gabbrodiorite,46,722134.6,5144156.99,1699.19,desurvey,,Yambat_Petrographic_Master_Data__All.csv
41017,,OVD009,161.0,,161.0,drill core,2023,Altantsetseg,0,1,0,0,0,0,0,Gabbro,Gabbrodiorite,,gabbrodiorite,47,722132.86,5144156.1,1689.99,desurvey,,Yambat_Petrographic_Master_Data__All.csv
41016,,OVD009,171.5,,171.5,drill core,2023,Altantsetseg,0,1,0,0,0,0,0,Gabbro,Peridodtite,,peridotite / ultramafic,48,722130.95,5144155.04,1679.72,desurvey,,Yambat_Petrographic_Master_Data__All.csv
41034,,OVD009,190.8,,190.8,drill core,2023,Altantsetseg,0,1,0,0,0,0,0,Gabbro,Gabbro,,gabbro / gabbronorite / norite,49,722127.44,5144153.12,1660.84,desurvey,,Yambat_Petrographic_Master_Data__All.csv
41014,,OVD009,195.2,,195.2,drill core,2023,Altantsetseg,0,1,0,0,0,0,0,Gabbro,Peridodtite,,peridotite / ultramafic,50,722126.59,5144152.77,1656.54,desurvey,,Yambat_Petrographic_Master_Data__All.csv
42899,CRS01A-81,CRS01A,81.0,,81.0,drill core,2024,,0,1,1,0,0,1,0,Meta sediment,altered gneiss,,sediment / metasediment,,725251.11,5150594.08,1914.82,desurvey,,Yambat_Petrographic_Master_Data__All.csv
43161,CRS01A-184.32,CRS01A,184.32,,184.32,drill core,2024,,0,1,1,0,0,0,0,Meta sediment,Meta sediment,,sediment / metasediment,,725268.78,5150624.69,1817.74,desurvey,,Yambat_Petrographic_Master_Data__All.csv
42923,CRS01A-104.4,CRS01A,104.4,,104.4,drill core,2024,,0,1,1,0,0,1,0,Meta sediment,Quartz vein,,vein / quartz,,725255.11,5150601.01,1892.84,desurvey,,Yambat_Petrographic_Master_Data__All.csv
42931,CRS01A-111.8,CRS01A,111.8,,111.8,drill core,2024,,0,1,1,0,0,0,0,Rhyolite,Rhyolite,,volcanic / subvolcanic,,725256.38,5150603.2,1885.88,desurvey,,Yambat_Petrographic_Master_Data__All.csv
42936,CRS01A-114.8,CRS01A,114.8,,114.8,drill core,2024,,0,1,1,0,0,1,0,Meta sediment,Meta sediment,,sediment / metasediment,,725256.89,5150604.09,1883.06,desurvey,,Yambat_Petrographic_Master_Data__All.csv
42951,CRS01A-124.1,CRS01A,124.1,,124.1,drill core,2024,,0,1,1,0,0,1,0,Meta sediment,Meta sediment,,sediment / metasediment,,725258.48,5150606.85,1874.32,desurvey,,Yambat_Petrographic_Master_Data__All.csv
43166,CRS01A-187.8,CRS01A,187.8,,187.8,drill core,2024,,0,1,1,0,0,1,0,Meta sediment,Meta sediment,,sediment / metasediment,,725269.38,5150625.72,1814.47,desurvey,,Yambat_Petrographic_Master_Data__All.csv
43167,CRS01A-188.4,CRS01A,188.4,,188.4,drill core,2024,,0,1,1,0,0,1,0,Meta sediment,Serpentinite,,peridotite / ultramafic,,725269.48,5150625.89,1813.9,desurvey,,Yambat_Petrographic_Master_Data__All.csv
42851,CRS01A-41.4,CRS01A,41.4,,41.4,drill core,2024,,0,1,1,0,0,1,0,Meta sediment,gneiss,,sediment / metasediment,,725244.34,5150582.35,1952.04,desurvey,,Yambat_Petrographic_Master_Data__All.csv
42865,CRS01A-53.4,CRS01A,53.4,,53.4,drill core,2024,,0,1,1,0,0,1,0,Meta sediment,gneiss,,sediment / metasediment,,725246.39,5150585.91,1940.76,desurvey,,Yambat_Petrographic_Master_Data__All.csv
42874,CRS01A-61.3,CRS01A,61.3,,61.3,drill core,2024,,0,1,1,1,0,1,0,Meta sediment,,,sediment / metasediment,,725247.74,5150588.25,1933.34,desurvey,,Yambat_Petrographic_Master_Data__All.csv
42908,CRS01A-90.5,CRS01A,90.5,,90.5,drill core,2024,,0,1,1,0,0,1,0,Meta sediment,Serpentinite,,peridotite / ultramafic,,725252.74,5150596.9,1905.9,desurvey,,Yambat_Petrographic_Master_Data__All.csv
43523,,CRS02,11.4,11.4,11.4,drill core,2025,SHUTIS,0,0,0,0,0,0,0,Rhyolite,Хувирсан пироксенит,,peridotite / ultramafic,,725372.39,5150596.49,1996.59,desurvey,,Yambat_Petrographic_Master_Data__All.csv
43542,,CRS02,28.0,28.0,28.0,drill core,2025,SHUTIS,0,1,0,0,0,0,0,Rhyolite,Риолит‑порфир,,volcanic / subvolcanic,,725372.94,5150590.17,1981.25,desurvey,,Yambat_Petrographic_Master_Data__All.csv
43554,,CRS02,38.2,38.2,38.2,drill core,2025,SHUTIS,0,0,0,0,0,0,0,Listvenite,Кварц‑карбонат метасоматит,,skarn / metasomatite,,725373.27,5150586.28,1971.83,desurvey,,Yambat_Petrographic_Master_Data__All.csv
43569,,CRS02,54.7,54.7,54.7,drill core,2025,SHUTIS,0,0,0,0,0,0,0,Metasediment,метасоматит,,skarn / metasomatite,,725373.78,5150579.98,1956.59,desurvey,"D7 cross-reference: possible duplicate of sample 43570 (CRS02 @ 55 m, 0.3 m away) — verify before treating the two as independent observations",Yambat_Petrographic_Master_Data__All.csv
43570,,CRS02,55.0,55.0,55.0,drill core,2025,SHUTIS,0,0,0,0,0,0,0,Metasediment,Плагиоклаз-кварц- кальцитын метасоматит,,skarn / metasomatite,,725373.79,5150579.87,1956.31,desurvey,"D7 cross-reference: possible duplicate of sample 43569 (CRS02 @ 54.7 m, 0.3 m away) — verify before treating the two as independent observations",Yambat_Petrographic_Master_Data__All.csv
43598,,CRS02,89.9,89.9,89.9,drill core,2025,SHUTIS,0,0,0,0,0,0,0,Breccia,Амфиболит,,amphibolite / metabasite,,725374.71,5150566.5,1924.08,desurvey,,Yambat_Petrographic_Master_Data__All.csv
43632,,CRS03,17.7,17.7,17.7,drill core,2025,SHUTIS,0,1,0,0,0,0,0,Metasediment,Пироксент роговик,,hornfels / spotted rock,,724869.27,5150542.04,1960.74,desurvey,,Yambat_Petrographic_Master_Data__All.csv
43664,,CRS03,51.8,51.8,51.8,drill core,2025,SHUTIS,0,0,0,0,0,0,0,Epidote vein,Mетасоматоз хувиралд хүчтэй орсон андезидацит,,volcanic / subvolcanic,,724869.64,5150524.5,1931.5,desurvey,,Yambat_Petrographic_Master_Data__All.csv
43689,,CRS03,89.4,89.4,89.4,drill core,2025,SHUTIS,0,0,0,0,0,0,0,Metasediment,кварц-карбонат-эпидотийн судлаар зүсэгдсэн эпидот хлоритын метасоматит,,skarn / metasomatite,,724870.03,5150504.94,1899.39,desurvey,,Yambat_Petrographic_Master_Data__All.csv
42513,OVD010-97.7,OVD010,97.7,,97.7,drill core,2024,,1,0,0,0,0,0,0,Diorite,Gabbrodiorite,,gabbrodiorite,,722217.21,5144202.92,1767.51,desurvey,,Yambat_Petrographic_Master_Data__All.csv
42539,OVD010-226.3,OVD010,226.3,,226.3,drill core,2024,,1,0,0,0,0,0,0,Siltstone & Sandstone,Gabbro,,gabbro / gabbronorite / norite,,722169.16,5144178.69,1650.71,desurvey,,Yambat_Petrographic_Master_Data__All.csv
42553,OVD010-305.6,OVD010,305.6,,305.6,drill core,2024,,0,1,0,0,0,0,0,Gabbro,Gabbrodiorite,,gabbrodiorite,,722139.19,5144164.84,1578.61,desurvey,,Yambat_Petrographic_Master_Data__All.csv
42027,OVD011-101.5,OVD011,101.5,,101.5,drill core,2024,,0,1,0,0,0,0,0,Gabbro,Diorite,,diorite / quartz diorite,,722113.16,5144247.39,1750.91,desurvey,Crawford 2025 caveat: the rock lacks sulfides and there is no trace of chromite to account for the high-Cr assay [source: OVD021@101.5m],Yambat_Petrographic_Master_Data__All.csv
42030,OVD011-107.4,OVD011,107.4,,107.4,drill core,2024,,1,0,0,0,0,0,0,Meta sediment,Silstone,,sediment / metasediment,,722111.23,5144246.13,1745.48,desurvey,,Yambat_Petrographic_Master_Data__All.csv
42031,OVD011-109.1,OVD011,109.1,,109.1,drill core,2024,,0,1,0,0,0,0,0,Spotted Rock,Silstone,,sediment / metasediment,,722110.68,5144245.77,1743.92,desurvey,,Yambat_Petrographic_Master_Data__All.csv
42032,OVD011-109.6,OVD011,109.6,,109.6,drill core,2024,,0,1,0,0,0,0,0,Spotted Rock,Silstone,,sediment / metasediment,,722110.52,5144245.66,1743.45,desurvey,,Yambat_Petrographic_Master_Data__All.csv
42043,OVD011-126.5,OVD011,126.5,,126.5,drill core,2024,,0,1,0,0,0,0,0,Gabbro,Silstone,,sediment / metasediment,,722105.05,5144242.03,1727.88,desurvey,,Yambat_Petrographic_Master_Data__All.csv
42049,OVD011-132.8,OVD011,132.8,,132.8,drill core,2024,,0,1,0,0,0,0,0,Gabbro,Olivine gabbro,,olivine gabbro / melagabbro,,722103.02,5144240.69,1722.07,desurvey,,Yambat_Petrographic_Master_Data__All.csv
42086,OVD011-189.2,OVD011,189.2,,189.2,drill core,2024,,0,1,0,0,0,0,0,Gabbro,Peridodtite,,peridotite / ultramafic,,722084.82,5144228.94,1670.0,desurvey,,Yambat_Petrographic_Master_Data__All.csv
42111,OVD014-35.9-36.1,OVD014,35.9,36.1,36.0,drill core,2024,,0,1,0,0,0,0,0,Spotted Rock,Skarn,,skarn / metasomatite,,722095.68,5144290.4,1810.32,desurvey,,Yambat_Petrographic_Master_Data__All.csv
42145,OVD014-88.3,OVD014,88.3,,88.3,drill core,2024,,1,0,0,0,0,0,0,Diabase,Diorite,,diorite / quartz diorite,,722073.47,5144275.38,1765.41,desurvey,,Yambat_Petrographic_Master_Data__All.csv
42147,OVD014-89.8 (A) | OVD014-89.8 (B),OVD014,89.8,,89.8,drill core,2024,,0,1,0,0,0,0,0,Gabbro,Gabbro,,gabbro / gabbronorite / norite,,722072.83,5144274.95,1764.12,desurvey,"COVERAGE G11: this single row MERGES two physically distinct thin sections, `OVD014-89.8 (A) | OVD014-89.8 (B)`, that the master sheet records at the same hole and depth. Their descriptions are all attached to this one sample_id; they are NOT split (unlike OVD015-175.5 (A)/(B), which carry separate tags 42388/42389)",Yambat_Petrographic_Master_Data__All.csv
42158,OVD014-102.3,OVD014,102.3,,102.3,drill core,2024,,0,1,0,0,0,0,0,Gabbro Mineralized,Peridodtite,,peridotite / ultramafic,,722067.48,5144271.45,1753.38,desurvey,,Yambat_Petrographic_Master_Data__All.csv
42164,OVD014-109.6,OVD014,109.6,,109.6,drill core,2024,,1,0,0,0,0,0,0,Diabase,Gabbrodiorite,,gabbrodiorite,,722064.36,5144269.42,1747.1,desurvey,,Yambat_Petrographic_Master_Data__All.csv
42150,OVD014-95.8-95.9,OVD014,95.8,95.9,95.85,drill core,2024,,0,1,0,0,0,0,0,Gabbro,Gabbro,,gabbro / gabbronorite / norite,,722070.24,5144273.25,1758.92,desurvey,,Yambat_Petrographic_Master_Data__All.csv
42311,OVD015-94.82,OVD015,94.82,,94.82,drill core,2024,,0,1,0,0,0,0,0,Spotted rock,schist,,schist / phyllite,,722096.08,5144132.05,1764.3,desurvey,,Yambat_Petrographic_Master_Data__All.csv
42317,OVD015-102.4,OVD015,102.4,,102.4,drill core,2024,,0,1,0,0,0,0,0,Gabbro,Gabbrodiorite,,gabbrodiorite,,722099.91,5144133.89,1758.02,desurvey,,Yambat_Petrographic_Master_Data__All.csv
42318,OVD015-105.1-105.2,OVD015,105.1,105.2,105.15,drill core,2024,,0,1,0,0,0,0,0,Gabbro,Diorite,,diorite / quartz diorite,,722101.31,5144134.55,1755.74,desurvey,,Yambat_Petrographic_Master_Data__All.csv
42326,OVD015-116.1,OVD015,116.1,,116.1,drill core,2024,,0,1,0,0,0,0,0,Gabbro,Gabbrodiorite,,gabbrodiorite,,722106.87,5144137.15,1746.68,desurvey,,Yambat_Petrographic_Master_Data__All.csv
42349,OVD015-140.6,OVD015,140.6,,140.6,drill core,2024,,0,1,0,0,0,0,0,Gabbro,Gabbro,,gabbro / gabbronorite / norite,,722119.39,5144142.8,1726.39,desurvey,,Yambat_Petrographic_Master_Data__All.csv
42368,OVD015-158.7,OVD015,158.7,,158.7,drill core,2024,,0,1,0,0,0,0,0,Gabbro,Gabbro,,gabbro / gabbronorite / norite,,722128.68,5144146.86,1711.4,desurvey,,Yambat_Petrographic_Master_Data__All.csv
42376,OVD015-165.5,OVD015,165.5,,165.5,drill core,2024,,0,1,0,0,0,0,0,Gabbro,Peridodtite,,peridotite / ultramafic,,722132.16,5144148.4,1705.76,desurvey,,Yambat_Petrographic_Master_Data__All.csv
42392,OVD015-177.4,OVD015,177.4,,177.4,drill core,2024,,0,1,0,0,0,0,0,Gabbro Mineralized,Peridodtite,,peridotite / ultramafic,,722138.23,5144151.14,1695.9,desurvey,,Yambat_Petrographic_Master_Data__All.csv
42388,OVD015-175.5 (A),OVD015,175.5,,175.5,drill core,2024,,0,1,0,0,0,0,0,Gabbro,Peridodtite,,peridotite / ultramafic,,722137.27,5144150.7,1697.48,desurvey,"D7 cross-reference: possible duplicate of sample OVD015@175.4 (OVD015 @ 175.4 m, 0.1 m away, alt ids `OVD015-175.4`) — verify before treating the two as independent observations; D7 cross-reference: possible duplicate of sample 42389 (OVD015 @ 175.5 m, 0 m away, alt ids `OVD015-175.5 (B)`) — verify before treating the two as independent observations",Yambat_Petrographic_Master_Data__All.csv
42389,OVD015-175.5 (B),OVD015,175.5,,175.5,drill core,2024,,0,1,0,0,0,0,0,Gabbro,Peridodtite,,peridotite / ultramafic,,722137.27,5144150.7,1697.48,desurvey,"D7 cross-reference: possible duplicate of sample 42388 (OVD015 @ 175.5 m, 0 m away, alt ids `OVD015-175.5 (A)`) — verify before treating the two as independent observations",Yambat_Petrographic_Master_Data__All.csv
42615,OVD020-60.6,OVD020,60.6,,60.6,drill core,2024,,0,1,0,0,0,0,0,Unmineralized gabbro,Gabbro,,gabbro / gabbronorite / norite,,722108.13,5144148.09,1787.02,desurvey,,Yambat_Petrographic_Master_Data__All.csv
42638,OVD020-101.4,OVD020,101.4,,101.4,drill core,2024,,0,1,0,0,0,0,0,Unmineralized gabbro,Gabbro,,gabbro / gabbronorite / norite,,722100.23,5144145.95,1747.05,desurvey,,Yambat_Petrographic_Master_Data__All.csv
42653,OVD020-124.2,OVD020,124.2,,124.2,drill core,2024,,0,1,0,0,0,0,0,Spotted rock,Silstone,,sediment / metasediment,,722095.92,5144144.77,1724.7,desurvey,,Yambat_Petrographic_Master_Data__All.csv
47154,OVD022-8.7,OVD022,8.7,8.9,8.8,drill core,2024,Altantsetseg,0,1,0,0,0,0,0,Breccia,Breccia,,breccia / fault rock,,722016.01,5144366.15,1826.68,desurvey,,Yambat_Petrographic_Master_Data__All.csv; Yambat_petrography_samples_2022-2024_from_Core___grab__2024_Phase_2_Drilling.csv
47155,OVD022-36.9,OVD022,36.9,37.0,36.95,drill core,2024,Altantsetseg,0,1,0,0,0,0,0,Gabbro mineralized,Peridotite,,peridotite / ultramafic,,722023.14,5144355.13,1801.78,desurvey,"D5: the report that describes this sample names the interval 37-39 m (`OVD22-37-39 (47155)`), but the master workbook stores it at 36.9-37 m — a 0.1 m disagreement inside the sources themselves (the phase sheet's sample From/To vs the assay interval on the same row). Stored values are the master's; treat the depth as uncertain to +/-0.1 m",Yambat_Petrographic_Master_Data__All.csv; Yambat_petrography_samples_2022-2024_from_Core___grab__2024_Phase_2_Drilling.csv
47156,OVD022-45.4,OVD022,45.4,45.5,45.45,drill core,2024,Altantsetseg,0,1,0,0,0,0,0,Gabbro mineralized,Peridotite,,peridotite / ultramafic,,722025.25,5144351.77,1794.26,desurvey,,Yambat_Petrographic_Master_Data__All.csv; Yambat_petrography_samples_2022-2024_from_Core___grab__2024_Phase_2_Drilling.csv
47157,OVD022-55.6,OVD022,55.6,55.7,55.65,drill core,2024,Altantsetseg,0,1,0,0,0,0,0,Gabbro mineralized,Peridotite,,peridotite / ultramafic,,722027.77,5144347.72,1785.25,desurvey,,Yambat_Petrographic_Master_Data__All.csv; Yambat_petrography_samples_2022-2024_from_Core___grab__2024_Phase_2_Drilling.csv
47158,OVD022-65.7,OVD022,65.7,65.8,65.75,drill core,2024,Altantsetseg,0,1,0,0,0,0,0,Gabbro mineralized,Peridotite,,peridotite / ultramafic,,722030.26,5144343.7,1776.32,desurvey,,Yambat_Petrographic_Master_Data__All.csv; Yambat_petrography_samples_2022-2024_from_Core___grab__2024_Phase_2_Drilling.csv
47159,OVD022-89.05,OVD022,89.05,89.15,89.1,drill core,2024,Altantsetseg,0,1,0,0,0,0,0,Gabbro mineralized,Gabbro,,gabbro / gabbronorite / norite,,722035.95,5144334.4,1755.68,desurvey,,Yambat_Petrographic_Master_Data__All.csv; Yambat_petrography_samples_2022-2024_from_Core___grab__2024_Phase_2_Drilling.csv
47160,OVD022-96.25,OVD022,96.25,96.35,96.3,drill core,2024,Altantsetseg,0,1,0,0,0,0,0,Gabbro mineralized,Peridotite,,peridotite / ultramafic,,722037.7,5144331.53,1749.31,desurvey,,Yambat_Petrographic_Master_Data__All.csv; Yambat_petrography_samples_2022-2024_from_Core___grab__2024_Phase_2_Drilling.csv
47161,OVD022-99.25,OVD022,99.25,99.35,99.3,drill core,2024,Altantsetseg,0,1,0,0,0,0,0,Dolerite,Gabbro,Alkalic Gabbro,gabbro / gabbronorite / norite,,722038.43,5144330.33,1746.66,desurvey,,Yambat_Petrographic_Master_Data__All.csv; Yambat_petrography_samples_2022-2024_from_Core___grab__2024_Phase_2_Drilling.csv
47162,OVD022-105.6,OVD022,105.6,105.7,105.65,drill core,2024,Altantsetseg,0,1,0,0,0,0,0,Gabbro mineralized,Gabbro,,gabbro / gabbronorite / norite,,722039.99,5144327.77,1741.06,desurvey,,Yambat_Petrographic_Master_Data__All.csv; Yambat_petrography_samples_2022-2024_from_Core___grab__2024_Phase_2_Drilling.csv
47163,OVD022-112.3,OVD022,112.3,112.4,112.35,drill core,2024,Altantsetseg,0,1,0,0,0,0,0,Dolerite,Olivine gabbro,Foid Gabbro,olivine gabbro / melagabbro,,722041.64,5144325.06,1735.16,desurvey,,Yambat_Petrographic_Master_Data__All.csv; Yambat_petrography_samples_2022-2024_from_Core___grab__2024_Phase_2_Drilling.csv
47164,OVD022-124.2,OVD022,124.2,124.3,124.25,drill core,2024,Altantsetseg,0,1,0,0,0,0,0,Spotted rock,Spotted rock,,hornfels / spotted rock,,722044.55,5144320.26,1724.66,desurvey,,Yambat_Petrographic_Master_Data__All.csv; Yambat_petrography_samples_2022-2024_from_Core___grab__2024_Phase_2_Drilling.csv
47165,OVD022-136.8,OVD022,136.8,136.9,136.85,drill core,2024,Altantsetseg,0,1,0,0,0,0,0,Spotted rock,Spotted rock,,hornfels / spotted rock,,722047.58,5144315.19,1713.54,desurvey,,Yambat_Petrographic_Master_Data__All.csv; Yambat_petrography_samples_2022-2024_from_Core___grab__2024_Phase_2_Drilling.csv
47166,OVD022-145,OVD022,145.0,146.0,145.5,drill core,2024,Altantsetseg,0,1,0,0,0,0,0,Gabbro Mineralized s,Olivine gabbro,,olivine gabbro / melagabbro,,722049.66,5144311.67,1705.91,desurvey,"D5: the report that describes this sample names the interval 146.5-148 m (`OVD22-146.5-148 (47166)`), but the master workbook stores it at 145-146 m — a 1.5 m disagreement inside the sources themselves (the phase sheet's sample From/To vs the assay interval on the same row). Stored values are the master's; treat the depth as uncertain to +/-1.5 m",Yambat_Petrographic_Master_Data__All.csv; Yambat_petrography_samples_2022-2024_from_Core___grab__2024_Phase_2_Drilling.csv
47167,OVD022-163.8,OVD022,163.8,163.9,163.85,drill core,2024,Altantsetseg,1,0,0,0,0,0,0,Siltstone,Siltstone,,sediment / metasediment,,722054.09,5144304.19,1689.75,desurvey,,Yambat_Petrographic_Master_Data__All.csv; Yambat_petrography_samples_2022-2024_from_Core___grab__2024_Phase_2_Drilling.csv
47168,OVD023-15.65,OVD023,15.65,15.75,15.7,drill core,2024,Altantsetseg,0,1,0,0,0,0,0,Gabbro Mineralized,Peridotite,,peridotite / ultramafic,,722038.59,5144330.66,1823.26,desurvey,,Yambat_Petrographic_Master_Data__All.csv; Yambat_petrography_samples_2022-2024_from_Core___grab__2024_Phase_2_Drilling.csv
47169,OVD023-29.8,OVD023,29.8,29.9,29.85,drill core,2024,Altantsetseg,0,1,0,0,0,0,0,Dolerite,Gabbrodiorite,Gabbro,gabbrodiorite,,722042.72,5144324.74,1811.09,desurvey,,Yambat_Petrographic_Master_Data__All.csv; Yambat_petrography_samples_2022-2024_from_Core___grab__2024_Phase_2_Drilling.csv
47170,OVD023-34.3,OVD023,34.3,34.4,34.35,drill core,2024,Altantsetseg,0,1,0,0,0,0,0,Gabbro mineralized M,Peridotite,,peridotite / ultramafic,,722044.03,5144322.84,1807.22,desurvey,,Yambat_Petrographic_Master_Data__All.csv; Yambat_petrography_samples_2022-2024_from_Core___grab__2024_Phase_2_Drilling.csv
47171,OVD023-65.7,OVD023,65.7,65.8,65.75,drill core,2024,Altantsetseg,0,1,0,0,0,0,0,Gabbro Mineralized M,Peridotite,,peridotite / ultramafic,,722053.24,5144309.41,1780.38,desurvey,,Yambat_Petrographic_Master_Data__All.csv; Yambat_petrography_samples_2022-2024_from_Core___grab__2024_Phase_2_Drilling.csv
47172,OVD023-83.8,OVD023,83.8,83.9,83.85,drill core,2024,Altantsetseg,0,1,0,0,0,0,0,Gabbro Mineralized M,Peridotite,,peridotite / ultramafic,,722058.6,5144301.59,1764.96,desurvey,,Yambat_Petrographic_Master_Data__All.csv; Yambat_petrography_samples_2022-2024_from_Core___grab__2024_Phase_2_Drilling.csv
47173,OVD023-124.5,OVD023,124.5,124.6,124.55,drill core,2024,Altantsetseg,0,1,0,0,0,0,0,Spotted rock,Spotted rock,,hornfels / spotted rock,,722070.57,5144283.89,1730.32,desurvey,,Yambat_Petrographic_Master_Data__All.csv; Yambat_petrography_samples_2022-2024_from_Core___grab__2024_Phase_2_Drilling.csv
47174,OVD023-135.4,OVD023,135.4,135.5,135.45,drill core,2024,Altantsetseg,0,1,0,0,0,0,0,Breccia,Siltstone,,sediment / metasediment,,722073.77,5144279.07,1721.08,desurvey,,Yambat_Petrographic_Master_Data__All.csv; Yambat_petrography_samples_2022-2024_from_Core___grab__2024_Phase_2_Drilling.csv
47175,OVD023-142.8,OVD023,142.8,142.9,142.85,drill core,2024,Altantsetseg,1,0,0,0,0,0,0,Siltstone,Siltstone,,sediment / metasediment,,722075.95,5144275.81,1714.81,desurvey,,Yambat_Petrographic_Master_Data__All.csv; Yambat_petrography_samples_2022-2024_from_Core___grab__2024_Phase_2_Drilling.csv
47176,OVD023-144,OVD023,114.0,116.0,115.0,drill core,2024,Altantsetseg,0,1,0,0,0,0,0,Gabbro Mineralized P,Peridotite,,peridotite / ultramafic,,722067.76,5144288.08,1738.42,desurvey,"D1 CORRECTED: master sheets record this sample interval as From 144 / To 114.1 (inverted — a source typo for the depth 114 m); the assay block on the same Yambat_petrography_samples_2022-2024_from_Core___grab__2024_Phase_2_Drilling.csv row reads from 114 m / to 116 m and the 2024-2026 report extract states 'sample sits at 114-116 m, listed after deeper samples in the source doc'. Interval set to 114-116 m and re-desurveyed; the '144' of Yambat_Petrographic_Master_Data__All.csv / the bichiglel table is a master-sheet typo (144 for 114)",Yambat_Petrographic_Master_Data__All.csv; Yambat_petrography_samples_2022-2024_from_Core___grab__2024_Phase_2_Drilling.csv
47130,OVD024-13.7,OVD024,13.7,13.8,13.75,drill core,2024,Altantsetseg,0,1,0,0,0,0,0,Spotted rock,Spotted rock,,hornfels / spotted rock,,722020.82,5144264.24,1827.92,desurvey,,Yambat_Petrographic_Master_Data__All.csv; Yambat_petrography_samples_2022-2024_from_Core___grab__2024_Phase_2_Drilling.csv
47131,OVD024-18.6,OVD024,18.6,18.7,18.65,drill core,2024,Altantsetseg,0,0,0,0,0,0,0,Gabbro,Gabbrodiorite,,gabbrodiorite,,722022.27,5144265.77,1823.49,desurvey,,Yambat_Petrographic_Master_Data__All.csv; Yambat_petrography_samples_2022-2024_from_Core___grab__2024_Phase_2_Drilling.csv
47132,OVD024-30.4,OVD024,30.4,30.5,30.45,drill core,2024,Altantsetseg,0,1,0,0,0,0,0,Spotted rock,Diorite,,diorite / quartz diorite,,722025.78,5144269.5,1812.86,desurvey,,Yambat_Petrographic_Master_Data__All.csv; Yambat_petrography_samples_2022-2024_from_Core___grab__2024_Phase_2_Drilling.csv
47136,OVD024-54,OVD024,54.0,54.1,54.05,drill core,2024,Altantsetseg,0,0,0,0,0,0,0,Spotted rock,Gabbro,,gabbro / gabbronorite / norite,,722032.94,5144276.94,1791.64,desurvey,"D5: the report that describes this sample names the interval 54.07-56 m (`OVD24-54.07-56 (47136)`), but the master workbook stores it at 54-54.1 m — a 0.07 m disagreement inside the sources themselves (the phase sheet's sample From/To vs the assay interval on the same row). Stored values are the master's; treat the depth as uncertain to +/-0.07 m",Yambat_Petrographic_Master_Data__All.csv; Yambat_petrography_samples_2022-2024_from_Core___grab__2024_Phase_2_Drilling.csv
47138,OVD024-78,OVD024,78.0,78.1,78.05,drill core,2024,Altantsetseg,0,1,0,0,0,0,0,Gabbro Mineralized,Olivine gabbro,,olivine gabbro / melagabbro,,722040.41,5144284.56,1770.14,desurvey,,Yambat_Petrographic_Master_Data__All.csv; Yambat_petrography_samples_2022-2024_from_Core___grab__2024_Phase_2_Drilling.csv
47140,OVD024-107.8,OVD024,107.8,107.9,107.85,drill core,2024,Altantsetseg,0,1,0,0,0,0,0,Gabbro Mineralized,Peridotite,,peridotite / ultramafic,,722049.72,5144294.19,1743.52,desurvey,,Yambat_Petrographic_Master_Data__All.csv; Yambat_petrography_samples_2022-2024_from_Core___grab__2024_Phase_2_Drilling.csv
47141,OVD024-148.3,OVD024,148.3,148.4,148.35,drill core,2024,Altantsetseg,0,1,0,0,0,0,0,Gabbro Mineralized,Olivine gabbro,,olivine gabbro / melagabbro,,722062.45,5144307.3,1707.38,desurvey,,Yambat_Petrographic_Master_Data__All.csv; Yambat_petrography_samples_2022-2024_from_Core___grab__2024_Phase_2_Drilling.csv
47142,OVD024-160.5,OVD024,160.5,160.6,160.55,drill core,2024,Altantsetseg,0,0,0,0,0,0,0,Breccia,Peridotite,,peridotite / ultramafic,,722066.26,5144311.26,1696.49,desurvey,,Yambat_Petrographic_Master_Data__All.csv; Yambat_petrography_samples_2022-2024_from_Core___grab__2024_Phase_2_Drilling.csv
47133,OVD024-34.6,OVD024,34.6,34.7,34.65,drill core,2024,Altantsetseg,0,1,0,0,0,0,0,Spotted rock,Spotted rock,,hornfels / spotted rock,,722027.04,5144270.82,1809.07,desurvey,,Yambat_Petrographic_Master_Data__All.csv; Yambat_petrography_samples_2022-2024_from_Core___grab__2024_Phase_2_Drilling.csv
47134,OVD024-42.2,OVD024,42.2,42.3,42.25,drill core,2024,Altantsetseg,0,0,0,0,0,0,0,Breccia,Breccia,,breccia / fault rock,,722029.33,5144273.21,1802.23,desurvey,,Yambat_Petrographic_Master_Data__All.csv; Yambat_petrography_samples_2022-2024_from_Core___grab__2024_Phase_2_Drilling.csv
47135,OVD024-50.8,OVD024,50.8,50.9,50.85,drill core,2024,Altantsetseg,0,0,0,0,0,0,0,Gabbro Mineralized,Olivine gabbro,,olivine gabbro / melagabbro,,722031.95,5144275.93,1794.51,desurvey,,Yambat_Petrographic_Master_Data__All.csv; Yambat_petrography_samples_2022-2024_from_Core___grab__2024_Phase_2_Drilling.csv
47137,OVD024-73.5,OVD024,73.5,73.6,73.55,drill core,2024,Altantsetseg,0,0,0,0,0,0,0,Spotted rock,Diorite,,diorite / quartz diorite,,722039.0,5144283.12,1774.16,desurvey,,Yambat_Petrographic_Master_Data__All.csv; Yambat_petrography_samples_2022-2024_from_Core___grab__2024_Phase_2_Drilling.csv
47139,OVD024-86.9,OVD024,86.9,87.0,86.95,drill core,2024,Altantsetseg,0,1,0,0,0,0,0,Gabbro Mineralized,Gabbro,,gabbro / gabbronorite / norite,,722043.19,5144287.43,1762.19,desurvey,,Yambat_Petrographic_Master_Data__All.csv; Yambat_petrography_samples_2022-2024_from_Core___grab__2024_Phase_2_Drilling.csv
47148,OVD025-53.15,OVD025,53.15,53.25,53.2,drill core,2024,Altantsetseg,0,1,0,0,0,0,0,Dolerite,Peridotite,Out of chart,peridotite / ultramafic,,721800.79,5144731.73,1768.66,desurvey,,Yambat_Petrographic_Master_Data__All.csv; Yambat_petrography_samples_2022-2024_from_Core___grab__2024_Phase_2_Drilling.csv
47151,OVD025-58.55,OVD025,58.55,58.65,58.6,drill core,2024,Altantsetseg,1,0,0,0,0,0,0,Sandstone,Siltstone,,sediment / metasediment,,721798.27,5144729.77,1764.3,desurvey,,Yambat_Petrographic_Master_Data__All.csv; Yambat_petrography_samples_2022-2024_from_Core___grab__2024_Phase_2_Drilling.csv
47143,OVD025-32.6,OVD025,32.6,32.7,32.65,drill core,2024,Altantsetseg,0,0,0,0,0,0,0,Sandstone,Sandstone,,sediment / metasediment,,721810.27,5144739.21,1785.29,desurvey,,Yambat_Petrographic_Master_Data__All.csv; Yambat_petrography_samples_2022-2024_from_Core___grab__2024_Phase_2_Drilling.csv
47144,OVD025-37.7,OVD025,37.7,37.8,37.75,drill core,2024,Altantsetseg,0,1,0,0,0,0,0,Gabbro Mineralized,Olivine gabbro,,olivine gabbro / melagabbro,,721807.93,5144737.34,1781.16,desurvey,,Yambat_Petrographic_Master_Data__All.csv; Yambat_petrography_samples_2022-2024_from_Core___grab__2024_Phase_2_Drilling.csv
47145,OVD025-43.2,OVD025,43.2,43.3,43.25,drill core,2024,Altantsetseg,0,0,0,0,0,0,0,Dolerite,Gabbrodiorite,Foid Gabbro,gabbrodiorite,,721805.39,5144735.33,1776.71,desurvey,,Yambat_Petrographic_Master_Data__All.csv; Yambat_petrography_samples_2022-2024_from_Core___grab__2024_Phase_2_Drilling.csv
47146,OVD025-45.3,OVD025,45.3,45.4,45.35,drill core,2024,Altantsetseg,0,1,0,0,0,0,0,Gabbro Mineralized S,Peridotite,,peridotite / ultramafic,,721804.42,5144734.57,1775.01,desurvey,,Yambat_Petrographic_Master_Data__All.csv; Yambat_petrography_samples_2022-2024_from_Core___grab__2024_Phase_2_Drilling.csv
47147,OVD025-46.9,OVD025,46.9,47.0,46.95,drill core,2024,Altantsetseg,0,1,0,0,0,0,0,Gabbro Mineralized,Peridotite,,peridotite / ultramafic,,721803.68,5144733.99,1773.72,desurvey,,Yambat_Petrographic_Master_Data__All.csv; Yambat_petrography_samples_2022-2024_from_Core___grab__2024_Phase_2_Drilling.csv
47149,OVD025-55.4,OVD025,55.4,55.5,55.45,drill core,2024,Altantsetseg,0,1,0,0,0,0,0,Dolerite,Peridotite,Alkalic Gabbro,peridotite / ultramafic,,721799.74,5144730.91,1766.84,desurvey,,Yambat_Petrographic_Master_Data__All.csv; Yambat_petrography_samples_2022-2024_from_Core___grab__2024_Phase_2_Drilling.csv
47150,OVD025-57.4,OVD025,57.4,57.5,57.45,drill core,2024,Altantsetseg,0,1,0,0,0,0,0,Dolerite,Peridotite,Alkalic Gabbro,peridotite / ultramafic,,721798.81,5144730.19,1765.23,desurvey,,Yambat_Petrographic_Master_Data__All.csv; Yambat_petrography_samples_2022-2024_from_Core___grab__2024_Phase_2_Drilling.csv
47152,OVD025-61.4,OVD025,61.4,61.5,61.45,drill core,2024,Altantsetseg,0,0,0,0,0,0,0,Tuff sandstone,Sandstone,,sediment / metasediment,,721796.95,5144728.73,1762.0,desurvey,"D5: the report that describes this sample names the interval 58.85-60.85 m (`OVD025-58.85-60.85 (47152)`), but the master workbook stores it at 61.4-61.5 m — a 0.65 m disagreement inside the sources themselves (the phase sheet's sample From/To vs the assay interval on the same row). Stored values are the master's; treat the depth as uncertain to +/-0.65 m",Yambat_Petrographic_Master_Data__All.csv; Yambat_petrography_samples_2022-2024_from_Core___grab__2024_Phase_2_Drilling.csv
47177,OVD026-15,OVD026,14.9,15.1,15.0,drill core,2024,Altantsetseg,0,1,0,0,0,0,0,Gabbro mineralized,Olivine gabbro,,olivine gabbro / melagabbro,,722051.09,5144357.63,1825.21,desurvey,,Yambat_Petrographic_Master_Data__All.csv; Yambat_petrography_samples_2022-2024_from_Core___grab__2024_Phase_2_Drilling.csv
47179,OVD026-20,OVD026,19.9,20.1,20.0,drill core,2024,Altantsetseg,0,1,0,0,0,0,0,Gabbro mineralized,Olivine gabbro,,olivine gabbro / melagabbro,,722048.8,5144359.83,1821.34,desurvey,,Yambat_Petrographic_Master_Data__All.csv; Yambat_petrography_samples_2022-2024_from_Core___grab__2024_Phase_2_Drilling.csv
47192,OVD026-101,OVD026,100.9,101.1,101.0,drill core,2024,Altantsetseg,0,1,0,0,0,0,0,Net textured,Gabbro,,gabbro / gabbronorite / norite,,722011.68,5144395.25,1758.67,desurvey,,Yambat_Petrographic_Master_Data__All.csv; Yambat_petrography_samples_2022-2024_from_Core___grab__2024_Phase_2_Drilling.csv
47188,OVD026-105,OVD026,104.9,105.1,105.0,drill core,2024,Altantsetseg,0,1,0,0,0,0,0,Massive sulphide top contact,Massive sulphide,,massive sulfide / ore,,722009.85,5144396.96,1755.55,desurvey,,Yambat_Petrographic_Master_Data__All.csv; Yambat_petrography_samples_2022-2024_from_Core___grab__2024_Phase_2_Drilling.csv
47191,OVD026-105.5,OVD026,105.4,105.6,105.5,drill core,2024,Altantsetseg,0,0,0,0,0,0,0,Massive sulphide,Massive sulphide,,massive sulfide / ore,,722009.62,5144397.17,1755.16,desurvey,,Yambat_Petrographic_Master_Data__All.csv; Yambat_petrography_samples_2022-2024_from_Core___grab__2024_Phase_2_Drilling.csv
47190,OVD026-106.8,OVD026,106.7,106.9,106.8,drill core,2024,Altantsetseg,0,1,0,0,0,0,0,Massive sulphide bottom contact,Peridotite,,peridotite / ultramafic,,722009.03,5144397.73,1754.14,desurvey,,Yambat_Petrographic_Master_Data__All.csv; Yambat_petrography_samples_2022-2024_from_Core___grab__2024_Phase_2_Drilling.csv
47193,OVD026-111,OVD026,110.9,111.1,111.0,drill core,2024,Altantsetseg,0,1,0,0,0,0,0,Gabbro mineralized,Gabbro,,gabbro / gabbronorite / norite,,722007.12,5144399.51,1750.85,desurvey,,Yambat_Petrographic_Master_Data__All.csv; Yambat_petrography_samples_2022-2024_from_Core___grab__2024_Phase_2_Drilling.csv
47178,OVD026-16.5,OVD026,16.4,16.6,16.5,drill core,2024,Altantsetseg,0,1,0,0,0,0,0,Gabbro mineralized,Olivine gabbro,,olivine gabbro / melagabbro,,722050.4,5144358.29,1824.05,desurvey,,Yambat_Petrographic_Master_Data__All.csv; Yambat_petrography_samples_2022-2024_from_Core___grab__2024_Phase_2_Drilling.csv
47180,OVD026-32.8,OVD026,32.7,32.9,32.8,drill core,2024,Altantsetseg,0,1,0,0,0,0,0,Hydrothermal altered gabbro,Diorite,,diorite / quartz diorite,,722042.92,5144365.48,1811.47,desurvey,,Yambat_Petrographic_Master_Data__All.csv; Yambat_petrography_samples_2022-2024_from_Core___grab__2024_Phase_2_Drilling.csv
47181,OVD026-42.4,OVD026,42.3,42.5,42.4,drill core,2024,Altantsetseg,0,1,0,0,0,0,0,Gabbro mineralized,Olivine gabbro,,olivine gabbro / melagabbro,,722038.5,5144369.72,1804.08,desurvey,,Yambat_Petrographic_Master_Data__All.csv; Yambat_petrography_samples_2022-2024_from_Core___grab__2024_Phase_2_Drilling.csv
47182,OVD026-51.2,OVD026,51.1,51.3,51.2,drill core,2024,Altantsetseg,0,1,0,0,0,0,0,Gabbro mineralized,Olivine gabbro,,olivine gabbro / melagabbro,,722034.47,5144373.62,1797.3,desurvey,,Yambat_Petrographic_Master_Data__All.csv; Yambat_petrography_samples_2022-2024_from_Core___grab__2024_Phase_2_Drilling.csv
47183,OVD026-61.8,OVD026,61.7,61.9,61.8,drill core,2024,Altantsetseg,0,1,0,0,0,0,0,Gabbro mineralized,Olivine gabbro,,olivine gabbro / melagabbro,,722029.61,5144378.27,1789.11,desurvey,,Yambat_Petrographic_Master_Data__All.csv; Yambat_petrography_samples_2022-2024_from_Core___grab__2024_Phase_2_Drilling.csv
47184,OVD026-71.8,OVD026,71.7,71.9,71.8,drill core,2024,Altantsetseg,0,1,0,0,0,0,0,Gabbro mineralized,Peridotite,,peridotite / ultramafic,,722025.03,5144382.62,1781.36,desurvey,,Yambat_Petrographic_Master_Data__All.csv; Yambat_petrography_samples_2022-2024_from_Core___grab__2024_Phase_2_Drilling.csv
47185,OVD026-84.2,OVD026,84.1,84.3,84.2,drill core,2024,Altantsetseg,0,1,0,0,0,0,0,Gabbro mineralized,Peridotite,,peridotite / ultramafic,,722019.35,5144388.0,1771.74,desurvey,,Yambat_Petrographic_Master_Data__All.csv; Yambat_petrography_samples_2022-2024_from_Core___grab__2024_Phase_2_Drilling.csv
47186,OVD026-91.8,OVD026,91.7,91.9,91.8,drill core,2024,Altantsetseg,0,1,0,0,0,0,0,Dense dissemination,Peridotite,,peridotite / ultramafic,,722015.88,5144391.29,1765.83,desurvey,,Yambat_Petrographic_Master_Data__All.csv; Yambat_petrography_samples_2022-2024_from_Core___grab__2024_Phase_2_Drilling.csv
47187,OVD026-92.9,OVD026,92.8,93.0,92.9,drill core,2024,Altantsetseg,0,1,0,0,0,0,0,Dense dissemination,Peridotite,,peridotite / ultramafic,,722015.38,5144391.77,1764.98,desurvey,,Yambat_Petrographic_Master_Data__All.csv; Yambat_petrography_samples_2022-2024_from_Core___grab__2024_Phase_2_Drilling.csv
47189,OVD026-96.2,OVD026,96.1,96.3,96.2,drill core,2024,Altantsetseg,0,1,0,0,0,0,0,Net textured,Peridotite,,peridotite / ultramafic,,722013.87,5144393.19,1762.41,desurvey,,Yambat_Petrographic_Master_Data__All.csv; Yambat_petrography_samples_2022-2024_from_Core___grab__2024_Phase_2_Drilling.csv
47194,OVD027-52.2,OVD027,52.1,52.3,52.2,drill core,2024,Altantsetseg,0,1,0,0,0,0,0,Gabbro mineralized,Peridotite,,peridotite / ultramafic,,722038.6,5144338.17,1788.44,desurvey,"D5: the report that describes this sample names the interval 54-56 m (`OVD27-54-56 (47194)`), but the master workbook stores it at 52.1-52.3 m — a 1.9 m disagreement inside the sources themselves (the phase sheet's sample From/To vs the assay interval on the same row). Stored values are the master's; treat the depth as uncertain to +/-1.9 m",Yambat_Petrographic_Master_Data__All.csv; Yambat_petrography_samples_2022-2024_from_Core___grab__2024_Phase_2_Drilling.csv
47195,OVD027-64.1,OVD027,64.0,64.2,64.1,drill core,2024,Altantsetseg,0,1,0,0,0,0,0,Altered mineralized gabbro,Pyroxenite,,peridotite / ultramafic,,722041.79,5144334.43,1777.6,desurvey,,Yambat_Petrographic_Master_Data__All.csv; Yambat_petrography_samples_2022-2024_from_Core___grab__2024_Phase_2_Drilling.csv
47196,OVD027-67.6,OVD027,67.5,67.7,67.6,drill core,2024,Altantsetseg,0,1,0,0,0,0,0,Altered mineralized gabbro,Gabbro,,gabbro / gabbronorite / norite,,722042.73,5144333.32,1774.42,desurvey,,Yambat_Petrographic_Master_Data__All.csv; Yambat_petrography_samples_2022-2024_from_Core___grab__2024_Phase_2_Drilling.csv
47198,OVD027-79,OVD027,78.9,79.1,79.0,drill core,2024,Altantsetseg,0,1,0,0,0,0,0,Semi massive,Peridotite,,peridotite / ultramafic,,722045.79,5144329.68,1764.05,desurvey,"D5: the report that describes this sample names the interval 80-82 m (`OVD27-80-82 (47198)`), but the master workbook stores it at 78.9-79.1 m — a 1.1 m disagreement inside the sources themselves (the phase sheet's sample From/To vs the assay interval on the same row). Stored values are the master's; treat the depth as uncertain to +/-1.1 m",Yambat_Petrographic_Master_Data__All.csv; Yambat_petrography_samples_2022-2024_from_Core___grab__2024_Phase_2_Drilling.csv
47197,OVD027-79.7,OVD027,79.6,79.8,79.7,drill core,2024,Altantsetseg,0,1,0,0,0,0,0,Gabbro mineralized,Gabbro,,gabbro / gabbronorite / norite,,722045.98,5144329.46,1763.42,desurvey,,Yambat_Petrographic_Master_Data__All.csv; Yambat_petrography_samples_2022-2024_from_Core___grab__2024_Phase_2_Drilling.csv
47199,OVD027-94.4,OVD027,94.3,94.5,94.4,drill core,2024,Altantsetseg,0,1,0,0,0,0,0,Gabbro mineralized,Olivine gabbro,,olivine gabbro / melagabbro,,722049.89,5144324.73,1750.06,desurvey,,Yambat_Petrographic_Master_Data__All.csv; Yambat_petrography_samples_2022-2024_from_Core___grab__2024_Phase_2_Drilling.csv
47200,OVD027-98.1,OVD027,98.0,98.2,98.1,drill core,2024,Altantsetseg,0,1,0,0,0,0,0,Massive sulphide top contact,Gabbrodiorite,,gabbrodiorite,,722050.87,5144323.55,1746.69,desurvey,"D5: the report that describes this sample names the interval 98.15-99 m (`OVD27-98.15-99 (47200)`), but the master workbook stores it at 98-98.2 m — a 0.15 m disagreement inside the sources themselves (the phase sheet's sample From/To vs the assay interval on the same row). Stored values are the master's; treat the depth as uncertain to +/-0.15 m",Yambat_Petrographic_Master_Data__All.csv; Yambat_petrography_samples_2022-2024_from_Core___grab__2024_Phase_2_Drilling.csv
47091,OVD027-99,OVD027,98.9,99.1,99.0,drill core,2024,Altantsetseg,0,0,0,0,0,0,0,Massive sulphide,Massive sulphide,,massive sulfide / ore,,722051.1,5144323.27,1745.87,desurvey,"D5: the report that describes this sample names the interval 99-100 m (`OVD27-99-100 (47091)`), but the master workbook stores it at 98.9-99.1 m — a 0.1 m disagreement inside the sources themselves (the phase sheet's sample From/To vs the assay interval on the same row). Stored values are the master's; treat the depth as uncertain to +/-0.1 m",Yambat_Petrographic_Master_Data__All.csv; Yambat_petrography_samples_2022-2024_from_Core___grab__2024_Phase_2_Drilling.csv
47092,OVD027-109.8,OVD027,109.7,109.9,109.8,drill core,2024,Altantsetseg,0,1,0,0,0,0,0,Gabbro mineralized,Peridodtite,,peridotite / ultramafic,,722053.92,5144319.83,1736.03,desurvey,,Yambat_Petrographic_Master_Data__All.csv; Yambat_petrography_samples_2022-2024_from_Core___grab__2024_Phase_2_Drilling.csv
47093,OVD027-116.8,OVD027,116.7,116.9,116.8,drill core,2024,Altantsetseg,0,1,0,0,0,0,0,Gabbro mineralized,Olivine gabbro,,olivine gabbro / melagabbro,,722055.74,5144317.61,1729.64,desurvey,,Yambat_Petrographic_Master_Data__All.csv; Yambat_petrography_samples_2022-2024_from_Core___grab__2024_Phase_2_Drilling.csv
47094,OVD027-120.4,OVD027,120.3,120.5,120.4,drill core,2024,Altantsetseg,0,1,0,0,0,0,0,Gabbro mineralized,Olivine gabbro,,olivine gabbro / melagabbro,,722056.68,5144316.47,1726.36,desurvey,,Yambat_Petrographic_Master_Data__All.csv; Yambat_petrography_samples_2022-2024_from_Core___grab__2024_Phase_2_Drilling.csv
47095,OVD027-135,OVD027,134.9,135.1,135.0,drill core,2024,Altantsetseg,0,1,0,0,0,0,0,Gabbro mineralized,gneiss,,sediment / metasediment,,722060.47,5144311.81,1713.06,desurvey,"D5: the report that describes this sample names the interval 135-137 m (`OVD27-135-137 (47095)`), but the master workbook stores it at 134.9-135.1 m — a 0.1 m disagreement inside the sources themselves (the phase sheet's sample From/To vs the assay interval on the same row). Stored values are the master's; treat the depth as uncertain to +/-0.1 m",Yambat_Petrographic_Master_Data__All.csv; Yambat_petrography_samples_2022-2024_from_Core___grab__2024_Phase_2_Drilling.csv
OVD028@38,OVD028-38,OVD028,38.0,,38.0,drill core,2024,Altantsetseg,1,0,0,0,0,0,0,Gravely sandstone,Sandstone,,sediment / metasediment,,721783.1,5144738.04,1775.24,desurvey,"D5: the report that describes this sample names the interval 33.14-35 m (`OVD028-38 (33.14-35)`), but the master workbook stores it at 38-38 m — a 3 m disagreement inside the sources themselves (the phase sheet's sample From/To vs the assay interval on the same row). Stored values are the master's; treat the depth as uncertain to +/-3 m",Yambat_Petrographic_Master_Data__All.csv
47096,OVD028-16.8,OVD028,16.7,16.9,16.8,drill core,2024,Altantsetseg,0,1,0,0,0,0,0,Gabbro mineralized,Peridodtite,,peridotite / ultramafic,,721787.18,5144746.92,1794.06,desurvey,,Yambat_Petrographic_Master_Data__All.csv; Yambat_petrography_samples_2022-2024_from_Core___grab__2024_Phase_2_Drilling.csv
47097,OVD028-21.2,OVD028,21.1,21.3,21.2,drill core,2024,Altantsetseg,0,1,0,0,0,0,0,Gabbro mineralized,Peridodtite,,peridotite / ultramafic,,721786.34,5144745.08,1790.15,desurvey,"D5: the report that describes this sample names the interval 19-21.25 m (`OVD28-19-21.25 (47097)`), but the master workbook stores it at 21.1-21.3 m — a 0.05 m disagreement inside the sources themselves (the phase sheet's sample From/To vs the assay interval on the same row). Stored values are the master's; treat the depth as uncertain to +/-0.05 m",Yambat_Petrographic_Master_Data__All.csv; Yambat_petrography_samples_2022-2024_from_Core___grab__2024_Phase_2_Drilling.csv
47098,OVD028-23.5,OVD028,23.4,23.6,23.5,drill core,2024,Altantsetseg,0,1,0,0,0,0,0,Diabase,Diabase,,dolerite / diabase / basalt dyke,,721785.9,5144744.12,1788.11,desurvey,,Yambat_Petrographic_Master_Data__All.csv; Yambat_petrography_samples_2022-2024_from_Core___grab__2024_Phase_2_Drilling.csv
47099,OVD028-26.9,OVD028,26.8,27.0,26.9,drill core,2024,Altantsetseg,0,1,0,0,0,0,0,Breccia,Peridodtite,,peridotite / ultramafic,,721785.24,5144742.7,1785.09,desurvey,,Yambat_Petrographic_Master_Data__All.csv; Yambat_petrography_samples_2022-2024_from_Core___grab__2024_Phase_2_Drilling.csv
47100,OVD028-28.9,OVD028,28.8,29.0,28.9,drill core,2024,Altantsetseg,0,1,0,0,0,0,0,Gabbro mineralized,Olivine gabbro,,olivine gabbro / melagabbro,,721784.86,5144741.86,1783.31,desurvey,,Yambat_Petrographic_Master_Data__All.csv; Yambat_petrography_samples_2022-2024_from_Core___grab__2024_Phase_2_Drilling.csv
OVD029@4,OVD029-4,OVD029,4.0,,4.0,drill core,2024,Altantsetseg,0,1,0,0,0,0,0,Granodiorite,Granodiorite,,diorite / quartz diorite,,722136.17,5144172.48,1841.28,desurvey,,Yambat_Petrographic_Master_Data__All.csv
OVD029@122.4,OVD029-122.4,OVD029,122.4,,122.4,drill core,2024,Altantsetseg,0,1,0,0,0,0,0,Gabbro,Gabbrodiorite,Gabbro,gabbrodiorite,,722168.66,5144143.64,1731.14,desurvey,"D5: the report that describes this sample names the interval 123-124.5 m (`OVD029-122.4 (123-124.5)`), but the master workbook stores it at 122.4-122.4 m — a 0.6 m disagreement inside the sources themselves (the phase sheet's sample From/To vs the assay interval on the same row). Stored values are the master's; treat the depth as uncertain to +/-0.6 m",Yambat_Petrographic_Master_Data__All.csv
OVD029@129.4,OVD029-129.4,OVD029,129.4,,129.4,drill core,2024,Altantsetseg,0,1,0,0,0,0,0,Gabbro,Gabbro,,gabbro / gabbronorite / norite,,722170.51,5144141.92,1724.61,desurvey,,Yambat_Petrographic_Master_Data__All.csv
41524,,OVD030,124.3,124.3,124.3,drill core,2025,SHUTIS,0,1,0,0,0,0,0,Weakly mineralized gabbro,Хувирсан оливин габбро,Peridotite,olivine gabbro / melagabbro,,722116.28,5144145.07,1724.93,desurvey,,Yambat_Petrographic_Master_Data__All.csv
41546,,OVD030,161.7,161.7,161.7,drill core,2025,SHUTIS,0,1,0,0,0,0,0,Poorly mineralized gabbro,Оливин габбро,Peridotite,olivine gabbro / melagabbro,,722116.21,5144148.05,1687.65,desurvey,,Yambat_Petrographic_Master_Data__All.csv
41565,,OVD030,194.0,,194.0,drill core,2025,SHUTIS,0,0,0,0,0,0,0,Poorly mineralized gabbro,Карбанат хээрийн габбро,Alkalic Gabbro,gabbro / gabbronorite / norite,,722116.27,5144150.69,1655.46,desurvey,,Yambat_Petrographic_Master_Data__All.csv
41582,,OVD030,268.8,268.8,268.8,drill core,2025,SHUTIS,0,0,0,0,0,0,0,Diorite,Хувирсан кварцат диорит,Diorite,diorite / quartz diorite,,722116.58,5144156.76,1580.9,desurvey,,Yambat_Petrographic_Master_Data__All.csv
41504,,OVD030,30.4,30.4,30.4,drill core,2025,SHUTIS,0,0,0,0,0,0,0,Diorite,Хувирсан габбро,,gabbro / gabbronorite / norite,,722116.6,5144137.53,1818.53,desurvey,,Yambat_Petrographic_Master_Data__All.csv
41508,,OVD030,69.9,69.9,69.9,drill core,2025,SHUTIS,0,0,0,0,0,0,0,Unmineralized Gabbro,Оливинтой габбронорит,,gabbro / gabbronorite / norite,,722116.39,5144140.71,1779.16,desurvey,,Yambat_Petrographic_Master_Data__All.csv
41799,,OVD032,336.9,336.9,336.9,drill core,2025,SHUTIS,0,1,0,0,0,0,0,Gabbrodiorite,Кварц‑карбонат метасоматит,Peridotite,skarn / metasomatite,,722085.9,5144207.78,1572.56,desurvey,,Yambat_Petrographic_Master_Data__All.csv
43307,,OVD033,312.8,312.8,312.8,drill core,2025,SHUTIS,0,1,0,0,0,0,0,Siltstone,хүдрийн эрдэсжилттэй хээрийн жонш -карбонат-кварцын метасоматит,,skarn / metasomatite,,722022.46,5144236.44,1555.61,desurvey,,Yambat_Petrographic_Master_Data__All.csv
43311,,OVD033,331.8,331.8,331.8,drill core,2025,SHUTIS,0,0,0,0,0,0,0,Gabbrdiorite,Эпидотот амфиболит,,amphibolite / metabasite,,722018.41,5144229.45,1538.42,desurvey,,Yambat_Petrographic_Master_Data__All.csv
46336,,OVD035,47.4,47.4,47.4,drill core,2025,SHUTIS,0,1,0,0,0,0,0,Gabbrodiorite,Диорит,,diorite / quartz diorite,,721908.82,5144620.61,1782.55,desurvey,,Yambat_Petrographic_Master_Data__All.csv
46342,,OVD035,58.5,58.5,58.5,drill core,2025,SHUTIS,0,1,0,0,0,0,0,Gabbrodiorite,Эвэрттугмат габбродиорит,,gabbrodiorite,,721906.26,5144618.87,1771.89,desurvey,,Yambat_Petrographic_Master_Data__All.csv
46381,,OVD036,108.8,108.8,108.8,drill core,2025,SHUTIS,0,1,0,0,0,0,0,Hb Peridotite,Пикрит,,peridotite / ultramafic,,721896.0,5144646.28,1733.51,desurvey,,Yambat_Petrographic_Master_Data__All.csv
46393,,OVD036,121.5,121.5,121.5,drill core,2025,SHUTIS,0,1,0,0,0,0,0,Olivine Gabbro,Хувирсан оливинт габбро,,gabbro / gabbronorite / norite,,721894.82,5144652.62,1722.57,desurvey,,Yambat_Petrographic_Master_Data__All.csv
46363,,OVD036,29.4,29.4,29.4,drill core,2025,SHUTIS,0,0,0,0,0,0,0,Gabbrodiorite,Габбродиорит,,gabbrodiorite,,721904.36,5144606.84,1801.91,desurvey,,Yambat_Petrographic_Master_Data__All.csv
46369,,OVD036,89.2,89.2,89.2,drill core,2025,SHUTIS,0,1,0,0,0,0,0,Gabbrodiorite,Андезитын туф,,volcanic / subvolcanic,,721897.88,5144636.45,1750.37,desurvey,,Yambat_Petrographic_Master_Data__All.csv
46470,,OVD038,137.57,137.57,137.57,drill core,2025,SHUTIS,0,1,0,0,0,0,0,Diorite,Хувирсан андезит,,volcanic / subvolcanic,,721907.95,5144606.55,1690.59,desurvey,,Yambat_Petrographic_Master_Data__All.csv
46440,,OVD038,22.5,22.5,22.5,drill core,2025,SHUTIS,0,0,0,0,0,0,0,Altereted Gabbrodiorite,Карбанаттай метасоматит,,skarn / metasomatite,,721907.92,5144594.57,1805.03,desurvey,,Yambat_Petrographic_Master_Data__All.csv
46451,,OVD038,40.3,40.3,40.3,drill core,2025,SHUTIS,0,1,0,0,0,0,0,Px Hb Gabbro,Хувирсан габбро,,gabbro / gabbronorite / norite,,721907.87,5144596.51,1787.33,desurvey,,Yambat_Petrographic_Master_Data__All.csv
46459,,OVD038,53.4,53.4,53.4,drill core,2025,SHUTIS,0,1,0,0,0,0,0,Olivine Gabbro,Оливин габбро,,olivine gabbro / melagabbro,,721907.85,5144597.93,1774.31,desurvey,,Yambat_Petrographic_Master_Data__All.csv
46462,,OVD038,58.9,58.9,58.9,drill core,2025,SHUTIS,0,1,0,0,0,0,0,Altereted Gabbrodiorite,Альбит‑биотит габбро,,gabbro / gabbronorite / norite,,721907.84,5144598.52,1768.84,desurvey,,Yambat_Petrographic_Master_Data__All.csv
46511,,OVD039,106.8,106.8,106.8,drill core,2025,SHUTIS,0,0,0,0,0,0,0,Dolerite?,Верлит,,peridotite / ultramafic,,721900.01,5144558.31,1731.12,desurvey,,Yambat_Petrographic_Master_Data__All.csv
46489,,OVD039,35.0,35.0,35.0,drill core,2025,SHUTIS,0,1,0,0,0,0,0,Poorly mineralised gabbro,Эвэрттугмат верлит,,peridotite / ultramafic,,721914.2,5144586.4,1795.66,desurvey,,Yambat_Petrographic_Master_Data__All.csv
46496,,OVD039,46.1,46.1,46.1,drill core,2025,SHUTIS,0,0,0,0,0,0,0,Poorly mineralised gabbro,Андезит,,volcanic / subvolcanic,,721911.97,5144582.2,1785.63,desurvey,,Yambat_Petrographic_Master_Data__All.csv
46592,,OVD040,116.4,116.4,116.4,drill core,2025,SHUTIS,0,1,0,0,0,0,0,Poorly mineralized Olivine Gabbro,Оливинт вебстерит,,peridotite / ultramafic,,722053.0,5144335.54,1725.72,desurvey,,Yambat_Petrographic_Master_Data__All.csv
46545,,OVD040,44.4,44.4,44.4,drill core,2025,SHUTIS,0,1,0,0,0,0,0,Weak mineralized Hornblende Peridotite,Верлит,,peridotite / ultramafic,,722056.77,5144316.12,1794.94,desurvey,,Yambat_Petrographic_Master_Data__All.csv
46564,,OVD040,77.5,77.5,77.5,drill core,2025,SHUTIS,0,1,0,0,0,0,0,Weak mineralized Hornblende Peridotite,Эвэрхуурмагт перидотит,,peridotite / ultramafic,,722054.96,5144324.99,1763.11,desurvey,,Yambat_Petrographic_Master_Data__All.csv
43201,OVD21-42.3,OVD021,42.3,,42.3,drill core,2024,,0,1,0,0,0,0,0,Mineralized gabbro,Peridodtite,,peridotite / ultramafic,,722034.18,5144336.87,1798.75,desurvey,,Yambat_Petrographic_Master_Data__All.csv
43211,OVD21-61,OVD021,61.0,,61.0,drill core,2024,,0,1,0,0,0,0,0,Mineralized gabbro,,,gabbro / gabbronorite / norite,,722038.93,5144329.24,1782.34,desurvey,,Yambat_Petrographic_Master_Data__All.csv
43220,OVD21-76.6,OVD021,76.6,,76.6,drill core,2024,,0,1,0,0,0,0,0,Mineralized gabbro,Peridodtite,,peridotite / ultramafic,,722042.93,5144322.96,1768.64,desurvey,,Yambat_Petrographic_Master_Data__All.csv
43233,OVD21-94.4,OVD021,94.4,,94.4,drill core,2024,,0,1,0,0,0,0,0,Mineralized gabbro,Peridodtite,,peridotite / ultramafic,,722047.39,5144315.79,1752.97,desurvey,,Yambat_Petrographic_Master_Data__All.csv
43241,OVD21-107,OVD021,107.0,,107.0,drill core,2024,,0,1,0,0,0,0,0,Mineralized gabbro,Gabbro,,gabbro / gabbronorite / norite,,722050.51,5144310.72,1741.86,desurvey,,Yambat_Petrographic_Master_Data__All.csv
43249,OVD21-116.1,OVD021,116.1,,116.1,drill core,2024,,0,1,0,0,0,0,0,High Mineralized gabbro,Peridodtite,,peridotite / ultramafic,,722052.76,5144307.05,1733.85,desurvey,,Yambat_Petrographic_Master_Data__All.csv
43251,OVD21-121,OVD021,121.0,,121.0,drill core,2024,,0,1,0,0,0,0,0,High Mineralized gabbro,Peridodtite,,peridotite / ultramafic,,722053.96,5144305.07,1729.53,desurvey,,Yambat_Petrographic_Master_Data__All.csv
43265,OVD21-146.9,OVD021,146.9,,146.9,drill core,2024,,0,1,0,0,0,0,0,Weakly mineralized gabbro,Peridodtite,,peridotite / ultramafic,,722060.31,5144294.6,1706.71,desurvey,,Yambat_Petrographic_Master_Data__All.csv
43267,OVD21-148.8,OVD021,148.8,,148.8,drill core,2024,,0,1,0,0,0,0,0,Weakly mineralized gabbro,Peridodtite,,peridotite / ultramafic,,722060.78,5144293.83,1705.03,desurvey,Crawford 2025 caveat: sulfides too poorly polished to be informative [source: OVD021@148.8m],Yambat_Petrographic_Master_Data__All.csv
43280,OVD21-165.2,OVD021,165.2,,165.2,drill core,2024,,0,1,0,0,0,0,0,Poorly mineralized gabbro,Peridodtite,,peridotite / ultramafic,,722064.78,5144287.18,1690.59,desurvey,,Yambat_Petrographic_Master_Data__All.csv
42807,SC04-168.3,SC04,168.3,,168.3,drill core,2024,Altantsetseg,0,1,0,0,0,1,0,Spotted rock,schist,,schist / phyllite,,722560.92,5143935.72,1667.45,desurvey,,Yambat_Petrographic_Master_Data__All.csv
42808,SC04-171,SC04,171.0,,171.0,drill core,2024,Altantsetseg,0,1,0,0,0,1,0,Porphyritic basalt,Andesite,,volcanic / subvolcanic,,722560.36,5143934.84,1664.96,desurvey,,Yambat_Petrographic_Master_Data__All.csv
SC04@280.7,SC04-280.7 | 42808 (tag shared),SC04,280.7,,280.7,drill core,2024,Altantsetseg,0,1,0,0,0,1,0,Diorite,Diorite,,diorite / quartz diorite,,722536.81,5143898.52,1564.16,desurvey,tag 42808 shared with another sample; composite id assigned,Yambat_Petrographic_Master_Data__All.csv
43333,,SC06,16.7,16.7,16.7,drill core,2025,SHUTIS,0,0,0,0,0,0,0,Gabbro,Диабаз,,dolerite / diabase / basalt dyke,,722451.32,5146259.85,1917.49,desurvey,,Yambat_Petrographic_Master_Data__All.csv
43353,,SC06,39.3,39.3,39.3,drill core,2025,SHUTIS,0,1,0,0,0,0,0,Sandstone,Тольбон габбро,,gabbro / gabbronorite / norite,,722450.3,5146251.55,1896.49,desurvey,,Yambat_Petrographic_Master_Data__All.csv
43460,,SC07,154.3,154.3,154.3,drill core,2025,SHUTIS,0,1,0,0,0,0,0,Gabbro,Pyroxenite,Gabbro,peridotite / ultramafic,,727641.24,5142046.32,1702.9,desurvey,,Yambat_Petrographic_Master_Data__All.csv
43471,,SC07,172.5,172.5,172.5,drill core,2025,SHUTIS,0,1,0,0,0,0,0,Pyroxenite?-Poorly mineralized,Pyroxenite,Peridotite,peridotite / ultramafic,,727641.35,5142040.03,1685.82,desurvey,,Yambat_Petrographic_Master_Data__All.csv
43477,,SC07,180.0,180.0,180.0,drill core,2025,SHUTIS,0,1,0,0,0,0,0,Dunite,Pyroxenite,,peridotite / ultramafic,,727641.38,5142037.44,1678.78,desurvey,,Yambat_Petrographic_Master_Data__All.csv
43494,,SC07,211.6,211.6,211.6,drill core,2025,SHUTIS,0,1,0,0,0,0,0,Peridotite,Peridotite,,peridotite / ultramafic,,727641.4,5142026.56,1649.11,desurvey,,Yambat_Petrographic_Master_Data__All.csv
43515,,SC07,246.4,246.4,246.4,drill core,2025,SHUTIS,0,1,0,0,0,0,0,Peridotite,Peridotite,Peridotite,peridotite / ultramafic,,727641.23,5142014.66,1616.41,desurvey,,Yambat_Petrographic_Master_Data__All.csv
45856,,OVD050,142.15,142.8,142.475,drill core,2025,Altantsetseg,0,0,0,0,0,0,0,Gabbrodiorite,,Gabbrodiorite,gabbrodiorite,,722384.89,5144034.82,1728.46,desurvey,,Yambat_Petrographic_Master_Data__All.csv
45859,,OVD050,144.27,146.2,145.235,drill core,2025,Altantsetseg,0,0,0,0,0,0,0,Diorite,,Gabbrodiorite,diorite / quartz diorite,,722384.2,5144033.61,1726.07,desurvey,,Yambat_Petrographic_Master_Data__All.csv
45862,,OVD050,150.0,152.0,151.0,drill core,2025,Altantsetseg,0,0,0,0,0,0,0,Hydrothermal breccia,,,breccia / fault rock,,722382.75,5144031.08,1721.1,desurvey,,Yambat_Petrographic_Master_Data__All.csv
45865,,OVD050,154.92,156.0,155.46,drill core,2025,Altantsetseg,0,0,0,0,0,0,0,Hydrothermal breccia,,,breccia / fault rock,,722381.62,5144029.12,1717.26,desurvey,,Yambat_Petrographic_Master_Data__All.csv
45871,,OVD050,160.4,162.0,161.2,drill core,2025,Altantsetseg,0,0,0,0,0,0,0,Dolerite,,Gabbrodiorite,dolerite / diabase / basalt dyke,,722380.16,5144026.6,1712.31,desurvey,,Yambat_Petrographic_Master_Data__All.csv
44908,,SC11,154.1,156.0,155.05,drill core,2025,Altantsetseg,0,0,0,0,0,0,0,Rhyolite,,,volcanic / subvolcanic,,727642.0,5142095.43,1704.3,desurvey,,Yambat_Petrographic_Master_Data__All.csv
44922,,SC11,172.45,174.0,173.225,drill core,2025,Altantsetseg,0,0,0,0,0,0,0,Gabbrodiorite,,,gabbrodiorite,,727642.13,5142089.26,1687.21,desurvey,,Yambat_Petrographic_Master_Data__All.csv
44946,,SC11,217.3,219.0,218.15,drill core,2025,Altantsetseg,0,0,0,0,0,0,0,Pyroxenite,,,peridotite / ultramafic,,727642.23,5142073.57,1645.11,desurvey,,Yambat_Petrographic_Master_Data__All.csv
44947,,SC11,219.0,221.0,220.0,drill core,2025,Altantsetseg,0,0,0,0,0,0,0,Pyroxenite,,,peridotite / ultramafic,,727642.23,5142072.91,1643.39,desurvey,,Yambat_Petrographic_Master_Data__All.csv
44950,,SC11,223.0,225.0,224.0,drill core,2025,Altantsetseg,0,0,0,0,0,0,0,Norite,,,gabbro / gabbronorite / norite,,727642.21,5142071.48,1639.65,desurvey,,Yambat_Petrographic_Master_Data__All.csv
44957,,SC11,233.65,235.0,234.325,drill core,2025,Altantsetseg,0,0,0,0,0,0,0,Pyroxenite,,Peridotite,peridotite / ultramafic,,727642.17,5142067.79,1630.0,desurvey,,Yambat_Petrographic_Master_Data__All.csv
44966,,SC11,244.65,246.0,245.325,drill core,2025,Altantsetseg,0,0,0,0,0,0,0,Pyroxenite,,Peridotite,peridotite / ultramafic,,727642.09,5142063.85,1619.74,desurvey,,Yambat_Petrographic_Master_Data__All.csv
44967,,SC11,246.0,248.0,247.0,drill core,2025,Altantsetseg,0,0,0,0,0,0,0,Pyroxenite,,Peridotite,peridotite / ultramafic,,727642.07,5142063.24,1618.17,desurvey,,Yambat_Petrographic_Master_Data__All.csv
44971,,SC11,252.0,254.0,253.0,drill core,2025,Altantsetseg,0,0,0,0,0,0,0,Hornblende peridotite,,,peridotite / ultramafic,,727642.02,5142061.08,1612.58,desurvey,,Yambat_Petrographic_Master_Data__All.csv
44976,,SC11,259.0,261.0,260.0,drill core,2025,Altantsetseg,0,0,0,0,0,0,0,Pyroxenite,,,peridotite / ultramafic,,727641.95,5142058.55,1606.05,desurvey,,Yambat_Petrographic_Master_Data__All.csv
44979,,SC11,263.7,265.45,264.575,drill core,2025,Altantsetseg,0,0,0,0,0,0,0,Norite and Fault,,,gabbro / gabbronorite / norite,,727641.9,5142056.9,1601.79,desurvey,,Yambat_Petrographic_Master_Data__All.csv
44981,,SC11,267.0,269.0,268.0,drill core,2025,Altantsetseg,0,0,0,0,0,0,0,Peridotite,,Peridotite,peridotite / ultramafic,,727641.85,5142055.65,1598.6,desurvey,,Yambat_Petrographic_Master_Data__All.csv
44987,,SC11,275.0,277.0,276.0,drill core,2025,Altantsetseg,0,0,0,0,0,0,0,Pyroxenite,,Peridotite,peridotite / ultramafic,,727641.74,5142052.74,1591.15,desurvey,,Yambat_Petrographic_Master_Data__All.csv
44992,,SC11,281.87,283.51,282.69,drill core,2025,Altantsetseg,0,0,0,0,0,0,0,Hornblende peridotite,,Peridotite,peridotite / ultramafic,,727641.63,5142050.3,1584.92,desurvey,,Yambat_Petrographic_Master_Data__All.csv
44998,,SC11,289.8,290.25,290.025,drill core,2025,Altantsetseg,0,0,0,0,0,0,0,Hornblende peridotite,,Peridotite,peridotite / ultramafic,,727641.5,5142047.61,1578.09,desurvey,,Yambat_Petrographic_Master_Data__All.csv
44999,,SC11,290.25,291.09,290.67,drill core,2025,Altantsetseg,0,0,0,0,0,0,0,Diorite,,,diorite / quartz diorite,,727641.48,5142047.38,1577.49,desurvey,,Yambat_Petrographic_Master_Data__All.csv
44261,,SC11,308.0,310.0,309.0,drill core,2025,Altantsetseg,0,0,0,0,0,0,0,Hornblende peridotite,,,peridotite / ultramafic,,727641.08,5142040.63,1560.45,desurvey,,Yambat_Petrographic_Master_Data__All.csv
44266,,SC11,318.0,320.0,319.0,drill core,2025,Altantsetseg,0,0,0,0,0,0,0,Hornblende peridotite,,,peridotite / ultramafic,,727640.82,5142036.91,1551.18,desurvey,,Yambat_Petrographic_Master_Data__All.csv
44270,,SC11,322.44,323.65,323.045,drill core,2025,Altantsetseg,0,0,0,0,0,0,0,Norite,,,gabbro / gabbronorite / norite,,727640.7,5142035.4,1547.43,desurvey,,Yambat_Petrographic_Master_Data__All.csv
44272,,SC11,324.0,325.3,324.65,drill core,2025,Altantsetseg,0,0,0,0,0,0,0,Diorite,,,diorite / quartz diorite,,727640.66,5142034.8,1545.94,desurvey,,Yambat_Petrographic_Master_Data__All.csv
44276,,SC11,326.3,328.1,327.2,drill core,2025,Altantsetseg,0,0,0,0,0,0,0,Norite,,,gabbro / gabbronorite / norite,,727640.59,5142033.84,1543.58,desurvey,,Yambat_Petrographic_Master_Data__All.csv
44281,,SC11,334.0,336.0,335.0,drill core,2025,Altantsetseg,0,0,0,0,0,0,0,Hornblende peridotite,,,peridotite / ultramafic,,727640.35,5142030.9,1536.35,desurvey,,Yambat_Petrographic_Master_Data__All.csv
44285,,SC11,340.0,341.0,340.5,drill core,2025,Altantsetseg,0,0,0,0,0,0,0,Diorite,,,diorite / quartz diorite,,727640.18,5142028.82,1531.27,desurvey,,Yambat_Petrographic_Master_Data__All.csv
44287,,SC11,342.1,344.0,343.05,drill core,2025,Altantsetseg,0,0,0,0,0,0,0,Norite,,,gabbro / gabbronorite / norite,,727640.1,5142027.86,1528.91,desurvey,,Yambat_Petrographic_Master_Data__All.csv
44293,,SC11,350.0,352.0,351.0,drill core,2025,Altantsetseg,0,0,0,0,0,0,0,Diorite?,,,diorite / quartz diorite,,727639.83,5142024.84,1521.56,desurvey,,Yambat_Petrographic_Master_Data__All.csv
44300,,SC11,360.0,362.0,361.0,drill core,2025,Altantsetseg,0,0,0,0,0,0,0,Hornblende peridotite,,Peridotite,peridotite / ultramafic,,727639.49,5142021.03,1512.32,desurvey,,Yambat_Petrographic_Master_Data__All.csv
44307,,SC11,370.0,372.0,371.0,drill core,2025,Altantsetseg,0,0,0,0,0,0,0,Pyroxenite,,Peridotite,peridotite / ultramafic,,727639.13,5142017.2,1503.09,desurvey,,Yambat_Petrographic_Master_Data__All.csv
44312,,SC11,376.85,377.5,377.175,drill core,2025,Altantsetseg,0,0,0,0,0,0,0,Norite,,,gabbro / gabbronorite / norite,,727638.89,5142014.83,1497.39,desurvey,,Yambat_Petrographic_Master_Data__All.csv
44318,,SC11,384.8,385.6,385.2,drill core,2025,Altantsetseg,0,0,0,0,0,0,0,Peridotite,,Gabbro,peridotite / ultramafic,,727638.57,5142011.74,1489.99,desurvey,,Yambat_Petrographic_Master_Data__All.csv
44321,,SC11,389.0,391.0,390.0,drill core,2025,Altantsetseg,0,0,0,0,0,0,0,Pyroxenite,,,peridotite / ultramafic,,727638.36,5142009.9,1485.56,desurvey,,Yambat_Petrographic_Master_Data__All.csv
44323,,SC11,392.5,393.8,393.15,drill core,2025,Altantsetseg,0,0,0,0,0,0,0,Peridotite,,Peridotite,peridotite / ultramafic,,727638.22,5142008.68,1482.66,desurvey,,Yambat_Petrographic_Master_Data__All.csv
44328,,SC11,399.0,401.0,400.0,drill core,2025,Altantsetseg,0,0,0,0,0,0,0,Pyroxenite,,Peridotite,peridotite / ultramafic,,727637.89,5142006.04,1476.35,desurvey,,Yambat_Petrographic_Master_Data__All.csv
44337,,SC11,412.0,414.0,413.0,drill core,2025,Altantsetseg,0,0,0,0,0,0,0,Peridotite,,Gabbro,peridotite / ultramafic,,727637.24,5142000.99,1464.39,desurvey,,Yambat_Petrographic_Master_Data__All.csv
45616,,BS001,109.6,111.6,110.6,drill core,2025,Altantsetseg,1,1,0,0,0,0,0,Andesite,Diorite Porphyry,Gabbro,diorite / quartz diorite,,725919.13,5138609.25,1638.78,desurvey,,Yambat_Petrographic_Master_Data__All.csv
45625,,BS001,195.0,196.8,195.9,drill core,2025,Altantsetseg,1,1,0,0,0,0,0,Sandstone,,,sediment / metasediment,,725933.65,5138623.57,1555.96,desurvey,,Yambat_Petrographic_Master_Data__All.csv
45632,,BS001,281.0,283.0,282.0,drill core,2025,Altantsetseg,1,1,0,0,0,0,0,Dolerite,Gabbrodiorite,Alkalic Gabbro,gabbrodiorite,,725948.96,5138637.33,1472.36,desurvey,,Yambat_Petrographic_Master_Data__All.csv
45634,,BS001,284.2,286.1,285.15,drill core,2025,Altantsetseg,1,1,0,0,0,0,0,Gabbro,Gabbrodiorite,Gabbrodiorite,gabbrodiorite,,725949.54,5138637.82,1469.3,desurvey,,Yambat_Petrographic_Master_Data__All.csv
45635,,BS001,286.1,288.0,287.05,drill core,2025,Altantsetseg,1,1,0,0,0,0,0,Diorite,Gabbrodiorite,Diorite,gabbrodiorite,,725949.89,5138638.12,1467.45,desurvey,,Yambat_Petrographic_Master_Data__All.csv
45639,,BS001,294.0,296.0,295.0,drill core,2025,Altantsetseg,1,1,0,0,0,0,0,Gabbro,Diorite Porphyry,Alkalic Gabbro,diorite / quartz diorite,,725951.34,5138639.35,1459.73,desurvey,,Yambat_Petrographic_Master_Data__All.csv
45652,,BS001,380.0,382.0,381.0,drill core,2025,Altantsetseg,1,1,0,0,0,0,0,Siltstone,Siltstone,,sediment / metasediment,,725967.23,5138652.21,1376.2,desurvey,,Yambat_Petrographic_Master_Data__All.csv
45656,,BS001,442.8,443.4,443.1,drill core,2025,Altantsetseg,1,1,0,0,0,0,0,Siltstone,Siltstone,,sediment / metasediment,,725979.14,5138660.99,1315.89,desurvey,,Yambat_Petrographic_Master_Data__All.csv
45659,,BS001,460.3,461.25,460.775,drill core,2025,Altantsetseg,1,1,0,0,0,0,0,Dacite,Gabbrodiorite,Gabbrodiorite,gabbrodiorite,,725982.61,5138663.41,1298.73,desurvey,,Yambat_Petrographic_Master_Data__All.csv
45663,,BS001,483.1,484.7,483.9,drill core,2025,Altantsetseg,1,1,0,0,0,0,0,Gabbrodiorite,Diorite,Diorite,diorite / quartz diorite,,725987.27,5138666.48,1276.29,desurvey,,Yambat_Petrographic_Master_Data__All.csv
45675,,BS001,500.65,502.05,501.35,drill core,2025,Altantsetseg,1,1,0,0,0,0,0,Gabbrodiorite,Gabbrodiorite,Gabbrodiorite,gabbrodiorite,,725990.8,5138668.75,1259.35,desurvey,,Yambat_Petrographic_Master_Data__All.csv
45681,,BS001,508.55,510.55,509.55,drill core,2025,Altantsetseg,1,1,0,0,0,0,0,Gabbrodiorite,Gabbrodiorite,Gabbrodiorite,gabbrodiorite,,725992.46,5138669.8,1251.39,desurvey,,Yambat_Petrographic_Master_Data__All.csv
40904,,OVD002,44.2,,44.2,drill core,2023,Mireslab,0,1,0,0,1,0,0,gossan,,,gossan / oxidized,,722011.84,5144334.01,1791.67,desurvey,absent from Master All sheet,Petrograph_2023__Sheet1.csv; Yambat_petrography_samples_2022-2024_from_Core___grab__Petrography_bichiglel_table.csv
47153,OVD025-51.3,OVD025,51.3,51.4,51.35,drill core,2024,,0,1,0,0,0,0,0,Massive Sulphide,,,massive sulfide / ore,,721801.64,5144732.4,1770.16,desurvey,absent from Master All sheet,Yambat_petrography_samples_2022-2024_from_Core___grab__Petrography_bichiglel_table.csv; Samples_to_Japan sheet
OVD015@175.4,OVD015-175.4,OVD015,175.4,,175.4,drill core,2024,,0,1,0,0,0,0,0,,,,,,722137.21,5144150.67,1697.56,desurvey,"in Sheet3 hole-depth list but absent from Master All; possible depth typo of OVD015-175.5 (A)/(B); D7 cross-reference: possible duplicate of sample 42388 (OVD015 @ 175.5 m, 0.1 m away, alt ids `OVD015-175.5 (A)`) — verify before treating the two as independent observations",Yambat_petrography_samples_2022-2024_from_Core___grab__Sheet3.csv
40340,,,,,,unknown,2025,,0,1,0,0,0,0,0,,Altered gabbrodiorite porphyry,,gabbrodiorite,,,,,none,absent from Master All sheet; no drillhole/depth stated in source report,"15ш пет-мин бичиглэл. 09.02. (2 петрографи, 13 пет-мин бичиглэл) (1).docx"
40341,,,,,,unknown,2025,,0,1,0,0,0,0,0,,Altered amygdaloidal basalt,,dolerite / diabase / basalt dyke,,,,,none,absent from Master All sheet; no drillhole/depth stated in source report,"15ш пет-мин бичиглэл. 09.02. (2 петрографи, 13 пет-мин бичиглэл) (1).docx"
41304,,,,,,unknown,2025,,0,1,0,0,0,0,0,,Altered medium- to fine-grained hornblende-pyroxene gabbro,,gabbro / gabbronorite / norite,,,,,none,absent from Master All sheet; no drillhole/depth stated in source report,"15ш пет-мин бичиглэл. 09.02. (2 петрографи, 13 пет-мин бичиглэл) (1).docx"
41253,,,,,,unknown,2025,,0,1,0,0,0,0,0,,Mineralised spinel-bearing epidote-pyroxene micro-gneiss (skarn?),,skarn / metasomatite,,,,,none,absent from Master All sheet; no drillhole/depth stated in source report,"15ш пет-мин бичиглэл. 09.02. (2 петрографи, 13 пет-мин бичиглэл) (1).docx"
41330,,,,,,unknown,2025,,0,1,0,0,0,0,0,,Altered gabbrodiorite porphyry,,gabbrodiorite,,,,,none,absent from Master All sheet; no drillhole/depth stated in source report,"15ш пет-мин бичиглэл. 09.02. (2 петрографи, 13 пет-мин бичиглэл) (1).docx"
41331,,,,,,unknown,2025,,0,1,0,0,0,0,0,,Strongly mineralised (ferruginous) quartzite,,sediment / metasediment,,,,,none,absent from Master All sheet; no drillhole/depth stated in source report,"15ш пет-мин бичиглэл. 09.02. (2 петрографи, 13 пет-мин бичиглэл) (1).docx"
41334,,,,,,unknown,2025,,0,1,0,0,0,0,0,,Strongly mineralised garnet-quartz vein,,vein / quartz,,,,,none,absent from Master All sheet; no drillhole/depth stated in source report,"15ш пет-мин бичиглэл. 09.02. (2 петрографи, 13 пет-мин бичиглэл) (1).docx"
41336,,,,,,unknown,2025,,0,1,0,0,0,0,0,,Altered medium- to fine-grained biotite-hornblende gabbrodiorite,,gabbrodiorite,,,,,none,absent from Master All sheet; no drillhole/depth stated in source report,"15ш пет-мин бичиглэл. 09.02. (2 петрографи, 13 пет-мин бичиглэл) (1).docx"
41337,,,,,,unknown,2025,,0,1,0,0,0,0,0,,"Fine- to medium-grained hornblende quartz diorite (gabbrodiorite), weakly gneissose",,gabbrodiorite,,,,,none,absent from Master All sheet; no drillhole/depth stated in source report,"15ш пет-мин бичиглэл. 09.02. (2 петрографи, 13 пет-мин бичиглэл) (1).docx"
41339,,,,,,unknown,2025,,0,1,0,0,0,0,0,,Fine- to medium-grained biotite-hornblende-pyroxene gabbro,,gabbro / gabbronorite / norite,,,,,none,absent from Master All sheet; no drillhole/depth stated in source report,"15ш пет-мин бичиглэл. 09.02. (2 петрографи, 13 пет-мин бичиглэл) (1).docx"
41348,,,,,,unknown,2025,,0,1,0,0,0,0,0,,Fine- to medium-grained olivine-pyroxene gabbro,,gabbro / gabbronorite / norite,,,,,none,absent from Master All sheet; no drillhole/depth stated in source report,"15ш пет-мин бичиглэл. 09.02. (2 петрографи, 13 пет-мин бичиглэл) (1).docx"
41349,,,,,,unknown,2025,,0,1,0,0,0,0,0,,Mineralised quartz-carbonate vein (oxidised Cu),,vein / quartz,,,,,none,absent from Master All sheet; no drillhole/depth stated in source report,"15ш пет-мин бичиглэл. 09.02. (2 петрографи, 13 пет-мин бичиглэл) (1).docx"
41362,,,,,,unknown,2025,,0,1,0,0,0,0,0,,Fine- to medium-grained biotite granite,,granitoid,,,,,none,absent from Master All sheet; no drillhole/depth stated in source report,"15ш пет-мин бичиглэл. 09.02. (2 петрографи, 13 пет-мин бичиглэл) (1).docx"
41363,,,,,,unknown,2025,,0,1,0,0,0,0,0,,Coarse- to medium-grained biotite granite,,granitoid,,,,,none,absent from Master All sheet; no drillhole/depth stated in source report,"15ш пет-мин бичиглэл. 09.02. (2 петрографи, 13 пет-мин бичиглэл) (1).docx"
43816,43816 (OVD-009-126.6),OVD009,126.6,,126.6,drill core,2025,,0,1,0,0,0,0,0,,"Strongly altered, weakly mineralised uneven-grained olivine-pyroxene peridotite",,peridotite / ultramafic,,722139.21,5144159.37,1723.64,desurvey,"absent from Master All sheet; D7 cross-reference: possible duplicate of sample 41021 (OVD009 @ 126.7 m, 0.1 m away) — verify before treating the two as independent observations","15ш пет-мин бичиглэл. 09.02. (2 петрографи, 13 пет-мин бичиглэл) (1).docx"
46811,,,,,,outcrop,2026,,0,1,0,0,0,0,0,,Fine-grained pyroxene-hornblende gabbrodiorite,,gabbrodiorite,,,,,none,MS3 outcrop sample; no coordinates given in source report,MS3_Outcrop Sample_Петрографи-минераграфи 4ш.docx
46810,,,,,,outcrop,2026,,0,1,0,0,0,0,0,,Altered gabbrodiorite porphyry,,gabbrodiorite,,,,,none,MS3 outcrop sample; no coordinates given in source report,MS3_Outcrop Sample_Петрографи-минераграфи 4ш.docx
46808,,,,,,outcrop,2026,,0,1,0,0,0,0,0,,Fine- to medium-grained pyroxene-hornblende gabbrodiorite,,gabbrodiorite,,,,,none,MS3 outcrop sample; no coordinates given in source report,MS3_Outcrop Sample_Петрографи-минераграфи 4ш.docx
46812,,,,,,outcrop,2026,,0,1,0,0,0,0,0,,Spotted meta-siltstone,,hornfels / spotted rock,,,,,none,MS3 outcrop sample; no coordinates given in source report,MS3_Outcrop Sample_Петрографи-минераграфи 4ш.docx
TS-2,TS-2 (ТЦ-2),,,,,unknown,2024,"ThinSection Mongolia LLC (Dr. T.Oyunchimeg PhD, Dr. B.Enkhjargal PhD, Dr. B.Dolzodmaa PhD); client: Aventura Minerals LLC",0,1,0,0,0,0,0,,Altered andesite,,volcanic / subvolcanic,,,,,none,no drillhole/depth/coordinates given in source report,AM_ThinSectionMongolia_Report_2024.pdf
TS-3,TS-3 (ТЦ-3),,,,,unknown,2024,"ThinSection Mongolia LLC (Dr. T.Oyunchimeg PhD, Dr. B.Enkhjargal PhD, Dr. B.Dolzodmaa PhD); client: Aventura Minerals LLC",0,1,0,0,0,0,0,,Quartz-bearing amphibolite,,amphibolite / metabasite,,,,,none,no drillhole/depth/coordinates given in source report,AM_ThinSectionMongolia_Report_2024.pdf
TS-4,TS-4 (ТЦ-4),,,,,unknown,2024,"ThinSection Mongolia LLC (Dr. T.Oyunchimeg PhD, Dr. B.Enkhjargal PhD, Dr. B.Dolzodmaa PhD); client: Aventura Minerals LLC",0,1,0,0,0,0,0,,Altered andesite,,volcanic / subvolcanic,,,,,none,no drillhole/depth/coordinates given in source report,AM_ThinSectionMongolia_Report_2024.pdf
TS-5,TS-5 (ТЦ-5),,,,,unknown,2024,"ThinSection Mongolia LLC (Dr. T.Oyunchimeg PhD, Dr. B.Enkhjargal PhD, Dr. B.Dolzodmaa PhD); client: Aventura Minerals LLC",0,1,0,0,0,0,0,,Carbonate-altered basalt,,dolerite / diabase / basalt dyke,,,,,none,no drillhole/depth/coordinates given in source report,AM_ThinSectionMongolia_Report_2024.pdf
TS-6,TS-6 (ТЦ-6),,,,,unknown,2024,"ThinSection Mongolia LLC (Dr. T.Oyunchimeg PhD, Dr. B.Enkhjargal PhD, Dr. B.Dolzodmaa PhD); client: Aventura Minerals LLC",0,1,0,0,0,0,0,,Felsic (acid) subvolcanic rock,,volcanic / subvolcanic,,,,,none,no drillhole/depth/coordinates given in source report,AM_ThinSectionMongolia_Report_2024.pdf
TS-7,TS-7 (ТЦ-7),,,,,unknown,2024,"ThinSection Mongolia LLC (Dr. T.Oyunchimeg PhD, Dr. B.Enkhjargal PhD, Dr. B.Dolzodmaa PhD); client: Aventura Minerals LLC",0,1,0,0,0,0,0,,Rhyolite porphyry (dacite porphyry in fig. captions),,volcanic / subvolcanic,,,,,none,no drillhole/depth/coordinates given in source report,AM_ThinSectionMongolia_Report_2024.pdf
DEEJ-2,Дээж-2,,,,,unknown,2024,"ThinSection Mongolia LLC (Dr. T.Oyunchimeg PhD, Dr. B.Enkhjargal PhD, Dr. B.Dolzodmaa PhD); client: Aventura Minerals LLC",0,1,0,0,0,0,0,,Phyllite,,schist / phyllite,,,,,none,no drillhole/depth/coordinates given in source report,AM_ThinSectionMongolia_Report_2024.pdf
DEEJ-3,Дээж-3,,,,,unknown,2024,"ThinSection Mongolia LLC (Dr. T.Oyunchimeg PhD, Dr. B.Enkhjargal PhD, Dr. B.Dolzodmaa PhD); client: Aventura Minerals LLC",0,1,0,0,0,0,0,,Phyllite,,schist / phyllite,,,,,none,no drillhole/depth/coordinates given in source report,AM_ThinSectionMongolia_Report_2024.pdf
C-1,С-1,,,,,unknown,2023,Л.Жаргал PhD (order Зах-2023/01),1,0,0,0,0,0,0,,Strongly mineralized quartz-sericite schist,,schist / phyllite,,,,,none,no drillhole/depth/coordinates given in source report,2023-08-06-2 шлиф.pdf
C-2,С-2,,,,,unknown,2023,Л.Жаргал PhD (order Зах-2023/01),1,0,0,0,0,0,0,,Mineralized sericite-quartz schist,,schist / phyllite,,,,,none,no drillhole/depth/coordinates given in source report,2023-08-06-2 шлиф.pdf
YT-08,,,,,,grab,,,0,1,0,1,0,1,0,Rhyodacite,,,volcanic / subvolcanic,,722350.4,5143990.61,,master_xy,,Yambat_Petrographic_Master_Data__2022-2024_grab.csv
YT-20,,,,,,grab,,,0,1,0,0,0,1,0,Basalt - Andesite basalt,,,dolerite / diabase / basalt dyke,,722303.65,5144031.73,,master_xy,,Yambat_Petrographic_Master_Data__2022-2024_grab.csv
YM-27,,,,,,grab,,,0,1,0,0,0,1,0,Andesite porphyry,,,volcanic / subvolcanic,,722121.37,5144721.31,,master_xy,,Yambat_Petrographic_Master_Data__2022-2024_grab.csv
YM-29,,,,,,grab,,,0,1,0,0,0,1,0,Subvolcanic Rock,,,volcanic / subvolcanic,,722156.87,5144590.09,,master_xy,,Yambat_Petrographic_Master_Data__2022-2024_grab.csv
YT-21,,,,,,grab,,,0,1,0,0,0,1,0,Basalt - Andesite basalt,,,dolerite / diabase / basalt dyke,,722117.6,5144039.0,,master_xy,,Yambat_Petrographic_Master_Data__2022-2024_grab.csv
YT-38,,,,,,grab,,,0,1,0,1,0,1,0,Andesite porphyry,,,volcanic / subvolcanic,,722620.01,5143619.98,,master_xy,,Yambat_Petrographic_Master_Data__2022-2024_grab.csv
YT-40,,,,,,grab,,,0,1,0,0,0,1,0,Tuffsandstone,,,volcanic / subvolcanic,,799827.0,5146528.0,,master_xy,,Yambat_Petrographic_Master_Data__2022-2024_grab.csv
2021-01,,,,,,grab,,,0,0,0,0,0,0,0,,,,,,721977.0,5144570.0,,master_xy,v1.1: the 2022 lab report calls this sample `2022-01`; the grab sheet calls it `2021-01`. Joined on the case-folded / zero-stripped id; the year digit differs (2021 vs 2022) — a human should confirm which spelling is authoritative,Yambat_Petrographic_Master_Data__2022-2024_grab.csv
OV202202,,,,,,grab,,,0,0,0,0,0,0,0,Altered andesite,,,volcanic / subvolcanic,,,,,none,no X/Y in source grab sheet,Yambat_Petrographic_Master_Data__2022-2024_grab.csv
OV202203,,,,,,grab,,,0,0,0,0,0,0,0,Schist or Mudstone,,,schist / phyllite,,,,,none,no X/Y in source grab sheet,Yambat_Petrographic_Master_Data__2022-2024_grab.csv
OVF-1,,,,,,grab,,,0,0,0,0,0,0,0,Quartz vein,,,vein / quartz,,721957.0,5144521.0,,master_xy,,Yambat_Petrographic_Master_Data__2022-2024_grab.csv
OVF-2,,,,,,grab,,,0,0,0,0,0,0,0,Quartzite,,,sediment / metasediment,,721955.0,5144520.0,,master_xy,,Yambat_Petrographic_Master_Data__2022-2024_grab.csv
20,,,,,,grab,,,0,0,0,0,0,0,0,Dacite Porphyry,,,volcanic / subvolcanic,,,,,none,no X/Y in source grab sheet; v1.1: the 2022 lab report calls this sample `020`; the grab sheet calls it `20`. Joined on the case-folded / zero-stripped id,Yambat_Petrographic_Master_Data__2022-2024_grab.csv
OV-40,,,,,,grab,,,0,0,0,0,0,0,0,Intrusive Rock?,,,intrusive (undifferentiated),,721758.24,5144762.44,,master_xy,,Yambat_Petrographic_Master_Data__2022-2024_grab.csv
OV-41,,,,,,grab,,,0,0,0,0,0,0,0,mafic intrusive,,,mafic intrusive (undifferentiated),,721752.95,5144759.69,,master_xy,,Yambat_Petrographic_Master_Data__2022-2024_grab.csv
OV-51,,,,,,grab,,,0,0,0,0,0,0,0,altered dolerite,,,dolerite / diabase / basalt dyke,,722721.77,5143535.38,,master_xy,,Yambat_Petrographic_Master_Data__2022-2024_grab.csv
sh-14,,,,,,grab,,,0,0,0,0,0,0,0,Gossan,,,gossan / oxidized,,721955.0,5144520.0,,master_xy,v1.1: the 2022 lab report calls this sample `SH-14`; the grab sheet calls it `sh-14`. Joined on the case-folded / zero-stripped id,Yambat_Petrographic_Master_Data__2022-2024_grab.csv
sh-18,,,,,,grab,,,0,0,0,0,0,0,0,Diorite,,,diorite / quartz diorite,,721956.0,5144520.0,,master_xy,v1.1: the 2022 lab report calls this sample `SH-18`; the grab sheet calls it `sh-18`. Joined on the case-folded / zero-stripped id,Yambat_Petrographic_Master_Data__2022-2024_grab.csv
sh-14-1,,,,,,grab,,,0,0,0,0,0,0,0,Diorite,,,diorite / quartz diorite,,721948.0,5144538.0,,master_xy,v1.1: the 2022 lab report calls this sample `SH-14-1`; the grab sheet calls it `sh-14-1`. Joined on the case-folded / zero-stripped id,Yambat_Petrographic_Master_Data__2022-2024_grab.csv
sh-16,,,,,,grab,,,0,0,0,0,0,0,0,Gossan,,,gossan / oxidized,,721964.37,5144632.72,,master_xy,v1.1: the 2022 lab report calls this sample `SH-16`; the grab sheet calls it `sh-16`. Joined on the case-folded / zero-stripped id,Yambat_Petrographic_Master_Data__2022-2024_grab.csv
2107,,,,,,grab,,,0,0,0,0,0,0,0,Gabbro amphybolite,,,gabbro / gabbronorite / norite,,721940.0,5144536.0,,master_xy,"v1.1 AMBIGUOUS ID: a second `2107` exists in Report_0715_Ni.pdf (a Ni-ore sample analysed by XRD + ore microscopy + SEM-EDS). Its coordinates are not given, but this grab row sits in the same outcrop cluster as 2102/2104-1/A, so the two are probably one physical sample described by different methods — no document states it, so the Ni-report description is kept UNJOINED (missing_sources README §4.6)",Yambat_Petrographic_Master_Data__2022-2024_grab.csv
2104-1,,,,,,grab,,,0,0,0,0,0,0,0,Габбродиорит порфироор үүссэн амфиболит,,,gabbrodiorite,,721963.0,5144519.0,,master_xy,,Yambat_Petrographic_Master_Data__2022-2024_grab.csv
A,,,,,,grab,,,0,0,0,0,0,0,0,Gabbro pyroxenite,,,peridotite / ultramafic,,721934.27,5144523.75,,master_xy,,Yambat_Petrographic_Master_Data__2022-2024_grab.csv
2102,,,,,,grab,,,0,0,0,0,0,0,0,Gabbrodiorite porphyry and Amphybolite,,,gabbrodiorite,,721923.0,5144521.0,,master_xy,,Yambat_Petrographic_Master_Data__2022-2024_grab.csv
TS1,,,,,,grab,,,0,1,0,0,0,1,0,Gabbro dyke,,,gabbro / gabbronorite / norite,,723196.31,5144020.8,,master_xy,,Yambat_Petrographic_Master_Data__2022-2024_grab.csv
TS2,,,,,,grab,,,0,1,0,0,0,0,0,Diabase dyke,,,dolerite / diabase / basalt dyke,,723253.82,5144074.0,,master_xy,,Yambat_Petrographic_Master_Data__2022-2024_grab.csv
TS3,,,,,,grab,,,1,0,0,0,0,0,0,Gabbro dyke,,,gabbro / gabbronorite / norite,,722509.53,5142753.8,,master_xy,,Yambat_Petrographic_Master_Data__2022-2024_grab.csv
TS4,,,,,,grab,,,0,1,0,0,0,0,0,Gabbro dyke,,,gabbro / gabbronorite / norite,,722367.0,5143973.8,,master_xy,,Yambat_Petrographic_Master_Data__2022-2024_grab.csv
TS5,,,,,,grab,,,0,1,0,0,0,0,0,Basalt dyke,,,dolerite / diabase / basalt dyke,,722635.85,5142772.3,,master_xy,,Yambat_Petrographic_Master_Data__2022-2024_grab.csv
TS6,,,,,,grab,,,0,1,0,0,0,0,0,Rhyolite dyke,,,volcanic / subvolcanic,,720981.03,5144171.0,,master_xy,,Yambat_Petrographic_Master_Data__2022-2024_grab.csv
TS7,,,,,,grab,,,0,1,0,0,0,0,0,Gabbro dyke,,,gabbro / gabbronorite / norite,,722866.86,5142947.2,,master_xy,,Yambat_Petrographic_Master_Data__2022-2024_grab.csv
RC5,,,,,,grab,,,0,1,0,0,0,0,0,Gabbro dyke,,,gabbro / gabbronorite / norite,,723050.0,5144094.0,,master_xy,,Yambat_Petrographic_Master_Data__2022-2024_grab.csv
RC6,,,,,,grab,,,0,1,0,0,0,0,0,Gabbro dyke,,,gabbro / gabbronorite / norite,,722535.5,5142813.0,,master_xy,,Yambat_Petrographic_Master_Data__2022-2024_grab.csv
43113,,,,,,rockchip,2024,,0,1,0,0,0,1,0,Hematite and limonite altered quartz vein,,,gossan / oxidized,,726177.0,5149661.0,,master_xy,,Yambat_Petrographic_Master_Data__2022-2024_grab.csv; Yambat_Petrographic_Master_Data__2024_Copper_ridge_rockchip_samp.csv
43122,,,,,,rockchip,2024,,0,1,0,0,0,1,0,Intense Limonited Metasediment rock. Cut by Quartz.,,,gossan / oxidized,,726211.0,5149539.0,,master_xy,,Yambat_Petrographic_Master_Data__2022-2024_grab.csv; Yambat_Petrographic_Master_Data__2024_Copper_ridge_rockchip_samp.csv
43123,,,,,,rockchip,2024,,0,1,0,0,0,1,0,Intense Limonited Metasediment rock. Cut by Quartz.,,,gossan / oxidized,,726166.0,5149674.0,,master_xy,,Yambat_Petrographic_Master_Data__2022-2024_grab.csv; Yambat_Petrographic_Master_Data__2024_Copper_ridge_rockchip_samp.csv
43125,,,,,,rockchip,2024,,0,1,0,0,0,1,0,"Py boxwork in Quartz Veins, moderate to Strong jarosite in Py in Rock.",,,vein / quartz,,726157.0,5149688.0,,master_xy,,Yambat_Petrographic_Master_Data__2022-2024_grab.csv; Yambat_Petrographic_Master_Data__2024_Copper_ridge_rockchip_samp.csv
43141,,,,,,rockchip,2024,,1,1,0,0,0,1,0,"Mendee's CR82 point. Strong silcified hydrothermal brecciated metasedimentary. XRF reading high sulfur S-4000ppm, Phosphorus-1%. Hydrothermal cement material has magnetite.",,,sediment / metasediment,,726462.0,5149400.0,,master_xy,,Yambat_Petrographic_Master_Data__2022-2024_grab.csv; Yambat_Petrographic_Master_Data__2024_Copper_ridge_rockchip_samp.csv
43144,,,,,,rockchip,2024,,0,1,0,0,0,1,0,"Qtz sheeted veinlets. 21 veins per meter. XRF reading Cu-3500ppm. The rock is strong silcified limonite hematite altered metasedimentary cut by veinlets. Strong limonite altered part's XRF reading is 270ppm Cu, but the less limonite altered, strong silicic altered and cut by sheeted veins part contains 3500ppm Cu by XRF reading. Sample CR86. dip azi 315, dip 63.",,,gossan / oxidized,,726030.0,5149777.0,,master_xy,,Yambat_Petrographic_Master_Data__2022-2024_grab.csv; Yambat_Petrographic_Master_Data__2024_Copper_ridge_rockchip_samp.csv
43146,,,,,,rockchip,2024,,1,1,0,0,0,1,0,Strong  hematite altered gneissous rock,,,sediment / metasediment,,725425.0,5150183.0,,master_xy,,Yambat_Petrographic_Master_Data__2022-2024_grab.csv; Yambat_Petrographic_Master_Data__2024_Copper_ridge_rockchip_samp.csv
41154,,,,,,rockchip,2024,,0,1,0,0,0,1,0,"Hydrotermal breccia. Strongly brecciated rock. Quartz, carbonate breccia. Light yellowish, moderately limonite, strongly carbonate alteration",,,gossan / oxidized,,722447.0,5142772.0,,master_xy,,Yambat_Petrographic_Master_Data__2022-2024_grab.csv; Yambat_Petrographic_Master_Data__2024_Copper_ridge_rockchip_samp.csv
41155,,,,,,rockchip,2024,,0,1,0,0,0,0,0,"Greenish gray, porphyritic diorite, disseminated py, limonite, malachite replaced sulfide blebs with some residual chalcopyrite",,,gossan / oxidized,,723353.0,5143066.0,,master_xy,,Yambat_Petrographic_Master_Data__2022-2024_grab.csv; Yambat_Petrographic_Master_Data__2024_Copper_ridge_rockchip_samp.csv
41160,,,,,,rockchip,2024,,1,0,0,0,0,0,0,"Dark green, moderately magnetic, strongly chlorytic mafic rock (Andesite?)",,,volcanic / subvolcanic,,724968.0,5150749.0,,master_xy,,Yambat_Petrographic_Master_Data__2022-2024_grab.csv; Yambat_Petrographic_Master_Data__2024_Copper_ridge_rockchip_samp.csv
41161,,,,,,rockchip,2024,,0,1,0,0,0,0,0,Andesitic rock with hematitic alteration along the fractures,,,volcanic / subvolcanic,,725190.0,5150596.0,,master_xy,,Yambat_Petrographic_Master_Data__2022-2024_grab.csv; Yambat_Petrographic_Master_Data__2024_Copper_ridge_rockchip_samp.csv
41162,,,,,,rockchip,2024,,1,1,0,0,0,0,0,Felsic rock with jarositic alteration,,,volcanic / subvolcanic,,725173.0,5150718.0,,master_xy,,Yambat_Petrographic_Master_Data__2022-2024_grab.csv; Yambat_Petrographic_Master_Data__2024_Copper_ridge_rockchip_samp.csv
41163,,,,,,rockchip,2024,,1,1,0,0,0,0,0,Andesite with some malachite within the fractures,,,volcanic / subvolcanic,,725248.0,5150574.0,,master_xy,,Yambat_Petrographic_Master_Data__2022-2024_grab.csv; Yambat_Petrographic_Master_Data__2024_Copper_ridge_rockchip_samp.csv
41167,,,,,,rockchip,2024,,1,1,0,0,0,0,0,"Meta sediment with strongly laminated texture, with strong limonitic, hematitic, sericitic alterations",,,gossan / oxidized,,725244.0,5150611.0,,master_xy,,Yambat_Petrographic_Master_Data__2022-2024_grab.csv; Yambat_Petrographic_Master_Data__2024_Copper_ridge_rockchip_samp.csv
41168,,,,,,rockchip,2024,,0,1,0,0,0,0,0,"Meta sediment with strongly argillic, limonitic, sercitic alterations",,,gossan / oxidized,,725262.0,5150608.0,,master_xy,,Yambat_Petrographic_Master_Data__2022-2024_grab.csv; Yambat_Petrographic_Master_Data__2024_Copper_ridge_rockchip_samp.csv
41169,,,,,,rockchip,2024,,0,1,0,0,0,0,0,Altered rock with strong silicification and hematitic alterations,,,altered rock (protolith undetermined),,725268.0,5150609.0,,master_xy,,Yambat_Petrographic_Master_Data__2022-2024_grab.csv; Yambat_Petrographic_Master_Data__2024_Copper_ridge_rockchip_samp.csv
41172,,,,,,rockchip,2024,,0,1,0,0,0,0,0,"Rhyolite with strong goetic, hematitic, limonitic and argillic aletrations",,,gossan / oxidized,,725288.0,5150618.0,,master_xy,,Yambat_Petrographic_Master_Data__2022-2024_grab.csv; Yambat_Petrographic_Master_Data__2024_Copper_ridge_rockchip_samp.csv
41178,,,,,,rockchip,2024,,0,1,0,0,0,0,0,Light yellowish altered porphyritic rhyolite with strong limonitic alterations,,,gossan / oxidized,,725289.0,5150689.0,,master_xy,,Yambat_Petrographic_Master_Data__2022-2024_grab.csv; Yambat_Petrographic_Master_Data__2024_Copper_ridge_rockchip_samp.csv
41179,,,,,,rockchip,2024,,0,1,0,0,0,0,0,Alkaline rock with strong hematitic alterations,,,granitoid,,725305.0,5150714.0,,master_xy,,Yambat_Petrographic_Master_Data__2022-2024_grab.csv; Yambat_Petrographic_Master_Data__2024_Copper_ridge_rockchip_samp.csv
41180,,,,,,rockchip,2024,,0,1,0,0,0,0,0,"Light greenish altered rhyolite with strong silicification, located on the north side of the fault, maybe related to the fault zone the rock may be altered.",,,volcanic / subvolcanic,,725467.0,5150628.0,,master_xy,,Yambat_Petrographic_Master_Data__2022-2024_grab.csv; Yambat_Petrographic_Master_Data__2024_Copper_ridge_rockchip_samp.csv
41183,,,,,,rockchip,2024,,1,0,0,0,0,0,0,Andesite,,,volcanic / subvolcanic,,724944.0,5150584.0,,master_xy,,Yambat_Petrographic_Master_Data__2022-2024_grab.csv; Yambat_Petrographic_Master_Data__2024_Copper_ridge_rockchip_samp.csv
47077,,,,,,rockchip,2024,,0,1,0,0,0,0,0,Strong metasomatized ultramafic,,,skarn / metasomatite,,725458.0,5150977.0,,master_xy,,Yambat_Petrographic_Master_Data__2022-2024_grab.csv; Yambat_Petrographic_Master_Data__2024_Copper_ridge_rockchip_samp.csv
47084,,,,,,rockchip,2024,,1,0,0,0,0,0,0,Ultramafic?,,,peridotite / ultramafic,,725282.0,5151043.0,,master_xy,,Yambat_Petrographic_Master_Data__2022-2024_grab.csv; Yambat_Petrographic_Master_Data__2024_Copper_ridge_rockchip_samp.csv
47076,,,,,,rockchip,2024,,0,1,0,0,0,0,0,Strong metasomatized ultramafic,,,skarn / metasomatite,,725509.0,5150944.0,,master_xy,,Yambat_Petrographic_Master_Data__2022-2024_grab.csv; Yambat_Petrographic_Master_Data__2024_Copper_ridge_rockchip_samp.csv
47071,,,,,,rockchip,2024,,0,1,0,0,0,0,0,Monzodiorite,,,diorite / quartz diorite,,725531.0,5150387.0,,master_xy,,Yambat_Petrographic_Master_Data__2022-2024_grab.csv; Yambat_Petrographic_Master_Data__2024_Copper_ridge_rockchip_samp.csv
47072,,,,,,rockchip,2024,,1,0,0,0,0,0,0,Monzodiorite,,,diorite / quartz diorite,,725556.0,5150383.0,,master_xy,,Yambat_Petrographic_Master_Data__2022-2024_grab.csv; Yambat_Petrographic_Master_Data__2024_Copper_ridge_rockchip_samp.csv
47073,,,,,,rockchip,2024,,0,1,0,0,0,0,0,Monzodiorite,,,diorite / quartz diorite,,725568.0,5150379.0,,master_xy,,Yambat_Petrographic_Master_Data__2022-2024_grab.csv; Yambat_Petrographic_Master_Data__2024_Copper_ridge_rockchip_samp.csv
CR66,,,,,,rockchip,2024,,1,0,0,0,0,0,0,Fuchsite,,,skarn / metasomatite,,,,,none,no X/Y in source grab sheet,Yambat_Petrographic_Master_Data__2022-2024_grab.csv; Yambat_Petrographic_Master_Data__2024_Copper_ridge_rockchip_samp.csv
CR99,,,,,,rockchip,2024,,1,0,0,0,0,0,0,Mafic rock,,,mafic intrusive (undifferentiated),,,,,none,no X/Y in source grab sheet,Yambat_Petrographic_Master_Data__2022-2024_grab.csv; Yambat_Petrographic_Master_Data__2024_Copper_ridge_rockchip_samp.csv
CR71,,,,,,rockchip,2024,,1,0,0,0,0,0,0,Basalt,,,dolerite / diabase / basalt dyke,,725970.0,5150777.0,,master_xy,,Yambat_Petrographic_Master_Data__2022-2024_grab.csv; Yambat_Petrographic_Master_Data__2024_Copper_ridge_rockchip_samp.csv
CR1,,,,,,rockchip,2024,,0,1,0,0,0,0,0,Andesite,,,volcanic / subvolcanic,,,,,none,no X/Y in source grab sheet,Yambat_Petrographic_Master_Data__2022-2024_grab.csv; Yambat_Petrographic_Master_Data__2024_Copper_ridge_rockchip_samp.csv
CRE,,,,,,rockchip,2024,,0,1,0,0,0,0,0,"Strong sericite, jarosite altered metasomatite",,,skarn / metasomatite,,,,,none,no X/Y in source grab sheet,Yambat_Petrographic_Master_Data__2022-2024_grab.csv; Yambat_Petrographic_Master_Data__2024_Copper_ridge_rockchip_samp.csv
OVD003@202,OVD003@202m,OVD003,202.0,,202.0,drill core,2025,"Dr Anthony J Crawford, A & A Crawford Geological Research Consultants",0,1,0,0,0,0,0,,Intensely hydrothermally altered and brecciated protomylonite (protolith probably olivine-hornblende gabbro),,gabbro / gabbronorite / norite,,722112.94,5144191.32,1670.78,desurvey,"COVERAGE G1: sample row created in v1.1 for a Crawford 2025 thin section that has no entry in any sample register (Master All, bichiglel, Sheet3, phase sheets); hole+depth taken verbatim from the report caption 'OVD003@202m' and desurveyed (OVD003 total depth 209.5 m, so the depth is inside the hole)",Asian Battery Metals March 2025 The Oval Summary Report.pdf
OVD009@178,OVD009@178-180m,OVD009,178.0,180.0,179.0,drill core,2025,"Dr Anthony J Crawford, A & A Crawford Geological Research Consultants",0,1,0,0,0,0,0,,"Intensely hydrothermally altered rock, probably a leucogabbro dyke (no protolith evidence preserved)",,gabbro / gabbronorite / norite,,722129.62,5144154.24,1672.39,desurvey,"COVERAGE G1: sample row created in v1.1 for a Crawford 2025 thin section that has no entry in any sample register (OVD009 register samples jump 171.5 -> 190.8 m); interval taken verbatim from the report caption 'OVD009@178-180m' and desurveyed at the 179.0 m midpoint. CRAWFORD CAVEAT: the analyst states the wholerock assay for this interval does not match the thin section and suspects a SAMPLE SWAP (possibly with a leucogabbro dyke such as OVD021@101.5m / OVD011-101.5, tag 42027) — treat the location as provisional; Crawford 2025 caveat: wholerock assay does not match this thin section (suspected sample swap) [source: OVD009@178-180m]",Asian Battery Metals March 2025 The Oval Summary Report.pdf
ARDH-2005-01-DSC00228,DSC00228,ARDH-2005-01,,,,drill core,2005,,1,0,0,0,0,0,0,,,,,,,,,none,"legacy_2005_photo_only: thin-section PHOTOGRAPH only — no petrographic report, sheet or description exists anywhere under ARDH-2005-01; no depth is recorded on the image or in the folder. Hole ARDH-2005-01 is NOT in Collar_all_combined.csv, so no collar, no survey and no coordinates are available (coord_source = none). ARDH-2005-02's equivalent folder is empty on Drive",CORE PHOTO/ARDH-2005-01/4. Thin section photo (folder:1SpY0E3wPZudd9e6KIC5D8SpFgfnRF2tk) :: DSC00228.JPG
ARDH-2005-01-DSC00229,DSC00229,ARDH-2005-01,,,,drill core,2005,,1,0,0,0,0,0,0,,,,,,,,,none,"legacy_2005_photo_only: thin-section PHOTOGRAPH only — no petrographic report, sheet or description exists anywhere under ARDH-2005-01; no depth is recorded on the image or in the folder. Hole ARDH-2005-01 is NOT in Collar_all_combined.csv, so no collar, no survey and no coordinates are available (coord_source = none). ARDH-2005-02's equivalent folder is empty on Drive",CORE PHOTO/ARDH-2005-01/4. Thin section photo (folder:1SpY0E3wPZudd9e6KIC5D8SpFgfnRF2tk) :: DSC00229.JPG
ARDH-2005-01-DSC00230,DSC00230,ARDH-2005-01,,,,drill core,2005,,1,0,0,0,0,0,0,,,,,,,,,none,"legacy_2005_photo_only: thin-section PHOTOGRAPH only — no petrographic report, sheet or description exists anywhere under ARDH-2005-01; no depth is recorded on the image or in the folder. Hole ARDH-2005-01 is NOT in Collar_all_combined.csv, so no collar, no survey and no coordinates are available (coord_source = none). ARDH-2005-02's equivalent folder is empty on Drive",CORE PHOTO/ARDH-2005-01/4. Thin section photo (folder:1SpY0E3wPZudd9e6KIC5D8SpFgfnRF2tk) :: DSC00230.JPG
ARDH-2005-01-DSC00231,DSC00231,ARDH-2005-01,,,,drill core,2005,,1,0,0,0,0,0,0,,,,,,,,,none,"legacy_2005_photo_only: thin-section PHOTOGRAPH only — no petrographic report, sheet or description exists anywhere under ARDH-2005-01; no depth is recorded on the image or in the folder. Hole ARDH-2005-01 is NOT in Collar_all_combined.csv, so no collar, no survey and no coordinates are available (coord_source = none). ARDH-2005-02's equivalent folder is empty on Drive",CORE PHOTO/ARDH-2005-01/4. Thin section photo (folder:1SpY0E3wPZudd9e6KIC5D8SpFgfnRF2tk) :: DSC00231.JPG
ARDH-2005-01-DSC00232,DSC00232,ARDH-2005-01,,,,drill core,2005,,1,0,0,0,0,0,0,,,,,,,,,none,"legacy_2005_photo_only: thin-section PHOTOGRAPH only — no petrographic report, sheet or description exists anywhere under ARDH-2005-01; no depth is recorded on the image or in the folder. Hole ARDH-2005-01 is NOT in Collar_all_combined.csv, so no collar, no survey and no coordinates are available (coord_source = none). ARDH-2005-02's equivalent folder is empty on Drive",CORE PHOTO/ARDH-2005-01/4. Thin section photo (folder:1SpY0E3wPZudd9e6KIC5D8SpFgfnRF2tk) :: DSC00232.JPG
ARDH-2005-01-DSC00233,DSC00233,ARDH-2005-01,,,,drill core,2005,,1,0,0,0,0,0,0,,,,,,,,,none,"legacy_2005_photo_only: thin-section PHOTOGRAPH only — no petrographic report, sheet or description exists anywhere under ARDH-2005-01; no depth is recorded on the image or in the folder. Hole ARDH-2005-01 is NOT in Collar_all_combined.csv, so no collar, no survey and no coordinates are available (coord_source = none). ARDH-2005-02's equivalent folder is empty on Drive",CORE PHOTO/ARDH-2005-01/4. Thin section photo (folder:1SpY0E3wPZudd9e6KIC5D8SpFgfnRF2tk) :: DSC00233.JPG
ARDH-2005-01-DSC00234,DSC00234,ARDH-2005-01,,,,drill core,2005,,1,0,0,0,0,0,0,,,,,,,,,none,"legacy_2005_photo_only: thin-section PHOTOGRAPH only — no petrographic report, sheet or description exists anywhere under ARDH-2005-01; no depth is recorded on the image or in the folder. Hole ARDH-2005-01 is NOT in Collar_all_combined.csv, so no collar, no survey and no coordinates are available (coord_source = none). ARDH-2005-02's equivalent folder is empty on Drive",CORE PHOTO/ARDH-2005-01/4. Thin section photo (folder:1SpY0E3wPZudd9e6KIC5D8SpFgfnRF2tk) :: DSC00234.JPG
ARDH-2005-01-DSC00235,DSC00235,ARDH-2005-01,,,,drill core,2005,,1,0,0,0,0,0,0,,,,,,,,,none,"legacy_2005_photo_only: thin-section PHOTOGRAPH only — no petrographic report, sheet or description exists anywhere under ARDH-2005-01; no depth is recorded on the image or in the folder. Hole ARDH-2005-01 is NOT in Collar_all_combined.csv, so no collar, no survey and no coordinates are available (coord_source = none). ARDH-2005-02's equivalent folder is empty on Drive",CORE PHOTO/ARDH-2005-01/4. Thin section photo (folder:1SpY0E3wPZudd9e6KIC5D8SpFgfnRF2tk) :: DSC00235.JPG
ARDH-2005-01-DSC00251,DSC00251,ARDH-2005-01,,,,drill core,2005,,1,0,0,0,0,0,0,,,,,,,,,none,"legacy_2005_photo_only: thin-section PHOTOGRAPH only — no petrographic report, sheet or description exists anywhere under ARDH-2005-01; no depth is recorded on the image or in the folder. Hole ARDH-2005-01 is NOT in Collar_all_combined.csv, so no collar, no survey and no coordinates are available (coord_source = none). ARDH-2005-02's equivalent folder is empty on Drive",CORE PHOTO/ARDH-2005-01/4. Thin section photo (folder:1SpY0E3wPZudd9e6KIC5D8SpFgfnRF2tk) :: DSC00251.JPG
ARDH-2005-01-DSC00252,DSC00252,ARDH-2005-01,,,,drill core,2005,,1,0,0,0,0,0,0,,,,,,,,,none,"legacy_2005_photo_only: thin-section PHOTOGRAPH only — no petrographic report, sheet or description exists anywhere under ARDH-2005-01; no depth is recorded on the image or in the folder. Hole ARDH-2005-01 is NOT in Collar_all_combined.csv, so no collar, no survey and no coordinates are available (coord_source = none). ARDH-2005-02's equivalent folder is empty on Drive",CORE PHOTO/ARDH-2005-01/4. Thin section photo (folder:1SpY0E3wPZudd9e6KIC5D8SpFgfnRF2tk) :: DSC00252.JPG
ARDH-2005-01-DSC00253,DSC00253,ARDH-2005-01,,,,drill core,2005,,1,0,0,0,0,0,0,,,,,,,,,none,"legacy_2005_photo_only: thin-section PHOTOGRAPH only — no petrographic report, sheet or description exists anywhere under ARDH-2005-01; no depth is recorded on the image or in the folder. Hole ARDH-2005-01 is NOT in Collar_all_combined.csv, so no collar, no survey and no coordinates are available (coord_source = none). ARDH-2005-02's equivalent folder is empty on Drive",CORE PHOTO/ARDH-2005-01/4. Thin section photo (folder:1SpY0E3wPZudd9e6KIC5D8SpFgfnRF2tk) :: DSC00253.JPG
ARDH-2005-01-DSC00254,DSC00254,ARDH-2005-01,,,,drill core,2005,,1,0,0,0,0,0,0,,,,,,,,,none,"legacy_2005_photo_only: thin-section PHOTOGRAPH only — no petrographic report, sheet or description exists anywhere under ARDH-2005-01; no depth is recorded on the image or in the folder. Hole ARDH-2005-01 is NOT in Collar_all_combined.csv, so no collar, no survey and no coordinates are available (coord_source = none). ARDH-2005-02's equivalent folder is empty on Drive",CORE PHOTO/ARDH-2005-01/4. Thin section photo (folder:1SpY0E3wPZudd9e6KIC5D8SpFgfnRF2tk) :: DSC00254.JPG
ARDH-2005-01-DSC00255,DSC00255,ARDH-2005-01,,,,drill core,2005,,1,0,0,0,0,0,0,,,,,,,,,none,"legacy_2005_photo_only: thin-section PHOTOGRAPH only — no petrographic report, sheet or description exists anywhere under ARDH-2005-01; no depth is recorded on the image or in the folder. Hole ARDH-2005-01 is NOT in Collar_all_combined.csv, so no collar, no survey and no coordinates are available (coord_source = none). ARDH-2005-02's equivalent folder is empty on Drive",CORE PHOTO/ARDH-2005-01/4. Thin section photo (folder:1SpY0E3wPZudd9e6KIC5D8SpFgfnRF2tk) :: DSC00255.JPG
ARDH-2005-01-DSC00257,DSC00257,ARDH-2005-01,,,,drill core,2005,,1,0,0,0,0,0,0,,,,,,,,,none,"legacy_2005_photo_only: thin-section PHOTOGRAPH only — no petrographic report, sheet or description exists anywhere under ARDH-2005-01; no depth is recorded on the image or in the folder. Hole ARDH-2005-01 is NOT in Collar_all_combined.csv, so no collar, no survey and no coordinates are available (coord_source = none). ARDH-2005-02's equivalent folder is empty on Drive",CORE PHOTO/ARDH-2005-01/4. Thin section photo (folder:1SpY0E3wPZudd9e6KIC5D8SpFgfnRF2tk) :: DSC00257.JPG
ARDH-2005-01-DSC00258,DSC00258,ARDH-2005-01,,,,drill core,2005,,1,0,0,0,0,0,0,,,,,,,,,none,"legacy_2005_photo_only: thin-section PHOTOGRAPH only — no petrographic report, sheet or description exists anywhere under ARDH-2005-01; no depth is recorded on the image or in the folder. Hole ARDH-2005-01 is NOT in Collar_all_combined.csv, so no collar, no survey and no coordinates are available (coord_source = none). ARDH-2005-02's equivalent folder is empty on Drive",CORE PHOTO/ARDH-2005-01/4. Thin section photo (folder:1SpY0E3wPZudd9e6KIC5D8SpFgfnRF2tk) :: DSC00258.JPG
ARDH-2005-01-DSC00259,DSC00259,ARDH-2005-01,,,,drill core,2005,,1,0,0,0,0,0,0,,,,,,,,,none,"legacy_2005_photo_only: thin-section PHOTOGRAPH only — no petrographic report, sheet or description exists anywhere under ARDH-2005-01; no depth is recorded on the image or in the folder. Hole ARDH-2005-01 is NOT in Collar_all_combined.csv, so no collar, no survey and no coordinates are available (coord_source = none). ARDH-2005-02's equivalent folder is empty on Drive",CORE PHOTO/ARDH-2005-01/4. Thin section photo (folder:1SpY0E3wPZudd9e6KIC5D8SpFgfnRF2tk) :: DSC00259.JPG
ARDH-2005-01-DSC00260,DSC00260,ARDH-2005-01,,,,drill core,2005,,1,0,0,0,0,0,0,,,,,,,,,none,"legacy_2005_photo_only: thin-section PHOTOGRAPH only — no petrographic report, sheet or description exists anywhere under ARDH-2005-01; no depth is recorded on the image or in the folder. Hole ARDH-2005-01 is NOT in Collar_all_combined.csv, so no collar, no survey and no coordinates are available (coord_source = none). ARDH-2005-02's equivalent folder is empty on Drive",CORE PHOTO/ARDH-2005-01/4. Thin section photo (folder:1SpY0E3wPZudd9e6KIC5D8SpFgfnRF2tk) :: DSC00260.JPG
