hole_id,depth_m,dip,azimuth,grid,method,survey_company,survey_date,hole_id_raw
OVD010,0.0,-65.7,241.8,WGS84_46N,MS,Bayan Undraga LLC,7/19/2024,OVD010
OVD010,20.0,-65.7,241.8,WGS84_46N,MS,Bayan Undraga LLC,7/19/2024,OVD010
OVD010,24.0,-65.7,241.3,WGS84_46N,MS,Bayan Undraga LLC,7/19/2024,OVD010
OVD010,40.0,-65.9,242.0,WGS84_46N,MS,Bayan Undraga LLC,7/19/2024,OVD010
OVD010,60.0,-65.8,241.46,WGS84_46N,MS,Bayan Undraga LLC,7/19/2024,OVD010
OVD010,68.8,-65.8,241.7,WGS84_46N,MS,Bayan Undraga LLC,7/19/2024,OVD010
OVD010,72.0,-65.5,242.2,WGS84_46N,MS,Bayan Undraga LLC,7/19/2024,OVD010
OVD010,140.0,-65.2,242.44,WGS84_46N,MS,Bayan Undraga LLC,7/19/2024,OVD010
OVD010,168.0,-65.13,243.54,WGS84_46N,MS,Bayan Undraga LLC,7/19/2024,OVD010
OVD010,216.0,-65.37,244.31,WGS84_46N,MS,Bayan Undraga LLC,7/19/2024,OVD010
OVD010,264.0,-65.58,244.81,WGS84_46N,MS,Bayan Undraga LLC,7/19/2024,OVD010
OVD010,312.0,-64.95,246.88,WGS84_46N,MS,Bayan Undraga LLC,7/19/2024,OVD010
OVD010,349.8,-64.95,246.88,WGS84_46N,MS,Bayan Undraga LLC,7/19/2024,OVD010
OVD011,0.0,-65.68,239.55,WGS84_46N,MS,Bayan Undraga LLC,7/19/2024,OVD011
OVD011,23.5,-65.68,239.55,WGS84_46N,MS,Bayan Undraga LLC,7/19/2024,OVD011
OVD011,71.5,-66.84,237.92,WGS84_46N,MS,Bayan Undraga LLC,7/19/2024,OVD011
OVD011,119.5,-67.16,236.26,WGS84_46N,MS,Bayan Undraga LLC,7/19/2024,OVD011
OVD011,167.5,-67.56,237.68,WGS84_46N,MS,Bayan Undraga LLC,7/19/2024,OVD011
OVD011,223.4,-66.82,234.99,WGS84_46N,MS,Bayan Undraga LLC,7/24/2024,OVD011
OVD011,235.6,-66.82,234.99,WGS84_46N,MS,Bayan Undraga LLC,7/24/2024,OVD011
OVD014,0.0,-59.11,235.57,WGS84_46N,MS,Bayan Undraga LLC,7/24/2024,OVD014
OVD014,50.5,-59.11,235.57,WGS84_46N,MS,Bayan Undraga LLC,7/24/2024,OVD014
OVD014,101.0,-59.28,236.88,WGS84_46N,MS,Bayan Undraga LLC,7/24/2024,OVD014
OVD014,143.5,-59.69,237.57,WGS84_46N,MS,Bayan Undraga LLC,7/24/2024,OVD014
OVD014,149.5,-59.69,237.57,WGS84_46N,MS,Bayan Undraga LLC,7/24/2024,OVD014
OVD016,0.0,-56.79,59.48,WGS84_46N,MS,Bayan Undraga LLC,7/24/2024,OVD016
OVD016,50.5,-56.79,59.48,WGS84_46N,MS,Bayan Undraga LLC,7/24/2024,OVD016
OVD016,80.5,-56.79,59.48,WGS84_46N,MS,Bayan Undraga LLC,7/24/2024,OVD016
OVD017,0.0,-53.75,247.42,WGS84_46N,MS,Bayan Undraga LLC,7/27/2024,OVD017
OVD017,13.7,-53.75,247.42,WGS84_46N,MS,Bayan Undraga LLC,7/27/2024,OVD017
OVD017,61.7,-54.51,246.59,WGS84_46N,MS,Bayan Undraga LLC,7/28/2024,OVD017
OVD018,0.0,-53.86,238.27,WGS84_46N,MS,Bayan Undraga LLC,7/28/2024,OVD018
OVD018,50.0,-53.86,238.27,WGS84_46N,MS,Bayan Undraga LLC,7/28/2024,OVD018
OVD018,59.2,-53.86,238.27,WGS84_46N,MS,Bayan Undraga LLC,7/28/2024,OVD018
OVD009,0.0,-77.72,242.19,WGS84_46N,MS,Bayan Undraga LLC,7/27/2024,OVD009
OVD009,56.0,-77.72,242.19,WGS84_46N,MS,Bayan Undraga LLC,7/27/2024,OVD009
OVD009,104.0,-77.87,242.63,WGS84_46N,MS,Bayan Undraga LLC,7/27/2024,OVD009
OVD009,144.0,-78.15,243.14,WGS84_46N,MS,Bayan Undraga LLC,7/27/2024,OVD009
OVD009,198.0,-78.91,244.64,WGS84_46N,MS,Bayan Undraga LLC,7/27/2024,OVD009
OVD009,240.0,-78.91,244.64,WGS84_46N,MS,Bayan Undraga LLC,7/28/2024,OVD009
OVD019,0.0,-47.93,222.56,WGS84_46N,MS,Bayan Undraga LLC,11/18/2024,OVD019
OVD019,5.0,-47.82,222.48,WGS84_46N,MS,Bayan Undraga LLC,11/18/2024,OVD019
OVD019,10.0,-48.67,222.31,WGS84_46N,MS,Bayan Undraga LLC,11/18/2024,OVD019
OVD019,15.0,-48.81,222.39,WGS84_46N,MS,Bayan Undraga LLC,11/18/2024,OVD019
OVD019,20.0,-48.63,222.44,WGS84_46N,MS,Bayan Undraga LLC,11/18/2024,OVD019
OVD019,25.0,-48.57,222.61,WGS84_46N,MS,Bayan Undraga LLC,11/18/2024,OVD019
OVD019,30.0,-48.55,222.72,WGS84_46N,MS,Bayan Undraga LLC,11/18/2024,OVD019
OVD019,35.0,-48.38,222.5,WGS84_46N,MS,Bayan Undraga LLC,11/18/2024,OVD019
OVD019,40.0,-48.55,222.44,WGS84_46N,MS,Bayan Undraga LLC,11/18/2024,OVD019
OVD019,45.0,-48.41,222.36,WGS84_46N,MS,Bayan Undraga LLC,11/18/2024,OVD019
OVD019,50.0,-48.32,222.36,WGS84_46N,MS,Bayan Undraga LLC,11/18/2024,OVD019
OVD019,55.0,-48.3,222.3,WGS84_46N,MS,Bayan Undraga LLC,11/18/2024,OVD019
OVD019,60.0,-48.26,222.45,WGS84_46N,MS,Bayan Undraga LLC,11/18/2024,OVD019
OVD019,65.0,-48.09,222.33,WGS84_46N,MS,Bayan Undraga LLC,11/18/2024,OVD019
OVD019,70.0,-48.12,222.26,WGS84_46N,MS,Bayan Undraga LLC,11/18/2024,OVD019
OVD019,75.0,-47.87,222.14,WGS84_46N,MS,Bayan Undraga LLC,11/18/2024,OVD019
OVD019,80.0,-47.55,221.9,WGS84_46N,MS,Bayan Undraga LLC,11/18/2024,OVD019
OVD019,80.54,-47.55,221.92,WGS84_46N,MS,Bayan Undraga LLC,11/18/2024,OVD019
OVD019,91.2,-47.55,221.92,WGS84_46N,MS,Bayan Undraga LLC,11/18/2024,OVD019
SC01,0.0,-60.65,216.26,WGS84_46N,MS,Bayan Undraga LLC,8/3/2024,SC01
SC01,13.8,-60.65,216.26,WGS84_46N,MS,Bayan Undraga LLC,8/3/2024,SC01
SC01,61.8,-60.11,215.38,WGS84_46N,MS,Bayan Undraga LLC,8/3/2024,SC01
OVD015,0.0,-56.17,62.53,WGS84_46N,MS,Bayan Undraga LLC,7/30/2024,OVD015
OVD015,51.0,-56.17,62.53,WGS84_46N,MS,Bayan Undraga LLC,7/30/2024,OVD015
OVD015,101.0,-55.88,64.53,WGS84_46N,MS,Bayan Undraga LLC,8/1/2024,OVD015
OVD015,150.0,-55.91,66.62,WGS84_46N,MS,Bayan Undraga LLC,8/3/2024,OVD015
OVD015,200.0,-56.08,64.52,WGS84_46N,MS,Bayan Undraga LLC,8/4/2024,OVD015
OVD015,213.7,-56.08,64.52,WGS84_46N,MS,Bayan Undraga LLC,8/4/2024,OVD015
OVD012,0.0,-66.12,172.76,WGS84_46N,MS,Bayan Undraga LLC,8/5/2024,OVD012
OVD012,50.0,-66.12,172.76,WGS84_46N,MS,Bayan Undraga LLC,8/5/2024,OVD012
OVD012,100.0,-66.33,173.05,WGS84_46N,MS,Bayan Undraga LLC,8/6/2024,OVD012
OVD012,150.0,-66.18,173.74,WGS84_46N,MS,Bayan Undraga LLC,8/7/2024,OVD012
OVD012,200.0,-66.12,174.63,WGS84_46N,MS,Bayan Undraga LLC,8/8/2024,OVD012
OVD012,230.0,-66.38,173.47,WGS84_46N,MS,Bayan Undraga LLC,8/9/2024,OVD012
OVD012,260.0,-66.18,172.65,WGS84_46N,MS,Bayan Undraga LLC,8/10/2024,OVD012
OVD012,320.0,-66.41,182.68,WGS84_46N,MS,Bayan Undraga LLC,8/12/2024,OVD012
OVD012,347.5,-66.47,173.32,WGS84_46N,MS,Bayan Undraga LLC,8/14/2024,OVD012
OVD012,354.3,-66.47,173.32,WGS84_46N,MS,Bayan Undraga LLC,8/14/2024,OVD012
OVD020,0.0,-78.18,253.49,WGS84_46N,MS,Bayan Undraga LLC,8/8/2024,OVD020
OVD020,50.0,-78.18,253.49,WGS84_46N,MS,Bayan Undraga LLC,8/8/2024,OVD020
OVD020,101.5,-78.58,255.7,WGS84_46N,MS,Bayan Undraga LLC,8/8/2024,OVD020
OVD020,130.5,-78.89,253.32,WGS84_46N,MS,Bayan Undraga LLC,8/9/2024,OVD020
OVD020,160.0,-79.21,254.44,WGS84_46N,MS,Bayan Undraga LLC,8/10/2024,OVD020
OVD020,179.5,-79.21,254.44,WGS84_46N,MS,Bayan Undraga LLC,8/10/2024,OVD020
SC03,0.0,-59.22,211.16,WGS84_46N,MS,Bayan Undraga LLC,8/21/2024,SC03
SC03,30.0,-59.22,211.16,WGS84_46N,MS,Bayan Undraga LLC,8/21/2024,SC03
SC03,60.0,-59.06,211.11,WGS84_46N,MS,Bayan Undraga LLC,8/21/2024,SC03
SC03,90.0,-58.91,211.56,WGS84_46N,MS,Bayan Undraga LLC,8/25/2024,SC03
SC03,116.0,-58.67,211.62,WGS84_46N,MS,Bayan Undraga LLC,8/26/2024,SC03
SC03,116.5,-58.67,211.62,WGS84_46N,MS,Bayan Undraga LLC,8/26/2024,SC03
SC04,0.0,-67.62,212.2,WGS84_46N,MS,Bayan Undraga LLC,9/11/2024,SC04
SC04,30.0,-67.62,212.2,WGS84_46N,MS,Bayan Undraga LLC,9/11/2024,SC04
SC04,60.0,-67.72,211.92,WGS84_46N,MS,Bayan Undraga LLC,9/11/2024,SC04
SC04,89.5,-67.65,212.44,WGS84_46N,MS,Bayan Undraga LLC,9/5/2024,SC04
SC04,120.0,-67.76,211.09,WGS84_46N,MS,Bayan Undraga LLC,9/11/2024,SC04
SC04,150.5,-67.72,212.39,WGS84_46N,MS,Bayan Undraga LLC,9/7/2024,SC04
SC04,179.5,-67.17,212.57,WGS84_46N,MS,Bayan Undraga LLC,9/8/2024,SC04
SC04,209.5,-66.73,213.2,WGS84_46N,MS,Bayan Undraga LLC,9/8/2024,SC04
SC04,239.5,-66.73,213.18,WGS84_46N,MS,Bayan Undraga LLC,9/8/2024,SC04
SC04,280.5,-66.35,212.72,WGS84_46N,MS,Bayan Undraga LLC,9/11/2024,SC04
SC04,281.5,-66.35,212.72,WGS84_46N,MS,Bayan Undraga LLC,9/11/2024,SC04
CRS01,0.0,-60.62,175.78,WGS84_46N,MS,Bayan Undraga LLC,8/20/2024,CRS01
CRS01,52.7,-60.62,175.78,WGS84_46N,MS,Bayan Undraga LLC,8/20/2024,CRS01
CRS01A,0.0,-70.0,30.0,WGS84_46N,MS,Bayan Undraga LLC,9/10/2024,CRS01A
CRS01A,14.5,-70.0,30.0,WGS84_46N,MS,Bayan Undraga LLC,9/10/2024,CRS01A
CRS01A,44.5,-70.0,30.0,WGS84_46N,MS,Bayan Undraga LLC,9/10/2024,CRS01A
CRS01A,74.5,-70.0,30.0,WGS84_46N,MS,Bayan Undraga LLC,9/10/2024,CRS01A
CRS01A,104.5,-70.0,30.0,WGS84_46N,MS,Bayan Undraga LLC,9/10/2024,CRS01A
CRS01A,134.5,-70.0,30.0,WGS84_46N,MS,Bayan Undraga LLC,9/10/2024,CRS01A
CRS01A,164.5,-70.0,30.0,WGS84_46N,MS,Bayan Undraga LLC,9/10/2024,CRS01A
CRS01A,194.5,-70.0,30.0,WGS84_46N,MS,Bayan Undraga LLC,9/10/2024,CRS01A
CRS01A,200.5,-70.0,30.0,WGS84_46N,MS,Bayan Undraga LLC,9/10/2024,CRS01A
OVD013,0.0,-76.98,239.85,WGS84_46N,MS,Bayan Undraga LLC,9/13/2024,OVD013
OVD013,32.9,-76.98,239.85,WGS84_46N,MS,Bayan Undraga LLC,9/13/2024,OVD013
OVD013,53.9,-77.43,241.58,WGS84_46N,MS,Bayan Undraga LLC,9/13/2024,OVD013
OVD013,92.9,-77.42,241.15,WGS84_46N,MS,Bayan Undraga LLC,9/14/2024,OVD013
OVD013,122.9,-77.65,239.65,WGS84_46N,MS,Bayan Undraga LLC,9/15/2024,OVD013
OVD013,155.9,-77.31,245.12,WGS84_46N,MS,Bayan Undraga LLC,9/15/2024,OVD013
OVD013,161.15,-77.31,245.12,WGS84_46N,MS,Bayan Undraga LLC,9/15/2024,OVD013
OVD021,0.0,-61.15,150.28,WGS84_46N,MS,Bayan Undraga LLC,9/13/2024,OVD021
OVD021,29.5,-61.15,150.28,WGS84_46N,MS,Bayan Undraga LLC,9/13/2024,OVD021
OVD021,59.5,-61.33,147.25,WGS84_46N,MS,Bayan Undraga LLC,9/13/2024,OVD021
OVD021,89.5,-61.77,148.23,WGS84_46N,MS,Bayan Undraga LLC,9/14/2024,OVD021
OVD021,119.5,-61.79,148.65,WGS84_46N,MS,Bayan Undraga LLC,9/16/2024,OVD021
OVD021,149.5,-61.76,148.87,WGS84_46N,MS,Bayan Undraga LLC,9/16/2024,OVD021
OVD021,184.5,-61.65,149.29,WGS84_46N,MS,Bayan Undraga LLC,9/16/2024,OVD021
OVD003,29.0,-61.52,61.6,WGS84_46N,MS,Bayan Undraga LLC,9/18/2024,OVD003
OVD003,59.0,-61.28,61.1,WGS84_46N,MS,Bayan Undraga LLC,9/18/2024,OVD003
OVD003,89.0,-60.66,61.5,WGS84_46N,MS,Bayan Undraga LLC,9/18/2024,OVD003
OVD003,119.0,-60.28,62.0,WGS84_46N,MS,Bayan Undraga LLC,9/18/2024,OVD003
OVD003,149.0,-60.36,65.2,WGS84_46N,MS,Bayan Undraga LLC,9/18/2024,OVD003
OVD003,179.0,-60.42,67.9,WGS84_46N,MS,Bayan Undraga LLC,9/17/2024,OVD003
OVD003,209.5,-60.4,67.9,WGS84_46N,MS,Bayan Undraga LLC,9/17/2024,OVD003
OVD001,0.0,-60.0,260.0,WGS84_46N,,Bayan Undraga LLC,5/6/2023,OVD001
OVD001,9.0,-60.0,260.7,WGS84_46N,,Bayan Undraga LLC,5/6/2023,OVD001
OVD001,15.0,-60.0,263.3,WGS84_46N,,Bayan Undraga LLC,5/6/2023,OVD001
OVD001,21.0,-60.0,263.8,WGS84_46N,,Bayan Undraga LLC,5/6/2023,OVD001
OVD001,27.0,-60.0,264.0,WGS84_46N,,Bayan Undraga LLC,5/6/2023,OVD001
OVD001,33.0,-60.0,264.6,WGS84_46N,,Bayan Undraga LLC,5/6/2023,OVD001
OVD001,39.0,-60.0,264.3,WGS84_46N,,Bayan Undraga LLC,5/6/2023,OVD001
OVD001,45.0,-60.0,264.4,WGS84_46N,,Bayan Undraga LLC,5/6/2023,OVD001
OVD001,51.0,-60.0,264.0,WGS84_46N,,Bayan Undraga LLC,5/6/2023,OVD001
OVD001,57.0,-60.0,263.5,WGS84_46N,,Bayan Undraga LLC,5/6/2023,OVD001
OVD001,63.0,-60.0,262.4,WGS84_46N,,Bayan Undraga LLC,5/6/2023,OVD001
OVD001,69.0,-60.0,263.6,WGS84_46N,,Bayan Undraga LLC,5/6/2023,OVD001
OVD001,75.0,-60.0,264.3,WGS84_46N,,Bayan Undraga LLC,5/6/2023,OVD001
OVD001,93.4,-60.0,263.9,WGS84_46N,,Bayan Undraga LLC,5/6/2023,OVD001
OVD002,0.0,-90.0,0.0,WGS84_46N,,Bayan Undraga LLC,Vertical hole,OVD002
OVD002,167.5,-90.0,0.0,WGS84_46N,,Bayan Undraga LLC,Vertical hole,OVD002
OVD004,0.0,-60.0,212.9,WGS84_46N,,Bayan Undraga LLC,5/18/2023,OVD004
OVD004,13.0,-60.0,213.5,WGS84_46N,,Bayan Undraga LLC,5/18/2023,OVD004
OVD004,19.0,-60.0,213.0,WGS84_46N,,Bayan Undraga LLC,5/18/2023,OVD004
OVD004,25.0,-60.0,214.5,WGS84_46N,,Bayan Undraga LLC,5/18/2023,OVD004
OVD004,31.0,-60.0,214.5,WGS84_46N,,Bayan Undraga LLC,5/18/2023,OVD004
OVD004,37.0,-60.0,214.6,WGS84_46N,,Bayan Undraga LLC,5/18/2023,OVD004
OVD004,43.0,-60.0,214.4,WGS84_46N,,Bayan Undraga LLC,5/18/2023,OVD004
OVD004,49.0,-60.0,214.3,WGS84_46N,,Bayan Undraga LLC,5/18/2023,OVD004
OVD004,55.0,-60.0,214.5,WGS84_46N,,Bayan Undraga LLC,5/18/2023,OVD004
OVD004,61.0,-60.0,214.4,WGS84_46N,,Bayan Undraga LLC,5/18/2023,OVD004
OVD004,67.0,-60.0,214.4,WGS84_46N,,Bayan Undraga LLC,5/18/2023,OVD004
OVD004,73.0,-60.0,214.5,WGS84_46N,,Bayan Undraga LLC,5/18/2023,OVD004
OVD004,79.0,-60.0,213.8,WGS84_46N,,Bayan Undraga LLC,5/18/2023,OVD004
OVD004,85.0,-60.0,213.9,WGS84_46N,,Bayan Undraga LLC,5/18/2023,OVD004
OVD004,91.0,-60.0,213.9,WGS84_46N,,Bayan Undraga LLC,5/18/2023,OVD004
OVD004,94.5,-60.0,213.9,WGS84_46N,,Bayan Undraga LLC,5/18/2023,OVD004
OVD005,0.0,-60.0,58.4,WGS84_46N,,Bayan Undraga LLC,5/20/2023,OVD005
OVD005,11.0,-60.0,63.0,WGS84_46N,,Bayan Undraga LLC,5/20/2023,OVD005
OVD005,17.0,-60.0,61.8,WGS84_46N,,Bayan Undraga LLC,5/20/2023,OVD005
OVD005,23.0,-60.0,61.4,WGS84_46N,,Bayan Undraga LLC,5/20/2023,OVD005
OVD005,29.0,-60.0,66.5,WGS84_46N,,Bayan Undraga LLC,5/20/2023,OVD005
OVD005,35.0,-60.0,63.1,WGS84_46N,,Bayan Undraga LLC,5/20/2023,OVD005
OVD005,41.0,-60.0,65.4,WGS84_46N,,Bayan Undraga LLC,5/20/2023,OVD005
OVD005,47.0,-60.0,63.4,WGS84_46N,,Bayan Undraga LLC,5/20/2023,OVD005
OVD005,53.0,-60.0,62.7,WGS84_46N,,Bayan Undraga LLC,5/20/2023,OVD005
OVD005,59.0,-60.0,66.9,WGS84_46N,,Bayan Undraga LLC,5/20/2023,OVD005
OVD005,65.0,-60.0,62.0,WGS84_46N,,Bayan Undraga LLC,5/20/2023,OVD005
OVD005,71.0,-60.0,61.5,WGS84_46N,,Bayan Undraga LLC,5/20/2023,OVD005
OVD005,77.0,-60.0,59.2,WGS84_46N,,Bayan Undraga LLC,5/20/2023,OVD005
OVD005,83.0,-60.0,61.0,WGS84_46N,,Bayan Undraga LLC,5/20/2023,OVD005
OVD005,89.0,-60.0,61.5,WGS84_46N,,Bayan Undraga LLC,5/20/2023,OVD005
OVD005,95.0,-60.0,61.5,WGS84_46N,,Bayan Undraga LLC,5/20/2023,OVD005
OVD005,101.5,-60.0,61.5,WGS84_46N,,Bayan Undraga LLC,5/20/2023,OVD005
OVD006,0.0,-60.0,275.0,WGS84_46N,,Bayan Undraga LLC,Hole collapsed,OVD006
OVD006,56.5,-60.0,275.0,WGS84_46N,,Bayan Undraga LLC,Hole collapsed,OVD006
OVD007,0.0,-59.3,236.8,WGS84_46N,,Bayan Undraga LLC,9/19/2024,OVD007
OVD007,30.0,-59.3,237.8,WGS84_46N,,Bayan Undraga LLC,9/19/2024,OVD007
OVD007,60.0,-59.3,234.5,WGS84_46N,,Bayan Undraga LLC,9/19/2024,OVD007
OVD007,93.0,-59.3,234.5,WGS84_46N,,Bayan Undraga LLC,9/19/2024,OVD007
OVD007,100.7,-59.3,234.5,WGS84_46N,,Bayan Undraga LLC,5/24/2023,OVD007
OVD022,0.0,-62.25,146.94,WGS84_46N,GY,Ragnarok Investment LLC,11/7/2024,OVD022
OVD022,5.0,-61.78,146.28,WGS84_46N,GY,Ragnarok Investment LLC,11/7/2024,OVD022
OVD022,10.0,-61.85,146.09,WGS84_46N,GY,Ragnarok Investment LLC,11/7/2024,OVD022
OVD022,15.0,-62.0,146.42,WGS84_46N,GY,Ragnarok Investment LLC,11/7/2024,OVD022
OVD022,20.0,-62.29,146.81,WGS84_46N,GY,Ragnarok Investment LLC,11/7/2024,OVD022
OVD022,25.0,-62.3,147.4,WGS84_46N,GY,Ragnarok Investment LLC,11/7/2024,OVD022
OVD022,30.0,-62.4,147.8,WGS84_46N,GY,Ragnarok Investment LLC,11/7/2024,OVD022
OVD022,35.0,-62.3,147.9,WGS84_46N,GY,Ragnarok Investment LLC,11/7/2024,OVD022
OVD022,40.0,-62.2,147.7,WGS84_46N,GY,Ragnarok Investment LLC,11/7/2024,OVD022
OVD022,45.0,-62.1,148.0,WGS84_46N,GY,Ragnarok Investment LLC,11/7/2024,OVD022
OVD022,50.0,-62.1,148.2,WGS84_46N,GY,Ragnarok Investment LLC,11/7/2024,OVD022
OVD022,55.0,-62.1,148.2,WGS84_46N,GY,Ragnarok Investment LLC,11/7/2024,OVD022
OVD022,60.0,-62.1,148.2,WGS84_46N,GY,Ragnarok Investment LLC,11/7/2024,OVD022
OVD022,65.0,-62.2,148.4,WGS84_46N,GY,Ragnarok Investment LLC,11/7/2024,OVD022
OVD022,70.0,-62.0,148.4,WGS84_46N,GY,Ragnarok Investment LLC,11/7/2024,OVD022
OVD022,75.0,-62.1,148.5,WGS84_46N,GY,Ragnarok Investment LLC,11/7/2024,OVD022
OVD022,80.0,-62.2,148.6,WGS84_46N,GY,Ragnarok Investment LLC,11/7/2024,OVD022
OVD022,85.0,-62.2,148.6,WGS84_46N,GY,Ragnarok Investment LLC,11/7/2024,OVD022
OVD022,90.0,-62.4,148.6,WGS84_46N,GY,Ragnarok Investment LLC,11/7/2024,OVD022
OVD022,95.0,-62.1,148.6,WGS84_46N,GY,Ragnarok Investment LLC,11/7/2024,OVD022
OVD022,100.0,-61.9,148.6,WGS84_46N,GY,Ragnarok Investment LLC,11/7/2024,OVD022
OVD022,105.0,-61.8,148.7,WGS84_46N,GY,Ragnarok Investment LLC,11/7/2024,OVD022
OVD022,110.0,-61.7,148.7,WGS84_46N,GY,Ragnarok Investment LLC,11/7/2024,OVD022
OVD022,115.0,-61.8,148.8,WGS84_46N,GY,Ragnarok Investment LLC,11/7/2024,OVD022
OVD022,120.0,-61.9,148.7,WGS84_46N,GY,Ragnarok Investment LLC,11/7/2024,OVD022
OVD022,125.0,-62.0,149.0,WGS84_46N,GY,Ragnarok Investment LLC,11/7/2024,OVD022
OVD022,130.0,-62.0,149.1,WGS84_46N,GY,Ragnarok Investment LLC,11/7/2024,OVD022
OVD022,135.0,-62.0,149.3,WGS84_46N,GY,Ragnarok Investment LLC,11/7/2024,OVD022
OVD022,140.0,-61.9,149.4,WGS84_46N,GY,Ragnarok Investment LLC,11/7/2024,OVD022
OVD022,145.0,-61.7,149.5,WGS84_46N,GY,Ragnarok Investment LLC,11/7/2024,OVD022
OVD022,150.0,-61.8,149.4,WGS84_46N,GY,Ragnarok Investment LLC,11/7/2024,OVD022
OVD022,155.0,-61.7,149.4,WGS84_46N,GY,Ragnarok Investment LLC,11/7/2024,OVD022
OVD022,160.0,-61.7,149.3,WGS84_46N,GY,Ragnarok Investment LLC,11/7/2024,OVD022
OVD022,164.4,-61.7,149.3,WGS84_46N,GY,Ragnarok Investment LLC,11/7/2024,OVD022
OVD023,0.0,-59.6,145.2,WGS84_46N,GY,Ragnarok Investment LLC,11/10/2024,OVD023
OVD023,5.0,-59.5,144.9,WGS84_46N,GY,Ragnarok Investment LLC,11/10/2024,OVD023
OVD023,10.0,-59.4,144.9,WGS84_46N,GY,Ragnarok Investment LLC,11/10/2024,OVD023
OVD023,15.0,-59.1,145.0,WGS84_46N,GY,Ragnarok Investment LLC,11/10/2024,OVD023
OVD023,20.0,-59.3,145.0,WGS84_46N,GY,Ragnarok Investment LLC,11/10/2024,OVD023
OVD023,25.0,-59.4,145.1,WGS84_46N,GY,Ragnarok Investment LLC,11/10/2024,OVD023
OVD023,30.0,-59.4,145.3,WGS84_46N,GY,Ragnarok Investment LLC,11/10/2024,OVD023
OVD023,35.0,-59.0,145.4,WGS84_46N,GY,Ragnarok Investment LLC,11/10/2024,OVD023
OVD023,40.0,-58.9,145.6,WGS84_46N,GY,Ragnarok Investment LLC,11/10/2024,OVD023
OVD023,45.0,-59.0,145.7,WGS84_46N,GY,Ragnarok Investment LLC,11/10/2024,OVD023
OVD023,50.0,-58.7,145.7,WGS84_46N,GY,Ragnarok Investment LLC,11/10/2024,OVD023
OVD023,55.0,-58.5,145.5,WGS84_46N,GY,Ragnarok Investment LLC,11/10/2024,OVD023
OVD023,60.0,-58.7,145.5,WGS84_46N,GY,Ragnarok Investment LLC,11/10/2024,OVD023
OVD023,65.0,-58.4,145.6,WGS84_46N,GY,Ragnarok Investment LLC,11/10/2024,OVD023
OVD023,70.0,-58.4,145.6,WGS84_46N,GY,Ragnarok Investment LLC,11/10/2024,OVD023
OVD023,75.0,-58.5,145.5,WGS84_46N,GY,Ragnarok Investment LLC,11/10/2024,OVD023
OVD023,80.0,-58.3,145.5,WGS84_46N,GY,Ragnarok Investment LLC,11/10/2024,OVD023
OVD023,85.0,-58.5,145.5,WGS84_46N,GY,Ragnarok Investment LLC,11/10/2024,OVD023
OVD023,90.0,-58.6,145.6,WGS84_46N,GY,Ragnarok Investment LLC,11/10/2024,OVD023
OVD023,95.0,-58.6,145.7,WGS84_46N,GY,Ragnarok Investment LLC,11/10/2024,OVD023
OVD023,100.0,-58.4,145.8,WGS84_46N,GY,Ragnarok Investment LLC,11/10/2024,OVD023
OVD023,105.0,-58.4,146.0,WGS84_46N,GY,Ragnarok Investment LLC,11/10/2024,OVD023
OVD023,110.0,-58.2,146.2,WGS84_46N,GY,Ragnarok Investment LLC,11/10/2024,OVD023
OVD023,115.0,-58.0,146.2,WGS84_46N,GY,Ragnarok Investment LLC,11/10/2024,OVD023
OVD023,120.0,-58.2,146.3,WGS84_46N,GY,Ragnarok Investment LLC,11/10/2024,OVD023
OVD023,125.0,-57.9,146.3,WGS84_46N,GY,Ragnarok Investment LLC,11/10/2024,OVD023
OVD023,130.0,-57.9,146.4,WGS84_46N,GY,Ragnarok Investment LLC,11/10/2024,OVD023
OVD023,135.0,-58.0,146.3,WGS84_46N,GY,Ragnarok Investment LLC,11/10/2024,OVD023
OVD023,140.0,-58.0,146.3,WGS84_46N,GY,Ragnarok Investment LLC,11/10/2024,OVD023
OVD023,145.0,-58.1,146.4,WGS84_46N,GY,Ragnarok Investment LLC,11/10/2024,OVD023
OVD023,149.9,-58.1,146.4,WGS84_46N,GY,Ragnarok Investment LLC,11/10/2024,OVD023
OVD024,0.0,-64.9,43.7,WGS84_46N,GY,Ragnarok Investment LLC,15/11/2024,OVD024
OVD024,5.0,-64.8,43.5,WGS84_46N,GY,Ragnarok Investment LLC,15/11/2024,OVD024
OVD024,10.0,-64.9,43.4,WGS84_46N,GY,Ragnarok Investment LLC,15/11/2024,OVD024
OVD024,15.0,-64.6,43.3,WGS84_46N,GY,Ragnarok Investment LLC,15/11/2024,OVD024
OVD024,20.0,-64.4,43.3,WGS84_46N,GY,Ragnarok Investment LLC,15/11/2024,OVD024
OVD024,25.0,-64.2,43.4,WGS84_46N,GY,Ragnarok Investment LLC,15/11/2024,OVD024
OVD024,30.0,-64.3,43.4,WGS84_46N,GY,Ragnarok Investment LLC,15/11/2024,OVD024
OVD024,35.0,-64.3,43.7,WGS84_46N,GY,Ragnarok Investment LLC,15/11/2024,OVD024
OVD024,40.0,-64.1,43.7,WGS84_46N,GY,Ragnarok Investment LLC,15/11/2024,OVD024
OVD024,45.0,-64.0,43.9,WGS84_46N,GY,Ragnarok Investment LLC,15/11/2024,OVD024
OVD024,50.0,-63.8,44.1,WGS84_46N,GY,Ragnarok Investment LLC,15/11/2024,OVD024
OVD024,55.0,-63.7,44.4,WGS84_46N,GY,Ragnarok Investment LLC,15/11/2024,OVD024
OVD024,60.0,-63.7,44.6,WGS84_46N,GY,Ragnarok Investment LLC,15/11/2024,OVD024
OVD024,65.0,-63.6,44.4,WGS84_46N,GY,Ragnarok Investment LLC,15/11/2024,OVD024
OVD024,70.0,-63.7,44.5,WGS84_46N,GY,Ragnarok Investment LLC,15/11/2024,OVD024
OVD024,75.0,-63.4,44.3,WGS84_46N,GY,Ragnarok Investment LLC,15/11/2024,OVD024
OVD024,80.0,-63.4,44.3,WGS84_46N,GY,Ragnarok Investment LLC,15/11/2024,OVD024
OVD024,85.0,-63.2,44.1,WGS84_46N,GY,Ragnarok Investment LLC,15/11/2024,OVD024
OVD024,90.0,-63.1,44.1,WGS84_46N,GY,Ragnarok Investment LLC,15/11/2024,OVD024
OVD024,95.0,-63.3,43.9,WGS84_46N,GY,Ragnarok Investment LLC,15/11/2024,OVD024
OVD024,100.0,-63.3,44.0,WGS84_46N,GY,Ragnarok Investment LLC,15/11/2024,OVD024
OVD024,105.0,-63.4,44.0,WGS84_46N,GY,Ragnarok Investment LLC,15/11/2024,OVD024
OVD024,110.0,-63.5,44.2,WGS84_46N,GY,Ragnarok Investment LLC,15/11/2024,OVD024
OVD024,115.0,-63.3,44.2,WGS84_46N,GY,Ragnarok Investment LLC,15/11/2024,OVD024
OVD024,120.0,-63.2,44.1,WGS84_46N,GY,Ragnarok Investment LLC,15/11/2024,OVD024
OVD024,125.0,-63.2,44.2,WGS84_46N,GY,Ragnarok Investment LLC,15/11/2024,OVD024
OVD024,130.0,-63.1,44.1,WGS84_46N,GY,Ragnarok Investment LLC,15/11/2024,OVD024
OVD024,135.0,-63.0,44.1,WGS84_46N,GY,Ragnarok Investment LLC,15/11/2024,OVD024
OVD024,140.0,-63.1,44.1,WGS84_46N,GY,Ragnarok Investment LLC,15/11/2024,OVD024
OVD024,145.0,-63.1,44.1,WGS84_46N,GY,Ragnarok Investment LLC,15/11/2024,OVD024
OVD024,150.0,-63.1,44.0,WGS84_46N,GY,Ragnarok Investment LLC,15/11/2024,OVD024
OVD024,155.0,-63.2,44.0,WGS84_46N,GY,Ragnarok Investment LLC,15/11/2024,OVD024
OVD024,160.0,-63.3,43.8,WGS84_46N,GY,Ragnarok Investment LLC,15/11/2024,OVD024
OVD024,165.0,-63.2,43.8,WGS84_46N,GY,Ragnarok Investment LLC,15/11/2024,OVD024
OVD024,170.4,-63.4,43.9,WGS84_46N,GY,Ragnarok Investment LLC,15/11/2024,OVD024
OVD025,0.0,-54.5,232.2,WGS84_46N,GY,Ragnarok Investment LLC,17/11/2024,OVD025
OVD025,5.0,-54.3,231.7,WGS84_46N,GY,Ragnarok Investment LLC,17/11/2024,OVD025
OVD025,10.0,-54.4,231.8,WGS84_46N,GY,Ragnarok Investment LLC,17/11/2024,OVD025
OVD025,15.0,-54.4,231.7,WGS84_46N,GY,Ragnarok Investment LLC,17/11/2024,OVD025
OVD025,20.0,-54.4,231.7,WGS84_46N,GY,Ragnarok Investment LLC,17/11/2024,OVD025
OVD025,25.0,-54.4,231.5,WGS84_46N,GY,Ragnarok Investment LLC,17/11/2024,OVD025
OVD025,30.0,-54.2,231.5,WGS84_46N,GY,Ragnarok Investment LLC,17/11/2024,OVD025
OVD025,35.0,-54.0,231.5,WGS84_46N,GY,Ragnarok Investment LLC,17/11/2024,OVD025
OVD025,40.0,-54.0,231.6,WGS84_46N,GY,Ragnarok Investment LLC,17/11/2024,OVD025
OVD025,45.0,-54.0,231.8,WGS84_46N,GY,Ragnarok Investment LLC,17/11/2024,OVD025
OVD025,50.0,-54.0,232.0,WGS84_46N,GY,Ragnarok Investment LLC,17/11/2024,OVD025
OVD025,55.0,-53.9,232.1,WGS84_46N,GY,Ragnarok Investment LLC,17/11/2024,OVD025
OVD025,60.0,-53.7,231.9,WGS84_46N,GY,Ragnarok Investment LLC,17/11/2024,OVD025
OVD025,65.9,-53.7,232.0,WGS84_46N,GY,Ragnarok Investment LLC,17/11/2024,OVD025
OVD026,0.0,-50.5,314.1,WGS84_46N,GY,Ragnarok Investment LLC,22/11/2024,OVD026
OVD026,5.0,-50.1,313.9,WGS84_46N,GY,Ragnarok Investment LLC,22/11/2024,OVD026
OVD026,10.0,-50.3,313.6,WGS84_46N,GY,Ragnarok Investment LLC,22/11/2024,OVD026
OVD026,15.0,-50.6,313.8,WGS84_46N,GY,Ragnarok Investment LLC,22/11/2024,OVD026
OVD026,20.0,-50.6,313.7,WGS84_46N,GY,Ragnarok Investment LLC,22/11/2024,OVD026
OVD026,25.0,-50.5,313.9,WGS84_46N,GY,Ragnarok Investment LLC,22/11/2024,OVD026
OVD026,30.0,-50.3,313.9,WGS84_46N,GY,Ragnarok Investment LLC,22/11/2024,OVD026
OVD026,35.0,-50.3,313.9,WGS84_46N,GY,Ragnarok Investment LLC,22/11/2024,OVD026
OVD026,40.0,-50.4,313.9,WGS84_46N,GY,Ragnarok Investment LLC,22/11/2024,OVD026
OVD026,45.0,-50.3,314.0,WGS84_46N,GY,Ragnarok Investment LLC,22/11/2024,OVD026
OVD026,50.0,-50.5,313.9,WGS84_46N,GY,Ragnarok Investment LLC,22/11/2024,OVD026
OVD026,55.0,-50.6,313.8,WGS84_46N,GY,Ragnarok Investment LLC,22/11/2024,OVD026
OVD026,60.0,-50.7,313.7,WGS84_46N,GY,Ragnarok Investment LLC,22/11/2024,OVD026
OVD026,65.0,-50.9,313.5,WGS84_46N,GY,Ragnarok Investment LLC,22/11/2024,OVD026
OVD026,70.0,-50.8,313.5,WGS84_46N,GY,Ragnarok Investment LLC,22/11/2024,OVD026
OVD026,75.0,-50.9,313.4,WGS84_46N,GY,Ragnarok Investment LLC,22/11/2024,OVD026
OVD026,80.0,-50.8,313.5,WGS84_46N,GY,Ragnarok Investment LLC,22/11/2024,OVD026
OVD026,85.0,-50.9,313.5,WGS84_46N,GY,Ragnarok Investment LLC,22/11/2024,OVD026
OVD026,90.0,-51.1,313.5,WGS84_46N,GY,Ragnarok Investment LLC,22/11/2024,OVD026
OVD026,95.0,-51.1,313.3,WGS84_46N,GY,Ragnarok Investment LLC,22/11/2024,OVD026
OVD026,100.0,-51.2,313.2,WGS84_46N,GY,Ragnarok Investment LLC,22/11/2024,OVD026
OVD026,105.0,-51.3,313.0,WGS84_46N,GY,Ragnarok Investment LLC,22/11/2024,OVD026
OVD026,110.0,-51.6,313.0,WGS84_46N,GY,Ragnarok Investment LLC,22/11/2024,OVD026
OVD026,115.0,-51.5,313.0,WGS84_46N,GY,Ragnarok Investment LLC,22/11/2024,OVD026
OVD026,120.0,-51.7,313.0,WGS84_46N,GY,Ragnarok Investment LLC,22/11/2024,OVD026
OVD026,125.0,-51.7,313.1,WGS84_46N,GY,Ragnarok Investment LLC,22/11/2024,OVD026
OVD027,0.0,-65.0,137.2,WGS84_46N,GY,Ragnarok Investment LLC,27/11/2024,OVD027
OVD027,5.0,-65.0,137.1,WGS84_46N,GY,Ragnarok Investment LLC,27/11/2024,OVD027
OVD027,10.0,-65.1,137.7,WGS84_46N,GY,Ragnarok Investment LLC,27/11/2024,OVD027
OVD027,15.0,-65.1,137.6,WGS84_46N,GY,Ragnarok Investment LLC,27/11/2024,OVD027
OVD027,20.0,-65.0,138.2,WGS84_46N,GY,Ragnarok Investment LLC,27/11/2024,OVD027
OVD027,25.0,-65.1,138.2,WGS84_46N,GY,Ragnarok Investment LLC,27/11/2024,OVD027
OVD027,30.0,-65.2,138.5,WGS84_46N,GY,Ragnarok Investment LLC,27/11/2024,OVD027
OVD027,35.0,-65.1,138.9,WGS84_46N,GY,Ragnarok Investment LLC,27/11/2024,OVD027
OVD027,40.0,-65.2,139.0,WGS84_46N,GY,Ragnarok Investment LLC,27/11/2024,OVD027
OVD027,45.0,-65.3,139.1,WGS84_46N,GY,Ragnarok Investment LLC,27/11/2024,OVD027
OVD027,50.0,-65.4,139.2,WGS84_46N,GY,Ragnarok Investment LLC,27/11/2024,OVD027
OVD027,55.0,-65.7,139.5,WGS84_46N,GY,Ragnarok Investment LLC,27/11/2024,OVD027
OVD027,60.0,-65.5,139.5,WGS84_46N,GY,Ragnarok Investment LLC,27/11/2024,OVD027
OVD027,65.0,-65.5,139.7,WGS84_46N,GY,Ragnarok Investment LLC,27/11/2024,OVD027
OVD027,70.0,-65.4,139.9,WGS84_46N,GY,Ragnarok Investment LLC,27/11/2024,OVD027
OVD027,75.0,-65.3,140.0,WGS84_46N,GY,Ragnarok Investment LLC,27/11/2024,OVD027
OVD027,80.0,-65.4,140.2,WGS84_46N,GY,Ragnarok Investment LLC,27/11/2024,OVD027
OVD027,85.0,-65.2,140.2,WGS84_46N,GY,Ragnarok Investment LLC,27/11/2024,OVD027
OVD027,90.0,-65.3,140.5,WGS84_46N,GY,Ragnarok Investment LLC,27/11/2024,OVD027
OVD027,95.0,-65.6,140.4,WGS84_46N,GY,Ragnarok Investment LLC,27/11/2024,OVD027
OVD027,100.0,-65.6,140.6,WGS84_46N,GY,Ragnarok Investment LLC,27/11/2024,OVD027
OVD027,105.0,-65.7,140.7,WGS84_46N,GY,Ragnarok Investment LLC,27/11/2024,OVD027
OVD027,110.0,-65.8,140.6,WGS84_46N,GY,Ragnarok Investment LLC,27/11/2024,OVD027
OVD027,115.0,-65.8,140.6,WGS84_46N,GY,Ragnarok Investment LLC,27/11/2024,OVD027
OVD027,120.0,-65.8,140.7,WGS84_46N,GY,Ragnarok Investment LLC,27/11/2024,OVD027
OVD027,125.0,-65.7,140.8,WGS84_46N,GY,Ragnarok Investment LLC,27/11/2024,OVD027
OVD027,130.0,-65.7,140.9,WGS84_46N,GY,Ragnarok Investment LLC,27/11/2024,OVD027
OVD027,135.0,-65.5,141.1,WGS84_46N,GY,Ragnarok Investment LLC,27/11/2024,OVD027
OVD027,140.0,-65.5,141.2,WGS84_46N,GY,Ragnarok Investment LLC,27/11/2024,OVD027
OVD027,147.9,-65.7,141.5,WGS84_46N,GY,Ragnarok Investment LLC,27/11/2024,OVD027
OVD008,0.0,-69.5,237.2,WGS84_46N,GY,Ragnarok Investment LLC,27/11/2024,OVD008
OVD008,5.0,-69.3,236.5,WGS84_46N,GY,Ragnarok Investment LLC,27/11/2024,OVD008
OVD008,10.0,-69.3,236.6,WGS84_46N,GY,Ragnarok Investment LLC,27/11/2024,OVD008
OVD008,15.0,-69.3,236.7,WGS84_46N,GY,Ragnarok Investment LLC,27/11/2024,OVD008
OVD008,20.0,-69.4,237.1,WGS84_46N,GY,Ragnarok Investment LLC,27/11/2024,OVD008
OVD008,25.0,-69.5,237.2,WGS84_46N,GY,Ragnarok Investment LLC,27/11/2024,OVD008
OVD008,30.0,-69.5,237.4,WGS84_46N,GY,Ragnarok Investment LLC,27/11/2024,OVD008
OVD008,35.0,-69.6,237.7,WGS84_46N,GY,Ragnarok Investment LLC,27/11/2024,OVD008
OVD008,40.0,-69.4,238.0,WGS84_46N,GY,Ragnarok Investment LLC,27/11/2024,OVD008
OVD008,45.0,-69.5,238.0,WGS84_46N,GY,Ragnarok Investment LLC,27/11/2024,OVD008
OVD008,50.0,-69.5,237.8,WGS84_46N,GY,Ragnarok Investment LLC,27/11/2024,OVD008
OVD008,55.0,-69.6,238.0,WGS84_46N,GY,Ragnarok Investment LLC,27/11/2024,OVD008
OVD008,60.0,-69.6,237.9,WGS84_46N,GY,Ragnarok Investment LLC,27/11/2024,OVD008
OVD008,65.0,-69.7,237.9,WGS84_46N,GY,Ragnarok Investment LLC,27/11/2024,OVD008
OVD008,70.0,-69.7,237.9,WGS84_46N,GY,Ragnarok Investment LLC,27/11/2024,OVD008
OVD008,75.0,-69.6,237.9,WGS84_46N,GY,Ragnarok Investment LLC,27/11/2024,OVD008
OVD008,80.0,-69.7,237.9,WGS84_46N,GY,Ragnarok Investment LLC,27/11/2024,OVD008
OVD008,85.0,-69.8,237.9,WGS84_46N,GY,Ragnarok Investment LLC,27/11/2024,OVD008
OVD008,90.0,-69.9,237.9,WGS84_46N,GY,Ragnarok Investment LLC,27/11/2024,OVD008
OVD008,95.0,-69.8,237.9,WGS84_46N,GY,Ragnarok Investment LLC,27/11/2024,OVD008
OVD008,100.0,-69.7,238.8,WGS84_46N,GY,Ragnarok Investment LLC,27/11/2024,OVD008
OVD008,105.0,-69.9,238.9,WGS84_46N,GY,Ragnarok Investment LLC,27/11/2024,OVD008
OVD008,110.5,-69.9,238.9,WGS84_46N,GY,Ragnarok Investment LLC,27/11/2024,OVD008
OVD009,5.0,-78.0,228.6,WGS84_46N,"Ez-trac, Multi shot",Ragnarok Investment LLC,5/30/2023,OVD009
OVD009,11.0,-78.0,234.4,WGS84_46N,"Ez-trac, Multi shot",Ragnarok Investment LLC,5/30/2023,OVD009
OVD009,17.0,-78.0,239.8,WGS84_46N,"Ez-trac, Multi shot",Ragnarok Investment LLC,5/30/2023,OVD009
OVD009,23.0,-78.0,241.8,WGS84_46N,"Ez-trac, Multi shot",Ragnarok Investment LLC,5/30/2023,OVD009
OVD009,29.0,-78.0,241.3,WGS84_46N,"Ez-trac, Multi shot",Ragnarok Investment LLC,5/30/2023,OVD009
OVD009,35.0,-78.0,242.5,WGS84_46N,"Ez-trac, Multi shot",Ragnarok Investment LLC,5/30/2023,OVD009
OVD009,41.0,-78.0,244.4,WGS84_46N,"Ez-trac, Multi shot",Ragnarok Investment LLC,5/30/2023,OVD009
OVD009,47.0,-78.0,243.0,WGS84_46N,"Ez-trac, Multi shot",Ragnarok Investment LLC,5/30/2023,OVD009
OVD009,53.0,-78.0,243.2,WGS84_46N,"Ez-trac, Multi shot",Ragnarok Investment LLC,5/30/2023,OVD009
OVD009,59.0,-78.0,243.4,WGS84_46N,"Ez-trac, Multi shot",Ragnarok Investment LLC,5/30/2023,OVD009
OVD009,65.0,-78.0,242.4,WGS84_46N,"Ez-trac, Multi shot",Ragnarok Investment LLC,5/30/2023,OVD009
OVD009,71.0,-78.0,242.3,WGS84_46N,"Ez-trac, Multi shot",Ragnarok Investment LLC,5/30/2023,OVD009
OVD009,77.0,-78.0,242.4,WGS84_46N,"Ez-trac, Multi shot",Ragnarok Investment LLC,5/30/2023,OVD009
OVD009,83.0,-78.0,241.7,WGS84_46N,"Ez-trac, Multi shot",Ragnarok Investment LLC,5/30/2023,OVD009
OVD009,89.0,-78.0,242.2,WGS84_46N,"Ez-trac, Multi shot",Ragnarok Investment LLC,5/30/2023,OVD009
OVD009,95.0,-78.0,242.2,WGS84_46N,"Ez-trac, Multi shot",Ragnarok Investment LLC,5/30/2023,OVD009
OVD009,101.0,-78.0,242.0,WGS84_46N,"Ez-trac, Multi shot",Ragnarok Investment LLC,5/30/2023,OVD009
OVD009,107.0,-78.0,241.9,WGS84_46N,"Ez-trac, Multi shot",Ragnarok Investment LLC,5/30/2023,OVD009
OVD009,113.0,-78.0,241.9,WGS84_46N,"Ez-trac, Multi shot",Ragnarok Investment LLC,5/30/2023,OVD009
OVD009,119.0,-78.0,242.2,WGS84_46N,"Ez-trac, Multi shot",Ragnarok Investment LLC,5/30/2023,OVD009
OVD009,125.0,-78.0,242.3,WGS84_46N,"Ez-trac, Multi shot",Ragnarok Investment LLC,5/30/2023,OVD009
OVD009,131.0,-78.0,242.9,WGS84_46N,"Ez-trac, Multi shot",Ragnarok Investment LLC,5/30/2023,OVD009
OVD009,137.0,-78.0,243.1,WGS84_46N,"Ez-trac, Multi shot",Ragnarok Investment LLC,5/30/2023,OVD009
OVD009,143.0,-78.0,243.0,WGS84_46N,"Ez-trac, Multi shot",Ragnarok Investment LLC,5/30/2023,OVD009
OVD009,149.0,-78.0,242.0,WGS84_46N,"Ez-trac, Multi shot",Ragnarok Investment LLC,5/30/2023,OVD009
OVD009,155.0,-78.0,242.1,WGS84_46N,"Ez-trac, Multi shot",Ragnarok Investment LLC,5/30/2023,OVD009
OVD009,161.0,-78.0,244.4,WGS84_46N,"Ez-trac, Multi shot",Ragnarok Investment LLC,5/30/2023,OVD009
OVD009,167.0,-78.0,240.2,WGS84_46N,"Ez-trac, Multi shot",Ragnarok Investment LLC,5/30/2023,OVD009
OVD009,173.0,-78.0,237.4,WGS84_46N,"Ez-trac, Multi shot",Ragnarok Investment LLC,5/30/2023,OVD009
OVD009,179.0,-78.0,240.9,WGS84_46N,"Ez-trac, Multi shot",Ragnarok Investment LLC,5/30/2023,OVD009
OVD009,185.0,-78.0,241.6,WGS84_46N,"Ez-trac, Multi shot",Ragnarok Investment LLC,5/30/2023,OVD009
OVD009,191.0,-78.0,247.8,WGS84_46N,"Ez-trac, Multi shot",Ragnarok Investment LLC,5/30/2023,OVD009
OVD009,197.0,-78.0,246.5,WGS84_46N,"Ez-trac, Multi shot",Ragnarok Investment LLC,5/30/2023,OVD009
OVD009,240.0,-78.0,246.5,WGS84_46N,"Ez-trac, Multi shot",Ragnarok Investment LLC,5/30/2023,OVD009
OVD028,0.0,-62.53,204.32,WGS84_46N,GM,Ragnarok Investment LLC,11/29/2024,OVD028
OVD028,5.0,-62.41,204.36,WGS84_46N,GM,Ragnarok Investment LLC,11/29/2024,OVD028
OVD028,10.0,-62.24,204.42,WGS84_46N,GM,Ragnarok Investment LLC,11/29/2024,OVD028
OVD028,15.0,-62.58,204.55,WGS84_46N,GM,Ragnarok Investment LLC,11/29/2024,OVD028
OVD028,20.0,-62.66,204.72,WGS84_46N,GM,Ragnarok Investment LLC,11/29/2024,OVD028
OVD028,25.0,-62.59,204.77,WGS84_46N,GM,Ragnarok Investment LLC,11/29/2024,OVD028
OVD028,30.0,-62.63,204.74,WGS84_46N,GM,Ragnarok Investment LLC,11/29/2024,OVD028
OVD028,35.0,-62.42,204.58,WGS84_46N,GM,Ragnarok Investment LLC,11/29/2024,OVD028
OVD028,40.0,-62.17,204.36,WGS84_46N,GM,Ragnarok Investment LLC,11/29/2024,OVD028
OVD028,45.0,-61.97,203.9,WGS84_46N,GM,Ragnarok Investment LLC,11/29/2024,OVD028
OVD028,50.0,-61.71,203.54,WGS84_46N,GM,Ragnarok Investment LLC,11/29/2024,OVD028
OVD028,53.9,-61.66,203.51,WGS84_46N,GM,Ragnarok Investment LLC,11/29/2024,OVD028
OVD029,0.0,-68.6,132.0,WGS84_46N,GM,Ragnarok Investment LLC,3/12/2024,OVD029
OVD029,5.0,-68.6,130.5,WGS84_46N,GM,Ragnarok Investment LLC,3/12/2024,OVD029
OVD029,10.0,-68.5,130.4,WGS84_46N,GM,Ragnarok Investment LLC,3/12/2024,OVD029
OVD029,15.0,-68.4,130.3,WGS84_46N,GM,Ragnarok Investment LLC,3/12/2024,OVD029
OVD029,20.0,-68.3,130.5,WGS84_46N,GM,Ragnarok Investment LLC,3/12/2024,OVD029
OVD029,25.0,-68.2,130.7,WGS84_46N,GM,Ragnarok Investment LLC,3/12/2024,OVD029
OVD029,30.0,-68.2,130.9,WGS84_46N,GM,Ragnarok Investment LLC,3/12/2024,OVD029
OVD029,35.0,-68.2,131.1,WGS84_46N,GM,Ragnarok Investment LLC,3/12/2024,OVD029
OVD029,40.0,-68.3,131.2,WGS84_46N,GM,Ragnarok Investment LLC,3/12/2024,OVD029
OVD029,45.0,-68.4,131.3,WGS84_46N,GM,Ragnarok Investment LLC,3/12/2024,OVD029
OVD029,50.0,-68.5,131.3,WGS84_46N,GM,Ragnarok Investment LLC,3/12/2024,OVD029
OVD029,55.0,-68.5,131.4,WGS84_46N,GM,Ragnarok Investment LLC,3/12/2024,OVD029
OVD029,60.0,-68.5,131.5,WGS84_46N,GM,Ragnarok Investment LLC,3/12/2024,OVD029
OVD029,65.0,-68.4,131.6,WGS84_46N,GM,Ragnarok Investment LLC,3/12/2024,OVD029
OVD029,70.0,-68.4,131.8,WGS84_46N,GM,Ragnarok Investment LLC,3/12/2024,OVD029
OVD029,75.0,-68.4,131.7,WGS84_46N,GM,Ragnarok Investment LLC,3/12/2024,OVD029
OVD029,80.0,-68.5,132.2,WGS84_46N,GM,Ragnarok Investment LLC,3/12/2024,OVD029
OVD029,85.0,-68.6,132.3,WGS84_46N,GM,Ragnarok Investment LLC,3/12/2024,OVD029
OVD029,90.0,-68.6,132.2,WGS84_46N,GM,Ragnarok Investment LLC,3/12/2024,OVD029
OVD029,95.0,-68.6,132.4,WGS84_46N,GM,Ragnarok Investment LLC,3/12/2024,OVD029
OVD029,100.0,-68.4,132.6,WGS84_46N,GM,Ragnarok Investment LLC,3/12/2024,OVD029
OVD029,105.0,-68.6,132.6,WGS84_46N,GM,Ragnarok Investment LLC,3/12/2024,OVD029
OVD029,110.0,-68.7,132.6,WGS84_46N,GM,Ragnarok Investment LLC,3/12/2024,OVD029
OVD029,115.0,-68.7,132.7,WGS84_46N,GM,Ragnarok Investment LLC,3/12/2024,OVD029
OVD029,120.0,-68.9,132.6,WGS84_46N,GM,Ragnarok Investment LLC,3/12/2024,OVD029
OVD029,125.0,-68.8,132.7,WGS84_46N,GM,Ragnarok Investment LLC,3/12/2024,OVD029
OVD029,130.0,-68.8,132.8,WGS84_46N,GM,Ragnarok Investment LLC,3/12/2024,OVD029
OVD029,135.0,-68.8,133.3,WGS84_46N,GM,Ragnarok Investment LLC,3/12/2024,OVD029
OVD029,140.0,-68.8,133.8,WGS84_46N,GM,Ragnarok Investment LLC,3/12/2024,OVD029
OVD029,145.0,-68.7,134.2,WGS84_46N,GM,Ragnarok Investment LLC,3/12/2024,OVD029
OVD029,150.0,-68.6,134.2,WGS84_46N,GM,Ragnarok Investment LLC,3/12/2024,OVD029
OVD029,155.0,-68.5,134.5,WGS84_46N,GM,Ragnarok Investment LLC,3/12/2024,OVD029
OVD029,160.0,-68.4,134.7,WGS84_46N,GM,Ragnarok Investment LLC,3/12/2024,OVD029
OVD029,165.0,-68.3,134.7,WGS84_46N,GM,Ragnarok Investment LLC,3/12/2024,OVD029
OVD029,170.0,-68.4,134.6,WGS84_46N,GM,Ragnarok Investment LLC,3/12/2024,OVD029
OVD029,175.5,-68.4,134.9,WGS84_46N,GM,Ragnarok Investment LLC,3/12/2024,OVD029
OVD030,0.0,-85.0,352.7,WGS84_46N,GM,Ragnarok Investment LLC,8/11/2025,OVD030
OVD030,10.0,-85.3,354.8,WGS84_46N,GM,Ragnarok Investment LLC,8/11/2025,OVD030
OVD030,20.0,-85.2,354.2,WGS84_46N,GM,Ragnarok Investment LLC,8/11/2025,OVD030
OVD030,30.0,-85.2,354.5,WGS84_46N,GM,Ragnarok Investment LLC,8/11/2025,OVD030
OVD030,40.0,-85.3,354.9,WGS84_46N,GM,Ragnarok Investment LLC,8/11/2025,OVD030
OVD030,50.0,-85.5,357.1,WGS84_46N,GM,Ragnarok Investment LLC,8/11/2025,OVD030
OVD030,60.0,-85.4,356.8,WGS84_46N,GM,Ragnarok Investment LLC,8/11/2025,OVD030
OVD030,70.0,-85.4,357.6,WGS84_46N,GM,Ragnarok Investment LLC,8/11/2025,OVD030
OVD030,80.0,-85.4,359.3,WGS84_46N,GM,Ragnarok Investment LLC,8/11/2025,OVD030
OVD030,90.0,-85.4,358.1,WGS84_46N,GM,Ragnarok Investment LLC,8/11/2025,OVD030
OVD030,100.0,-85.5,358.2,WGS84_46N,GM,Ragnarok Investment LLC,8/11/2025,OVD030
OVD030,110.0,-85.3,359.3,WGS84_46N,GM,Ragnarok Investment LLC,8/11/2025,OVD030
OVD030,120.0,-85.4,358.2,WGS84_46N,GM,Ragnarok Investment LLC,8/11/2025,OVD030
OVD030,130.0,-85.4,357.9,WGS84_46N,GM,Ragnarok Investment LLC,8/11/2025,OVD030
OVD030,140.0,-85.4,358.2,WGS84_46N,GM,Ragnarok Investment LLC,8/11/2025,OVD030
OVD030,150.0,-85.5,359.4,WGS84_46N,GM,Ragnarok Investment LLC,8/11/2025,OVD030
OVD030,160.0,-85.4,359.5,WGS84_46N,GM,Ragnarok Investment LLC,8/11/2025,OVD030
OVD030,170.0,-85.3,0.6,WGS84_46N,GM,Ragnarok Investment LLC,8/11/2025,OVD030
OVD030,180.0,-85.2,1.0,WGS84_46N,GM,Ragnarok Investment LLC,8/11/2025,OVD030
OVD030,190.0,-85.4,3.4,WGS84_46N,GM,Ragnarok Investment LLC,8/11/2025,OVD030
OVD030,200.0,-85.4,1.6,WGS84_46N,GM,Ragnarok Investment LLC,8/11/2025,OVD030
OVD030,210.0,-85.5,3.2,WGS84_46N,GM,Ragnarok Investment LLC,8/11/2025,OVD030
OVD030,220.0,-85.3,2.2,WGS84_46N,GM,Ragnarok Investment LLC,8/11/2025,OVD030
OVD030,230.0,-85.2,4.0,WGS84_46N,GM,Ragnarok Investment LLC,8/11/2025,OVD030
OVD030,240.0,-85.4,3.6,WGS84_46N,GM,Ragnarok Investment LLC,8/11/2025,OVD030
OVD030,250.0,-85.2,3.4,WGS84_46N,GM,Ragnarok Investment LLC,8/11/2025,OVD030
OVD030,260.0,-85.4,2.7,WGS84_46N,GM,Ragnarok Investment LLC,8/11/2025,OVD030
OVD030,270.0,-85.3,1.8,WGS84_46N,GM,Ragnarok Investment LLC,8/11/2025,OVD030
OVD030,280.0,-85.3,2.3,WGS84_46N,GM,Ragnarok Investment LLC,8/11/2025,OVD030
OVD030,290.0,-85.3,3.4,WGS84_46N,GM,Ragnarok Investment LLC,8/11/2025,OVD030
OVD030,300.0,-85.2,4.1,WGS84_46N,GM,Ragnarok Investment LLC,8/11/2025,OVD030
OVD030,310.0,-85.2,3.5,WGS84_46N,GM,Ragnarok Investment LLC,8/11/2025,OVD030
OVD030,320.0,-85.3,5.9,WGS84_46N,GM,Ragnarok Investment LLC,8/11/2025,OVD030
OVD030,330.0,-85.1,4.2,WGS84_46N,GM,Ragnarok Investment LLC,8/11/2025,OVD030
OVD030,340.0,-85.3,5.8,WGS84_46N,GM,Ragnarok Investment LLC,8/11/2025,OVD030
OVD030,350.0,-85.1,4.9,WGS84_46N,GM,Ragnarok Investment LLC,8/11/2025,OVD030
OVD030,360.0,-85.1,5.0,WGS84_46N,GM,Ragnarok Investment LLC,8/11/2025,OVD030
OVD030,370.0,-85.3,4.9,WGS84_46N,GM,Ragnarok Investment LLC,8/11/2025,OVD030
OVD030,380.0,-85.2,5.9,WGS84_46N,GM,Ragnarok Investment LLC,8/11/2025,OVD030
OVD030,390.0,-85.1,6.4,WGS84_46N,GM,Ragnarok Investment LLC,8/11/2025,OVD030
OVD030,400.0,-85.1,6.9,WGS84_46N,GM,Ragnarok Investment LLC,8/11/2025,OVD030
OVD030,410.0,-85.1,6.3,WGS84_46N,GM,Ragnarok Investment LLC,8/11/2025,OVD030
OVD030,420.0,-85.2,9.6,WGS84_46N,GM,Ragnarok Investment LLC,8/11/2025,OVD030
OVD030,430.0,-85.1,9.1,WGS84_46N,GM,Ragnarok Investment LLC,8/11/2025,OVD030
OVD030,440.0,-85.2,10.0,WGS84_46N,GM,Ragnarok Investment LLC,8/11/2025,OVD030
OVD030,450.0,-85.1,10.4,WGS84_46N,GM,Ragnarok Investment LLC,8/11/2025,OVD030
OVD030,459.5,-85.1,10.6,WGS84_46N,GM,Ragnarok Investment LLC,8/11/2025,OVD030
SC05,0.0,-70.17,30.0,WGS84_46N,GM,Ragnarok Investment LLC,4/1/2025,SC05
SC05,5.0,-70.17,29.93,WGS84_46N,GM,Ragnarok Investment LLC,4/1/2025,SC05
SC05,10.0,-70.02,30.18,WGS84_46N,GM,Ragnarok Investment LLC,4/1/2025,SC05
SC05,15.0,-69.95,30.38,WGS84_46N,GM,Ragnarok Investment LLC,4/1/2025,SC05
SC05,20.0,-69.91,30.2,WGS84_46N,GM,Ragnarok Investment LLC,4/1/2025,SC05
SC05,25.0,-69.84,30.37,WGS84_46N,GM,Ragnarok Investment LLC,4/1/2025,SC05
SC05,30.0,-69.85,30.25,WGS84_46N,GM,Ragnarok Investment LLC,4/1/2025,SC05
SC05,35.0,-69.79,30.68,WGS84_46N,GM,Ragnarok Investment LLC,4/1/2025,SC05
SC05,40.0,-69.8,31.05,WGS84_46N,GM,Ragnarok Investment LLC,4/1/2025,SC05
SC05,45.0,-69.78,31.16,WGS84_46N,GM,Ragnarok Investment LLC,4/1/2025,SC05
SC05,50.0,-69.71,31.43,WGS84_46N,GM,Ragnarok Investment LLC,4/1/2025,SC05
SC05,55.0,-69.63,31.32,WGS84_46N,GM,Ragnarok Investment LLC,4/1/2025,SC05
SC05,60.0,-69.47,31.7,WGS84_46N,GM,Ragnarok Investment LLC,4/1/2025,SC05
SC05,65.0,-69.38,31.95,WGS84_46N,GM,Ragnarok Investment LLC,4/1/2025,SC05
SC05,70.0,-69.44,32.05,WGS84_46N,GM,Ragnarok Investment LLC,4/1/2025,SC05
SC05,75.0,-69.45,32.42,WGS84_46N,GM,Ragnarok Investment LLC,4/1/2025,SC05
SC05,80.0,-69.44,32.55,WGS84_46N,GM,Ragnarok Investment LLC,4/1/2025,SC05
SC05,85.0,-69.46,32.95,WGS84_46N,GM,Ragnarok Investment LLC,4/1/2025,SC05
SC05,90.0,-69.51,32.98,WGS84_46N,GM,Ragnarok Investment LLC,4/1/2025,SC05
SC05,95.0,-69.49,33.14,WGS84_46N,GM,Ragnarok Investment LLC,4/1/2025,SC05
SC05,100.0,-69.44,33.67,WGS84_46N,GM,Ragnarok Investment LLC,4/1/2025,SC05
SC05,105.0,-69.36,34.54,WGS84_46N,GM,Ragnarok Investment LLC,4/1/2025,SC05
SC05,110.0,-69.38,34.62,WGS84_46N,GM,Ragnarok Investment LLC,4/1/2025,SC05
SC05,115.0,-69.42,35.11,WGS84_46N,GM,Ragnarok Investment LLC,4/1/2025,SC05
SC05,120.0,-69.37,35.34,WGS84_46N,GM,Ragnarok Investment LLC,4/1/2025,SC05
SC05,125.0,-69.3,35.58,WGS84_46N,GM,Ragnarok Investment LLC,4/1/2025,SC05
SC05,130.0,-69.23,35.39,WGS84_46N,GM,Ragnarok Investment LLC,4/1/2025,SC05
SC05,135.0,-69.3,35.33,WGS84_46N,GM,Ragnarok Investment LLC,4/1/2025,SC05
SC05,140.0,-69.36,35.62,WGS84_46N,GM,Ragnarok Investment LLC,4/1/2025,SC05
SC05,145.0,-69.33,35.67,WGS84_46N,GM,Ragnarok Investment LLC,4/1/2025,SC05
SC05,150.0,-69.29,36.05,WGS84_46N,GM,Ragnarok Investment LLC,4/1/2025,SC05
SC05,155.0,-69.26,36.2,WGS84_46N,GM,Ragnarok Investment LLC,4/1/2025,SC05
SC05,160.0,-69.16,36.84,WGS84_46N,GM,Ragnarok Investment LLC,4/1/2025,SC05
SC05,165.0,-69.11,36.91,WGS84_46N,GM,Ragnarok Investment LLC,4/1/2025,SC05
SC05,170.0,-69.14,37.02,WGS84_46N,GM,Ragnarok Investment LLC,4/1/2025,SC05
SC05,175.0,-69.23,37.43,WGS84_46N,GM,Ragnarok Investment LLC,4/1/2025,SC05
SC05,180.0,-69.31,37.89,WGS84_46N,GM,Ragnarok Investment LLC,4/1/2025,SC05
SC05,185.0,-69.25,38.07,WGS84_46N,GM,Ragnarok Investment LLC,4/1/2025,SC05
SC05,190.0,-69.16,38.45,WGS84_46N,GM,Ragnarok Investment LLC,4/1/2025,SC05
SC05,195.0,-69.12,38.77,WGS84_46N,GM,Ragnarok Investment LLC,4/1/2025,SC05
SC05,200.0,-69.06,39.01,WGS84_46N,GM,Ragnarok Investment LLC,4/1/2025,SC05
SC05,205.0,-68.97,39.22,WGS84_46N,GM,Ragnarok Investment LLC,4/1/2025,SC05
SC05,210.0,-69.02,39.28,WGS84_46N,GM,Ragnarok Investment LLC,4/1/2025,SC05
SC05,215.0,-69.05,39.43,WGS84_46N,GM,Ragnarok Investment LLC,4/1/2025,SC05
SC05,220.0,-68.94,39.5,WGS84_46N,GM,Ragnarok Investment LLC,4/1/2025,SC05
SC05,225.0,-68.84,39.56,WGS84_46N,GM,Ragnarok Investment LLC,4/1/2025,SC05
SC05,230.0,-68.63,39.73,WGS84_46N,GM,Ragnarok Investment LLC,4/1/2025,SC05
SC05,235.0,-68.59,39.72,WGS84_46N,GM,Ragnarok Investment LLC,4/1/2025,SC05
SC05,240.0,-68.56,39.92,WGS84_46N,GM,Ragnarok Investment LLC,4/1/2025,SC05
SC05,245.0,-68.48,39.78,WGS84_46N,GM,Ragnarok Investment LLC,4/1/2025,SC05
SC05,250.0,-68.45,40.09,WGS84_46N,GM,Ragnarok Investment LLC,4/1/2025,SC05
SC05,255.0,-68.34,40.1,WGS84_46N,GM,Ragnarok Investment LLC,4/1/2025,SC05
SC05,260.0,-68.29,40.23,WGS84_46N,GM,Ragnarok Investment LLC,4/1/2025,SC05
SC05,265.0,-68.22,40.31,WGS84_46N,GM,Ragnarok Investment LLC,4/1/2025,SC05
SC05,270.0,-68.11,40.34,WGS84_46N,GM,Ragnarok Investment LLC,4/1/2025,SC05
SC05,275.0,-68.1,40.44,WGS84_46N,GM,Ragnarok Investment LLC,4/1/2025,SC05
SC05,280.0,-68.0,40.46,WGS84_46N,GM,Ragnarok Investment LLC,4/1/2025,SC05
SC05,285.0,-67.94,40.14,WGS84_46N,GM,Ragnarok Investment LLC,4/1/2025,SC05
SC05,290.0,-67.74,40.14,WGS84_46N,GM,Ragnarok Investment LLC,4/1/2025,SC05
SC05,295.0,-67.59,40.15,WGS84_46N,GM,Ragnarok Investment LLC,4/1/2025,SC05
SC05,300.0,-67.57,40.38,WGS84_46N,GM,Ragnarok Investment LLC,4/1/2025,SC05
SC05,305.0,-67.48,40.34,WGS84_46N,GM,Ragnarok Investment LLC,4/1/2025,SC05
SC05,310.0,-67.44,40.35,WGS84_46N,GM,Ragnarok Investment LLC,4/1/2025,SC05
SC05,315.0,-67.42,40.63,WGS84_46N,GM,Ragnarok Investment LLC,4/1/2025,SC05
SC05,320.0,-67.34,40.68,WGS84_46N,GM,Ragnarok Investment LLC,4/1/2025,SC05
SC05,325.0,-67.37,40.68,WGS84_46N,GM,Ragnarok Investment LLC,4/1/2025,SC05
SC05,330.0,-67.26,40.8,WGS84_46N,GM,Ragnarok Investment LLC,4/1/2025,SC05
SC05,335.0,-67.24,40.95,WGS84_46N,GM,Ragnarok Investment LLC,4/1/2025,SC05
SC05,340.0,-67.18,41.04,WGS84_46N,GM,Ragnarok Investment LLC,4/1/2025,SC05
SC05,345.0,-67.05,40.83,WGS84_46N,GM,Ragnarok Investment LLC,4/1/2025,SC05
SC05,350.0,-67.17,41.06,WGS84_46N,GM,Ragnarok Investment LLC,4/1/2025,SC05
SC05,355.0,-67.16,41.16,WGS84_46N,GM,Ragnarok Investment LLC,4/1/2025,SC05
SC05,360.0,-67.19,41.12,WGS84_46N,GM,Ragnarok Investment LLC,4/1/2025,SC05
SC05,365.0,-67.14,41.24,WGS84_46N,GM,Ragnarok Investment LLC,4/1/2025,SC05
SC05,370.0,-66.9,41.21,WGS84_46N,GM,Ragnarok Investment LLC,4/1/2025,SC05
SC05,375.0,-66.85,41.28,WGS84_46N,GM,Ragnarok Investment LLC,4/1/2025,SC05
SC05,380.0,-66.9,41.33,WGS84_46N,GM,Ragnarok Investment LLC,4/1/2025,SC05
SC05,385.0,-66.93,41.66,WGS84_46N,GM,Ragnarok Investment LLC,4/1/2025,SC05
SC05,390.0,-66.93,41.64,WGS84_46N,GM,Ragnarok Investment LLC,4/1/2025,SC05
SC05,395.0,-66.75,41.92,WGS84_46N,GM,Ragnarok Investment LLC,4/1/2025,SC05
SC05,402.0,-66.7,41.96,WGS84_46N,GM,Ragnarok Investment LLC,4/1/2025,SC05
OVD031,0.0,-70.52,60.52,WGS84_46N,GM,Ragnarok Investment LLC,4/5/2024/15/255,OVD031
OVD031,5.0,-70.4,60.37,WGS84_46N,GM,Ragnarok Investment LLC,4/5/2025,OVD031
OVD031,10.0,-70.27,61.01,WGS84_46N,GM,Ragnarok Investment LLC,4/5/2025,OVD031
OVD031,15.0,-70.25,61.51,WGS84_46N,GM,Ragnarok Investment LLC,4/5/2025,OVD031
OVD031,20.0,-70.25,61.89,WGS84_46N,GM,Ragnarok Investment LLC,4/5/2025,OVD031
OVD031,25.0,-70.13,62.21,WGS84_46N,GM,Ragnarok Investment LLC,4/5/2025,OVD031
OVD031,30.0,-70.04,62.27,WGS84_46N,GM,Ragnarok Investment LLC,4/5/2025,OVD031
OVD031,35.0,-69.97,62.18,WGS84_46N,GM,Ragnarok Investment LLC,4/5/2025,OVD031
OVD031,40.0,-70.04,62.67,WGS84_46N,GM,Ragnarok Investment LLC,4/5/2025,OVD031
OVD031,45.0,-69.98,62.75,WGS84_46N,GM,Ragnarok Investment LLC,4/5/2025,OVD031
OVD031,50.0,-69.8,62.8,WGS84_46N,GM,Ragnarok Investment LLC,4/5/2025,OVD031
OVD031,55.0,-69.7,62.8,WGS84_46N,GM,Ragnarok Investment LLC,4/5/2025,OVD031
OVD031,60.0,-69.5,63.0,WGS84_46N,GM,Ragnarok Investment LLC,4/5/2025,OVD031
OVD031,65.0,-69.5,62.9,WGS84_46N,GM,Ragnarok Investment LLC,4/5/2025,OVD031
OVD031,70.0,-69.4,62.7,WGS84_46N,GM,Ragnarok Investment LLC,4/5/2025,OVD031
OVD031,75.0,-69.3,62.9,WGS84_46N,GM,Ragnarok Investment LLC,4/5/2025,OVD031
OVD031,80.0,-69.4,62.8,WGS84_46N,GM,Ragnarok Investment LLC,4/5/2025,OVD031
OVD031,85.0,-69.4,62.7,WGS84_46N,GM,Ragnarok Investment LLC,4/5/2025,OVD031
OVD031,90.0,-69.4,63.3,WGS84_46N,GM,Ragnarok Investment LLC,4/5/2025,OVD031
OVD031,95.0,-69.3,63.6,WGS84_46N,GM,Ragnarok Investment LLC,4/5/2025,OVD031
OVD031,100.0,-69.1,63.8,WGS84_46N,GM,Ragnarok Investment LLC,4/5/2025,OVD031
OVD031,105.0,-69.0,63.7,WGS84_46N,GM,Ragnarok Investment LLC,4/5/2025,OVD031
OVD031,110.0,-68.9,63.9,WGS84_46N,GM,Ragnarok Investment LLC,4/5/2025,OVD031
OVD031,115.0,-68.9,63.9,WGS84_46N,GM,Ragnarok Investment LLC,4/5/2025,OVD031
OVD031,120.0,-68.9,64.2,WGS84_46N,GM,Ragnarok Investment LLC,4/5/2025,OVD031
OVD031,128.2,-68.9,64.3,WGS84_46N,GM,Ragnarok Investment LLC,4/5/2025,OVD031
OVD032,0.0,-55.1,59.0,WGS84_46N,GM,Ragnarok Investment LLC,4/15/2025,OVD032
OVD032,5.0,-55.2,59.45,WGS84_46N,GM,Ragnarok Investment LLC,4/15/2025,OVD032
OVD032,10.0,-55.15,59.67,WGS84_46N,GM,Ragnarok Investment LLC,4/15/2025,OVD032
OVD032,15.0,-55.2,59.76,WGS84_46N,GM,Ragnarok Investment LLC,4/15/2025,OVD032
OVD032,20.0,-55.36,59.73,WGS84_46N,GM,Ragnarok Investment LLC,4/15/2025,OVD032
OVD032,25.0,-55.28,59.81,WGS84_46N,GM,Ragnarok Investment LLC,4/15/2025,OVD032
OVD032,30.0,-55.23,59.86,WGS84_46N,GM,Ragnarok Investment LLC,4/15/2025,OVD032
OVD032,35.0,-55.02,60.04,WGS84_46N,GM,Ragnarok Investment LLC,4/15/2025,OVD032
OVD032,40.0,-54.96,60.23,WGS84_46N,GM,Ragnarok Investment LLC,4/15/2025,OVD032
OVD032,45.0,-54.94,60.35,WGS84_46N,GM,Ragnarok Investment LLC,4/15/2025,OVD032
OVD032,50.0,-54.8,60.62,WGS84_46N,GM,Ragnarok Investment LLC,4/15/2025,OVD032
OVD032,55.0,-54.62,60.67,WGS84_46N,GM,Ragnarok Investment LLC,4/15/2025,OVD032
OVD032,60.0,-54.52,60.72,WGS84_46N,GM,Ragnarok Investment LLC,4/15/2025,OVD032
OVD032,65.0,-54.28,60.9,WGS84_46N,GM,Ragnarok Investment LLC,4/15/2025,OVD032
OVD032,70.0,-54.2,61.11,WGS84_46N,GM,Ragnarok Investment LLC,4/15/2025,OVD032
OVD032,75.0,-54.27,61.13,WGS84_46N,GM,Ragnarok Investment LLC,4/15/2025,OVD032
OVD032,80.0,-53.95,61.2,WGS84_46N,GM,Ragnarok Investment LLC,4/15/2025,OVD032
OVD032,85.0,-53.94,61.23,WGS84_46N,GM,Ragnarok Investment LLC,4/15/2025,OVD032
OVD032,90.0,-53.89,61.24,WGS84_46N,GM,Ragnarok Investment LLC,4/15/2025,OVD032
OVD032,95.0,-53.71,61.21,WGS84_46N,GM,Ragnarok Investment LLC,4/15/2025,OVD032
OVD032,100.0,-53.56,61.4,WGS84_46N,GM,Ragnarok Investment LLC,4/15/2025,OVD032
OVD032,105.0,-53.39,61.35,WGS84_46N,GM,Ragnarok Investment LLC,4/15/2025,OVD032
OVD032,110.0,-53.28,61.29,WGS84_46N,GM,Ragnarok Investment LLC,4/15/2025,OVD032
OVD032,115.0,-53.18,61.51,WGS84_46N,GM,Ragnarok Investment LLC,4/15/2025,OVD032
OVD032,120.0,-53.02,61.41,WGS84_46N,GM,Ragnarok Investment LLC,4/15/2025,OVD032
OVD032,125.0,-52.87,61.48,WGS84_46N,GM,Ragnarok Investment LLC,4/15/2025,OVD032
OVD032,130.0,-52.63,61.48,WGS84_46N,GM,Ragnarok Investment LLC,4/15/2025,OVD032
OVD032,135.0,-52.49,61.45,WGS84_46N,GM,Ragnarok Investment LLC,4/15/2025,OVD032
OVD032,140.0,-52.34,61.58,WGS84_46N,GM,Ragnarok Investment LLC,4/15/2025,OVD032
OVD032,145.0,-52.23,61.5,WGS84_46N,GM,Ragnarok Investment LLC,4/15/2025,OVD032
OVD032,150.0,-52.19,61.64,WGS84_46N,GM,Ragnarok Investment LLC,4/15/2025,OVD032
OVD032,155.0,-51.99,61.62,WGS84_46N,GM,Ragnarok Investment LLC,4/15/2025,OVD032
OVD032,160.0,-51.86,61.74,WGS84_46N,GM,Ragnarok Investment LLC,4/15/2025,OVD032
OVD032,165.0,-51.63,61.8,WGS84_46N,GM,Ragnarok Investment LLC,4/15/2025,OVD032
OVD032,170.0,-51.34,61.81,WGS84_46N,GM,Ragnarok Investment LLC,4/15/2025,OVD032
OVD032,175.0,-51.29,61.92,WGS84_46N,GM,Ragnarok Investment LLC,4/15/2025,OVD032
OVD032,180.0,-51.06,61.94,WGS84_46N,GM,Ragnarok Investment LLC,4/15/2025,OVD032
OVD032,185.0,-50.92,61.94,WGS84_46N,GM,Ragnarok Investment LLC,4/15/2025,OVD032
OVD032,190.0,-50.82,62.06,WGS84_46N,GM,Ragnarok Investment LLC,4/15/2025,OVD032
OVD032,195.0,-50.74,62.11,WGS84_46N,GM,Ragnarok Investment LLC,4/15/2025,OVD032
OVD032,200.0,-50.61,62.11,WGS84_46N,GM,Ragnarok Investment LLC,4/15/2025,OVD032
OVD032,205.0,-50.44,62.18,WGS84_46N,GM,Ragnarok Investment LLC,4/15/2025,OVD032
OVD032,210.0,-50.32,62.16,WGS84_46N,GM,Ragnarok Investment LLC,4/15/2025,OVD032
OVD032,215.0,-50.17,62.24,WGS84_46N,GM,Ragnarok Investment LLC,4/15/2025,OVD032
OVD032,220.0,-50.05,62.27,WGS84_46N,GM,Ragnarok Investment LLC,4/15/2025,OVD032
OVD032,225.0,-49.99,62.33,WGS84_46N,GM,Ragnarok Investment LLC,4/15/2025,OVD032
OVD032,230.0,-49.98,62.39,WGS84_46N,GM,Ragnarok Investment LLC,4/15/2025,OVD032
OVD032,235.0,-49.9,62.46,WGS84_46N,GM,Ragnarok Investment LLC,4/15/2025,OVD032
OVD032,240.0,-49.8,62.5,WGS84_46N,GM,Ragnarok Investment LLC,4/15/2025,OVD032
OVD032,245.0,-49.67,62.44,WGS84_46N,GM,Ragnarok Investment LLC,4/15/2025,OVD032
OVD032,250.0,-49.49,62.63,WGS84_46N,GM,Ragnarok Investment LLC,4/15/2025,OVD032
OVD032,255.0,-49.43,62.69,WGS84_46N,GM,Ragnarok Investment LLC,4/15/2025,OVD032
OVD032,260.0,-49.38,62.68,WGS84_46N,GM,Ragnarok Investment LLC,4/15/2025,OVD032
OVD032,265.0,-49.24,62.73,WGS84_46N,GM,Ragnarok Investment LLC,4/15/2025,OVD032
OVD032,270.0,-49.34,62.71,WGS84_46N,GM,Ragnarok Investment LLC,4/15/2025,OVD032
OVD032,275.0,-49.32,62.72,WGS84_46N,GM,Ragnarok Investment LLC,4/15/2025,OVD032
OVD032,280.0,-49.25,62.94,WGS84_46N,GM,Ragnarok Investment LLC,4/15/2025,OVD032
OVD032,285.0,-49.03,62.91,WGS84_46N,GM,Ragnarok Investment LLC,4/15/2025,OVD032
OVD032,290.0,-48.91,63.21,WGS84_46N,GM,Ragnarok Investment LLC,4/15/2025,OVD032
OVD032,295.0,-48.79,63.3,WGS84_46N,GM,Ragnarok Investment LLC,4/15/2025,OVD032
OVD032,300.0,-48.67,63.37,WGS84_46N,GM,Ragnarok Investment LLC,4/15/2025,OVD032
OVD032,305.0,-48.65,63.48,WGS84_46N,GM,Ragnarok Investment LLC,4/15/2025,OVD032
OVD032,310.0,-48.51,63.6,WGS84_46N,GM,Ragnarok Investment LLC,4/15/2025,OVD032
OVD032,315.0,-48.4,63.59,WGS84_46N,GM,Ragnarok Investment LLC,4/15/2025,OVD032
OVD032,320.0,-48.32,63.58,WGS84_46N,GM,Ragnarok Investment LLC,4/15/2025,OVD032
OVD032,325.0,-48.22,63.63,WGS84_46N,GM,Ragnarok Investment LLC,4/15/2025,OVD032
OVD032,330.0,-48.16,63.67,WGS84_46N,GM,Ragnarok Investment LLC,4/15/2025,OVD032
OVD032,335.0,-48.13,63.7,WGS84_46N,GM,Ragnarok Investment LLC,4/15/2025,OVD032
OVD032,340.0,-48.04,63.86,WGS84_46N,GM,Ragnarok Investment LLC,4/15/2025,OVD032
OVD032,345.0,-48.0,63.91,WGS84_46N,GM,Ragnarok Investment LLC,4/15/2025,OVD032
OVD032,350.0,-47.93,64.07,WGS84_46N,GM,Ragnarok Investment LLC,4/15/2025,OVD032
OVD032,355.0,-47.73,64.08,WGS84_46N,GM,Ragnarok Investment LLC,4/15/2025,OVD032
OVD032,360.0,-47.59,64.31,WGS84_46N,GM,Ragnarok Investment LLC,4/15/2025,OVD032
OVD032,365.0,-47.4,64.37,WGS84_46N,GM,Ragnarok Investment LLC,4/15/2025,OVD032
OVD032,370.0,-47.16,64.52,WGS84_46N,GM,Ragnarok Investment LLC,4/15/2025,OVD032
OVD032,375.0,-47.03,64.7,WGS84_46N,GM,Ragnarok Investment LLC,4/15/2025,OVD032
OVD032,380.0,-46.98,64.91,WGS84_46N,GM,Ragnarok Investment LLC,4/15/2025,OVD032
OVD032,385.0,-47.01,65.03,WGS84_46N,GM,Ragnarok Investment LLC,4/15/2025,OVD032
OVD032,390.0,-46.92,65.18,WGS84_46N,GM,Ragnarok Investment LLC,4/15/2025,OVD032
OVD032,395.0,-46.97,65.37,WGS84_46N,GM,Ragnarok Investment LLC,4/15/2025,OVD032
OVD032,401.0,-47.06,65.36,WGS84_46N,GM,Ragnarok Investment LLC,4/15/2025,OVD032
OVD035,0.0,-73.4,236.26,WGS84_46N,GM,Ragnarok Investment LLC,4/17/2025,OVD035
OVD035,5.0,-73.66,235.98,WGS84_46N,GM,Ragnarok Investment LLC,4/17/2025,OVD035
OVD035,10.0,-73.96,235.4,WGS84_46N,GM,Ragnarok Investment LLC,4/17/2025,OVD035
OVD035,15.0,-73.86,235.58,WGS84_46N,GM,Ragnarok Investment LLC,4/17/2025,OVD035
OVD035,20.0,-73.84,235.61,WGS84_46N,GM,Ragnarok Investment LLC,4/17/2025,OVD035
OVD035,25.0,-73.72,236.04,WGS84_46N,GM,Ragnarok Investment LLC,4/17/2025,OVD035
OVD035,30.0,-73.73,235.71,WGS84_46N,GM,Ragnarok Investment LLC,4/17/2025,OVD035
OVD035,35.0,-73.71,235.84,WGS84_46N,GM,Ragnarok Investment LLC,4/17/2025,OVD035
OVD035,40.0,-73.71,235.73,WGS84_46N,GM,Ragnarok Investment LLC,4/17/2025,OVD035
OVD035,45.0,-73.79,235.78,WGS84_46N,GM,Ragnarok Investment LLC,4/17/2025,OVD035
OVD035,50.0,-73.85,235.64,WGS84_46N,GM,Ragnarok Investment LLC,4/17/2025,OVD035
OVD035,55.0,-73.82,235.94,WGS84_46N,GM,Ragnarok Investment LLC,4/17/2025,OVD035
OVD035,60.0,-73.83,235.88,WGS84_46N,GM,Ragnarok Investment LLC,4/17/2025,OVD035
OVD035,65.0,-73.78,235.89,WGS84_46N,GM,Ragnarok Investment LLC,4/17/2025,OVD035
OVD035,70.0,-73.74,236.06,WGS84_46N,GM,Ragnarok Investment LLC,4/17/2025,OVD035
OVD035,75.0,-73.75,236.0,WGS84_46N,GM,Ragnarok Investment LLC,4/17/2025,OVD035
OVD035,80.0,-73.75,235.97,WGS84_46N,GM,Ragnarok Investment LLC,4/17/2025,OVD035
OVD035,85.0,-73.84,236.04,WGS84_46N,GM,Ragnarok Investment LLC,4/17/2025,OVD035
OVD035,90.0,-73.86,235.99,WGS84_46N,GM,Ragnarok Investment LLC,4/17/2025,OVD035
OVD035,95.0,-73.89,236.14,WGS84_46N,GM,Ragnarok Investment LLC,4/17/2025,OVD035
OVD035,100.0,-73.83,235.97,WGS84_46N,GM,Ragnarok Investment LLC,4/17/2025,OVD035
OVD035,105.0,-73.76,236.45,WGS84_46N,GM,Ragnarok Investment LLC,4/17/2025,OVD035
OVD035,108.7,-73.76,236.56,WGS84_46N,GM,Ragnarok Investment LLC,4/17/2025,OVD035
OVD033,0.0,-64.9,203.0,WGS84_46N,GM,Ragnarok Investment LLC,4/26/2025,OVD033
OVD033,5.0,-64.9,203.1,WGS84_46N,GM,Ragnarok Investment LLC,4/26/2025,OVD033
OVD033,10.0,-64.8,203.2,WGS84_46N,GM,Ragnarok Investment LLC,4/26/2025,OVD033
OVD033,15.0,-64.8,203.5,WGS84_46N,GM,Ragnarok Investment LLC,4/26/2025,OVD033
OVD033,20.0,-64.8,203.6,WGS84_46N,GM,Ragnarok Investment LLC,4/26/2025,OVD033
OVD033,25.0,-64.8,203.8,WGS84_46N,GM,Ragnarok Investment LLC,4/26/2025,OVD033
OVD033,30.0,-64.7,204.0,WGS84_46N,GM,Ragnarok Investment LLC,4/26/2025,OVD033
OVD033,35.0,-64.7,204.3,WGS84_46N,GM,Ragnarok Investment LLC,4/26/2025,OVD033
OVD033,40.0,-64.7,204.4,WGS84_46N,GM,Ragnarok Investment LLC,4/26/2025,OVD033
OVD033,45.0,-64.6,204.5,WGS84_46N,GM,Ragnarok Investment LLC,4/26/2025,OVD033
OVD033,50.0,-64.5,204.7,WGS84_46N,GM,Ragnarok Investment LLC,4/26/2025,OVD033
OVD033,55.0,-64.5,204.7,WGS84_46N,GM,Ragnarok Investment LLC,4/26/2025,OVD033
OVD033,60.0,-64.4,205.1,WGS84_46N,GM,Ragnarok Investment LLC,4/26/2025,OVD033
OVD033,65.0,-64.4,205.1,WGS84_46N,GM,Ragnarok Investment LLC,4/26/2025,OVD033
OVD033,70.0,-64.5,205.1,WGS84_46N,GM,Ragnarok Investment LLC,4/26/2025,OVD033
OVD033,75.0,-64.5,205.2,WGS84_46N,GM,Ragnarok Investment LLC,4/26/2025,OVD033
OVD033,80.0,-64.6,205.4,WGS84_46N,GM,Ragnarok Investment LLC,4/26/2025,OVD033
OVD033,85.0,-64.6,205.5,WGS84_46N,GM,Ragnarok Investment LLC,4/26/2025,OVD033
OVD033,90.0,-64.7,205.6,WGS84_46N,GM,Ragnarok Investment LLC,4/26/2025,OVD033
OVD033,95.0,-64.7,205.7,WGS84_46N,GM,Ragnarok Investment LLC,4/26/2025,OVD033
OVD033,100.0,-64.7,205.8,WGS84_46N,GM,Ragnarok Investment LLC,4/26/2025,OVD033
OVD033,105.0,-64.7,205.7,WGS84_46N,GM,Ragnarok Investment LLC,4/26/2025,OVD033
OVD033,110.0,-64.8,205.8,WGS84_46N,GM,Ragnarok Investment LLC,4/26/2025,OVD033
OVD033,115.0,-64.8,205.6,WGS84_46N,GM,Ragnarok Investment LLC,4/26/2025,OVD033
OVD033,120.0,-64.9,205.8,WGS84_46N,GM,Ragnarok Investment LLC,4/26/2025,OVD033
OVD033,125.0,-64.9,205.7,WGS84_46N,GM,Ragnarok Investment LLC,4/26/2025,OVD033
OVD033,130.0,-64.7,205.8,WGS84_46N,GM,Ragnarok Investment LLC,4/26/2025,OVD033
OVD033,135.0,-64.5,206.2,WGS84_46N,GM,Ragnarok Investment LLC,4/26/2025,OVD033
OVD033,140.0,-64.4,206.1,WGS84_46N,GM,Ragnarok Investment LLC,4/26/2025,OVD033
OVD033,145.0,-64.4,206.2,WGS84_46N,GM,Ragnarok Investment LLC,4/26/2025,OVD033
OVD033,150.0,-64.4,206.3,WGS84_46N,GM,Ragnarok Investment LLC,4/26/2025,OVD033
OVD033,155.0,-64.4,206.4,WGS84_46N,GM,Ragnarok Investment LLC,4/26/2025,OVD033
OVD033,160.0,-64.4,206.4,WGS84_46N,GM,Ragnarok Investment LLC,4/26/2025,OVD033
OVD033,165.0,-64.4,206.7,WGS84_46N,GM,Ragnarok Investment LLC,4/26/2025,OVD033
OVD033,170.0,-64.5,206.9,WGS84_46N,GM,Ragnarok Investment LLC,4/26/2025,OVD033
OVD033,175.0,-64.5,207.1,WGS84_46N,GM,Ragnarok Investment LLC,4/26/2025,OVD033
OVD033,180.0,-64.5,207.1,WGS84_46N,GM,Ragnarok Investment LLC,4/26/2025,OVD033
OVD033,185.0,-64.5,207.1,WGS84_46N,GM,Ragnarok Investment LLC,4/26/2025,OVD033
OVD033,190.0,-64.6,207.3,WGS84_46N,GM,Ragnarok Investment LLC,4/26/2025,OVD033
OVD033,195.0,-64.7,207.3,WGS84_46N,GM,Ragnarok Investment LLC,4/26/2025,OVD033
OVD033,200.0,-64.6,207.4,WGS84_46N,GM,Ragnarok Investment LLC,4/26/2025,OVD033
OVD033,205.0,-64.7,207.5,WGS84_46N,GM,Ragnarok Investment LLC,4/26/2025,OVD033
OVD033,210.0,-64.9,207.5,WGS84_46N,GM,Ragnarok Investment LLC,4/26/2025,OVD033
OVD033,215.0,-65.1,207.7,WGS84_46N,GM,Ragnarok Investment LLC,4/26/2025,OVD033
OVD033,220.0,-65.1,207.8,WGS84_46N,GM,Ragnarok Investment LLC,4/26/2025,OVD033
OVD033,225.0,-65.2,207.9,WGS84_46N,GM,Ragnarok Investment LLC,4/26/2025,OVD033
OVD033,230.0,-65.1,208.2,WGS84_46N,GM,Ragnarok Investment LLC,4/26/2025,OVD033
OVD033,235.0,-65.0,208.1,WGS84_46N,GM,Ragnarok Investment LLC,4/26/2025,OVD033
OVD033,240.0,-65.0,208.2,WGS84_46N,GM,Ragnarok Investment LLC,4/26/2025,OVD033
OVD033,245.0,-64.9,208.3,WGS84_46N,GM,Ragnarok Investment LLC,4/26/2025,OVD033
OVD033,250.0,-65.1,208.5,WGS84_46N,GM,Ragnarok Investment LLC,4/26/2025,OVD033
OVD033,255.0,-65.1,208.7,WGS84_46N,GM,Ragnarok Investment LLC,4/26/2025,OVD033
OVD033,260.0,-64.9,209.1,WGS84_46N,GM,Ragnarok Investment LLC,4/26/2025,OVD033
OVD033,265.0,-64.9,209.1,WGS84_46N,GM,Ragnarok Investment LLC,4/26/2025,OVD033
OVD033,270.0,-64.9,209.3,WGS84_46N,GM,Ragnarok Investment LLC,4/26/2025,OVD033
OVD033,275.0,-64.8,209.2,WGS84_46N,GM,Ragnarok Investment LLC,4/26/2025,OVD033
OVD033,280.0,-64.8,209.4,WGS84_46N,GM,Ragnarok Investment LLC,4/26/2025,OVD033
OVD033,285.0,-64.8,209.4,WGS84_46N,GM,Ragnarok Investment LLC,4/26/2025,OVD033
OVD033,290.0,-64.8,209.6,WGS84_46N,GM,Ragnarok Investment LLC,4/26/2025,OVD033
OVD033,295.0,-64.9,209.6,WGS84_46N,GM,Ragnarok Investment LLC,4/26/2025,OVD033
OVD033,300.0,-64.9,209.6,WGS84_46N,GM,Ragnarok Investment LLC,4/26/2025,OVD033
OVD033,305.0,-64.9,209.9,WGS84_46N,GM,Ragnarok Investment LLC,4/26/2025,OVD033
OVD033,310.0,-64.9,209.8,WGS84_46N,GM,Ragnarok Investment LLC,4/26/2025,OVD033
OVD033,315.0,-64.8,210.0,WGS84_46N,GM,Ragnarok Investment LLC,4/26/2025,OVD033
OVD033,320.0,-64.8,210.0,WGS84_46N,GM,Ragnarok Investment LLC,4/26/2025,OVD033
OVD033,325.0,-64.8,210.1,WGS84_46N,GM,Ragnarok Investment LLC,4/26/2025,OVD033
OVD033,330.0,-64.9,210.4,WGS84_46N,GM,Ragnarok Investment LLC,4/26/2025,OVD033
OVD033,335.0,-64.9,210.4,WGS84_46N,GM,Ragnarok Investment LLC,4/26/2025,OVD033
OVD033,340.0,-64.9,210.6,WGS84_46N,GM,Ragnarok Investment LLC,4/26/2025,OVD033
OVD033,345.0,-64.9,210.7,WGS84_46N,GM,Ragnarok Investment LLC,4/26/2025,OVD033
OVD033,351.5,-65.0,210.7,WGS84_46N,GM,Ragnarok Investment LLC,4/26/2025,OVD033
SC06,0.0,-68.2,186.3,WGS84_46N,GM,Ragnarok Investment LLC,4/28/2025,SC06
SC06,5.0,-68.3,186.2,WGS84_46N,GM,Ragnarok Investment LLC,4/28/2025,SC06
SC06,10.0,-68.3,186.2,WGS84_46N,GM,Ragnarok Investment LLC,4/28/2025,SC06
SC06,15.0,-68.2,186.4,WGS84_46N,GM,Ragnarok Investment LLC,4/28/2025,SC06
SC06,20.0,-68.3,186.7,WGS84_46N,GM,Ragnarok Investment LLC,4/28/2025,SC06
SC06,25.0,-68.3,186.8,WGS84_46N,GM,Ragnarok Investment LLC,4/28/2025,SC06
SC06,30.0,-68.3,187.4,WGS84_46N,GM,Ragnarok Investment LLC,4/28/2025,SC06
SC06,35.0,-68.3,187.4,WGS84_46N,GM,Ragnarok Investment LLC,4/28/2025,SC06
SC06,40.0,-68.2,187.3,WGS84_46N,GM,Ragnarok Investment LLC,4/28/2025,SC06
SC06,45.0,-68.1,187.2,WGS84_46N,GM,Ragnarok Investment LLC,4/28/2025,SC06
SC06,50.0,-68.1,186.9,WGS84_46N,GM,Ragnarok Investment LLC,4/28/2025,SC06
SC06,55.0,-68.1,186.9,WGS84_46N,GM,Ragnarok Investment LLC,4/28/2025,SC06
SC06,61.9,-68.2,187.1,WGS84_46N,GM,Ragnarok Investment LLC,4/28/2025,SC06
OVD034,0.0,-77.4,238.9,WGS84_46N,GM,Ragnarok Investment LLC,5/1/2025,OVD034
OVD034,5.0,-77.5,238.8,WGS84_46N,GM,Ragnarok Investment LLC,5/1/2025,OVD034
OVD034,10.0,-77.7,239.0,WGS84_46N,GM,Ragnarok Investment LLC,5/1/2025,OVD034
OVD034,15.0,-77.7,239.3,WGS84_46N,GM,Ragnarok Investment LLC,5/1/2025,OVD034
OVD034,20.0,-77.7,239.8,WGS84_46N,GM,Ragnarok Investment LLC,5/1/2025,OVD034
OVD034,25.0,-77.7,240.0,WGS84_46N,GM,Ragnarok Investment LLC,5/1/2025,OVD034
OVD034,30.0,-77.7,240.5,WGS84_46N,GM,Ragnarok Investment LLC,5/1/2025,OVD034
OVD034,35.0,-77.7,241.1,WGS84_46N,GM,Ragnarok Investment LLC,5/1/2025,OVD034
OVD034,40.0,-77.7,241.1,WGS84_46N,GM,Ragnarok Investment LLC,5/1/2025,OVD034
OVD034,45.0,-77.6,241.5,WGS84_46N,GM,Ragnarok Investment LLC,5/1/2025,OVD034
OVD034,50.0,-77.6,241.4,WGS84_46N,GM,Ragnarok Investment LLC,5/1/2025,OVD034
OVD034,55.0,-77.6,241.9,WGS84_46N,GM,Ragnarok Investment LLC,5/1/2025,OVD034
OVD034,60.0,-77.4,242.3,WGS84_46N,GM,Ragnarok Investment LLC,5/1/2025,OVD034
OVD034,65.0,-77.3,242.4,WGS84_46N,GM,Ragnarok Investment LLC,5/1/2025,OVD034
OVD034,70.0,-77.3,242.7,WGS84_46N,GM,Ragnarok Investment LLC,5/1/2025,OVD034
OVD034,75.0,-77.4,242.7,WGS84_46N,GM,Ragnarok Investment LLC,5/1/2025,OVD034
OVD034,80.0,-77.6,242.5,WGS84_46N,GM,Ragnarok Investment LLC,5/1/2025,OVD034
OVD034,85.0,-77.7,243.0,WGS84_46N,GM,Ragnarok Investment LLC,5/1/2025,OVD034
OVD034,90.0,-77.7,242.8,WGS84_46N,GM,Ragnarok Investment LLC,5/1/2025,OVD034
OVD034,97.7,-77.7,242.6,WGS84_46N,GM,Ragnarok Investment LLC,5/1/2025,OVD034
SC07,0.0,-69.3,178.4,WGS84_46N,GM,Ragnarok Investment LLC,5/6/2025,SC07
SC07,5.0,-69.4,178.1,WGS84_46N,GM,Ragnarok Investment LLC,5/6/2025,SC07
SC07,10.0,-69.3,178.2,WGS84_46N,GM,Ragnarok Investment LLC,5/6/2025,SC07
SC07,15.0,-69.2,178.3,WGS84_46N,GM,Ragnarok Investment LLC,5/6/2025,SC07
SC07,20.0,-69.2,178.4,WGS84_46N,GM,Ragnarok Investment LLC,5/6/2025,SC07
SC07,25.0,-69.2,178.3,WGS84_46N,GM,Ragnarok Investment LLC,5/6/2025,SC07
SC07,30.0,-69.4,178.5,WGS84_46N,GM,Ragnarok Investment LLC,5/6/2025,SC07
SC07,35.0,-69.4,178.5,WGS84_46N,GM,Ragnarok Investment LLC,5/6/2025,SC07
SC07,40.0,-69.5,178.6,WGS84_46N,GM,Ragnarok Investment LLC,5/6/2025,SC07
SC07,45.0,-69.5,178.7,WGS84_46N,GM,Ragnarok Investment LLC,5/6/2025,SC07
SC07,50.0,-69.5,178.8,WGS84_46N,GM,Ragnarok Investment LLC,5/6/2025,SC07
SC07,55.0,-69.6,178.7,WGS84_46N,GM,Ragnarok Investment LLC,5/6/2025,SC07
SC07,60.0,-69.6,178.7,WGS84_46N,GM,Ragnarok Investment LLC,5/6/2025,SC07
SC07,65.0,-69.6,178.6,WGS84_46N,GM,Ragnarok Investment LLC,5/6/2025,SC07
SC07,70.0,-69.6,178.5,WGS84_46N,GM,Ragnarok Investment LLC,5/6/2025,SC07
SC07,75.0,-69.7,178.8,WGS84_46N,GM,Ragnarok Investment LLC,5/6/2025,SC07
SC07,80.0,-69.6,178.8,WGS84_46N,GM,Ragnarok Investment LLC,5/6/2025,SC07
SC07,85.0,-69.7,178.8,WGS84_46N,GM,Ragnarok Investment LLC,5/6/2025,SC07
SC07,90.0,-69.8,178.7,WGS84_46N,GM,Ragnarok Investment LLC,5/6/2025,SC07
SC07,95.0,-69.8,178.9,WGS84_46N,GM,Ragnarok Investment LLC,5/6/2025,SC07
SC07,100.0,-69.8,179.0,WGS84_46N,GM,Ragnarok Investment LLC,5/6/2025,SC07
SC07,105.0,-70.0,178.9,WGS84_46N,GM,Ragnarok Investment LLC,5/6/2025,SC07
SC07,110.0,-70.1,178.9,WGS84_46N,GM,Ragnarok Investment LLC,5/6/2025,SC07
SC07,115.0,-70.0,178.8,WGS84_46N,GM,Ragnarok Investment LLC,5/6/2025,SC07
SC07,120.0,-70.0,178.7,WGS84_46N,GM,Ragnarok Investment LLC,5/6/2025,SC07
SC07,125.0,-69.9,178.8,WGS84_46N,GM,Ragnarok Investment LLC,5/6/2025,SC07
SC07,130.0,-69.8,178.8,WGS84_46N,GM,Ragnarok Investment LLC,5/6/2025,SC07
SC07,135.0,-69.7,178.8,WGS84_46N,GM,Ragnarok Investment LLC,5/6/2025,SC07
SC07,140.0,-69.7,179.0,WGS84_46N,GM,Ragnarok Investment LLC,5/6/2025,SC07
SC07,145.0,-69.7,179.0,WGS84_46N,GM,Ragnarok Investment LLC,5/6/2025,SC07
SC07,150.0,-69.8,178.9,WGS84_46N,GM,Ragnarok Investment LLC,5/6/2025,SC07
SC07,155.0,-69.9,178.8,WGS84_46N,GM,Ragnarok Investment LLC,5/6/2025,SC07
SC07,160.0,-69.8,178.8,WGS84_46N,GM,Ragnarok Investment LLC,5/6/2025,SC07
SC07,165.0,-69.8,179.0,WGS84_46N,GM,Ragnarok Investment LLC,5/6/2025,SC07
SC07,170.0,-69.7,179.1,WGS84_46N,GM,Ragnarok Investment LLC,5/6/2025,SC07
SC07,175.0,-69.8,179.3,WGS84_46N,GM,Ragnarok Investment LLC,5/6/2025,SC07
SC07,180.0,-69.8,179.5,WGS84_46N,GM,Ragnarok Investment LLC,5/6/2025,SC07
SC07,185.0,-69.8,179.6,WGS84_46N,GM,Ragnarok Investment LLC,5/6/2025,SC07
SC07,190.0,-69.9,179.8,WGS84_46N,GM,Ragnarok Investment LLC,5/6/2025,SC07
SC07,195.0,-69.8,179.8,WGS84_46N,GM,Ragnarok Investment LLC,5/6/2025,SC07
SC07,200.0,-69.9,180.1,WGS84_46N,GM,Ragnarok Investment LLC,5/6/2025,SC07
SC07,205.0,-69.9,180.1,WGS84_46N,GM,Ragnarok Investment LLC,5/6/2025,SC07
SC07,210.0,-69.9,180.4,WGS84_46N,GM,Ragnarok Investment LLC,5/6/2025,SC07
SC07,215.0,-69.9,180.4,WGS84_46N,GM,Ragnarok Investment LLC,5/6/2025,SC07
SC07,220.0,-69.9,180.7,WGS84_46N,GM,Ragnarok Investment LLC,5/6/2025,SC07
SC07,225.0,-70.0,180.5,WGS84_46N,GM,Ragnarok Investment LLC,5/6/2025,SC07
SC07,230.0,-70.0,180.7,WGS84_46N,GM,Ragnarok Investment LLC,5/6/2025,SC07
SC07,235.0,-70.1,181.0,WGS84_46N,GM,Ragnarok Investment LLC,5/6/2025,SC07
SC07,240.0,-70.0,181.1,WGS84_46N,GM,Ragnarok Investment LLC,5/6/2025,SC07
SC07,245.0,-70.1,181.6,WGS84_46N,GM,Ragnarok Investment LLC,5/6/2025,SC07
SC07,250.0,-70.1,181.7,WGS84_46N,GM,Ragnarok Investment LLC,5/6/2025,SC07
SC07,254.2,-70.1,181.7,WGS84_46N,GM,Ragnarok Investment LLC,5/6/2025,SC07
CRS02,0.0,-67.7,174.2,WGS84_46N,GM,Ragnarok Investment LLC,5/10/2025,CRS02
CRS02,5.0,-67.7,175.0,WGS84_46N,GM,Ragnarok Investment LLC,5/10/2025,CRS02
CRS02,10.0,-67.7,175.1,WGS84_46N,GM,Ragnarok Investment LLC,5/10/2025,CRS02
CRS02,15.0,-67.5,174.9,WGS84_46N,GM,Ragnarok Investment LLC,5/10/2025,CRS02
CRS02,20.0,-67.5,175.0,WGS84_46N,GM,Ragnarok Investment LLC,5/10/2025,CRS02
CRS02,25.0,-67.6,175.1,WGS84_46N,GM,Ragnarok Investment LLC,5/10/2025,CRS02
CRS02,30.0,-67.5,175.2,WGS84_46N,GM,Ragnarok Investment LLC,5/10/2025,CRS02
CRS02,35.0,-67.4,175.2,WGS84_46N,GM,Ragnarok Investment LLC,5/10/2025,CRS02
CRS02,40.0,-67.5,175.1,WGS84_46N,GM,Ragnarok Investment LLC,5/10/2025,CRS02
CRS02,45.0,-67.5,175.3,WGS84_46N,GM,Ragnarok Investment LLC,5/10/2025,CRS02
CRS02,50.0,-67.5,175.4,WGS84_46N,GM,Ragnarok Investment LLC,5/10/2025,CRS02
CRS02,55.0,-67.5,175.6,WGS84_46N,GM,Ragnarok Investment LLC,5/10/2025,CRS02
CRS02,60.0,-67.4,175.7,WGS84_46N,GM,Ragnarok Investment LLC,5/10/2025,CRS02
CRS02,65.0,-67.5,175.8,WGS84_46N,GM,Ragnarok Investment LLC,5/10/2025,CRS02
CRS02,70.0,-67.5,175.8,WGS84_46N,GM,Ragnarok Investment LLC,5/10/2025,CRS02
CRS02,75.0,-67.4,176.2,WGS84_46N,GM,Ragnarok Investment LLC,5/10/2025,CRS02
CRS02,80.0,-67.3,176.4,WGS84_46N,GM,Ragnarok Investment LLC,5/10/2025,CRS02
CRS02,85.0,-67.4,176.6,WGS84_46N,GM,Ragnarok Investment LLC,5/10/2025,CRS02
CRS02,90.0,-67.4,176.6,WGS84_46N,GM,Ragnarok Investment LLC,5/10/2025,CRS02
CRS02,95.0,-67.5,176.9,WGS84_46N,GM,Ragnarok Investment LLC,5/10/2025,CRS02
CRS02,100.0,-67.4,176.9,WGS84_46N,GM,Ragnarok Investment LLC,5/10/2025,CRS02
CRS02,105.0,-67.4,177.2,WGS84_46N,GM,Ragnarok Investment LLC,5/10/2025,CRS02
CRS02,108.7,-67.4,177.1,WGS84_46N,GM,Ragnarok Investment LLC,5/10/2025,CRS02
CRS03,0.0,-59.4,177.5,WGS84_46N,GM,Ragnarok Investment LLC,5/13/2025,CRS03
CRS03,5.0,-59.6,178.3,WGS84_46N,GM,Ragnarok Investment LLC,5/13/2025,CRS03
CRS03,10.0,-59.7,178.5,WGS84_46N,GM,Ragnarok Investment LLC,5/13/2025,CRS03
CRS03,15.0,-59.6,178.4,WGS84_46N,GM,Ragnarok Investment LLC,5/13/2025,CRS03
CRS03,20.0,-59.3,178.6,WGS84_46N,GM,Ragnarok Investment LLC,5/13/2025,CRS03
CRS03,25.0,-59.2,178.8,WGS84_46N,GM,Ragnarok Investment LLC,5/13/2025,CRS03
CRS03,30.0,-59.1,178.8,WGS84_46N,GM,Ragnarok Investment LLC,5/13/2025,CRS03
CRS03,35.0,-59.1,178.9,WGS84_46N,GM,Ragnarok Investment LLC,5/13/2025,CRS03
CRS03,40.0,-58.9,178.9,WGS84_46N,GM,Ragnarok Investment LLC,5/13/2025,CRS03
CRS03,45.0,-58.8,178.9,WGS84_46N,GM,Ragnarok Investment LLC,5/13/2025,CRS03
CRS03,50.0,-58.8,178.7,WGS84_46N,GM,Ragnarok Investment LLC,5/13/2025,CRS03
CRS03,55.0,-58.8,178.8,WGS84_46N,GM,Ragnarok Investment LLC,5/13/2025,CRS03
CRS03,60.0,-58.7,178.9,WGS84_46N,GM,Ragnarok Investment LLC,5/13/2025,CRS03
CRS03,65.0,-58.6,178.7,WGS84_46N,GM,Ragnarok Investment LLC,5/13/2025,CRS03
CRS03,70.0,-58.6,178.7,WGS84_46N,GM,Ragnarok Investment LLC,5/13/2025,CRS03
CRS03,75.0,-58.6,178.8,WGS84_46N,GM,Ragnarok Investment LLC,5/13/2025,CRS03
CRS03,80.0,-58.6,178.9,WGS84_46N,GM,Ragnarok Investment LLC,5/13/2025,CRS03
CRS03,85.0,-58.6,179.1,WGS84_46N,GM,Ragnarok Investment LLC,5/13/2025,CRS03
CRS03,90.0,-58.6,179.2,WGS84_46N,GM,Ragnarok Investment LLC,5/13/2025,CRS03
CRS03,95.0,-58.6,179.4,WGS84_46N,GM,Ragnarok Investment LLC,5/13/2025,CRS03
CRS03,100.0,-58.6,179.4,WGS84_46N,GM,Ragnarok Investment LLC,5/13/2025,CRS03
CRS03,105.0,-58.6,179.5,WGS84_46N,GM,Ragnarok Investment LLC,5/13/2025,CRS03
CRS03,111.5,-58.6,179.6,WGS84_46N,GM,Ragnarok Investment LLC,5/13/2025,CRS03
OVD036,0.0,-59.9,345.8,WGS84_46N,GM,Ragnarok Investment LLC,5/17/2025,OVD036
OVD036,5.0,-59.9,345.6,WGS84_46N,GM,Ragnarok Investment LLC,5/17/2025,OVD036
OVD036,10.0,-59.9,345.6,WGS84_46N,GM,Ragnarok Investment LLC,5/17/2025,OVD036
OVD036,15.0,-60.0,345.6,WGS84_46N,GM,Ragnarok Investment LLC,5/17/2025,OVD036
OVD036,20.0,-59.8,345.7,WGS84_46N,GM,Ragnarok Investment LLC,5/17/2025,OVD036
OVD036,25.0,-59.8,345.9,WGS84_46N,GM,Ragnarok Investment LLC,5/17/2025,OVD036
OVD036,30.0,-59.8,346.2,WGS84_46N,GM,Ragnarok Investment LLC,5/17/2025,OVD036
OVD036,35.0,-59.7,346.4,WGS84_46N,GM,Ragnarok Investment LLC,5/17/2025,OVD036
OVD036,40.0,-59.6,346.7,WGS84_46N,GM,Ragnarok Investment LLC,5/17/2025,OVD036
OVD036,45.0,-59.5,347.1,WGS84_46N,GM,Ragnarok Investment LLC,5/17/2025,OVD036
OVD036,50.0,-59.5,347.3,WGS84_46N,GM,Ragnarok Investment LLC,5/17/2025,OVD036
OVD036,55.0,-59.6,347.4,WGS84_46N,GM,Ragnarok Investment LLC,5/17/2025,OVD036
OVD036,60.0,-59.5,347.6,WGS84_46N,GM,Ragnarok Investment LLC,5/17/2025,OVD036
OVD036,65.0,-59.5,348.0,WGS84_46N,GM,Ragnarok Investment LLC,5/17/2025,OVD036
OVD036,70.0,-59.5,348.1,WGS84_46N,GM,Ragnarok Investment LLC,5/17/2025,OVD036
OVD036,75.0,-59.5,348.5,WGS84_46N,GM,Ragnarok Investment LLC,5/17/2025,OVD036
OVD036,80.0,-59.5,348.5,WGS84_46N,GM,Ragnarok Investment LLC,5/17/2025,OVD036
OVD036,85.0,-59.4,348.9,WGS84_46N,GM,Ragnarok Investment LLC,5/17/2025,OVD036
OVD036,90.0,-59.3,349.1,WGS84_46N,GM,Ragnarok Investment LLC,5/17/2025,OVD036
OVD036,95.0,-59.3,349.2,WGS84_46N,GM,Ragnarok Investment LLC,5/17/2025,OVD036
OVD036,100.0,-59.3,349.2,WGS84_46N,GM,Ragnarok Investment LLC,5/17/2025,OVD036
OVD036,105.0,-59.3,349.3,WGS84_46N,GM,Ragnarok Investment LLC,5/17/2025,OVD036
OVD036,110.0,-59.4,349.3,WGS84_46N,GM,Ragnarok Investment LLC,5/17/2025,OVD036
OVD036,115.0,-59.5,349.4,WGS84_46N,GM,Ragnarok Investment LLC,5/17/2025,OVD036
OVD036,120.0,-59.5,349.6,WGS84_46N,GM,Ragnarok Investment LLC,5/17/2025,OVD036
OVD036,125.0,-59.5,349.7,WGS84_46N,GM,Ragnarok Investment LLC,5/17/2025,OVD036
OVD036,130.0,-59.6,349.8,WGS84_46N,GM,Ragnarok Investment LLC,5/17/2025,OVD036
OVD036,141.5,-59.5,350.0,WGS84_46N,GM,Ragnarok Investment LLC,5/17/2025,OVD036
OVD037,0.0,-57.77,134.49,WGS84_46N,GM,Ragnarok Investment LLC,5/20/2025,OVD037
OVD037,5.0,-58.03,134.5,WGS84_46N,GM,Ragnarok Investment LLC,5/20/2025,OVD037
OVD037,10.0,-57.94,134.73,WGS84_46N,GM,Ragnarok Investment LLC,5/20/2025,OVD037
OVD037,15.0,-57.88,135.07,WGS84_46N,GM,Ragnarok Investment LLC,5/20/2025,OVD037
OVD037,20.0,-57.95,135.16,WGS84_46N,GM,Ragnarok Investment LLC,5/20/2025,OVD037
OVD037,25.0,-57.96,135.47,WGS84_46N,GM,Ragnarok Investment LLC,5/20/2025,OVD037
OVD037,30.0,-57.9,135.69,WGS84_46N,GM,Ragnarok Investment LLC,5/20/2025,OVD037
OVD037,35.0,-57.92,135.95,WGS84_46N,GM,Ragnarok Investment LLC,5/20/2025,OVD037
OVD037,40.0,-57.91,136.01,WGS84_46N,GM,Ragnarok Investment LLC,5/20/2025,OVD037
OVD037,45.0,-57.91,136.33,WGS84_46N,GM,Ragnarok Investment LLC,5/20/2025,OVD037
OVD037,50.0,-57.74,136.37,WGS84_46N,GM,Ragnarok Investment LLC,5/20/2025,OVD037
OVD037,62.0,-57.82,136.37,WGS84_46N,GM,Ragnarok Investment LLC,5/20/2025,OVD037
OVD038,0.0,-83.52,355.73,WGS84_46N,GM,Ragnarok Investment LLC,5/23/2025,OVD038
OVD038,5.0,-83.5,356.82,WGS84_46N,GM,Ragnarok Investment LLC,5/23/2025,OVD038
OVD038,10.0,-83.61,357.6,WGS84_46N,GM,Ragnarok Investment LLC,5/23/2025,OVD038
OVD038,15.0,-83.73,357.14,WGS84_46N,GM,Ragnarok Investment LLC,5/23/2025,OVD038
OVD038,20.0,-83.74,357.73,WGS84_46N,GM,Ragnarok Investment LLC,5/23/2025,OVD038
OVD038,25.0,-83.79,358.36,WGS84_46N,GM,Ragnarok Investment LLC,5/23/2025,OVD038
OVD038,30.0,-83.77,358.38,WGS84_46N,GM,Ragnarok Investment LLC,5/23/2025,OVD038
OVD038,35.0,-83.74,358.91,WGS84_46N,GM,Ragnarok Investment LLC,5/23/2025,OVD038
OVD038,40.0,-83.67,358.78,WGS84_46N,GM,Ragnarok Investment LLC,5/23/2025,OVD038
OVD038,45.0,-83.71,359.2,WGS84_46N,GM,Ragnarok Investment LLC,5/23/2025,OVD038
OVD038,50.0,-83.83,359.39,WGS84_46N,GM,Ragnarok Investment LLC,5/23/2025,OVD038
OVD038,55.0,-83.87,358.73,WGS84_46N,GM,Ragnarok Investment LLC,5/23/2025,OVD038
OVD038,60.0,-83.82,359.42,WGS84_46N,GM,Ragnarok Investment LLC,5/23/2025,OVD038
OVD038,65.0,-83.78,359.39,WGS84_46N,GM,Ragnarok Investment LLC,5/23/2025,OVD038
OVD038,70.0,-83.83,0.18,WGS84_46N,GM,Ragnarok Investment LLC,5/23/2025,OVD038
OVD038,75.0,-83.9,359.76,WGS84_46N,GM,Ragnarok Investment LLC,5/23/2025,OVD038
OVD038,80.0,-83.98,359.55,WGS84_46N,GM,Ragnarok Investment LLC,5/23/2025,OVD038
OVD038,85.0,-84.14,358.79,WGS84_46N,GM,Ragnarok Investment LLC,5/23/2025,OVD038
OVD038,90.0,-84.1,358.66,WGS84_46N,GM,Ragnarok Investment LLC,5/23/2025,OVD038
OVD038,95.0,-84.1,359.73,WGS84_46N,GM,Ragnarok Investment LLC,5/23/2025,OVD038
OVD038,100.0,-84.2,0.17,WGS84_46N,GM,Ragnarok Investment LLC,5/23/2025,OVD038
OVD038,105.0,-84.35,0.05,WGS84_46N,GM,Ragnarok Investment LLC,5/23/2025,OVD038
OVD038,110.0,-84.37,1.43,WGS84_46N,GM,Ragnarok Investment LLC,5/23/2025,OVD038
OVD038,115.0,-84.4,1.6,WGS84_46N,GM,Ragnarok Investment LLC,5/23/2025,OVD038
OVD038,120.0,-84.3,2.3,WGS84_46N,GM,Ragnarok Investment LLC,5/23/2025,OVD038
OVD038,125.0,-84.3,3.1,WGS84_46N,GM,Ragnarok Investment LLC,5/23/2025,OVD038
OVD038,130.0,-84.3,3.6,WGS84_46N,GM,Ragnarok Investment LLC,5/23/2025,OVD038
OVD038,135.0,-84.3,4.9,WGS84_46N,GM,Ragnarok Investment LLC,5/23/2025,OVD038
OVD038,140.0,-84.2,5.6,WGS84_46N,GM,Ragnarok Investment LLC,5/23/2025,OVD038
OVD038,145.0,-84.1,7.2,WGS84_46N,GM,Ragnarok Investment LLC,5/23/2025,OVD038
OVD038,150.5,-84.1,7.5,WGS84_46N,GM,Ragnarok Investment LLC,5/23/2025,OVD038
OVD039,0.0,-65.2,208.2,WGS84_46N,GM,Ragnarok Investment LLC,5/26/2025,OVD039
OVD039,5.0,-65.0,208.0,WGS84_46N,GM,Ragnarok Investment LLC,5/26/2025,OVD039
OVD039,10.0,-65.1,207.6,WGS84_46N,GM,Ragnarok Investment LLC,5/26/2025,OVD039
OVD039,15.0,-64.8,207.5,WGS84_46N,GM,Ragnarok Investment LLC,5/26/2025,OVD039
OVD039,20.0,-64.7,207.8,WGS84_46N,GM,Ragnarok Investment LLC,5/26/2025,OVD039
OVD039,25.0,-64.6,207.9,WGS84_46N,GM,Ragnarok Investment LLC,5/26/2025,OVD039
OVD039,30.0,-64.6,208.1,WGS84_46N,GM,Ragnarok Investment LLC,5/26/2025,OVD039
OVD039,35.0,-64.7,208.0,WGS84_46N,GM,Ragnarok Investment LLC,5/26/2025,OVD039
OVD039,40.0,-64.6,208.0,WGS84_46N,GM,Ragnarok Investment LLC,5/26/2025,OVD039
OVD039,45.0,-64.6,208.0,WGS84_46N,GM,Ragnarok Investment LLC,5/26/2025,OVD039
OVD039,50.0,-64.7,207.9,WGS84_46N,GM,Ragnarok Investment LLC,5/26/2025,OVD039
OVD039,55.0,-64.6,207.2,WGS84_46N,GM,Ragnarok Investment LLC,5/26/2025,OVD039
OVD039,60.0,-64.4,207.0,WGS84_46N,GM,Ragnarok Investment LLC,5/26/2025,OVD039
OVD039,65.0,-64.1,206.5,WGS84_46N,GM,Ragnarok Investment LLC,5/26/2025,OVD039
OVD039,70.0,-64.0,206.2,WGS84_46N,GM,Ragnarok Investment LLC,5/26/2025,OVD039
OVD039,75.0,-63.7,206.0,WGS84_46N,GM,Ragnarok Investment LLC,5/26/2025,OVD039
OVD039,80.0,-63.6,206.2,WGS84_46N,GM,Ragnarok Investment LLC,5/26/2025,OVD039
OVD039,85.0,-63.5,206.4,WGS84_46N,GM,Ragnarok Investment LLC,5/26/2025,OVD039
OVD039,90.0,-63.5,206.3,WGS84_46N,GM,Ragnarok Investment LLC,5/26/2025,OVD039
OVD039,95.0,-63.5,206.3,WGS84_46N,GM,Ragnarok Investment LLC,5/26/2025,OVD039
OVD039,100.0,-63.4,206.3,WGS84_46N,GM,Ragnarok Investment LLC,5/26/2025,OVD039
OVD039,105.0,-63.4,206.5,WGS84_46N,GM,Ragnarok Investment LLC,5/26/2025,OVD039
OVD039,110.0,-63.2,206.6,WGS84_46N,GM,Ragnarok Investment LLC,5/26/2025,OVD039
OVD039,115.0,-63.1,207.0,WGS84_46N,GM,Ragnarok Investment LLC,5/26/2025,OVD039
OVD039,120.0,-63.1,206.9,WGS84_46N,GM,Ragnarok Investment LLC,5/26/2025,OVD039
OVD039,125.0,-63.2,207.1,WGS84_46N,GM,Ragnarok Investment LLC,5/26/2025,OVD039
OVD039,129.5,-63.2,207.0,WGS84_46N,GM,Ragnarok Investment LLC,5/26/2025,OVD039
OVD040,0.0,-74.4,347.3,WGS84_46N,GM,Ragnarok Investment LLC,5/28/2025,OVD040
OVD040,5.0,-74.5,346.6,WGS84_46N,GM,Ragnarok Investment LLC,5/28/2025,OVD040
OVD040,10.0,-74.5,346.9,WGS84_46N,GM,Ragnarok Investment LLC,5/28/2025,OVD040
OVD040,15.0,-74.5,346.8,WGS84_46N,GM,Ragnarok Investment LLC,5/28/2025,OVD040
OVD040,20.0,-74.5,346.9,WGS84_46N,GM,Ragnarok Investment LLC,5/28/2025,OVD040
OVD040,25.0,-74.3,347.1,WGS84_46N,GM,Ragnarok Investment LLC,5/28/2025,OVD040
OVD040,30.0,-74.2,347.5,WGS84_46N,GM,Ragnarok Investment LLC,5/28/2025,OVD040
OVD040,35.0,-74.2,348.1,WGS84_46N,GM,Ragnarok Investment LLC,5/28/2025,OVD040
OVD040,40.0,-74.2,348.2,WGS84_46N,GM,Ragnarok Investment LLC,5/28/2025,OVD040
OVD040,45.0,-74.2,348.3,WGS84_46N,GM,Ragnarok Investment LLC,5/28/2025,OVD040
OVD040,50.0,-74.3,348.3,WGS84_46N,GM,Ragnarok Investment LLC,5/28/2025,OVD040
OVD040,55.0,-74.2,348.0,WGS84_46N,GM,Ragnarok Investment LLC,5/28/2025,OVD040
OVD040,60.0,-74.1,348.3,WGS84_46N,GM,Ragnarok Investment LLC,5/28/2025,OVD040
OVD040,65.0,-74.1,348.6,WGS84_46N,GM,Ragnarok Investment LLC,5/28/2025,OVD040
OVD040,70.0,-74.0,348.7,WGS84_46N,GM,Ragnarok Investment LLC,5/28/2025,OVD040
OVD040,75.0,-74.0,349.0,WGS84_46N,GM,Ragnarok Investment LLC,5/28/2025,OVD040
OVD040,80.0,-74.0,349.3,WGS84_46N,GM,Ragnarok Investment LLC,5/28/2025,OVD040
OVD040,85.0,-74.1,349.3,WGS84_46N,GM,Ragnarok Investment LLC,5/28/2025,OVD040
OVD040,90.0,-74.0,349.1,WGS84_46N,GM,Ragnarok Investment LLC,5/28/2025,OVD040
OVD040,95.0,-74.0,349.1,WGS84_46N,GM,Ragnarok Investment LLC,5/28/2025,OVD040
OVD040,100.0,-74.0,349.4,WGS84_46N,GM,Ragnarok Investment LLC,5/28/2025,OVD040
OVD040,105.0,-73.9,349.5,WGS84_46N,GM,Ragnarok Investment LLC,5/28/2025,OVD040
OVD040,110.0,-73.9,350.0,WGS84_46N,GM,Ragnarok Investment LLC,5/28/2025,OVD040
OVD040,115.0,-74.0,350.4,WGS84_46N,GM,Ragnarok Investment LLC,5/28/2025,OVD040
OVD040,120.0,-74.0,350.4,WGS84_46N,GM,Ragnarok Investment LLC,5/28/2025,OVD040
OVD040,125.0,-74.0,350.3,WGS84_46N,GM,Ragnarok Investment LLC,5/28/2025,OVD040
OVD040,129.5,-74.1,350.3,WGS84_46N,GM,Ragnarok Investment LLC,5/28/2025,OVD040
OVD041,0.0,-66.3,62.6,WGS84_46N,GM,Ragnarok Investment LLC,8/3/2025,OVD041
OVD041,10.0,-66.4,62.1,WGS84_46N,GM,Ragnarok Investment LLC,8/3/2025,OVD041
OVD041,20.0,-66.2,62.1,WGS84_46N,GM,Ragnarok Investment LLC,8/3/2025,OVD041
OVD041,30.0,-66.0,62.4,WGS84_46N,GM,Ragnarok Investment LLC,8/3/2025,OVD041
OVD041,40.0,-65.8,62.8,WGS84_46N,GM,Ragnarok Investment LLC,8/3/2025,OVD041
OVD041,50.0,-65.6,63.3,WGS84_46N,GM,Ragnarok Investment LLC,8/3/2025,OVD041
OVD041,60.0,-65.3,63.5,WGS84_46N,GM,Ragnarok Investment LLC,8/3/2025,OVD041
OVD041,70.0,-65.0,63.4,WGS84_46N,GM,Ragnarok Investment LLC,8/3/2025,OVD041
OVD041,80.0,-64.9,63.6,WGS84_46N,GM,Ragnarok Investment LLC,8/3/2025,OVD041
OVD041,90.0,-64.7,64.2,WGS84_46N,GM,Ragnarok Investment LLC,8/3/2025,OVD041
OVD041,100.0,-64.5,64.7,WGS84_46N,GM,Ragnarok Investment LLC,8/3/2025,OVD041
OVD041,120.0,-64.3,64.8,WGS84_46N,GM,Ragnarok Investment LLC,8/3/2025,OVD041
OVD041,130.0,-63.7,66.0,WGS84_46N,GM,Ragnarok Investment LLC,8/3/2025,OVD041
OVD041,138.5,-63.6,66.0,WGS84_46N,GM,Ragnarok Investment LLC,8/3/2025,OVD041
OVD042,0.0,-60.9,57.4,WGS84_46N,GM,Ragnarok Investment LLC,8/5/2025,OVD042
OVD042,10.0,-60.9,57.9,WGS84_46N,GM,Ragnarok Investment LLC,8/5/2025,OVD042
OVD042,20.0,-60.9,58.0,WGS84_46N,GM,Ragnarok Investment LLC,8/5/2025,OVD042
OVD042,30.0,-60.7,58.2,WGS84_46N,GM,Ragnarok Investment LLC,8/5/2025,OVD042
OVD042,40.0,-60.6,58.4,WGS84_46N,GM,Ragnarok Investment LLC,8/5/2025,OVD042
OVD042,50.0,-60.4,58.6,WGS84_46N,GM,Ragnarok Investment LLC,8/5/2025,OVD042
OVD042,60.0,-60.3,59.1,WGS84_46N,GM,Ragnarok Investment LLC,8/5/2025,OVD042
OVD042,70.0,-60.2,59.3,WGS84_46N,GM,Ragnarok Investment LLC,8/5/2025,OVD042
OVD042,80.0,-60.2,59.8,WGS84_46N,GM,Ragnarok Investment LLC,8/5/2025,OVD042
OVD042,90.0,-60.2,60.0,WGS84_46N,GM,Ragnarok Investment LLC,8/5/2025,OVD042
OVD042,99.5,-60.2,59.9,WGS84_46N,GM,Ragnarok Investment LLC,8/5/2025,OVD042
OVD030A,0.0,-85.0,352.7,WGS84_46N,GM,Ragnarok Investment LLC,8/11/2025,OVD030A
OVD030A,10.0,-85.3,354.8,WGS84_46N,GM,Ragnarok Investment LLC,8/11/2025,OVD030A
OVD030A,20.0,-85.2,354.2,WGS84_46N,GM,Ragnarok Investment LLC,8/11/2025,OVD030A
OVD030A,30.0,-85.2,354.5,WGS84_46N,GM,Ragnarok Investment LLC,8/11/2025,OVD030A
OVD030A,40.0,-85.3,354.9,WGS84_46N,GM,Ragnarok Investment LLC,8/11/2025,OVD030A
OVD030A,50.0,-85.5,357.1,WGS84_46N,GM,Ragnarok Investment LLC,8/11/2025,OVD030A
OVD030A,60.0,-85.4,356.8,WGS84_46N,GM,Ragnarok Investment LLC,8/11/2025,OVD030A
OVD030A,70.0,-85.4,357.6,WGS84_46N,GM,Ragnarok Investment LLC,8/11/2025,OVD030A
OVD030A,80.0,-85.4,359.3,WGS84_46N,GM,Ragnarok Investment LLC,8/11/2025,OVD030A
OVD030A,90.0,-85.4,358.1,WGS84_46N,GM,Ragnarok Investment LLC,8/11/2025,OVD030A
OVD030A,100.0,-85.5,358.2,WGS84_46N,GM,Ragnarok Investment LLC,8/11/2025,OVD030A
OVD030A,110.0,-85.3,359.3,WGS84_46N,GM,Ragnarok Investment LLC,8/11/2025,OVD030A
OVD030A,120.0,-85.4,358.2,WGS84_46N,GM,Ragnarok Investment LLC,8/11/2025,OVD030A
OVD030A,130.0,-85.4,357.9,WGS84_46N,GM,Ragnarok Investment LLC,8/11/2025,OVD030A
OVD030A,140.0,-85.4,358.2,WGS84_46N,GM,Ragnarok Investment LLC,8/11/2025,OVD030A
OVD030A,150.0,-85.5,359.4,WGS84_46N,GM,Ragnarok Investment LLC,8/11/2025,OVD030A
OVD030A,160.0,-85.4,359.5,WGS84_46N,GM,Ragnarok Investment LLC,8/11/2025,OVD030A
OVD030A,170.0,-85.3,0.6,WGS84_46N,GM,Ragnarok Investment LLC,8/11/2025,OVD030A
OVD030A,180.0,-85.2,1.0,WGS84_46N,GM,Ragnarok Investment LLC,8/11/2025,OVD030A
OVD030A,190.0,-85.4,3.4,WGS84_46N,GM,Ragnarok Investment LLC,8/11/2025,OVD030A
OVD030A,200.0,-85.4,1.6,WGS84_46N,GM,Ragnarok Investment LLC,8/11/2025,OVD030A
OVD030A,210.0,-85.5,3.2,WGS84_46N,GM,Ragnarok Investment LLC,8/11/2025,OVD030A
OVD030A,220.0,-85.3,2.2,WGS84_46N,GM,Ragnarok Investment LLC,8/11/2025,OVD030A
OVD030A,230.0,-85.2,4.0,WGS84_46N,GM,Ragnarok Investment LLC,8/11/2025,OVD030A
OVD030A,240.0,-85.4,3.6,WGS84_46N,GM,Ragnarok Investment LLC,8/11/2025,OVD030A
OVD030A,250.0,-85.2,3.4,WGS84_46N,GM,Ragnarok Investment LLC,8/11/2025,OVD030A
OVD030A,260.0,-85.4,2.7,WGS84_46N,GM,Ragnarok Investment LLC,8/11/2025,OVD030A
OVD030A,270.0,-85.3,1.8,WGS84_46N,GM,Ragnarok Investment LLC,8/11/2025,OVD030A
OVD030A,280.0,-85.3,2.3,WGS84_46N,GM,Ragnarok Investment LLC,8/11/2025,OVD030A
OVD030A,290.0,-85.3,3.4,WGS84_46N,GM,Ragnarok Investment LLC,8/11/2025,OVD030A
OVD030A,300.0,-85.2,4.1,WGS84_46N,GM,Ragnarok Investment LLC,8/11/2025,OVD030A
OVD030A,310.0,-85.2,3.5,WGS84_46N,GM,Ragnarok Investment LLC,8/11/2025,OVD030A
OVD030A,320.0,-85.3,5.9,WGS84_46N,GM,Ragnarok Investment LLC,8/11/2025,OVD030A
OVD030A,330.0,-85.1,4.2,WGS84_46N,GM,Ragnarok Investment LLC,8/11/2025,OVD030A
OVD030A,340.0,-85.3,5.8,WGS84_46N,GM,Ragnarok Investment LLC,8/11/2025,OVD030A
OVD030A,350.0,-85.1,4.9,WGS84_46N,GM,Ragnarok Investment LLC,8/11/2025,OVD030A
OVD030A,360.0,-85.1,5.0,WGS84_46N,GM,Ragnarok Investment LLC,8/11/2025,OVD030A
OVD030A,370.0,-85.3,4.9,WGS84_46N,GM,Ragnarok Investment LLC,8/11/2025,OVD030A
OVD030A,380.0,-85.2,5.9,WGS84_46N,GM,Ragnarok Investment LLC,8/11/2025,OVD030A
OVD030A,390.0,-85.1,6.4,WGS84_46N,GM,Ragnarok Investment LLC,8/11/2025,OVD030A
OVD030A,400.0,-85.1,6.9,WGS84_46N,GM,Ragnarok Investment LLC,8/11/2025,OVD030A
OVD030A,410.0,-85.1,6.3,WGS84_46N,GM,Ragnarok Investment LLC,8/11/2025,OVD030A
OVD030A,420.0,-85.2,9.6,WGS84_46N,GM,Ragnarok Investment LLC,8/11/2025,OVD030A
OVD030A,430.0,-85.1,9.1,WGS84_46N,GM,Ragnarok Investment LLC,8/11/2025,OVD030A
OVD030A,440.0,-85.2,10.0,WGS84_46N,GM,Ragnarok Investment LLC,8/11/2025,OVD030A
OVD030A,450.0,-85.1,10.4,WGS84_46N,GM,Ragnarok Investment LLC,8/11/2025,OVD030A
OVD030A,459.5,-85.1,10.6,WGS84_46N,GM,Ragnarok Investment LLC,8/11/2025,OVD030A
OVD043,0.0,-61.8,7.6,WGS84_46N,GM,Ragnarok Investment LLC,8/12/2025,OVD043
OVD043,10.0,-61.9,7.9,WGS84_46N,GM,Ragnarok Investment LLC,8/12/2025,OVD043
OVD043,20.0,-62.0,8.0,WGS84_46N,GM,Ragnarok Investment LLC,8/12/2025,OVD043
OVD043,30.0,-61.7,8.3,WGS84_46N,GM,Ragnarok Investment LLC,8/12/2025,OVD043
OVD043,40.0,-61.6,8.7,WGS84_46N,GM,Ragnarok Investment LLC,8/12/2025,OVD043
OVD043,50.0,-61.4,9.1,WGS84_46N,GM,Ragnarok Investment LLC,8/12/2025,OVD043
OVD043,60.0,-61.1,9.4,WGS84_46N,GM,Ragnarok Investment LLC,8/12/2025,OVD043
OVD043,70.0,-60.8,9.8,WGS84_46N,GM,Ragnarok Investment LLC,8/12/2025,OVD043
OVD043,78.5,-60.7,9.8,WGS84_46N,GM,Ragnarok Investment LLC,8/12/2025,OVD043
OVD044,0.0,-73.3,64.0,WGS84_46N,GM,Ragnarok Investment LLC,8/13/2025,OVD044
OVD044,10.0,-73.6,64.4,WGS84_46N,GM,Ragnarok Investment LLC,8/13/2025,OVD044
OVD044,20.0,-73.6,64.8,WGS84_46N,GM,Ragnarok Investment LLC,8/13/2025,OVD044
OVD044,30.0,-73.5,65.5,WGS84_46N,GM,Ragnarok Investment LLC,8/13/2025,OVD044
OVD044,40.0,-73.4,65.5,WGS84_46N,GM,Ragnarok Investment LLC,8/13/2025,OVD044
OVD044,50.0,-73.4,65.7,WGS84_46N,GM,Ragnarok Investment LLC,8/13/2025,OVD044
OVD044,60.0,-73.3,65.8,WGS84_46N,GM,Ragnarok Investment LLC,8/13/2025,OVD044
OVD044,70.0,-73.3,65.9,WGS84_46N,GM,Ragnarok Investment LLC,8/13/2025,OVD044
SC08,0.0,-60.7,60.8,WGS84_46N,GM,Ragnarok Investment LLC,8/16/2025,SC08
SC08,5.0,-60.5,60.4,WGS84_46N,GM,Ragnarok Investment LLC,8/16/2025,SC08
SC08,10.0,-60.5,60.4,WGS84_46N,GM,Ragnarok Investment LLC,8/16/2025,SC08
SC08,15.0,-60.6,60.5,WGS84_46N,GM,Ragnarok Investment LLC,8/16/2025,SC08
SC08,20.0,-60.7,60.6,WGS84_46N,GM,Ragnarok Investment LLC,8/16/2025,SC08
SC08,25.0,-60.6,60.9,WGS84_46N,GM,Ragnarok Investment LLC,8/16/2025,SC08
SC08,30.0,-60.6,61.1,WGS84_46N,GM,Ragnarok Investment LLC,8/16/2025,SC08
SC08,35.0,-60.5,61.4,WGS84_46N,GM,Ragnarok Investment LLC,8/16/2025,SC08
SC08,40.0,-60.4,61.5,WGS84_46N,GM,Ragnarok Investment LLC,8/16/2025,SC08
SC08,45.0,-60.3,61.7,WGS84_46N,GM,Ragnarok Investment LLC,8/16/2025,SC08
SC08,50.0,-60.1,61.8,WGS84_46N,GM,Ragnarok Investment LLC,8/16/2025,SC08
SC08,55.0,-60.0,61.8,WGS84_46N,GM,Ragnarok Investment LLC,8/16/2025,SC08
SC08,60.0,-59.9,62.0,WGS84_46N,GM,Ragnarok Investment LLC,8/16/2025,SC08
SC08,65.0,-59.7,61.4,WGS84_46N,GM,Ragnarok Investment LLC,8/16/2025,SC08
SC08,70.0,-59.7,61.6,WGS84_46N,GM,Ragnarok Investment LLC,8/16/2025,SC08
SC08,75.0,-59.5,61.5,WGS84_46N,GM,Ragnarok Investment LLC,8/16/2025,SC08
SC08,80.0,-59.3,61.8,WGS84_46N,GM,Ragnarok Investment LLC,8/16/2025,SC08
SC08,85.0,-59.1,61.7,WGS84_46N,GM,Ragnarok Investment LLC,8/16/2025,SC08
SC08,90.0,-59.0,61.8,WGS84_46N,GM,Ragnarok Investment LLC,8/16/2025,SC08
SC08,95.0,-58.8,61.8,WGS84_46N,GM,Ragnarok Investment LLC,8/16/2025,SC08
SC08,100.0,-58.7,61.9,WGS84_46N,GM,Ragnarok Investment LLC,8/16/2025,SC08
SC08,105.0,-58.5,61.8,WGS84_46N,GM,Ragnarok Investment LLC,8/16/2025,SC08
SC08,111.5,-58.3,61.8,WGS84_46N,GM,Ragnarok Investment LLC,8/16/2025,SC08
OVD045,0.0,-59.6,235.2,WGS84_46N,GM,Ragnarok Investment LLC,8/18/2025,OVD045
OVD045,5.0,-59.7,235.5,WGS84_46N,GM,Ragnarok Investment LLC,8/18/2025,OVD045
OVD045,10.0,-59.9,235.5,WGS84_46N,GM,Ragnarok Investment LLC,8/18/2025,OVD045
OVD045,15.0,-59.7,235.7,WGS84_46N,GM,Ragnarok Investment LLC,8/18/2025,OVD045
OVD045,20.0,-59.7,235.9,WGS84_46N,GM,Ragnarok Investment LLC,8/18/2025,OVD045
OVD045,25.0,-59.7,236.1,WGS84_46N,GM,Ragnarok Investment LLC,8/18/2025,OVD045
OVD045,30.0,-59.6,236.2,WGS84_46N,GM,Ragnarok Investment LLC,8/18/2025,OVD045
OVD045,35.0,-59.4,236.5,WGS84_46N,GM,Ragnarok Investment LLC,8/18/2025,OVD045
OVD045,40.0,-59.4,236.7,WGS84_46N,GM,Ragnarok Investment LLC,8/18/2025,OVD045
OVD045,45.0,-59.2,237.0,WGS84_46N,GM,Ragnarok Investment LLC,8/18/2025,OVD045
OVD045,50.0,-59.5,236.7,WGS84_46N,GM,Ragnarok Investment LLC,8/18/2025,OVD045
OVD045,55.0,-59.5,236.2,WGS84_46N,GM,Ragnarok Investment LLC,8/18/2025,OVD045
OVD045,60.0,-59.5,236.2,WGS84_46N,GM,Ragnarok Investment LLC,8/18/2025,OVD045
OVD045,65.0,-59.5,236.4,WGS84_46N,GM,Ragnarok Investment LLC,8/18/2025,OVD045
OVD045,70.0,-59.3,236.6,WGS84_46N,GM,Ragnarok Investment LLC,8/18/2025,OVD045
OVD045,75.0,-59.4,236.6,WGS84_46N,GM,Ragnarok Investment LLC,8/18/2025,OVD045
OVD045,80.0,-59.4,236.8,WGS84_46N,GM,Ragnarok Investment LLC,8/18/2025,OVD045
OVD045,85.0,-59.4,236.9,WGS84_46N,GM,Ragnarok Investment LLC,8/18/2025,OVD045
OVD045,90.0,-59.3,236.9,WGS84_46N,GM,Ragnarok Investment LLC,8/18/2025,OVD045
OVD045,95.0,-59.3,237.0,WGS84_46N,GM,Ragnarok Investment LLC,8/18/2025,OVD045
OVD045,100.0,-59.4,237.1,WGS84_46N,GM,Ragnarok Investment LLC,8/18/2025,OVD045
OVD045,105.0,-59.4,237.2,WGS84_46N,GM,Ragnarok Investment LLC,8/18/2025,OVD045
OVD045,110.0,-59.4,237.4,WGS84_46N,GM,Ragnarok Investment LLC,8/18/2025,OVD045
OVD045,115.0,-59.4,237.5,WGS84_46N,GM,Ragnarok Investment LLC,8/18/2025,OVD045
OVD045,120.0,-59.3,237.6,WGS84_46N,GM,Ragnarok Investment LLC,8/18/2025,OVD045
OVD045,125.0,-59.3,237.7,WGS84_46N,GM,Ragnarok Investment LLC,8/18/2025,OVD045
OVD045,130.0,-59.2,237.8,WGS84_46N,GM,Ragnarok Investment LLC,8/18/2025,OVD045
OVD045,135.0,-59.2,237.9,WGS84_46N,GM,Ragnarok Investment LLC,8/18/2025,OVD045
OVD045,140.0,-59.2,238.1,WGS84_46N,GM,Ragnarok Investment LLC,8/18/2025,OVD045
OVD045,145.0,-59.2,238.2,WGS84_46N,GM,Ragnarok Investment LLC,8/18/2025,OVD045
OVD045,150.5,-59.2,238.0,WGS84_46N,GM,Ragnarok Investment LLC,8/18/2025,OVD045
OVD046,0.0,-85.4,243.6,WGS84_46N,GM,Ragnarok Investment LLC,8/21/2025,OVD046
OVD046,5.0,-85.3,245.5,WGS84_46N,GM,Ragnarok Investment LLC,8/21/2025,OVD046
OVD046,10.0,-85.3,245.6,WGS84_46N,GM,Ragnarok Investment LLC,8/21/2025,OVD046
OVD046,15.0,-85.4,246.4,WGS84_46N,GM,Ragnarok Investment LLC,8/21/2025,OVD046
OVD046,20.0,-85.3,246.9,WGS84_46N,GM,Ragnarok Investment LLC,8/21/2025,OVD046
OVD046,25.0,-85.2,245.7,WGS84_46N,GM,Ragnarok Investment LLC,8/21/2025,OVD046
OVD046,30.0,-85.1,245.2,WGS84_46N,GM,Ragnarok Investment LLC,8/21/2025,OVD046
OVD046,35.0,-85.3,246.3,WGS84_46N,GM,Ragnarok Investment LLC,8/21/2025,OVD046
OVD046,40.0,-85.4,246.3,WGS84_46N,GM,Ragnarok Investment LLC,8/21/2025,OVD046
OVD046,45.0,-85.4,245.8,WGS84_46N,GM,Ragnarok Investment LLC,8/21/2025,OVD046
OVD046,50.0,-85.4,246.1,WGS84_46N,GM,Ragnarok Investment LLC,8/21/2025,OVD046
OVD046,55.0,-85.4,245.6,WGS84_46N,GM,Ragnarok Investment LLC,8/21/2025,OVD046
OVD046,60.0,-85.4,246.2,WGS84_46N,GM,Ragnarok Investment LLC,8/21/2025,OVD046
OVD046,65.0,-85.5,245.8,WGS84_46N,GM,Ragnarok Investment LLC,8/21/2025,OVD046
OVD046,70.0,-85.5,246.1,WGS84_46N,GM,Ragnarok Investment LLC,8/21/2025,OVD046
OVD046,75.0,-85.4,246.5,WGS84_46N,GM,Ragnarok Investment LLC,8/21/2025,OVD046
OVD046,80.0,-85.4,245.6,WGS84_46N,GM,Ragnarok Investment LLC,8/21/2025,OVD046
OVD046,85.0,-85.5,248.0,WGS84_46N,GM,Ragnarok Investment LLC,8/21/2025,OVD046
OVD046,90.0,-85.4,250.9,WGS84_46N,GM,Ragnarok Investment LLC,8/21/2025,OVD046
OVD046,95.0,-85.4,249.8,WGS84_46N,GM,Ragnarok Investment LLC,8/21/2025,OVD046
OVD046,100.0,-85.4,249.5,WGS84_46N,GM,Ragnarok Investment LLC,8/21/2025,OVD046
OVD046,105.0,-85.4,250.3,WGS84_46N,GM,Ragnarok Investment LLC,8/21/2025,OVD046
OVD046,110.0,-85.4,250.5,WGS84_46N,GM,Ragnarok Investment LLC,8/21/2025,OVD046
OVD046,115.0,-85.4,250.0,WGS84_46N,GM,Ragnarok Investment LLC,8/21/2025,OVD046
OVD046,120.0,-85.3,250.9,WGS84_46N,GM,Ragnarok Investment LLC,8/21/2025,OVD046
OVD046,125.0,-85.4,251.9,WGS84_46N,GM,Ragnarok Investment LLC,8/21/2025,OVD046
OVD046,130.0,-85.4,251.6,WGS84_46N,GM,Ragnarok Investment LLC,8/21/2025,OVD046
OVD046,135.0,-85.3,251.6,WGS84_46N,GM,Ragnarok Investment LLC,8/21/2025,OVD046
OVD046,140.0,-85.2,251.7,WGS84_46N,GM,Ragnarok Investment LLC,8/21/2025,OVD046
OVD046,145.0,-85.3,254.1,WGS84_46N,GM,Ragnarok Investment LLC,8/21/2025,OVD046
OVD046,150.0,-85.4,253.9,WGS84_46N,GM,Ragnarok Investment LLC,8/21/2025,OVD046
OVD046,155.0,-85.3,252.4,WGS84_46N,GM,Ragnarok Investment LLC,8/21/2025,OVD046
OVD046,160.0,-85.3,251.9,WGS84_46N,GM,Ragnarok Investment LLC,8/21/2025,OVD046
OVD046,165.0,-85.4,253.7,WGS84_46N,GM,Ragnarok Investment LLC,8/21/2025,OVD046
OVD046,170.0,-85.4,253.0,WGS84_46N,GM,Ragnarok Investment LLC,8/21/2025,OVD046
OVD046,175.0,-85.4,253.1,WGS84_46N,GM,Ragnarok Investment LLC,8/21/2025,OVD046
OVD046,180.0,-85.3,252.8,WGS84_46N,GM,Ragnarok Investment LLC,8/21/2025,OVD046
OVD046,185.0,-85.3,254.1,WGS84_46N,GM,Ragnarok Investment LLC,8/21/2025,OVD046
OVD046,190.0,-85.4,253.0,WGS84_46N,GM,Ragnarok Investment LLC,8/21/2025,OVD046
OVD046,195.0,-85.4,253.0,WGS84_46N,GM,Ragnarok Investment LLC,8/21/2025,OVD046
OVD046,200.0,-85.3,252.8,WGS84_46N,GM,Ragnarok Investment LLC,8/21/2025,OVD046
OVD046,205.0,-85.4,253.5,WGS84_46N,GM,Ragnarok Investment LLC,8/21/2025,OVD046
OVD046,210.0,-85.4,253.5,WGS84_46N,GM,Ragnarok Investment LLC,8/21/2025,OVD046
SC09,0.0,-49.2,79.9,WGS84_46N,GM,Ragnarok Investment LLC,8/25/2025,SC09
SC09,5.0,-49.5,80.0,WGS84_46N,GM,Ragnarok Investment LLC,8/25/2025,SC09
SC09,10.0,-49.5,80.1,WGS84_46N,GM,Ragnarok Investment LLC,8/25/2025,SC09
SC09,15.0,-49.5,80.2,WGS84_46N,GM,Ragnarok Investment LLC,8/25/2025,SC09
SC09,20.0,-49.4,80.4,WGS84_46N,GM,Ragnarok Investment LLC,8/25/2025,SC09
SC09,25.0,-49.3,80.6,WGS84_46N,GM,Ragnarok Investment LLC,8/25/2025,SC09
SC09,30.0,-49.2,80.7,WGS84_46N,GM,Ragnarok Investment LLC,8/25/2025,SC09
SC09,35.0,-48.9,80.9,WGS84_46N,GM,Ragnarok Investment LLC,8/25/2025,SC09
SC09,40.0,-48.6,81.0,WGS84_46N,GM,Ragnarok Investment LLC,8/25/2025,SC09
SC09,45.0,-48.4,81.1,WGS84_46N,GM,Ragnarok Investment LLC,8/25/2025,SC09
SC09,50.0,-48.2,81.2,WGS84_46N,GM,Ragnarok Investment LLC,8/25/2025,SC09
SC09,55.0,-48.2,81.2,WGS84_46N,GM,Ragnarok Investment LLC,8/25/2025,SC09
SC09,60.0,-48.2,81.3,WGS84_46N,GM,Ragnarok Investment LLC,8/25/2025,SC09
SC09,65.0,-47.9,81.2,WGS84_46N,GM,Ragnarok Investment LLC,8/25/2025,SC09
SC09,70.0,-47.8,81.3,WGS84_46N,GM,Ragnarok Investment LLC,8/25/2025,SC09
SC09,75.0,-47.7,81.4,WGS84_46N,GM,Ragnarok Investment LLC,8/25/2025,SC09
SC09,80.0,-47.6,81.3,WGS84_46N,GM,Ragnarok Investment LLC,8/25/2025,SC09
SC09,85.0,-47.5,81.6,WGS84_46N,GM,Ragnarok Investment LLC,8/25/2025,SC09
SC09,90.0,-47.5,81.6,WGS84_46N,GM,Ragnarok Investment LLC,8/25/2025,SC09
SC09,95.0,-47.4,81.7,WGS84_46N,GM,Ragnarok Investment LLC,8/25/2025,SC09
SC09,100.0,-47.3,81.7,WGS84_46N,GM,Ragnarok Investment LLC,8/25/2025,SC09
SC09,105.0,-47.4,81.8,WGS84_46N,GM,Ragnarok Investment LLC,8/25/2025,SC09
SC09,110.0,-47.4,81.9,WGS84_46N,GM,Ragnarok Investment LLC,8/25/2025,SC09
SC09,115.0,-47.4,82.0,WGS84_46N,GM,Ragnarok Investment LLC,8/25/2025,SC09
SC09,120.0,-47.5,82.2,WGS84_46N,GM,Ragnarok Investment LLC,8/25/2025,SC09
SC09,125.0,-47.5,82.5,WGS84_46N,GM,Ragnarok Investment LLC,8/25/2025,SC09
SC09,130.0,-47.4,82.7,WGS84_46N,GM,Ragnarok Investment LLC,8/25/2025,SC09
SC09,135.0,-47.4,82.8,WGS84_46N,GM,Ragnarok Investment LLC,8/25/2025,SC09
SC09,140.0,-47.3,82.9,WGS84_46N,GM,Ragnarok Investment LLC,8/25/2025,SC09
SC09,145.0,-47.2,82.9,WGS84_46N,GM,Ragnarok Investment LLC,8/25/2025,SC09
SC09,150.0,-47.1,83.1,WGS84_46N,GM,Ragnarok Investment LLC,8/25/2025,SC09
SC09,155.0,-47.1,83.1,WGS84_46N,GM,Ragnarok Investment LLC,8/25/2025,SC09
SC09,160.0,-47.0,83.2,WGS84_46N,GM,Ragnarok Investment LLC,8/25/2025,SC09
SC09,165.0,-47.0,83.4,WGS84_46N,GM,Ragnarok Investment LLC,8/25/2025,SC09
SC09,170.0,-47.0,83.6,WGS84_46N,GM,Ragnarok Investment LLC,8/25/2025,SC09
SC09,175.0,-46.9,83.7,WGS84_46N,GM,Ragnarok Investment LLC,8/25/2025,SC09
SC09,180.0,-46.9,83.7,WGS84_46N,GM,Ragnarok Investment LLC,8/25/2025,SC09
SC09,185.0,-46.9,83.8,WGS84_46N,GM,Ragnarok Investment LLC,8/25/2025,SC09
SC09,190.0,-46.9,83.8,WGS84_46N,GM,Ragnarok Investment LLC,8/25/2025,SC09
SC09,195.0,-46.9,83.9,WGS84_46N,GM,Ragnarok Investment LLC,8/25/2025,SC09
SC09,200.0,-46.8,83.7,WGS84_46N,GM,Ragnarok Investment LLC,8/25/2025,SC09
SC09,207.4,-46.8,83.8,WGS84_46N,GM,Ragnarok Investment LLC,8/25/2025,SC09
OVD047,0.0,-78.6,58.54,WGS84_46N,GM,Ragnarok Investment LLC,9/2/2025,OVD047
OVD047,5.0,-78.6,58.48,WGS84_46N,GM,Ragnarok Investment LLC,9/2/2025,OVD047
OVD047,10.0,-78.7,58.84,WGS84_46N,GM,Ragnarok Investment LLC,9/2/2025,OVD047
OVD047,15.0,-78.7,59.36,WGS84_46N,GM,Ragnarok Investment LLC,9/2/2025,OVD047
OVD047,20.0,-78.7,59.41,WGS84_46N,GM,Ragnarok Investment LLC,9/2/2025,OVD047
OVD047,25.0,-78.7,58.65,WGS84_46N,GM,Ragnarok Investment LLC,9/2/2025,OVD047
OVD047,30.0,-78.7,59.37,WGS84_46N,GM,Ragnarok Investment LLC,9/2/2025,OVD047
OVD047,35.0,-78.7,59.26,WGS84_46N,GM,Ragnarok Investment LLC,9/2/2025,OVD047
OVD047,40.0,-78.6,59.19,WGS84_46N,GM,Ragnarok Investment LLC,9/2/2025,OVD047
OVD047,45.0,-78.6,59.2,WGS84_46N,GM,Ragnarok Investment LLC,9/2/2025,OVD047
OVD047,50.0,-78.6,59.1,WGS84_46N,GM,Ragnarok Investment LLC,9/2/2025,OVD047
OVD047,55.0,-78.6,59.1,WGS84_46N,GM,Ragnarok Investment LLC,9/2/2025,OVD047
OVD047,60.0,-78.7,59.06,WGS84_46N,GM,Ragnarok Investment LLC,9/2/2025,OVD047
OVD047,65.0,-78.7,59.29,WGS84_46N,GM,Ragnarok Investment LLC,9/2/2025,OVD047
OVD047,70.0,-78.8,59.58,WGS84_46N,GM,Ragnarok Investment LLC,9/2/2025,OVD047
OVD047,75.0,-78.8,59.66,WGS84_46N,GM,Ragnarok Investment LLC,9/2/2025,OVD047
OVD047,80.0,-78.6,59.84,WGS84_46N,GM,Ragnarok Investment LLC,9/2/2025,OVD047
OVD047,85.0,-78.7,59.96,WGS84_46N,GM,Ragnarok Investment LLC,9/2/2025,OVD047
OVD047,90.0,-78.7,60.64,WGS84_46N,GM,Ragnarok Investment LLC,9/2/2025,OVD047
OVD047,95.0,-78.6,60.31,WGS84_46N,GM,Ragnarok Investment LLC,9/2/2025,OVD047
OVD047,100.0,-78.6,60.48,WGS84_46N,GM,Ragnarok Investment LLC,9/2/2025,OVD047
OVD047,105.0,-78.7,60.53,WGS84_46N,GM,Ragnarok Investment LLC,9/2/2025,OVD047
OVD047,110.0,-78.7,60.98,WGS84_46N,GM,Ragnarok Investment LLC,9/2/2025,OVD047
OVD047,115.0,-78.5,60.46,WGS84_46N,GM,Ragnarok Investment LLC,9/2/2025,OVD047
OVD047,120.0,-78.6,60.75,WGS84_46N,GM,Ragnarok Investment LLC,9/2/2025,OVD047
OVD047,125.0,-78.7,61.44,WGS84_46N,GM,Ragnarok Investment LLC,9/2/2025,OVD047
OVD047,130.0,-78.7,61.7,WGS84_46N,GM,Ragnarok Investment LLC,9/2/2025,OVD047
OVD047,135.0,-78.7,61.34,WGS84_46N,GM,Ragnarok Investment LLC,9/2/2025,OVD047
OVD047,140.0,-78.8,61.63,WGS84_46N,GM,Ragnarok Investment LLC,9/2/2025,OVD047
OVD047,145.0,-78.8,61.42,WGS84_46N,GM,Ragnarok Investment LLC,9/2/2025,OVD047
OVD047,150.0,-78.7,60.98,WGS84_46N,GM,Ragnarok Investment LLC,9/2/2025,OVD047
OVD047,155.0,-78.5,60.8,WGS84_46N,GM,Ragnarok Investment LLC,9/2/2025,OVD047
OVD047,160.0,-78.6,60.84,WGS84_46N,GM,Ragnarok Investment LLC,9/2/2025,OVD047
OVD047,165.0,-78.6,62.21,WGS84_46N,GM,Ragnarok Investment LLC,9/2/2025,OVD047
OVD047,170.0,-78.6,62.27,WGS84_46N,GM,Ragnarok Investment LLC,9/2/2025,OVD047
OVD047,175.0,-78.8,62.96,WGS84_46N,GM,Ragnarok Investment LLC,9/2/2025,OVD047
OVD047,180.0,-78.9,63.81,WGS84_46N,GM,Ragnarok Investment LLC,9/2/2025,OVD047
OVD047,185.0,-78.7,65.09,WGS84_46N,GM,Ragnarok Investment LLC,9/2/2025,OVD047
OVD047,190.0,-78.8,65.5,WGS84_46N,GM,Ragnarok Investment LLC,9/2/2025,OVD047
OVD047,195.0,-79.0,66.48,WGS84_46N,GM,Ragnarok Investment LLC,9/2/2025,OVD047
OVD047,200.0,-79.2,67.61,WGS84_46N,GM,Ragnarok Investment LLC,9/2/2025,OVD047
OVD047,205.0,-79.2,68.27,WGS84_46N,GM,Ragnarok Investment LLC,9/2/2025,OVD047
OVD047,210.0,-79.2,68.61,WGS84_46N,GM,Ragnarok Investment LLC,9/2/2025,OVD047
OVD047,215.0,-79.2,69.15,WGS84_46N,GM,Ragnarok Investment LLC,9/2/2025,OVD047
OVD047,220.0,-79.0,70.26,WGS84_46N,GM,Ragnarok Investment LLC,9/2/2025,OVD047
OVD047,225.0,-78.9,70.38,WGS84_46N,GM,Ragnarok Investment LLC,9/2/2025,OVD047
OVD047,230.0,-78.5,69.79,WGS84_46N,GM,Ragnarok Investment LLC,9/2/2025,OVD047
OVD047,235.0,-78.6,68.93,WGS84_46N,GM,Ragnarok Investment LLC,9/2/2025,OVD047
OVD047,240.0,-78.6,69.72,WGS84_46N,GM,Ragnarok Investment LLC,9/2/2025,OVD047
OVD047,245.0,-78.4,69.9,WGS84_46N,GM,Ragnarok Investment LLC,9/2/2025,OVD047
OVD047,250.0,-78.2,69.58,WGS84_46N,GM,Ragnarok Investment LLC,9/2/2025,OVD047
OVD047,255.0,-78.1,69.43,WGS84_46N,GM,Ragnarok Investment LLC,9/2/2025,OVD047
OVD047,260.0,-78.1,69.89,WGS84_46N,GM,Ragnarok Investment LLC,9/2/2025,OVD047
OVD047,265.0,-78.0,69.6,WGS84_46N,GM,Ragnarok Investment LLC,9/2/2025,OVD047
OVD047,270.0,-78.0,69.44,WGS84_46N,GM,Ragnarok Investment LLC,9/2/2025,OVD047
OVD047,275.0,-77.9,69.77,WGS84_46N,GM,Ragnarok Investment LLC,9/2/2025,OVD047
OVD047,280.0,-77.9,69.58,WGS84_46N,GM,Ragnarok Investment LLC,9/2/2025,OVD047
OVD047,285.0,-77.8,69.99,WGS84_46N,GM,Ragnarok Investment LLC,9/2/2025,OVD047
OVD047,290.0,-77.6,70.2,WGS84_46N,GM,Ragnarok Investment LLC,9/2/2025,OVD047
OVD047,295.0,-77.6,70.14,WGS84_46N,GM,Ragnarok Investment LLC,9/2/2025,OVD047
OVD047,300.0,-77.5,70.35,WGS84_46N,GM,Ragnarok Investment LLC,9/2/2025,OVD047
OVD047,305.0,-77.5,70.35,WGS84_46N,GM,Ragnarok Investment LLC,9/2/2025,OVD047
OVD047,310.0,-77.4,70.53,WGS84_46N,GM,Ragnarok Investment LLC,9/2/2025,OVD047
OVD047,315.0,-77.4,70.46,WGS84_46N,GM,Ragnarok Investment LLC,9/2/2025,OVD047
OVD047,320.0,-77.2,70.44,WGS84_46N,GM,Ragnarok Investment LLC,9/2/2025,OVD047
OVD047,325.0,-77.2,70.47,WGS84_46N,GM,Ragnarok Investment LLC,9/2/2025,OVD047
OVD047,330.0,-77.1,70.62,WGS84_46N,GM,Ragnarok Investment LLC,9/2/2025,OVD047
OVD047,335.0,-77.2,70.67,WGS84_46N,GM,Ragnarok Investment LLC,9/2/2025,OVD047
OVD047,342.7,-77.3,70.68,WGS84_46N,GM,Ragnarok Investment LLC,9/2/2025,OVD047
OVD048,0.0,-59.0,215.59,WGS84_46N,GM,Ragnarok Investment LLC,9/4/2025,OVD048
OVD048,5.0,-59.2,215.9,WGS84_46N,GM,Ragnarok Investment LLC,9/4/2025,OVD048
OVD048,10.0,-59.2,215.7,WGS84_46N,GM,Ragnarok Investment LLC,9/4/2025,OVD048
OVD048,15.0,-59.1,215.8,WGS84_46N,GM,Ragnarok Investment LLC,9/4/2025,OVD048
OVD048,20.0,-59.0,215.9,WGS84_46N,GM,Ragnarok Investment LLC,9/4/2025,OVD048
OVD048,25.0,-58.9,216.0,WGS84_46N,GM,Ragnarok Investment LLC,9/4/2025,OVD048
OVD048,30.0,-58.7,216.0,WGS84_46N,GM,Ragnarok Investment LLC,9/4/2025,OVD048
OVD048,35.0,-58.7,216.0,WGS84_46N,GM,Ragnarok Investment LLC,9/4/2025,OVD048
OVD048,42.4,-58.6,215.9,WGS84_46N,GM,Ragnarok Investment LLC,9/4/2025,OVD048
SC10,0.0,-74.8,178.0,WGS84_46N,GM,Ragnarok Investment LLC,9/9/2025,SC10
SC10,5.0,-74.9,178.5,WGS84_46N,GM,Ragnarok Investment LLC,9/9/2025,SC10
SC10,10.0,-74.9,178.2,WGS84_46N,GM,Ragnarok Investment LLC,9/9/2025,SC10
SC10,15.0,-74.9,178.0,WGS84_46N,GM,Ragnarok Investment LLC,9/9/2025,SC10
SC10,20.0,-74.8,177.9,WGS84_46N,GM,Ragnarok Investment LLC,9/9/2025,SC10
SC10,25.0,-74.9,177.6,WGS84_46N,GM,Ragnarok Investment LLC,9/9/2025,SC10
SC10,30.0,-75.0,177.6,WGS84_46N,GM,Ragnarok Investment LLC,9/9/2025,SC10
SC10,35.0,-75.0,177.7,WGS84_46N,GM,Ragnarok Investment LLC,9/9/2025,SC10
SC10,40.0,-75.0,177.7,WGS84_46N,GM,Ragnarok Investment LLC,9/9/2025,SC10
SC10,45.0,-75.1,177.6,WGS84_46N,GM,Ragnarok Investment LLC,9/9/2025,SC10
SC10,50.0,-75.3,177.5,WGS84_46N,GM,Ragnarok Investment LLC,9/9/2025,SC10
SC10,55.0,-75.3,177.4,WGS84_46N,GM,Ragnarok Investment LLC,9/9/2025,SC10
SC10,60.0,-75.4,177.7,WGS84_46N,GM,Ragnarok Investment LLC,9/9/2025,SC10
SC10,65.0,-75.4,177.6,WGS84_46N,GM,Ragnarok Investment LLC,9/9/2025,SC10
SC10,70.0,-75.4,177.6,WGS84_46N,GM,Ragnarok Investment LLC,9/9/2025,SC10
SC10,75.0,-75.6,177.7,WGS84_46N,GM,Ragnarok Investment LLC,9/9/2025,SC10
SC10,80.0,-75.6,178.1,WGS84_46N,GM,Ragnarok Investment LLC,9/9/2025,SC10
SC10,85.0,-75.4,178.5,WGS84_46N,GM,Ragnarok Investment LLC,9/9/2025,SC10
SC10,90.0,-75.5,178.2,WGS84_46N,GM,Ragnarok Investment LLC,9/9/2025,SC10
SC10,95.0,-75.5,178.1,WGS84_46N,GM,Ragnarok Investment LLC,9/9/2025,SC10
SC10,100.0,-75.6,178.2,WGS84_46N,GM,Ragnarok Investment LLC,9/9/2025,SC10
SC10,105.0,-75.6,178.6,WGS84_46N,GM,Ragnarok Investment LLC,9/9/2025,SC10
SC10,110.0,-75.6,178.6,WGS84_46N,GM,Ragnarok Investment LLC,9/9/2025,SC10
SC10,115.0,-75.4,178.7,WGS84_46N,GM,Ragnarok Investment LLC,9/9/2025,SC10
SC10,120.0,-75.3,178.7,WGS84_46N,GM,Ragnarok Investment LLC,9/9/2025,SC10
SC10,125.0,-75.1,178.5,WGS84_46N,GM,Ragnarok Investment LLC,9/9/2025,SC10
SC10,130.0,-74.9,178.5,WGS84_46N,GM,Ragnarok Investment LLC,9/9/2025,SC10
SC10,135.0,-74.5,177.8,WGS84_46N,GM,Ragnarok Investment LLC,9/9/2025,SC10
SC10,140.0,-74.2,178.1,WGS84_46N,GM,Ragnarok Investment LLC,9/9/2025,SC10
SC10,145.0,-73.8,178.0,WGS84_46N,GM,Ragnarok Investment LLC,9/9/2025,SC10
SC10,150.0,-73.5,178.0,WGS84_46N,GM,Ragnarok Investment LLC,9/9/2025,SC10
SC10,155.0,-73.1,177.7,WGS84_46N,GM,Ragnarok Investment LLC,9/9/2025,SC10
SC10,160.0,-72.9,177.4,WGS84_46N,GM,Ragnarok Investment LLC,9/9/2025,SC10
SC10,165.0,-72.6,177.5,WGS84_46N,GM,Ragnarok Investment LLC,9/9/2025,SC10
SC10,170.0,-72.5,177.5,WGS84_46N,GM,Ragnarok Investment LLC,9/9/2025,SC10
SC10,175.0,-72.2,177.5,WGS84_46N,GM,Ragnarok Investment LLC,9/9/2025,SC10
SC10,180.0,-71.9,177.8,WGS84_46N,GM,Ragnarok Investment LLC,9/9/2025,SC10
SC10,185.0,-71.6,178.0,WGS84_46N,GM,Ragnarok Investment LLC,9/9/2025,SC10
SC10,190.0,-71.4,178.0,WGS84_46N,GM,Ragnarok Investment LLC,9/9/2025,SC10
SC10,195.0,-71.3,178.1,WGS84_46N,GM,Ragnarok Investment LLC,9/9/2025,SC10
SC10,200.0,-71.1,178.3,WGS84_46N,GM,Ragnarok Investment LLC,9/9/2025,SC10
SC10,205.0,-71.0,178.3,WGS84_46N,GM,Ragnarok Investment LLC,9/9/2025,SC10
SC10,210.0,-70.9,178.5,WGS84_46N,GM,Ragnarok Investment LLC,9/9/2025,SC10
SC10,215.0,-70.9,178.9,WGS84_46N,GM,Ragnarok Investment LLC,9/9/2025,SC10
SC10,220.0,-70.8,178.9,WGS84_46N,GM,Ragnarok Investment LLC,9/9/2025,SC10
SC10,225.0,-70.8,179.2,WGS84_46N,GM,Ragnarok Investment LLC,9/9/2025,SC10
SC10,230.0,-70.6,179.4,WGS84_46N,GM,Ragnarok Investment LLC,9/9/2025,SC10
SC10,237.0,-70.6,179.1,WGS84_46N,GM,Ragnarok Investment LLC,9/9/2025,SC10
OVD008A,0.0,-69.7,236.1,WGS84_46N,GM,Ragnarok Investment LLC,9/5/2025,OVD008A
OVD008A,5.0,-69.7,236.4,WGS84_46N,GM,Ragnarok Investment LLC,9/5/2025,OVD008A
OVD008A,10.0,-69.5,236.3,WGS84_46N,GM,Ragnarok Investment LLC,9/5/2025,OVD008A
OVD008A,15.0,-69.5,236.5,WGS84_46N,GM,Ragnarok Investment LLC,9/5/2025,OVD008A
OVD008A,20.0,-69.5,236.7,WGS84_46N,GM,Ragnarok Investment LLC,9/5/2025,OVD008A
OVD008A,25.0,-69.5,236.9,WGS84_46N,GM,Ragnarok Investment LLC,9/5/2025,OVD008A
OVD008A,30.0,-69.5,237.1,WGS84_46N,GM,Ragnarok Investment LLC,9/5/2025,OVD008A
OVD008A,35.0,-69.5,237.4,WGS84_46N,GM,Ragnarok Investment LLC,9/5/2025,OVD008A
OVD008A,40.0,-69.5,237.8,WGS84_46N,GM,Ragnarok Investment LLC,9/5/2025,OVD008A
OVD008A,45.0,-69.5,237.7,WGS84_46N,GM,Ragnarok Investment LLC,9/5/2025,OVD008A
OVD008A,50.0,-69.5,237.7,WGS84_46N,GM,Ragnarok Investment LLC,9/5/2025,OVD008A
OVD008A,55.0,-69.5,237.7,WGS84_46N,GM,Ragnarok Investment LLC,9/5/2025,OVD008A
OVD008A,60.0,-69.5,237.7,WGS84_46N,GM,Ragnarok Investment LLC,9/5/2025,OVD008A
OVD008A,65.0,-69.6,237.6,WGS84_46N,GM,Ragnarok Investment LLC,9/5/2025,OVD008A
OVD008A,70.0,-69.6,237.5,WGS84_46N,GM,Ragnarok Investment LLC,9/5/2025,OVD008A
OVD008A,75.0,-69.5,237.8,WGS84_46N,GM,Ragnarok Investment LLC,9/5/2025,OVD008A
OVD008A,80.0,-69.8,237.5,WGS84_46N,GM,Ragnarok Investment LLC,9/5/2025,OVD008A
OVD008A,85.0,-69.8,237.7,WGS84_46N,GM,Ragnarok Investment LLC,9/5/2025,OVD008A
OVD008A,90.0,-69.9,237.8,WGS84_46N,GM,Ragnarok Investment LLC,9/5/2025,OVD008A
OVD008A,95.0,-69.9,238.1,WGS84_46N,GM,Ragnarok Investment LLC,9/5/2025,OVD008A
OVD008A,100.0,-69.7,238.1,WGS84_46N,GM,Ragnarok Investment LLC,9/5/2025,OVD008A
OVD008A,105.0,-69.7,238.1,WGS84_46N,GM,Ragnarok Investment LLC,9/5/2025,OVD008A
OVD008A,110.0,-69.7,237.8,WGS84_46N,GM,Ragnarok Investment LLC,9/5/2025,OVD008A
OVD008A,115.0,-69.7,237.9,WGS84_46N,GM,Ragnarok Investment LLC,9/5/2025,OVD008A
OVD008A,120.0,-69.7,238.5,WGS84_46N,GM,Ragnarok Investment LLC,9/5/2025,OVD008A
OVD008A,125.0,-69.6,238.1,WGS84_46N,GM,Ragnarok Investment LLC,9/5/2025,OVD008A
OVD008A,130.0,-69.6,238.3,WGS84_46N,GM,Ragnarok Investment LLC,9/5/2025,OVD008A
OVD008A,135.0,-69.6,238.6,WGS84_46N,GM,Ragnarok Investment LLC,9/5/2025,OVD008A
OVD008A,140.0,-69.6,238.7,WGS84_46N,GM,Ragnarok Investment LLC,9/5/2025,OVD008A
OVD008A,145.0,-69.7,238.8,WGS84_46N,GM,Ragnarok Investment LLC,9/5/2025,OVD008A
OVD008A,150.0,-69.8,238.9,WGS84_46N,GM,Ragnarok Investment LLC,9/5/2025,OVD008A
OVD008A,155.0,-69.7,238.7,WGS84_46N,GM,Ragnarok Investment LLC,9/5/2025,OVD008A
OVD008A,162.5,-69.7,238.4,WGS84_46N,GM,Ragnarok Investment LLC,9/5/2025,OVD008A
SC11,0.0,-70.3,178.3,WGS84_46N,GM,Ragnarok Investment LLC,9/19/20259/23/25,SC11
SC11,5.0,-70.1,178.2,WGS84_46N,GM,Ragnarok Investment LLC,9/19/2025,SC11
SC11,10.0,-70.0,178.3,WGS84_46N,GM,Ragnarok Investment LLC,9/19/2025,SC11
SC11,15.0,-70.1,178.5,WGS84_46N,GM,Ragnarok Investment LLC,9/19/2025,SC11
SC11,20.0,-70.3,178.5,WGS84_46N,GM,Ragnarok Investment LLC,9/19/2025,SC11
SC11,25.0,-70.4,178.6,WGS84_46N,GM,Ragnarok Investment LLC,9/19/2025,SC11
SC11,30.0,-70.4,178.3,WGS84_46N,GM,Ragnarok Investment LLC,9/19/2025,SC11
SC11,35.0,-70.5,178.0,WGS84_46N,GM,Ragnarok Investment LLC,9/19/2025,SC11
SC11,40.0,-70.4,178.3,WGS84_46N,GM,Ragnarok Investment LLC,9/19/2025,SC11
SC11,45.0,-70.6,178.1,WGS84_46N,GM,Ragnarok Investment LLC,9/19/2025,SC11
SC11,50.0,-70.7,178.0,WGS84_46N,GM,Ragnarok Investment LLC,9/19/2025,SC11
SC11,55.0,-70.8,178.0,WGS84_46N,GM,Ragnarok Investment LLC,9/19/2025,SC11
SC11,60.0,-70.9,178.2,WGS84_46N,GM,Ragnarok Investment LLC,9/19/2025,SC11
SC11,65.0,-71.1,177.8,WGS84_46N,GM,Ragnarok Investment LLC,9/19/2025,SC11
SC11,70.0,-71.6,177.0,WGS84_46N,GM,Ragnarok Investment LLC,9/19/2025,SC11
SC11,75.0,-71.6,176.9,WGS84_46N,GM,Ragnarok Investment LLC,9/19/2025,SC11
SC11,80.0,-71.3,177.2,WGS84_46N,GM,Ragnarok Investment LLC,9/19/2025,SC11
SC11,85.0,-71.2,177.8,WGS84_46N,GM,Ragnarok Investment LLC,9/19/2025,SC11
SC11,90.0,-71.3,178.0,WGS84_46N,GM,Ragnarok Investment LLC,9/19/2025,SC11
SC11,95.0,-71.2,178.0,WGS84_46N,GM,Ragnarok Investment LLC,9/19/2025,SC11
SC11,100.0,-70.9,177.9,WGS84_46N,GM,Ragnarok Investment LLC,9/19/2025,SC11
SC11,105.0,-70.7,177.7,WGS84_46N,GM,Ragnarok Investment LLC,9/19/2025,SC11
SC11,110.0,-70.6,177.5,WGS84_46N,GM,Ragnarok Investment LLC,9/19/2025,SC11
SC11,115.0,-70.7,177.7,WGS84_46N,GM,Ragnarok Investment LLC,9/19/2025,SC11
SC11,120.0,-70.9,177.5,WGS84_46N,GM,Ragnarok Investment LLC,9/19/2025,SC11
SC11,125.0,-70.8,177.5,WGS84_46N,GM,Ragnarok Investment LLC,9/19/2025,SC11
SC11,130.0,-70.7,177.9,WGS84_46N,GM,Ragnarok Investment LLC,9/19/2025,SC11
SC11,135.0,-70.7,178.1,WGS84_46N,GM,Ragnarok Investment LLC,9/19/2025,SC11
SC11,140.0,-70.5,178.2,WGS84_46N,GM,Ragnarok Investment LLC,9/19/2025,SC11
SC11,145.0,-70.5,178.4,WGS84_46N,GM,Ragnarok Investment LLC,9/19/2025,SC11
SC11,150.0,-70.4,178.6,WGS84_46N,GM,Ragnarok Investment LLC,9/19/2025,SC11
SC11,155.0,-70.3,178.5,WGS84_46N,GM,Ragnarok Investment LLC,9/19/2025,SC11
SC11,160.0,-70.2,178.7,WGS84_46N,GM,Ragnarok Investment LLC,9/19/2025,SC11
SC11,165.0,-70.1,178.9,WGS84_46N,GM,Ragnarok Investment LLC,9/19/2025,SC11
SC11,170.0,-70.1,178.8,WGS84_46N,GM,Ragnarok Investment LLC,9/19/2025,SC11
SC11,175.0,-70.0,179.1,WGS84_46N,GM,Ragnarok Investment LLC,9/19/2025,SC11
SC11,180.0,-69.9,178.9,WGS84_46N,GM,Ragnarok Investment LLC,9/19/2025,SC11
SC11,185.0,-69.8,179.3,WGS84_46N,GM,Ragnarok Investment LLC,9/19/2025,SC11
SC11,190.0,-69.7,179.2,WGS84_46N,GM,Ragnarok Investment LLC,9/19/2025,SC11
SC11,195.0,-69.5,179.8,WGS84_46N,GM,Ragnarok Investment LLC,9/19/2025,SC11
SC11,200.0,-69.5,179.8,WGS84_46N,GM,Ragnarok Investment LLC,9/19/2025,SC11
SC11,205.0,-69.3,179.9,WGS84_46N,GM,Ragnarok Investment LLC,9/19/2025,SC11
SC11,210.0,-69.3,180.0,WGS84_46N,GM,Ragnarok Investment LLC,9/19/2025,SC11
SC11,215.0,-69.1,180.3,WGS84_46N,GM,Ragnarok Investment LLC,9/19/2025,SC11
SC11,220.0,-69.1,180.5,WGS84_46N,GM,Ragnarok Investment LLC,9/19/2025,SC11
SC11,225.0,-69.1,180.6,WGS84_46N,GM,Ragnarok Investment LLC,9/19/2025,SC11
SC11,230.0,-69.1,180.8,WGS84_46N,GM,Ragnarok Investment LLC,9/19/2025,SC11
SC11,235.0,-69.0,180.8,WGS84_46N,GM,Ragnarok Investment LLC,9/19/2025,SC11
SC11,240.0,-69.0,181.2,WGS84_46N,GM,Ragnarok Investment LLC,9/19/2025,SC11
SC11,245.0,-68.9,181.4,WGS84_46N,GM,Ragnarok Investment LLC,9/19/2025,SC11
SC11,250.0,-68.9,181.4,WGS84_46N,GM,Ragnarok Investment LLC,9/19/2025,SC11
SC11,255.0,-68.8,181.7,WGS84_46N,GM,Ragnarok Investment LLC,9/19/2025,SC11
SC11,260.0,-68.8,181.7,WGS84_46N,GM,Ragnarok Investment LLC,9/19/2025,SC11
SC11,265.0,-68.7,181.8,WGS84_46N,GM,Ragnarok Investment LLC,9/19/2025,SC11
SC11,270.0,-68.7,182.2,WGS84_46N,GM,Ragnarok Investment LLC,9/19/2025,SC11
SC11,275.0,-68.5,182.4,WGS84_46N,GM,Ragnarok Investment LLC,9/19/2025,SC11
SC11,280.0,-68.6,182.7,WGS84_46N,GM,Ragnarok Investment LLC,9/19/2025,SC11
SC11,285.0,-68.5,182.6,WGS84_46N,GM,Ragnarok Investment LLC,9/19/2025,SC11
SC11,290.0,-68.5,183.1,WGS84_46N,GM,Ragnarok Investment LLC,9/19/2025,SC11
SC11,295.0,-68.4,183.2,WGS84_46N,GM,Ragnarok Investment LLC,9/19/2025,SC11
SC11,300.0,-68.4,183.5,WGS84_46N,GM,Ragnarok Investment LLC,9/19/2025,SC11
SC11,305.0,-68.3,183.6,WGS84_46N,GM,Ragnarok Investment LLC,9/19/2025,SC11
SC11,310.0,-68.2,183.9,WGS84_46N,GM,Ragnarok Investment LLC,9/19/2025,SC11
SC11,315.0,-68.1,184.1,WGS84_46N,GM,Ragnarok Investment LLC,9/19/2025,SC11
SC11,320.0,-68.0,184.2,WGS84_46N,GM,Ragnarok Investment LLC,9/19/2025,SC11
SC11,325.0,-67.9,184.3,WGS84_46N,GM,Ragnarok Investment LLC,9/19/2025,SC11
SC11,330.0,-67.8,184.5,WGS84_46N,GM,Ragnarok Investment LLC,9/19/2025,SC11
SC11,335.0,-67.7,184.7,WGS84_46N,GM,Ragnarok Investment LLC,9/19/2025,SC11
SC11,340.0,-67.7,184.8,WGS84_46N,GM,Ragnarok Investment LLC,9/19/2025,SC11
SC11,345.0,-67.6,184.9,WGS84_46N,GM,Ragnarok Investment LLC,9/19/2025,SC11
SC11,350.0,-67.6,185.1,WGS84_46N,GM,Ragnarok Investment LLC,9/19/2025,SC11
SC11,355.0,-67.5,185.1,WGS84_46N,GM,Ragnarok Investment LLC,9/19/2025,SC11
SC11,360.0,-67.5,185.3,WGS84_46N,GM,Ragnarok Investment LLC,9/19/2025,SC11
SC11,365.0,-67.4,185.3,WGS84_46N,GM,Ragnarok Investment LLC,9/19/2025,SC11
SC11,370.0,-67.3,185.6,WGS84_46N,GM,Ragnarok Investment LLC,9/19/2025,SC11
SC11,375.0,-67.3,185.8,WGS84_46N,GM,Ragnarok Investment LLC,9/19/2025,SC11
SC11,380.0,-67.3,185.9,WGS84_46N,GM,Ragnarok Investment LLC,9/19/2025,SC11
SC11,385.0,-67.2,186.1,WGS84_46N,GM,Ragnarok Investment LLC,9/19/2025,SC11
SC11,390.0,-67.2,186.6,WGS84_46N,GM,Ragnarok Investment LLC,9/19/2025,SC11
SC11,395.0,-67.1,187.0,WGS84_46N,GM,Ragnarok Investment LLC,9/19/2025,SC11
SC11,400.0,-67.1,187.2,WGS84_46N,GM,Ragnarok Investment LLC,9/19/2025,SC11
SC11,405.0,-66.9,187.1,WGS84_46N,GM,Ragnarok Investment LLC,9/19/2025,SC11
SC11,410.0,-66.9,187.5,WGS84_46N,GM,Ragnarok Investment LLC,9/19/2025,SC11
SC11,415.0,-66.8,187.5,WGS84_46N,GM,Ragnarok Investment LLC,9/19/2025,SC11
SC11,420.0,-66.8,187.7,WGS84_46N,GM,Ragnarok Investment LLC,9/19/2025,SC11
SC11,425.0,-66.6,187.8,WGS84_46N,GM,Ragnarok Investment LLC,9/19/2025,SC11
SC11,430.0,-66.5,187.9,WGS84_46N,GM,Ragnarok Investment LLC,9/19/2025,SC11
SC11,435.0,-66.4,188.1,WGS84_46N,GM,Ragnarok Investment LLC,9/19/2025,SC11
SC11,443.7,-66.2,188.4,WGS84_46N,GM,Ragnarok Investment LLC,9/19/2025,SC11
OVD011E,0.0,-64.8,237.3,WGS84_46N,GM,Ragnarok Investment LLC,9/23/2025,OVD011E
OVD011E,5.0,-64.9,237.2,WGS84_46N,GM,Ragnarok Investment LLC,9/23/2025,OVD011E
OVD011E,10.0,-64.8,237.0,WGS84_46N,GM,Ragnarok Investment LLC,9/23/2025,OVD011E
OVD011E,15.0,-65.0,237.1,WGS84_46N,GM,Ragnarok Investment LLC,9/23/2025,OVD011E
OVD011E,20.0,-65.2,237.1,WGS84_46N,GM,Ragnarok Investment LLC,9/23/2025,OVD011E
OVD011E,25.0,-65.5,237.2,WGS84_46N,GM,Ragnarok Investment LLC,9/23/2025,OVD011E
OVD011E,30.0,-65.7,237.1,WGS84_46N,GM,Ragnarok Investment LLC,9/23/2025,OVD011E
OVD011E,35.0,-65.9,236.8,WGS84_46N,GM,Ragnarok Investment LLC,9/23/2025,OVD011E
OVD011E,40.0,-66.1,236.9,WGS84_46N,GM,Ragnarok Investment LLC,9/23/2025,OVD011E
OVD011E,45.0,-66.3,237.1,WGS84_46N,GM,Ragnarok Investment LLC,9/23/2025,OVD011E
OVD011E,50.0,-66.5,236.8,WGS84_46N,GM,Ragnarok Investment LLC,9/23/2025,OVD011E
OVD011E,55.0,-66.6,237.2,WGS84_46N,GM,Ragnarok Investment LLC,9/23/2025,OVD011E
OVD011E,60.0,-66.7,237.0,WGS84_46N,GM,Ragnarok Investment LLC,9/23/2025,OVD011E
OVD011E,65.0,-66.6,237.0,WGS84_46N,GM,Ragnarok Investment LLC,9/23/2025,OVD011E
OVD011E,70.0,-66.6,237.0,WGS84_46N,GM,Ragnarok Investment LLC,9/23/2025,OVD011E
OVD011E,75.0,-66.6,236.7,WGS84_46N,GM,Ragnarok Investment LLC,9/23/2025,OVD011E
OVD011E,80.0,-66.6,236.7,WGS84_46N,GM,Ragnarok Investment LLC,9/23/2025,OVD011E
OVD011E,85.0,-66.7,236.6,WGS84_46N,GM,Ragnarok Investment LLC,9/23/2025,OVD011E
OVD011E,90.0,-66.8,236.7,WGS84_46N,GM,Ragnarok Investment LLC,9/23/2025,OVD011E
OVD011E,95.0,-66.9,236.6,WGS84_46N,GM,Ragnarok Investment LLC,9/23/2025,OVD011E
OVD011E,100.0,-67.0,236.6,WGS84_46N,GM,Ragnarok Investment LLC,9/23/2025,OVD011E
OVD011E,105.0,-67.0,236.4,WGS84_46N,GM,Ragnarok Investment LLC,9/23/2025,OVD011E
OVD011E,110.0,-67.0,236.6,WGS84_46N,GM,Ragnarok Investment LLC,9/23/2025,OVD011E
OVD011E,115.0,-67.0,236.6,WGS84_46N,GM,Ragnarok Investment LLC,9/23/2025,OVD011E
OVD011E,120.0,-66.9,236.5,WGS84_46N,GM,Ragnarok Investment LLC,9/23/2025,OVD011E
OVD011E,125.0,-66.9,236.5,WGS84_46N,GM,Ragnarok Investment LLC,9/23/2025,OVD011E
OVD011E,130.0,-67.0,236.6,WGS84_46N,GM,Ragnarok Investment LLC,9/23/2025,OVD011E
OVD011E,135.0,-67.1,237.7,WGS84_46N,GM,Ragnarok Investment LLC,9/23/2025,OVD011E
OVD011E,140.0,-67.0,237.2,WGS84_46N,GM,Ragnarok Investment LLC,9/23/2025,OVD011E
OVD011E,145.0,-67.0,237.2,WGS84_46N,GM,Ragnarok Investment LLC,9/23/2025,OVD011E
OVD011E,150.0,-67.1,237.0,WGS84_46N,GM,Ragnarok Investment LLC,9/23/2025,OVD011E
OVD011E,155.0,-67.1,236.8,WGS84_46N,GM,Ragnarok Investment LLC,9/23/2025,OVD011E
OVD011E,160.0,-67.2,236.7,WGS84_46N,GM,Ragnarok Investment LLC,9/23/2025,OVD011E
OVD011E,165.0,-67.2,236.6,WGS84_46N,GM,Ragnarok Investment LLC,9/23/2025,OVD011E
OVD011E,170.0,-67.2,236.1,WGS84_46N,GM,Ragnarok Investment LLC,9/23/2025,OVD011E
OVD011E,175.0,-67.2,236.2,WGS84_46N,GM,Ragnarok Investment LLC,9/23/2025,OVD011E
OVD011E,180.0,-67.1,235.8,WGS84_46N,GM,Ragnarok Investment LLC,9/23/2025,OVD011E
OVD011E,185.0,-67.0,235.7,WGS84_46N,GM,Ragnarok Investment LLC,9/23/2025,OVD011E
OVD011E,190.0,-67.1,235.2,WGS84_46N,GM,Ragnarok Investment LLC,9/23/2025,OVD011E
OVD011E,195.0,-67.0,234.5,WGS84_46N,GM,Ragnarok Investment LLC,9/23/2025,OVD011E
OVD011E,200.0,-66.9,233.8,WGS84_46N,GM,Ragnarok Investment LLC,9/23/2025,OVD011E
OVD011E,205.0,-66.8,233.3,WGS84_46N,GM,Ragnarok Investment LLC,9/23/2025,OVD011E
OVD011E,210.0,-66.8,233.0,WGS84_46N,GM,Ragnarok Investment LLC,9/23/2025,OVD011E
OVD011E,215.0,-66.8,232.9,WGS84_46N,GM,Ragnarok Investment LLC,9/23/2025,OVD011E
OVD011E,220.0,-66.6,233.2,WGS84_46N,GM,Ragnarok Investment LLC,9/23/2025,OVD011E
OVD011E,225.0,-66.6,232.9,WGS84_46N,GM,Ragnarok Investment LLC,9/23/2025,OVD011E
OVD011E,230.0,-66.8,232.9,WGS84_46N,GM,Ragnarok Investment LLC,9/23/2025,OVD011E
OVD011E,235.0,-66.7,233.1,WGS84_46N,GM,Ragnarok Investment LLC,9/23/2025,OVD011E
OVD011E,240.0,-66.6,233.3,WGS84_46N,GM,Ragnarok Investment LLC,9/23/2025,OVD011E
OVD011E,245.0,-66.5,233.5,WGS84_46N,GM,Ragnarok Investment LLC,9/23/2025,OVD011E
OVD011E,250.0,-66.6,233.5,WGS84_46N,GM,Ragnarok Investment LLC,9/23/2025,OVD011E
OVD011E,255.0,-66.8,233.7,WGS84_46N,GM,Ragnarok Investment LLC,9/23/2025,OVD011E
OVD011E,260.0,-66.7,233.3,WGS84_46N,GM,Ragnarok Investment LLC,9/23/2025,OVD011E
OVD011E,265.0,-66.6,233.5,WGS84_46N,GM,Ragnarok Investment LLC,9/23/2025,OVD011E
OVD011E,270.0,-66.5,233.9,WGS84_46N,GM,Ragnarok Investment LLC,9/23/2025,OVD011E
OVD011E,275.0,-66.6,234.2,WGS84_46N,GM,Ragnarok Investment LLC,9/23/2025,OVD011E
OVD011E,280.0,-66.7,234.2,WGS84_46N,GM,Ragnarok Investment LLC,9/23/2025,OVD011E
OVD011E,285.0,-66.6,234.2,WGS84_46N,GM,Ragnarok Investment LLC,9/23/2025,OVD011E
OVD011E,290.0,-66.6,234.5,WGS84_46N,GM,Ragnarok Investment LLC,9/23/2025,OVD011E
OVD011E,295.0,-66.5,234.5,WGS84_46N,GM,Ragnarok Investment LLC,9/23/2025,OVD011E
OVD011E,300.0,-66.6,234.7,WGS84_46N,GM,Ragnarok Investment LLC,9/23/2025,OVD011E
OVD011E,305.0,-66.5,234.9,WGS84_46N,GM,Ragnarok Investment LLC,9/23/2025,OVD011E
OVD011E,310.0,-66.7,234.8,WGS84_46N,GM,Ragnarok Investment LLC,9/23/2025,OVD011E
OVD011E,315.5,-66.7,234.8,WGS84_46N,GM,Ragnarok Investment LLC,9/23/2025,OVD011E
OVD013E,0.0,-77.0,235.0,WGS84_46N,GM,Ragnarok Investment LLC,,OVD013E
OVD013E,268.0,-77.0,235.0,WGS84_46N,GM,Ragnarok Investment LLC,,OVD013E
MU2501,0.0,-44.0,189.1,WGS84_46N,GM,Ragnarok Investment LLC,10/9/2025,MU2501
MU2501,5.0,-44.1,188.9,WGS84_46N,GM,Ragnarok Investment LLC,10/9/2025,MU2501
MU2501,10.0,-44.3,189.2,WGS84_46N,GM,Ragnarok Investment LLC,10/9/2025,MU2501
MU2501,15.0,-44.4,189.7,WGS84_46N,GM,Ragnarok Investment LLC,10/9/2025,MU2501
MU2501,20.0,-44.2,190.0,WGS84_46N,GM,Ragnarok Investment LLC,10/9/2025,MU2501
MU2501,25.0,-43.8,189.9,WGS84_46N,GM,Ragnarok Investment LLC,10/9/2025,MU2501
MU2501,30.0,-43.7,190.2,WGS84_46N,GM,Ragnarok Investment LLC,10/9/2025,MU2501
MU2501,35.0,-43.8,190.2,WGS84_46N,GM,Ragnarok Investment LLC,10/9/2025,MU2501
MU2501,40.0,-43.8,190.4,WGS84_46N,GM,Ragnarok Investment LLC,10/9/2025,MU2501
MU2501,45.0,-43.7,190.3,WGS84_46N,GM,Ragnarok Investment LLC,10/9/2025,MU2501
MU2501,50.0,-43.4,190.4,WGS84_46N,GM,Ragnarok Investment LLC,10/9/2025,MU2501
MU2501,55.0,-43.3,190.4,WGS84_46N,GM,Ragnarok Investment LLC,10/9/2025,MU2501
MU2501,60.0,-43.2,190.3,WGS84_46N,GM,Ragnarok Investment LLC,10/9/2025,MU2501
MU2501,65.0,-42.9,190.3,WGS84_46N,GM,Ragnarok Investment LLC,10/9/2025,MU2501
MU2501,70.0,-42.8,190.3,WGS84_46N,GM,Ragnarok Investment LLC,10/9/2025,MU2501
MU2501,75.0,-42.5,190.6,WGS84_46N,GM,Ragnarok Investment LLC,10/9/2025,MU2501
MU2501,80.0,-42.3,190.8,WGS84_46N,GM,Ragnarok Investment LLC,10/9/2025,MU2501
MU2501,85.0,-41.9,191.0,WGS84_46N,GM,Ragnarok Investment LLC,10/9/2025,MU2501
MU2501,90.0,-41.8,191.1,WGS84_46N,GM,Ragnarok Investment LLC,10/9/2025,MU2501
MU2501,95.0,-41.6,191.2,WGS84_46N,GM,Ragnarok Investment LLC,10/9/2025,MU2501
MU2501,100.0,-41.5,191.2,WGS84_46N,GM,Ragnarok Investment LLC,10/9/2025,MU2501
MU2501,105.0,-41.2,191.4,WGS84_46N,GM,Ragnarok Investment LLC,10/9/2025,MU2501
MU2501,110.0,-41.2,191.6,WGS84_46N,GM,Ragnarok Investment LLC,10/9/2025,MU2501
MU2501,115.0,-40.8,191.7,WGS84_46N,GM,Ragnarok Investment LLC,10/9/2025,MU2501
MU2501,120.0,-40.4,191.8,WGS84_46N,GM,Ragnarok Investment LLC,10/9/2025,MU2501
MU2501,125.0,-40.2,191.9,WGS84_46N,GM,Ragnarok Investment LLC,10/9/2025,MU2501
MU2501,130.0,-39.8,191.9,WGS84_46N,GM,Ragnarok Investment LLC,10/9/2025,MU2501
MU2501,135.0,-39.7,192.0,WGS84_46N,GM,Ragnarok Investment LLC,10/9/2025,MU2501
MU2501,140.0,-39.5,192.1,WGS84_46N,GM,Ragnarok Investment LLC,10/9/2025,MU2501
MU2501,145.0,-39.2,192.2,WGS84_46N,GM,Ragnarok Investment LLC,10/9/2025,MU2501
MU2501,150.0,-39.0,192.4,WGS84_46N,GM,Ragnarok Investment LLC,10/9/2025,MU2501
MU2501,155.0,-39.0,192.5,WGS84_46N,GM,Ragnarok Investment LLC,10/9/2025,MU2501
MU2501,160.0,-38.7,192.5,WGS84_46N,GM,Ragnarok Investment LLC,10/9/2025,MU2501
MU2501,165.0,-38.6,192.6,WGS84_46N,GM,Ragnarok Investment LLC,10/9/2025,MU2501
MU2501,170.0,-38.4,192.7,WGS84_46N,GM,Ragnarok Investment LLC,10/9/2025,MU2501
MU2501,175.0,-38.5,192.8,WGS84_46N,GM,Ragnarok Investment LLC,10/9/2025,MU2501
MU2501,180.0,-38.3,192.6,WGS84_46N,GM,Ragnarok Investment LLC,10/9/2025,MU2501
MU2501,185.0,-38.0,192.8,WGS84_46N,GM,Ragnarok Investment LLC,10/9/2025,MU2501
MU2501,190.0,-37.8,192.8,WGS84_46N,GM,Ragnarok Investment LLC,10/9/2025,MU2501
MU2501,195.0,-37.6,192.6,WGS84_46N,GM,Ragnarok Investment LLC,10/9/2025,MU2501
MU2501,200.0,-37.4,192.6,WGS84_46N,GM,Ragnarok Investment LLC,10/9/2025,MU2501
MU2501,205.0,-37.4,192.6,WGS84_46N,GM,Ragnarok Investment LLC,10/9/2025,MU2501
MU2501,210.0,-37.4,192.4,WGS84_46N,GM,Ragnarok Investment LLC,10/9/2025,MU2501
MU2501,215.0,-37.4,192.6,WGS84_46N,GM,Ragnarok Investment LLC,10/9/2025,MU2501
MU2501,220.0,-37.2,192.6,WGS84_46N,GM,Ragnarok Investment LLC,10/9/2025,MU2501
MU2501,225.0,-37.0,192.5,WGS84_46N,GM,Ragnarok Investment LLC,10/9/2025,MU2501
MU2501,230.0,-36.9,192.6,WGS84_46N,GM,Ragnarok Investment LLC,10/9/2025,MU2501
MU2501,235.0,-36.8,192.6,WGS84_46N,GM,Ragnarok Investment LLC,10/9/2025,MU2501
MU2501,240.0,-36.6,192.6,WGS84_46N,GM,Ragnarok Investment LLC,10/9/2025,MU2501
MU2501,245.0,-36.4,192.6,WGS84_46N,GM,Ragnarok Investment LLC,10/9/2025,MU2501
MU2501,250.0,-36.1,192.7,WGS84_46N,GM,Ragnarok Investment LLC,10/9/2025,MU2501
MU2501,258.5,-36.1,192.7,WGS84_46N,GM,Ragnarok Investment LLC,10/9/2025,MU2501
MU2502,0.0,-59.9,189.4,WGS84_46N,GM,Ragnarok Investment LLC,10/14/225,MU2502
MU2502,5.0,-59.8,189.4,WGS84_46N,GM,Ragnarok Investment LLC,10/14/225,MU2502
MU2502,10.0,-60.0,189.3,WGS84_46N,GM,Ragnarok Investment LLC,10/14/225,MU2502
MU2502,15.0,-60.0,189.4,WGS84_46N,GM,Ragnarok Investment LLC,10/14/225,MU2502
MU2502,20.0,-60.0,189.5,WGS84_46N,GM,Ragnarok Investment LLC,10/14/225,MU2502
MU2502,25.0,-60.0,189.3,WGS84_46N,GM,Ragnarok Investment LLC,10/14/225,MU2502
MU2502,30.0,-59.9,189.3,WGS84_46N,GM,Ragnarok Investment LLC,10/14/225,MU2502
MU2502,35.0,-59.8,189.5,WGS84_46N,GM,Ragnarok Investment LLC,10/14/225,MU2502
MU2502,40.0,-59.9,189.6,WGS84_46N,GM,Ragnarok Investment LLC,10/14/225,MU2502
MU2502,45.0,-59.6,189.6,WGS84_46N,GM,Ragnarok Investment LLC,10/14/225,MU2502
MU2502,50.0,-59.7,189.8,WGS84_46N,GM,Ragnarok Investment LLC,10/14/225,MU2502
MU2502,55.0,-59.6,189.7,WGS84_46N,GM,Ragnarok Investment LLC,10/14/225,MU2502
MU2502,60.0,-59.6,189.7,WGS84_46N,GM,Ragnarok Investment LLC,10/14/225,MU2502
MU2502,65.0,-59.6,189.7,WGS84_46N,GM,Ragnarok Investment LLC,10/14/225,MU2502
MU2502,70.0,-59.5,189.9,WGS84_46N,GM,Ragnarok Investment LLC,10/14/225,MU2502
MU2502,75.0,-59.6,189.7,WGS84_46N,GM,Ragnarok Investment LLC,10/14/225,MU2502
MU2502,80.0,-59.6,189.8,WGS84_46N,GM,Ragnarok Investment LLC,10/14/225,MU2502
MU2502,85.0,-59.5,189.5,WGS84_46N,GM,Ragnarok Investment LLC,10/14/225,MU2502
MU2502,90.0,-59.3,189.4,WGS84_46N,GM,Ragnarok Investment LLC,10/14/225,MU2502
MU2502,95.0,-59.2,189.3,WGS84_46N,GM,Ragnarok Investment LLC,10/14/225,MU2502
MU2502,100.0,-58.9,189.4,WGS84_46N,GM,Ragnarok Investment LLC,10/14/225,MU2502
MU2502,105.0,-59.0,189.3,WGS84_46N,GM,Ragnarok Investment LLC,10/14/225,MU2502
MU2502,110.0,-58.8,189.3,WGS84_46N,GM,Ragnarok Investment LLC,10/14/225,MU2502
MU2502,115.0,-58.6,189.5,WGS84_46N,GM,Ragnarok Investment LLC,10/14/225,MU2502
MU2502,120.0,-58.4,189.5,WGS84_46N,GM,Ragnarok Investment LLC,10/14/225,MU2502
MU2502,125.0,-58.3,189.5,WGS84_46N,GM,Ragnarok Investment LLC,10/14/225,MU2502
MU2502,130.0,-58.3,189.5,WGS84_46N,GM,Ragnarok Investment LLC,10/14/225,MU2502
MU2502,135.0,-58.2,189.6,WGS84_46N,GM,Ragnarok Investment LLC,10/14/225,MU2502
MU2502,140.0,-58.3,189.7,WGS84_46N,GM,Ragnarok Investment LLC,10/14/225,MU2502
MU2502,145.0,-58.1,189.8,WGS84_46N,GM,Ragnarok Investment LLC,10/14/225,MU2502
MU2502,150.0,-58.0,189.8,WGS84_46N,GM,Ragnarok Investment LLC,10/14/225,MU2502
MU2502,155.0,-58.0,189.8,WGS84_46N,GM,Ragnarok Investment LLC,10/14/225,MU2502
MU2502,160.0,-58.0,190.1,WGS84_46N,GM,Ragnarok Investment LLC,10/14/225,MU2502
MU2502,165.0,-58.0,190.2,WGS84_46N,GM,Ragnarok Investment LLC,10/14/225,MU2502
MU2502,170.0,-58.1,190.2,WGS84_46N,GM,Ragnarok Investment LLC,10/14/225,MU2502
MU2502,175.0,-58.2,190.5,WGS84_46N,GM,Ragnarok Investment LLC,10/14/225,MU2502
MU2502,180.0,-58.1,190.5,WGS84_46N,GM,Ragnarok Investment LLC,10/14/225,MU2502
MU2502,185.0,-58.0,190.5,WGS84_46N,GM,Ragnarok Investment LLC,10/14/225,MU2502
MU2502,190.0,-57.9,190.5,WGS84_46N,GM,Ragnarok Investment LLC,10/14/225,MU2502
MU2502,195.0,-57.9,190.7,WGS84_46N,GM,Ragnarok Investment LLC,10/14/225,MU2502
MU2502,200.0,-57.9,190.6,WGS84_46N,GM,Ragnarok Investment LLC,10/14/225,MU2502
MU2502,205.0,-57.9,190.8,WGS84_46N,GM,Ragnarok Investment LLC,10/14/225,MU2502
MU2502,210.0,-57.9,190.9,WGS84_46N,GM,Ragnarok Investment LLC,10/14/225,MU2502
MU2502,215.0,-57.9,190.9,WGS84_46N,GM,Ragnarok Investment LLC,10/14/225,MU2502
MU2502,220.0,-58.0,190.9,WGS84_46N,GM,Ragnarok Investment LLC,10/14/225,MU2502
MU2502,225.0,-57.9,190.9,WGS84_46N,GM,Ragnarok Investment LLC,10/14/225,MU2502
MU2502,230.0,-58.0,191.1,WGS84_46N,GM,Ragnarok Investment LLC,10/14/225,MU2502
MU2502,235.0,-58.0,191.1,WGS84_46N,GM,Ragnarok Investment LLC,10/14/225,MU2502
MU2502,240.0,-58.0,191.0,WGS84_46N,GM,Ragnarok Investment LLC,10/14/225,MU2502
MU2502,245.0,-58.1,191.1,WGS84_46N,GM,Ragnarok Investment LLC,10/14/225,MU2502
MU2502,250.0,-58.0,191.1,WGS84_46N,GM,Ragnarok Investment LLC,10/14/225,MU2502
MU2502,255.0,-58.1,191.2,WGS84_46N,GM,Ragnarok Investment LLC,10/14/225,MU2502
MU2502,260.0,-58.2,191.2,WGS84_46N,GM,Ragnarok Investment LLC,10/14/225,MU2502
MU2502,265.0,-58.1,191.6,WGS84_46N,GM,Ragnarok Investment LLC,10/14/225,MU2502
MU2502,270.0,-58.0,191.6,WGS84_46N,GM,Ragnarok Investment LLC,10/14/225,MU2502
CRS04,0.0,-70.1,41.4,WGS84_46N,GM,Ragnarok Investment LLC,10/20/2025,CRS04
CRS04,5.0,-70.2,41.0,WGS84_46N,GM,Ragnarok Investment LLC,10/20/2025,CRS04
CRS04,10.0,-70.3,41.2,WGS84_46N,GM,Ragnarok Investment LLC,10/20/2025,CRS04
CRS04,15.0,-70.4,41.4,WGS84_46N,GM,Ragnarok Investment LLC,10/20/2025,CRS04
CRS04,20.0,-70.3,41.1,WGS84_46N,GM,Ragnarok Investment LLC,10/20/2025,CRS04
CRS04,25.0,-70.3,41.2,WGS84_46N,GM,Ragnarok Investment LLC,10/20/2025,CRS04
CRS04,30.0,-70.3,41.3,WGS84_46N,GM,Ragnarok Investment LLC,10/20/2025,CRS04
CRS04,35.0,-70.3,41.7,WGS84_46N,GM,Ragnarok Investment LLC,10/20/2025,CRS04
CRS04,40.0,-70.4,41.4,WGS84_46N,GM,Ragnarok Investment LLC,10/20/2025,CRS04
CRS04,45.0,-70.4,41.6,WGS84_46N,GM,Ragnarok Investment LLC,10/20/2025,CRS04
CRS04,50.0,-70.4,42.0,WGS84_46N,GM,Ragnarok Investment LLC,10/20/2025,CRS04
CRS04,55.0,-70.4,41.7,WGS84_46N,GM,Ragnarok Investment LLC,10/20/2025,CRS04
CRS04,60.0,-70.4,41.3,WGS84_46N,GM,Ragnarok Investment LLC,10/20/2025,CRS04
CRS04,65.0,-70.4,41.4,WGS84_46N,GM,Ragnarok Investment LLC,10/20/2025,CRS04
CRS04,70.0,-70.4,41.5,WGS84_46N,GM,Ragnarok Investment LLC,10/20/2025,CRS04
CRS04,75.0,-70.5,41.4,WGS84_46N,GM,Ragnarok Investment LLC,10/20/2025,CRS04
CRS04,80.0,-70.5,41.6,WGS84_46N,GM,Ragnarok Investment LLC,10/20/2025,CRS04
CRS04,85.0,-70.5,41.9,WGS84_46N,GM,Ragnarok Investment LLC,10/20/2025,CRS04
CRS04,90.0,-70.4,41.9,WGS84_46N,GM,Ragnarok Investment LLC,10/20/2025,CRS04
CRS04,95.0,-70.5,42.2,WGS84_46N,GM,Ragnarok Investment LLC,10/20/2025,CRS04
CRS04,100.0,-70.5,42.2,WGS84_46N,GM,Ragnarok Investment LLC,10/20/2025,CRS04
CRS04,105.0,-70.5,42.2,WGS84_46N,GM,Ragnarok Investment LLC,10/20/2025,CRS04
CRS04,110.0,-70.5,42.1,WGS84_46N,GM,Ragnarok Investment LLC,10/20/2025,CRS04
CRS04,115.0,-70.4,42.3,WGS84_46N,GM,Ragnarok Investment LLC,10/20/2025,CRS04
CRS04,120.0,-70.6,42.2,WGS84_46N,GM,Ragnarok Investment LLC,10/20/2025,CRS04
CRS04,125.0,-70.6,42.6,WGS84_46N,GM,Ragnarok Investment LLC,10/20/2025,CRS04
CRS04,130.0,-70.7,42.6,WGS84_46N,GM,Ragnarok Investment LLC,10/20/2025,CRS04
CRS04,135.0,-70.8,42.5,WGS84_46N,GM,Ragnarok Investment LLC,10/20/2025,CRS04
CRS04,140.0,-70.7,42.8,WGS84_46N,GM,Ragnarok Investment LLC,10/20/2025,CRS04
CRS04,145.0,-70.8,42.9,WGS84_46N,GM,Ragnarok Investment LLC,10/20/2025,CRS04
CRS04,171.5,-70.9,42.9,WGS84_46N,GM,Ragnarok Investment LLC,10/20/2025,CRS04
BS001,0.0,-75.4,45.7,WGS84_46N,GM,Ragnarok Investment LLC,11/2/2025,BS001
BS001,5.0,-75.3,45.4,WGS84_46N,GM,Ragnarok Investment LLC,11/2/2025,BS001
BS001,10.0,-75.3,45.6,WGS84_46N,GM,Ragnarok Investment LLC,11/2/2025,BS001
BS001,15.0,-75.3,45.7,WGS84_46N,GM,Ragnarok Investment LLC,11/2/2025,BS001
BS001,20.0,-75.5,45.4,WGS84_46N,GM,Ragnarok Investment LLC,11/2/2025,BS001
BS001,25.0,-75.7,45.3,WGS84_46N,GM,Ragnarok Investment LLC,11/2/2025,BS001
BS001,30.0,-75.7,45.6,WGS84_46N,GM,Ragnarok Investment LLC,11/2/2025,BS001
BS001,35.0,-75.8,45.5,WGS84_46N,GM,Ragnarok Investment LLC,11/2/2025,BS001
BS001,40.0,-75.8,45.4,WGS84_46N,GM,Ragnarok Investment LLC,11/2/2025,BS001
BS001,45.0,-75.8,45.2,WGS84_46N,GM,Ragnarok Investment LLC,11/2/2025,BS001
BS001,50.0,-75.9,45.0,WGS84_46N,GM,Ragnarok Investment LLC,11/2/2025,BS001
BS001,55.0,-76.0,44.6,WGS84_46N,GM,Ragnarok Investment LLC,11/2/2025,BS001
BS001,60.0,-76.0,44.9,WGS84_46N,GM,Ragnarok Investment LLC,11/2/2025,BS001
BS001,65.0,-75.9,44.1,WGS84_46N,GM,Ragnarok Investment LLC,11/2/2025,BS001
BS001,70.0,-75.8,44.6,WGS84_46N,GM,Ragnarok Investment LLC,11/2/2025,BS001
BS001,75.0,-75.9,44.1,WGS84_46N,GM,Ragnarok Investment LLC,11/2/2025,BS001
BS001,80.0,-75.9,44.2,WGS84_46N,GM,Ragnarok Investment LLC,11/2/2025,BS001
BS001,85.0,-76.0,44.1,WGS84_46N,GM,Ragnarok Investment LLC,11/2/2025,BS001
BS001,90.0,-76.1,44.1,WGS84_46N,GM,Ragnarok Investment LLC,11/2/2025,BS001
BS001,95.0,-76.3,44.5,WGS84_46N,GM,Ragnarok Investment LLC,11/2/2025,BS001
BS001,100.0,-76.2,43.8,WGS84_46N,GM,Ragnarok Investment LLC,11/2/2025,BS001
BS001,105.0,-75.6,44.1,WGS84_46N,GM,Ragnarok Investment LLC,11/2/2025,BS001
BS001,110.0,-75.9,44.1,WGS84_46N,GM,Ragnarok Investment LLC,11/2/2025,BS001
BS001,115.0,-76.2,44.4,WGS84_46N,GM,Ragnarok Investment LLC,11/2/2025,BS001
BS001,120.0,-76.2,44.5,WGS84_46N,GM,Ragnarok Investment LLC,11/2/2025,BS001
BS001,125.0,-76.2,44.7,WGS84_46N,GM,Ragnarok Investment LLC,11/2/2025,BS001
BS001,130.0,-76.2,45.1,WGS84_46N,GM,Ragnarok Investment LLC,11/2/2025,BS001
BS001,135.0,-76.2,45.0,WGS84_46N,GM,Ragnarok Investment LLC,11/2/2025,BS001
BS001,140.0,-76.2,45.0,WGS84_46N,GM,Ragnarok Investment LLC,11/2/2025,BS001
BS001,145.0,-76.1,45.3,WGS84_46N,GM,Ragnarok Investment LLC,11/2/2025,BS001
BS001,150.0,-76.2,45.3,WGS84_46N,GM,Ragnarok Investment LLC,11/2/2025,BS001
BS001,155.0,-76.2,45.3,WGS84_46N,GM,Ragnarok Investment LLC,11/2/2025,BS001
BS001,160.0,-76.2,45.4,WGS84_46N,GM,Ragnarok Investment LLC,11/2/2025,BS001
BS001,165.0,-76.1,45.6,WGS84_46N,GM,Ragnarok Investment LLC,11/2/2025,BS001
BS001,170.0,-76.2,45.7,WGS84_46N,GM,Ragnarok Investment LLC,11/2/2025,BS001
BS001,175.0,-76.2,45.8,WGS84_46N,GM,Ragnarok Investment LLC,11/2/2025,BS001
BS001,180.0,-76.2,46.0,WGS84_46N,GM,Ragnarok Investment LLC,11/2/2025,BS001
BS001,185.0,-76.2,46.4,WGS84_46N,GM,Ragnarok Investment LLC,11/2/2025,BS001
BS001,190.0,-76.1,46.5,WGS84_46N,GM,Ragnarok Investment LLC,11/2/2025,BS001
BS001,195.0,-76.1,46.4,WGS84_46N,GM,Ragnarok Investment LLC,11/2/2025,BS001
BS001,200.0,-76.1,46.6,WGS84_46N,GM,Ragnarok Investment LLC,11/2/2025,BS001
BS001,205.0,-76.2,47.0,WGS84_46N,GM,Ragnarok Investment LLC,11/2/2025,BS001
BS001,210.0,-76.2,47.1,WGS84_46N,GM,Ragnarok Investment LLC,11/2/2025,BS001
BS001,215.0,-76.2,47.6,WGS84_46N,GM,Ragnarok Investment LLC,11/2/2025,BS001
BS001,220.0,-76.1,47.3,WGS84_46N,GM,Ragnarok Investment LLC,11/2/2025,BS001
BS001,225.0,-76.1,47.7,WGS84_46N,GM,Ragnarok Investment LLC,11/2/2025,BS001
BS001,230.0,-76.2,47.4,WGS84_46N,GM,Ragnarok Investment LLC,11/2/2025,BS001
BS001,235.0,-76.3,47.6,WGS84_46N,GM,Ragnarok Investment LLC,11/2/2025,BS001
BS001,240.0,-76.3,47.8,WGS84_46N,GM,Ragnarok Investment LLC,11/2/2025,BS001
BS001,245.0,-76.2,48.3,WGS84_46N,GM,Ragnarok Investment LLC,11/2/2025,BS001
BS001,250.0,-76.1,48.5,WGS84_46N,GM,Ragnarok Investment LLC,11/2/2025,BS001
BS001,255.0,-76.1,48.5,WGS84_46N,GM,Ragnarok Investment LLC,11/2/2025,BS001
BS001,260.0,-76.1,49.0,WGS84_46N,GM,Ragnarok Investment LLC,11/2/2025,BS001
BS001,265.0,-76.2,48.9,WGS84_46N,GM,Ragnarok Investment LLC,11/2/2025,BS001
BS001,270.0,-76.2,49.2,WGS84_46N,GM,Ragnarok Investment LLC,11/2/2025,BS001
BS001,275.0,-76.1,49.6,WGS84_46N,GM,Ragnarok Investment LLC,11/2/2025,BS001
BS001,280.0,-76.0,49.5,WGS84_46N,GM,Ragnarok Investment LLC,11/2/2025,BS001
BS001,285.0,-76.1,49.5,WGS84_46N,GM,Ragnarok Investment LLC,11/2/2025,BS001
BS001,290.0,-76.2,49.7,WGS84_46N,GM,Ragnarok Investment LLC,11/2/2025,BS001
BS001,295.0,-76.2,49.9,WGS84_46N,GM,Ragnarok Investment LLC,11/2/2025,BS001
BS001,300.0,-76.2,50.1,WGS84_46N,GM,Ragnarok Investment LLC,11/2/2025,BS001
BS001,305.0,-76.2,49.9,WGS84_46N,GM,Ragnarok Investment LLC,11/2/2025,BS001
BS001,310.0,-76.3,49.8,WGS84_46N,GM,Ragnarok Investment LLC,11/2/2025,BS001
BS001,315.0,-76.2,50.2,WGS84_46N,GM,Ragnarok Investment LLC,11/2/2025,BS001
BS001,320.0,-76.3,50.3,WGS84_46N,GM,Ragnarok Investment LLC,11/2/2025,BS001
BS001,325.0,-76.3,50.6,WGS84_46N,GM,Ragnarok Investment LLC,11/2/2025,BS001
BS001,330.0,-76.3,50.8,WGS84_46N,GM,Ragnarok Investment LLC,11/2/2025,BS001
BS001,335.0,-76.3,50.9,WGS84_46N,GM,Ragnarok Investment LLC,11/2/2025,BS001
BS001,340.0,-76.3,50.9,WGS84_46N,GM,Ragnarok Investment LLC,11/2/2025,BS001
BS001,345.0,-76.3,51.4,WGS84_46N,GM,Ragnarok Investment LLC,11/2/2025,BS001
BS001,350.0,-76.3,51.7,WGS84_46N,GM,Ragnarok Investment LLC,11/2/2025,BS001
BS001,355.0,-76.2,51.5,WGS84_46N,GM,Ragnarok Investment LLC,11/2/2025,BS001
BS001,360.0,-76.2,51.6,WGS84_46N,GM,Ragnarok Investment LLC,11/2/2025,BS001
BS001,365.0,-76.2,52.0,WGS84_46N,GM,Ragnarok Investment LLC,11/2/2025,BS001
BS001,370.0,-76.2,51.9,WGS84_46N,GM,Ragnarok Investment LLC,11/2/2025,BS001
BS001,375.0,-76.2,52.4,WGS84_46N,GM,Ragnarok Investment LLC,11/2/2025,BS001
BS001,380.0,-76.2,52.0,WGS84_46N,GM,Ragnarok Investment LLC,11/2/2025,BS001
BS001,385.0,-76.4,52.5,WGS84_46N,GM,Ragnarok Investment LLC,11/2/2025,BS001
BS001,390.0,-76.2,52.6,WGS84_46N,GM,Ragnarok Investment LLC,11/2/2025,BS001
BS001,395.0,-76.2,52.6,WGS84_46N,GM,Ragnarok Investment LLC,11/2/2025,BS001
BS001,400.0,-76.2,53.2,WGS84_46N,GM,Ragnarok Investment LLC,11/2/2025,BS001
BS001,405.0,-76.3,53.5,WGS84_46N,GM,Ragnarok Investment LLC,11/2/2025,BS001
BS001,410.0,-76.1,53.4,WGS84_46N,GM,Ragnarok Investment LLC,11/2/2025,BS001
BS001,415.0,-76.2,53.9,WGS84_46N,GM,Ragnarok Investment LLC,11/2/2025,BS001
BS001,420.0,-76.2,54.2,WGS84_46N,GM,Ragnarok Investment LLC,11/2/2025,BS001
BS001,425.0,-76.2,54.0,WGS84_46N,GM,Ragnarok Investment LLC,11/2/2025,BS001
BS001,430.0,-76.2,54.6,WGS84_46N,GM,Ragnarok Investment LLC,11/2/2025,BS001
BS001,435.0,-76.2,54.8,WGS84_46N,GM,Ragnarok Investment LLC,11/2/2025,BS001
BS001,440.0,-76.2,54.3,WGS84_46N,GM,Ragnarok Investment LLC,11/2/2025,BS001
BS001,445.0,-76.2,54.9,WGS84_46N,GM,Ragnarok Investment LLC,11/2/2025,BS001
BS001,450.0,-76.1,54.8,WGS84_46N,GM,Ragnarok Investment LLC,11/2/2025,BS001
BS001,455.0,-76.1,55.3,WGS84_46N,GM,Ragnarok Investment LLC,11/2/2025,BS001
BS001,460.0,-76.1,55.5,WGS84_46N,GM,Ragnarok Investment LLC,11/2/2025,BS001
BS001,465.0,-76.1,56.4,WGS84_46N,GM,Ragnarok Investment LLC,11/2/2025,BS001
BS001,470.0,-76.1,56.4,WGS84_46N,GM,Ragnarok Investment LLC,11/2/2025,BS001
BS001,475.0,-76.0,56.9,WGS84_46N,GM,Ragnarok Investment LLC,11/2/2025,BS001
BS001,480.0,-76.0,56.9,WGS84_46N,GM,Ragnarok Investment LLC,11/2/2025,BS001
BS001,485.0,-76.0,57.2,WGS84_46N,GM,Ragnarok Investment LLC,11/2/2025,BS001
BS001,490.0,-76.1,57.4,WGS84_46N,GM,Ragnarok Investment LLC,11/2/2025,BS001
BS001,495.0,-76.1,57.2,WGS84_46N,GM,Ragnarok Investment LLC,11/2/2025,BS001
BS001,500.0,-76.1,57.7,WGS84_46N,GM,Ragnarok Investment LLC,11/2/2025,BS001
BS001,505.0,-76.1,57.6,WGS84_46N,GM,Ragnarok Investment LLC,11/2/2025,BS001
BS001,510.0,-76.1,57.8,WGS84_46N,GM,Ragnarok Investment LLC,11/2/2025,BS001
BS001,515.0,-76.1,58.0,WGS84_46N,GM,Ragnarok Investment LLC,11/2/2025,BS001
BS001,520.0,-76.2,58.0,WGS84_46N,GM,Ragnarok Investment LLC,11/2/2025,BS001
BS001,525.7,-76.1,58.5,WGS84_46N,GM,Ragnarok Investment LLC,11/2/2025,BS001
OVD049,0.0,-69.3,59.3,WGS84_46N,GM,Ragnarok Investment LLC,11/8/2025,OVD049
OVD049,5.0,-69.0,59.6,WGS84_46N,GM,Ragnarok Investment LLC,11/8/2025,OVD049
OVD049,10.0,-69.1,59.7,WGS84_46N,GM,Ragnarok Investment LLC,11/8/2025,OVD049
OVD049,15.0,-69.1,59.8,WGS84_46N,GM,Ragnarok Investment LLC,11/8/2025,OVD049
OVD049,20.0,-69.1,59.8,WGS84_46N,GM,Ragnarok Investment LLC,11/8/2025,OVD049
OVD049,25.0,-69.1,59.7,WGS84_46N,GM,Ragnarok Investment LLC,11/8/2025,OVD049
OVD049,30.0,-69.1,60.0,WGS84_46N,GM,Ragnarok Investment LLC,11/8/2025,OVD049
OVD049,35.0,-69.0,60.1,WGS84_46N,GM,Ragnarok Investment LLC,11/8/2025,OVD049
OVD049,40.0,-68.9,59.8,WGS84_46N,GM,Ragnarok Investment LLC,11/8/2025,OVD049
OVD049,45.0,-68.9,60.3,WGS84_46N,GM,Ragnarok Investment LLC,11/8/2025,OVD049
OVD049,50.0,-68.8,60.2,WGS84_46N,GM,Ragnarok Investment LLC,11/8/2025,OVD049
OVD049,55.0,-68.8,60.2,WGS84_46N,GM,Ragnarok Investment LLC,11/8/2025,OVD049
OVD049,60.0,-68.8,60.4,WGS84_46N,GM,Ragnarok Investment LLC,11/8/2025,OVD049
OVD049,65.0,-68.8,60.4,WGS84_46N,GM,Ragnarok Investment LLC,11/8/2025,OVD049
OVD049,70.0,-68.7,60.6,WGS84_46N,GM,Ragnarok Investment LLC,11/8/2025,OVD049
OVD049,75.0,-68.6,60.6,WGS84_46N,GM,Ragnarok Investment LLC,11/8/2025,OVD049
OVD049,80.0,-68.6,61.1,WGS84_46N,GM,Ragnarok Investment LLC,11/8/2025,OVD049
OVD049,85.0,-68.6,61.1,WGS84_46N,GM,Ragnarok Investment LLC,11/8/2025,OVD049
OVD049,90.0,-68.6,60.7,WGS84_46N,GM,Ragnarok Investment LLC,11/8/2025,OVD049
OVD049,95.0,-68.6,60.7,WGS84_46N,GM,Ragnarok Investment LLC,11/8/2025,OVD049
OVD049,100.0,-68.5,61.0,WGS84_46N,GM,Ragnarok Investment LLC,11/8/2025,OVD049
OVD049,105.0,-68.5,61.1,WGS84_46N,GM,Ragnarok Investment LLC,11/8/2025,OVD049
OVD049,110.0,-68.5,61.2,WGS84_46N,GM,Ragnarok Investment LLC,11/8/2025,OVD049
OVD049,115.0,-68.4,61.5,WGS84_46N,GM,Ragnarok Investment LLC,11/8/2025,OVD049
OVD049,120.0,-68.4,61.6,WGS84_46N,GM,Ragnarok Investment LLC,11/8/2025,OVD049
OVD049,125.0,-68.4,61.7,WGS84_46N,GM,Ragnarok Investment LLC,11/8/2025,OVD049
OVD049,130.0,-68.4,62.0,WGS84_46N,GM,Ragnarok Investment LLC,11/8/2025,OVD049
OVD049,135.0,-68.4,62.2,WGS84_46N,GM,Ragnarok Investment LLC,11/8/2025,OVD049
OVD049,140.0,-68.4,62.0,WGS84_46N,GM,Ragnarok Investment LLC,11/8/2025,OVD049
OVD049,145.0,-68.4,62.0,WGS84_46N,GM,Ragnarok Investment LLC,11/8/2025,OVD049
OVD049,150.0,-68.4,62.2,WGS84_46N,GM,Ragnarok Investment LLC,11/8/2025,OVD049
OVD049,155.0,-68.3,62.2,WGS84_46N,GM,Ragnarok Investment LLC,11/8/2025,OVD049
OVD049,160.0,-68.3,62.2,WGS84_46N,GM,Ragnarok Investment LLC,11/8/2025,OVD049
OVD049,165.0,-68.2,62.3,WGS84_46N,GM,Ragnarok Investment LLC,11/8/2025,OVD049
OVD049,170.0,-68.2,62.6,WGS84_46N,GM,Ragnarok Investment LLC,11/8/2025,OVD049
OVD049,175.0,-68.1,62.7,WGS84_46N,GM,Ragnarok Investment LLC,11/8/2025,OVD049
OVD049,180.0,-68.1,63.1,WGS84_46N,GM,Ragnarok Investment LLC,11/8/2025,OVD049
OVD049,185.0,-68.0,63.0,WGS84_46N,GM,Ragnarok Investment LLC,11/8/2025,OVD049
OVD049,190.0,-68.0,63.2,WGS84_46N,GM,Ragnarok Investment LLC,11/8/2025,OVD049
OVD049,195.0,-68.0,63.5,WGS84_46N,GM,Ragnarok Investment LLC,11/8/2025,OVD049
OVD049,200.0,-67.9,63.7,WGS84_46N,GM,Ragnarok Investment LLC,11/8/2025,OVD049
OVD049,205.0,-68.0,63.6,WGS84_46N,GM,Ragnarok Investment LLC,11/8/2025,OVD049
OVD049,210.0,-68.0,63.7,WGS84_46N,GM,Ragnarok Investment LLC,11/8/2025,OVD049
OVD049,216.2,-67.9,63.8,WGS84_46N,GM,Ragnarok Investment LLC,11/8/2025,OVD049
OVD050,0.0,-59.9,210.5,WGS84_46N,GM,Ragnarok Investment LLC,11/11/2025,OVD050
OVD050,5.0,-60.1,210.3,WGS84_46N,GM,Ragnarok Investment LLC,11/11/2025,OVD050
OVD050,10.0,-60.1,210.2,WGS84_46N,GM,Ragnarok Investment LLC,11/11/2025,OVD050
OVD050,15.0,-60.3,211.2,WGS84_46N,GM,Ragnarok Investment LLC,11/11/2025,OVD050
OVD050,20.0,-60.5,211.9,WGS84_46N,GM,Ragnarok Investment LLC,11/11/2025,OVD050
OVD050,25.0,-60.4,211.7,WGS84_46N,GM,Ragnarok Investment LLC,11/11/2025,OVD050
OVD050,30.0,-60.4,211.6,WGS84_46N,GM,Ragnarok Investment LLC,11/11/2025,OVD050
OVD050,35.0,-60.4,211.6,WGS84_46N,GM,Ragnarok Investment LLC,11/11/2025,OVD050
OVD050,40.0,-60.5,211.6,WGS84_46N,GM,Ragnarok Investment LLC,11/11/2025,OVD050
OVD050,45.0,-60.4,211.7,WGS84_46N,GM,Ragnarok Investment LLC,11/11/2025,OVD050
OVD050,50.0,-60.3,211.5,WGS84_46N,GM,Ragnarok Investment LLC,11/11/2025,OVD050
OVD050,55.0,-60.2,211.0,WGS84_46N,GM,Ragnarok Investment LLC,11/11/2025,OVD050
OVD050,60.0,-60.1,210.8,WGS84_46N,GM,Ragnarok Investment LLC,11/11/2025,OVD050
OVD050,65.0,-60.1,210.7,WGS84_46N,GM,Ragnarok Investment LLC,11/11/2025,OVD050
OVD050,70.0,-60.1,210.6,WGS84_46N,GM,Ragnarok Investment LLC,11/11/2025,OVD050
OVD050,75.0,-60.0,210.6,WGS84_46N,GM,Ragnarok Investment LLC,11/11/2025,OVD050
OVD050,80.0,-60.0,209.7,WGS84_46N,GM,Ragnarok Investment LLC,11/11/2025,OVD050
OVD050,85.0,-59.9,209.3,WGS84_46N,GM,Ragnarok Investment LLC,11/11/2025,OVD050
OVD050,90.0,-59.9,209.3,WGS84_46N,GM,Ragnarok Investment LLC,11/11/2025,OVD050
OVD050,95.0,-59.8,209.1,WGS84_46N,GM,Ragnarok Investment LLC,11/11/2025,OVD050
OVD050,100.0,-59.7,209.2,WGS84_46N,GM,Ragnarok Investment LLC,11/11/2025,OVD050
OVD050,105.0,-59.7,209.3,WGS84_46N,GM,Ragnarok Investment LLC,11/11/2025,OVD050
OVD050,110.0,-59.6,209.4,WGS84_46N,GM,Ragnarok Investment LLC,11/11/2025,OVD050
OVD050,115.0,-59.6,209.5,WGS84_46N,GM,Ragnarok Investment LLC,11/11/2025,OVD050
OVD050,120.0,-59.6,209.4,WGS84_46N,GM,Ragnarok Investment LLC,11/11/2025,OVD050
OVD050,125.0,-59.6,209.4,WGS84_46N,GM,Ragnarok Investment LLC,11/11/2025,OVD050
OVD050,130.0,-59.6,209.6,WGS84_46N,GM,Ragnarok Investment LLC,11/11/2025,OVD050
OVD050,135.0,-59.5,209.5,WGS84_46N,GM,Ragnarok Investment LLC,11/11/2025,OVD050
OVD050,140.0,-59.6,209.6,WGS84_46N,GM,Ragnarok Investment LLC,11/11/2025,OVD050
OVD050,145.0,-59.7,209.8,WGS84_46N,GM,Ragnarok Investment LLC,11/11/2025,OVD050
OVD050,150.0,-59.6,209.9,WGS84_46N,GM,Ragnarok Investment LLC,11/11/2025,OVD050
OVD050,155.0,-59.5,209.9,WGS84_46N,GM,Ragnarok Investment LLC,11/11/2025,OVD050
OVD050,160.0,-59.5,210.2,WGS84_46N,GM,Ragnarok Investment LLC,11/11/2025,OVD050
OVD050,165.0,-59.4,210.5,WGS84_46N,GM,Ragnarok Investment LLC,11/11/2025,OVD050
OVD050,170.0,-59.3,210.7,WGS84_46N,GM,Ragnarok Investment LLC,11/11/2025,OVD050
OVD050,175.0,-59.3,210.9,WGS84_46N,GM,Ragnarok Investment LLC,11/11/2025,OVD050
OVD050,180.0,-59.2,211.1,WGS84_46N,GM,Ragnarok Investment LLC,11/11/2025,OVD050
OVD050,185.0,-59.1,211.2,WGS84_46N,GM,Ragnarok Investment LLC,11/11/2025,OVD050
OVD050,190.0,-59.1,211.1,WGS84_46N,GM,Ragnarok Investment LLC,11/11/2025,OVD050
OVD050,192.0,-59.1,211.1,WGS84_46N,GM,Ragnarok Investment LLC,11/11/2025,OVD050
OVD051,0.0,-62.8,332.4,WGS84_46N,GM,Ragnarok Investment LLC,11/13/2025,OVD051
OVD051,5.0,-63.0,332.1,WGS84_46N,GM,Ragnarok Investment LLC,11/13/2025,OVD051
OVD051,10.0,-63.2,332.0,WGS84_46N,GM,Ragnarok Investment LLC,11/13/2025,OVD051
OVD051,15.0,-63.2,332.2,WGS84_46N,GM,Ragnarok Investment LLC,11/13/2025,OVD051
OVD051,20.0,-63.2,331.8,WGS84_46N,GM,Ragnarok Investment LLC,11/13/2025,OVD051
OVD051,25.0,-63.2,331.6,WGS84_46N,GM,Ragnarok Investment LLC,11/13/2025,OVD051
OVD051,30.0,-63.2,331.7,WGS84_46N,GM,Ragnarok Investment LLC,11/13/2025,OVD051
OVD051,35.0,-63.1,331.6,WGS84_46N,GM,Ragnarok Investment LLC,11/13/2025,OVD051
OVD051,40.0,-63.0,331.6,WGS84_46N,GM,Ragnarok Investment LLC,11/13/2025,OVD051
OVD051,45.0,-62.8,331.8,WGS84_46N,GM,Ragnarok Investment LLC,11/13/2025,OVD051
OVD051,50.0,-62.8,332.0,WGS84_46N,GM,Ragnarok Investment LLC,11/13/2025,OVD051
OVD051,55.0,-62.7,332.2,WGS84_46N,GM,Ragnarok Investment LLC,11/13/2025,OVD051
OVD051,60.0,-62.7,332.3,WGS84_46N,GM,Ragnarok Investment LLC,11/13/2025,OVD051
OVD051,65.0,-62.5,332.4,WGS84_46N,GM,Ragnarok Investment LLC,11/13/2025,OVD051
OVD051,70.0,-62.5,332.5,WGS84_46N,GM,Ragnarok Investment LLC,11/13/2025,OVD051
OVD051,75.0,-62.5,332.8,WGS84_46N,GM,Ragnarok Investment LLC,11/13/2025,OVD051
OVD051,80.0,-62.5,332.6,WGS84_46N,GM,Ragnarok Investment LLC,11/13/2025,OVD051
OVD051,85.0,-62.6,332.8,WGS84_46N,GM,Ragnarok Investment LLC,11/13/2025,OVD051
OVD051,90.0,-62.5,333.1,WGS84_46N,GM,Ragnarok Investment LLC,11/13/2025,OVD051
OVD051,95.0,-62.4,333.2,WGS84_46N,GM,Ragnarok Investment LLC,11/13/2025,OVD051
OVD051,100.0,-62.3,333.7,WGS84_46N,GM,Ragnarok Investment LLC,11/13/2025,OVD051
OVD051,105.0,-62.4,333.7,WGS84_46N,GM,Ragnarok Investment LLC,11/13/2025,OVD051
OVD051,110.0,-62.3,333.8,WGS84_46N,GM,Ragnarok Investment LLC,11/13/2025,OVD051
OVD051,115.0,-62.4,334.0,WGS84_46N,GM,Ragnarok Investment LLC,11/13/2025,OVD051
OVD051,120.0,-62.3,334.0,WGS84_46N,GM,Ragnarok Investment LLC,11/13/2025,OVD051
OVD051,125.0,-62.3,334.2,WGS84_46N,GM,Ragnarok Investment LLC,11/13/2025,OVD051
OVD051,128.1,-62.3,334.3,WGS84_46N,GM,Ragnarok Investment LLC,11/13/2025,OVD051
OVD052,0.0,-63.0,139.4,WGS84_46N,GM,Ragnarok Investment LLC,11/17/2025,OVD052
OVD052,5.0,-62.9,139.6,WGS84_46N,GM,Ragnarok Investment LLC,11/17/2025,OVD052
OVD052,10.0,-62.8,138.9,WGS84_46N,GM,Ragnarok Investment LLC,11/17/2025,OVD052
OVD052,15.0,-62.8,138.7,WGS84_46N,GM,Ragnarok Investment LLC,11/17/2025,OVD052
OVD052,20.0,-62.8,138.9,WGS84_46N,GM,Ragnarok Investment LLC,11/17/2025,OVD052
OVD052,25.0,-62.8,138.9,WGS84_46N,GM,Ragnarok Investment LLC,11/17/2025,OVD052
OVD052,30.0,-62.8,139.2,WGS84_46N,GM,Ragnarok Investment LLC,11/17/2025,OVD052
OVD052,35.0,-62.8,139.3,WGS84_46N,GM,Ragnarok Investment LLC,11/17/2025,OVD052
OVD052,40.0,-62.8,139.6,WGS84_46N,GM,Ragnarok Investment LLC,11/17/2025,OVD052
OVD052,45.0,-62.9,139.5,WGS84_46N,GM,Ragnarok Investment LLC,11/17/2025,OVD052
OVD052,50.0,-62.9,139.7,WGS84_46N,GM,Ragnarok Investment LLC,11/17/2025,OVD052
OVD052,55.0,-62.9,139.7,WGS84_46N,GM,Ragnarok Investment LLC,11/17/2025,OVD052
OVD052,60.0,-62.9,139.9,WGS84_46N,GM,Ragnarok Investment LLC,11/17/2025,OVD052
OVD052,65.0,-62.9,139.9,WGS84_46N,GM,Ragnarok Investment LLC,11/17/2025,OVD052
OVD052,70.0,-62.9,140.2,WGS84_46N,GM,Ragnarok Investment LLC,11/17/2025,OVD052
OVD052,75.0,-62.9,140.4,WGS84_46N,GM,Ragnarok Investment LLC,11/17/2025,OVD052
OVD052,80.0,-62.9,140.5,WGS84_46N,GM,Ragnarok Investment LLC,11/17/2025,OVD052
OVD052,85.0,-62.9,140.7,WGS84_46N,GM,Ragnarok Investment LLC,11/17/2025,OVD052
OVD052,90.0,-62.9,140.9,WGS84_46N,GM,Ragnarok Investment LLC,11/17/2025,OVD052
OVD052,95.0,-62.7,141.1,WGS84_46N,GM,Ragnarok Investment LLC,11/17/2025,OVD052
OVD052,100.0,-62.7,141.1,WGS84_46N,GM,Ragnarok Investment LLC,11/17/2025,OVD052
OVD052,105.0,-62.9,141.4,WGS84_46N,GM,Ragnarok Investment LLC,11/17/2025,OVD052
OVD052,110.0,-62.8,141.1,WGS84_46N,GM,Ragnarok Investment LLC,11/17/2025,OVD052
OVD052,115.0,-62.9,141.2,WGS84_46N,GM,Ragnarok Investment LLC,11/17/2025,OVD052
OVD052,120.0,-62.9,142.3,WGS84_46N,GM,Ragnarok Investment LLC,11/17/2025,OVD052
OVD052,125.0,-62.9,142.3,WGS84_46N,GM,Ragnarok Investment LLC,11/17/2025,OVD052
OVD052,130.0,-62.9,142.3,WGS84_46N,GM,Ragnarok Investment LLC,11/17/2025,OVD052
OVD052,135.0,-63.0,142.4,WGS84_46N,GM,Ragnarok Investment LLC,11/17/2025,OVD052
OVD052,140.0,-63.0,142.5,WGS84_46N,GM,Ragnarok Investment LLC,11/17/2025,OVD052
OVD052,145.0,-63.0,142.4,WGS84_46N,GM,Ragnarok Investment LLC,11/17/2025,OVD052
OVD052,150.0,-63.1,142.8,WGS84_46N,GM,Ragnarok Investment LLC,11/17/2025,OVD052
OVD052,155.0,-62.9,142.9,WGS84_46N,GM,Ragnarok Investment LLC,11/17/2025,OVD052
OVD052,160.0,-62.8,142.9,WGS84_46N,GM,Ragnarok Investment LLC,11/17/2025,OVD052
OVD052,165.0,-62.7,143.1,WGS84_46N,GM,Ragnarok Investment LLC,11/17/2025,OVD052
OVD052,170.0,-62.7,143.0,WGS84_46N,GM,Ragnarok Investment LLC,11/17/2025,OVD052
OVD052,175.0,-62.6,143.0,WGS84_46N,GM,Ragnarok Investment LLC,11/17/2025,OVD052
OVD052,180.0,-62.6,143.1,WGS84_46N,GM,Ragnarok Investment LLC,11/17/2025,OVD052
OVD052,185.0,-62.5,143.4,WGS84_46N,GM,Ragnarok Investment LLC,11/17/2025,OVD052
OVD052,190.0,-62.5,143.5,WGS84_46N,GM,Ragnarok Investment LLC,11/17/2025,OVD052
OVD052,191.0,-62.5,143.4,WGS84_46N,GM,Ragnarok Investment LLC,11/17/2025,OVD052
SC02,0.0,-60.0,210.0,WGS84_46N,GM,Ragnarok Investment LLC,Not accepted,SC02
SC02,22.5,-60.0,210.0,WGS84_46N,GM,Ragnarok Investment LLC,Not accepted,SC02
OVD013A,0.0,-70.0,240.0,WGS84_46N,GM,Ragnarok Investment LLC,Not accepted,OVD013A
OVD013A,5.9,-70.0,240.0,WGS84_46N,GM,Ragnarok Investment LLC,Not accepted,OVD013A
