HOLE_ID,Depth (m),Dip,Azim (Orig),Grid (Orig),Azim (UTM),"SURVEY
METHOD","DH SURVEY
COMPANY","SURVEY
DATE"
OVD010,0,-65.7,241.8,WGS84_46N,,MS,Bayan Undraga LLC,7/19/2024
OVD010,20,-65.7,241.8,WGS84_46N,,MS,Bayan Undraga LLC,7/19/2024
OVD010,24,-65.7,241.3,WGS84_46N,,MS,Bayan Undraga LLC,7/19/2024
OVD010,40,-65.9,242,WGS84_46N,,MS,Bayan Undraga LLC,7/19/2024
OVD010,60,-65.8,241.46,WGS84_46N,,MS,Bayan Undraga LLC,7/19/2024
OVD010,68.8,-65.8,241.7,WGS84_46N,,MS,Bayan Undraga LLC,7/19/2024
OVD010,72,-65.5,242.2,WGS84_46N,,MS,Bayan Undraga LLC,7/19/2024
OVD010,140,-65.2,242.44,WGS84_46N,,MS,Bayan Undraga LLC,7/19/2024
OVD010,168,-65.13,243.54,WGS84_46N,,MS,Bayan Undraga LLC,7/19/2024
OVD010,216,-65.37,244.31,WGS84_46N,,MS,Bayan Undraga LLC,7/19/2024
OVD010,264,-65.58,244.81,WGS84_46N,,MS,Bayan Undraga LLC,7/19/2024
OVD010,312,-64.95,246.88,WGS84_46N,,MS,Bayan Undraga LLC,7/19/2024
OVD010,349.8,-64.95,246.88,WGS84_46N,,MS,Bayan Undraga LLC,7/19/2024
OVD011,0,-65.68,239.55,WGS84_46N,,MS,Bayan Undraga LLC,7/19/2024
OVD011,23.5,-65.68,239.55,WGS84_46N,,MS,Bayan Undraga LLC,7/19/2024
OVD011,71.5,-66.84,237.92,WGS84_46N,,MS,Bayan Undraga LLC,7/19/2024
OVD011,119.5,-67.16,236.26,WGS84_46N,,MS,Bayan Undraga LLC,7/19/2024
OVD011,167.5,-67.56,237.68,WGS84_46N,,MS,Bayan Undraga LLC,7/19/2024
OVD011,223.4,-66.82,234.99,WGS84_46N,,MS,Bayan Undraga LLC,7/24/2024
OVD011,235.6,-66.82,234.99,WGS84_46N,,MS,Bayan Undraga LLC,7/24/2024
OVD014,0,-59.11,235.57,WGS84_46N,,MS,Bayan Undraga LLC,7/24/2024
OVD014,50.5,-59.11,235.57,WGS84_46N,,MS,Bayan Undraga LLC,7/24/2024
OVD014,101,-59.28,236.88,WGS84_46N,,MS,Bayan Undraga LLC,7/24/2024
OVD014,143.5,-59.69,237.57,WGS84_46N,,MS,Bayan Undraga LLC,7/24/2024
OVD014,149.5,-59.69,237.57,WGS84_46N,,MS,Bayan Undraga LLC,7/24/2024
OVD016,0,-56.79,59.48,WGS84_46N,,MS,Bayan Undraga LLC,7/24/2024
OVD016,50.5,-56.79,59.48,WGS84_46N,,MS,Bayan Undraga LLC,7/24/2024
OVD016,80.5,-56.79,59.48,WGS84_46N,,MS,Bayan Undraga LLC,7/24/2024
OVD017,0,-53.75,247.42,WGS84_46N,,MS,Bayan Undraga LLC,7/27/2024
OVD017,13.7,-53.75,247.42,WGS84_46N,,MS,Bayan Undraga LLC,7/27/2024
OVD017,61.7,-54.51,246.59,WGS84_46N,,MS,Bayan Undraga LLC,7/28/2024
OVD018,0,-53.86,238.27,WGS84_46N,,MS,Bayan Undraga LLC,7/28/2024
OVD018,50,-53.86,238.27,WGS84_46N,,MS,Bayan Undraga LLC,7/28/2024
OVD018,59.2,-53.86,238.27,WGS84_46N,,MS,Bayan Undraga LLC,7/28/2024
OVD009,0,-77.72,242.19,WGS84_46N,,MS,Bayan Undraga LLC,7/27/2024
OVD009,56,-77.72,242.19,WGS84_46N,,MS,Bayan Undraga LLC,7/27/2024
OVD009,104,-77.87,242.63,WGS84_46N,,MS,Bayan Undraga LLC,7/27/2024
OVD009,144,-78.15,243.14,WGS84_46N,,MS,Bayan Undraga LLC,7/27/2024
OVD009,198,-78.91,244.64,WGS84_46N,,MS,Bayan Undraga LLC,7/27/2024
OVD009,240,-78.91,244.64,WGS84_46N,,MS,Bayan Undraga LLC,7/28/2024
OVD019,0,-47.93,222.56,WGS84_46N,,MS,Bayan Undraga LLC,11/18/2024
OVD019,5,-47.82,222.48,WGS84_46N,,MS,Bayan Undraga LLC,11/18/2024
OVD019,10,-48.67,222.31,WGS84_46N,,MS,Bayan Undraga LLC,11/18/2024
OVD019,15,-48.81,222.39,WGS84_46N,,MS,Bayan Undraga LLC,11/18/2024
OVD019,20,-48.63,222.44,WGS84_46N,,MS,Bayan Undraga LLC,11/18/2024
OVD019,25,-48.57,222.61,WGS84_46N,,MS,Bayan Undraga LLC,11/18/2024
OVD019,30,-48.55,222.72,WGS84_46N,,MS,Bayan Undraga LLC,11/18/2024
OVD019,35,-48.38,222.5,WGS84_46N,,MS,Bayan Undraga LLC,11/18/2024
OVD019,40,-48.55,222.44,WGS84_46N,,MS,Bayan Undraga LLC,11/18/2024
OVD019,45,-48.41,222.36,WGS84_46N,,MS,Bayan Undraga LLC,11/18/2024
OVD019,50,-48.32,222.36,WGS84_46N,,MS,Bayan Undraga LLC,11/18/2024
OVD019,55,-48.3,222.3,WGS84_46N,,MS,Bayan Undraga LLC,11/18/2024
OVD019,60,-48.26,222.45,WGS84_46N,,MS,Bayan Undraga LLC,11/18/2024
OVD019,65,-48.09,222.33,WGS84_46N,,MS,Bayan Undraga LLC,11/18/2024
OVD019,70,-48.12,222.26,WGS84_46N,,MS,Bayan Undraga LLC,11/18/2024
OVD019,75,-47.87,222.14,WGS84_46N,,MS,Bayan Undraga LLC,11/18/2024
OVD019,80,-47.55,221.9,WGS84_46N,,MS,Bayan Undraga LLC,11/18/2024
OVD019,80.54,-47.55,221.92,WGS84_46N,,MS,Bayan Undraga LLC,11/18/2024
OVD019,91.2,-47.55,221.92,WGS84_46N,,MS,Bayan Undraga LLC,11/18/2024
SC01,0,-60.65,216.26,WGS84_46N,,MS,Bayan Undraga LLC,8/3/2024
SC01,13.8,-60.65,216.26,WGS84_46N,,MS,Bayan Undraga LLC,8/3/2024
SC01,61.8,-60.11,215.38,WGS84_46N,,MS,Bayan Undraga LLC,8/3/2024
OVD015,0,-56.17,62.53,WGS84_46N,,MS,Bayan Undraga LLC,7/30/2024
OVD015,51,-56.17,62.53,WGS84_46N,,MS,Bayan Undraga LLC,7/30/2024
OVD015,101,-55.88,64.53,WGS84_46N,,MS,Bayan Undraga LLC,8/1/2024
OVD015,150,-55.91,66.62,WGS84_46N,,MS,Bayan Undraga LLC,8/3/2024
OVD015,200,-56.08,64.52,WGS84_46N,,MS,Bayan Undraga LLC,8/4/2024
OVD015,213.7,-56.08,64.52,WGS84_46N,,MS,Bayan Undraga LLC,8/4/2024
OVD012,0,-66.12,172.76,WGS84_46N,,MS,Bayan Undraga LLC,8/5/2024
OVD012,50,-66.12,172.76,WGS84_46N,,MS,Bayan Undraga LLC,8/5/2024
OVD012,100,-66.33,173.05,WGS84_46N,,MS,Bayan Undraga LLC,8/6/2024
OVD012,150,-66.18,173.74,WGS84_46N,,MS,Bayan Undraga LLC,8/7/2024
OVD012,200,-66.12,174.63,WGS84_46N,,MS,Bayan Undraga LLC,8/8/2024
OVD012,230,-66.38,173.47,WGS84_46N,,MS,Bayan Undraga LLC,8/9/2024
OVD012,260,-66.18,172.65,WGS84_46N,,MS,Bayan Undraga LLC,8/10/2024
OVD012,320,-66.41,182.68,WGS84_46N,,MS,Bayan Undraga LLC,8/12/2024
OVD012,347.5,-66.47,173.32,WGS84_46N,,MS,Bayan Undraga LLC,8/14/2024
OVD012,354.3,-66.47,173.32,WGS84_46N,,MS,Bayan Undraga LLC,8/14/2024
OVD020,0,-78.18,253.49,WGS84_46N,,MS,Bayan Undraga LLC,8/8/2024
OVD020,50,-78.18,253.49,WGS84_46N,,MS,Bayan Undraga LLC,8/8/2024
OVD020,101.5,-78.58,255.7,WGS84_46N,,MS,Bayan Undraga LLC,8/8/2024
OVD020,130.5,-78.89,253.32,WGS84_46N,,MS,Bayan Undraga LLC,8/9/2024
OVD020,160,-79.21,254.44,WGS84_46N,,MS,Bayan Undraga LLC,8/10/2024
OVD020,179.5,-79.21,254.44,WGS84_46N,,MS,Bayan Undraga LLC,8/10/2024
SC03,0,-59.22,211.16,WGS84_46N,,MS,Bayan Undraga LLC,8/21/2024
SC03,30,-59.22,211.16,WGS84_46N,,MS,Bayan Undraga LLC,8/21/2024
SC03,60,-59.06,211.11,WGS84_46N,,MS,Bayan Undraga LLC,8/21/2024
SC03,90,-58.91,211.56,WGS84_46N,,MS,Bayan Undraga LLC,8/25/2024
SC03,116,-58.67,211.62,WGS84_46N,,MS,Bayan Undraga LLC,8/26/2024
SC03,116.5,-58.67,211.62,WGS84_46N,,MS,Bayan Undraga LLC,8/26/2024
SC04,0,-67.62,212.2,WGS84_46N,,MS,Bayan Undraga LLC,9/11/2024
SC04,30,-67.62,212.2,WGS84_46N,,MS,Bayan Undraga LLC,9/11/2024
SC04,60,-67.72,211.92,WGS84_46N,,MS,Bayan Undraga LLC,9/11/2024
SC04,89.5,-67.65,212.44,WGS84_46N,,MS,Bayan Undraga LLC,9/5/2024
SC04,120,-67.76,211.09,WGS84_46N,,MS,Bayan Undraga LLC,9/11/2024
SC04,150.5,-67.72,212.39,WGS84_46N,,MS,Bayan Undraga LLC,9/7/2024
SC04,179.5,-67.17,212.57,WGS84_46N,,MS,Bayan Undraga LLC,9/8/2024
SC04,209.5,-66.73,213.2,WGS84_46N,,MS,Bayan Undraga LLC,9/8/2024
SC04,239.5,-66.73,213.18,WGS84_46N,,MS,Bayan Undraga LLC,9/8/2024
SC04,280.5,-66.35,212.72,WGS84_46N,,MS,Bayan Undraga LLC,9/11/2024
SC04,281.5,-66.35,212.72,WGS84_46N,,MS,Bayan Undraga LLC,9/11/2024
CRS01,0,-60.62,175.78,WGS84_46N,,MS,Bayan Undraga LLC,8/20/2024
CRS01,52.7,-60.62,175.78,WGS84_46N,,MS,Bayan Undraga LLC,8/20/2024
CRS01A,0,-70,30,WGS84_46N,,MS,Bayan Undraga LLC,9/10/2024
CRS01A,14.5,-70,30,WGS84_46N,,MS,Bayan Undraga LLC,9/10/2024
CRS01A,44.5,-70,30,WGS84_46N,,MS,Bayan Undraga LLC,9/10/2024
CRS01A,74.5,-70,30,WGS84_46N,,MS,Bayan Undraga LLC,9/10/2024
CRS01A,104.5,-70,30,WGS84_46N,,MS,Bayan Undraga LLC,9/10/2024
CRS01A,134.5,-70,30,WGS84_46N,,MS,Bayan Undraga LLC,9/10/2024
CRS01A,164.5,-70,30,WGS84_46N,,MS,Bayan Undraga LLC,9/10/2024
CRS01A,194.5,-70,30,WGS84_46N,,MS,Bayan Undraga LLC,9/10/2024
CRS01A,200.5,-70,30,WGS84_46N,,MS,Bayan Undraga LLC,9/10/2024
OVD013,0,-76.98,239.85,WGS84_46N,,MS,Bayan Undraga LLC,9/13/2024
OVD013,32.9,-76.98,239.85,WGS84_46N,,MS,Bayan Undraga LLC,9/13/2024
OVD013,53.9,-77.43,241.58,WGS84_46N,,MS,Bayan Undraga LLC,9/13/2024
OVD013,92.9,-77.42,241.15,WGS84_46N,,MS,Bayan Undraga LLC,9/14/2024
OVD013,122.9,-77.65,239.65,WGS84_46N,,MS,Bayan Undraga LLC,9/15/2024
OVD013,155.9,-77.31,245.12,WGS84_46N,,MS,Bayan Undraga LLC,9/15/2024
OVD013,161.15,-77.31,245.12,WGS84_46N,,MS,Bayan Undraga LLC,9/15/2024
OVD021,0,-61.15,150.28,WGS84_46N,,MS,Bayan Undraga LLC,9/13/2024
OVD021,29.5,-61.15,150.28,WGS84_46N,,MS,Bayan Undraga LLC,9/13/2024
OVD021,59.5,-61.33,147.25,WGS84_46N,,MS,Bayan Undraga LLC,9/13/2024
OVD021,89.5,-61.77,148.23,WGS84_46N,,MS,Bayan Undraga LLC,9/14/2024
OVD021,119.5,-61.79,148.65,WGS84_46N,,MS,Bayan Undraga LLC,9/16/2024
OVD021,149.5,-61.76,148.87,WGS84_46N,,MS,Bayan Undraga LLC,9/16/2024
OVD021,184.5,-61.65,149.29,WGS84_46N,,MS,Bayan Undraga LLC,9/16/2024
OVD003,29,-61.52,61.6,WGS84_46N,,MS,Bayan Undraga LLC,9/18/2024
OVD003,59,-61.28,61.1,WGS84_46N,,MS,Bayan Undraga LLC,9/18/2024
OVD003,89,-60.66,61.5,WGS84_46N,,MS,Bayan Undraga LLC,9/18/2024
OVD003,119,-60.28,62,WGS84_46N,,MS,Bayan Undraga LLC,9/18/2024
OVD003,149,-60.36,65.2,WGS84_46N,,MS,Bayan Undraga LLC,9/18/2024
OVD003,179,-60.42,67.9,WGS84_46N,,MS,Bayan Undraga LLC,9/17/2024
OVD003,209.5,-60.4,67.9,WGS84_46N,,MS,Bayan Undraga LLC,9/17/2024
OVD001,0,-60,260,WGS84_46N,,,Bayan Undraga LLC,5/6/2023
OVD001,9,-60,260.7,WGS84_46N,,,Bayan Undraga LLC,5/6/2023
OVD001,15,-60,263.3,WGS84_46N,,,Bayan Undraga LLC,5/6/2023
OVD001,21,-60,263.8,WGS84_46N,,,Bayan Undraga LLC,5/6/2023
OVD001,27,-60,264,WGS84_46N,,,Bayan Undraga LLC,5/6/2023
OVD001,33,-60,264.6,WGS84_46N,,,Bayan Undraga LLC,5/6/2023
OVD001,39,-60,264.3,WGS84_46N,,,Bayan Undraga LLC,5/6/2023
OVD001,45,-60,264.4,WGS84_46N,,,Bayan Undraga LLC,5/6/2023
OVD001,51,-60,264,WGS84_46N,,,Bayan Undraga LLC,5/6/2023
OVD001,57,-60,263.5,WGS84_46N,,,Bayan Undraga LLC,5/6/2023
OVD001,63,-60,262.4,WGS84_46N,,,Bayan Undraga LLC,5/6/2023
OVD001,69,-60,263.6,WGS84_46N,,,Bayan Undraga LLC,5/6/2023
OVD001,75,-60,264.3,WGS84_46N,,,Bayan Undraga LLC,5/6/2023
OVD001,93.4,-60,263.9,WGS84_46N,,,Bayan Undraga LLC,5/6/2023
OVD002,0,-90,0,WGS84_46N,,,Bayan Undraga LLC,Vertical hole
OVD002,167.5,-90,0,WGS84_46N,,,Bayan Undraga LLC,Vertical hole
OVD004,0,-60,212.9,WGS84_46N,,,Bayan Undraga LLC,5/18/2023
OVD004,13,-60,213.5,WGS84_46N,,,Bayan Undraga LLC,5/18/2023
OVD004,19,-60,213,WGS84_46N,,,Bayan Undraga LLC,5/18/2023
OVD004,25,-60,214.5,WGS84_46N,,,Bayan Undraga LLC,5/18/2023
OVD004,31,-60,214.5,WGS84_46N,,,Bayan Undraga LLC,5/18/2023
OVD004,37,-60,214.6,WGS84_46N,,,Bayan Undraga LLC,5/18/2023
OVD004,43,-60,214.4,WGS84_46N,,,Bayan Undraga LLC,5/18/2023
OVD004,49,-60,214.3,WGS84_46N,,,Bayan Undraga LLC,5/18/2023
OVD004,55,-60,214.5,WGS84_46N,,,Bayan Undraga LLC,5/18/2023
OVD004,61,-60,214.4,WGS84_46N,,,Bayan Undraga LLC,5/18/2023
OVD004,67,-60,214.4,WGS84_46N,,,Bayan Undraga LLC,5/18/2023
OVD004,73,-60,214.5,WGS84_46N,,,Bayan Undraga LLC,5/18/2023
OVD004,79,-60,213.8,WGS84_46N,,,Bayan Undraga LLC,5/18/2023
OVD004,85,-60,213.9,WGS84_46N,,,Bayan Undraga LLC,5/18/2023
OVD004,91,-60,213.9,WGS84_46N,,,Bayan Undraga LLC,5/18/2023
OVD004,94.5,-60,213.9,WGS84_46N,,,Bayan Undraga LLC,5/18/2023
OVD005,0,-60,58.4,WGS84_46N,,,Bayan Undraga LLC,5/20/2023
OVD005,11,-60,63,WGS84_46N,,,Bayan Undraga LLC,5/20/2023
OVD005,17,-60,61.8,WGS84_46N,,,Bayan Undraga LLC,5/20/2023
OVD005,23,-60,61.4,WGS84_46N,,,Bayan Undraga LLC,5/20/2023
OVD005,29,-60,66.5,WGS84_46N,,,Bayan Undraga LLC,5/20/2023
OVD005,35,-60,63.1,WGS84_46N,,,Bayan Undraga LLC,5/20/2023
OVD005,41,-60,65.4,WGS84_46N,,,Bayan Undraga LLC,5/20/2023
OVD005,47,-60,63.4,WGS84_46N,,,Bayan Undraga LLC,5/20/2023
OVD005,53,-60,62.7,WGS84_46N,,,Bayan Undraga LLC,5/20/2023
OVD005,59,-60,66.9,WGS84_46N,,,Bayan Undraga LLC,5/20/2023
OVD005,65,-60,62,WGS84_46N,,,Bayan Undraga LLC,5/20/2023
OVD005,71,-60,61.5,WGS84_46N,,,Bayan Undraga LLC,5/20/2023
OVD005,77,-60,59.2,WGS84_46N,,,Bayan Undraga LLC,5/20/2023
OVD005,83,-60,61,WGS84_46N,,,Bayan Undraga LLC,5/20/2023
OVD005,89,-60,61.5,WGS84_46N,,,Bayan Undraga LLC,5/20/2023
OVD005,95,-60,61.5,WGS84_46N,,,Bayan Undraga LLC,5/20/2023
OVD005,101.5,-60,61.5,WGS84_46N,,,Bayan Undraga LLC,5/20/2023
OVD006,0,-60,275,WGS84_46N,,,Bayan Undraga LLC,Hole collapsed
OVD006,56.5,-60,275,WGS84_46N,,,Bayan Undraga LLC,Hole collapsed
OVD007,0,-59.3,236.8,WGS84_46N,,,Bayan Undraga LLC,9/19/2024
OVD007,30,-59.3,237.8,WGS84_46N,,,Bayan Undraga LLC,9/19/2024
OVD007,60,-59.3,234.5,WGS84_46N,,,Bayan Undraga LLC,9/19/2024
OVD007,93,-59.3,234.5,WGS84_46N,,,Bayan Undraga LLC,9/19/2024
OVD007,100.7,-59.3,234.5,WGS84_46N,,,Bayan Undraga LLC,5/24/2023
OVD022,0,-62.25,146.94,WGS84_46N,,GY,Ragnarok Investment LLC,11/7/2024
OVD022,5,-61.78,146.28,WGS84_46N,,GY,Ragnarok Investment LLC,11/7/2024
OVD022,10,-61.85,146.09,WGS84_46N,,GY,Ragnarok Investment LLC,11/7/2024
OVD022,15,-62,146.42,WGS84_46N,,GY,Ragnarok Investment LLC,11/7/2024
OVD022,20,-62.29,146.81,WGS84_46N,,GY,Ragnarok Investment LLC,11/7/2024
OVD022,25,-62.3,147.4,WGS84_46N,,GY,Ragnarok Investment LLC,11/7/2024
OVD022,30,-62.4,147.8,WGS84_46N,,GY,Ragnarok Investment LLC,11/7/2024
OVD022,35,-62.3,147.9,WGS84_46N,,GY,Ragnarok Investment LLC,11/7/2024
OVD022,40,-62.2,147.7,WGS84_46N,,GY,Ragnarok Investment LLC,11/7/2024
OVD022,45,-62.1,148,WGS84_46N,,GY,Ragnarok Investment LLC,11/7/2024
OVD022,50,-62.1,148.2,WGS84_46N,,GY,Ragnarok Investment LLC,11/7/2024
OVD022,55,-62.1,148.2,WGS84_46N,,GY,Ragnarok Investment LLC,11/7/2024
OVD022,60,-62.1,148.2,WGS84_46N,,GY,Ragnarok Investment LLC,11/7/2024
OVD022,65,-62.2,148.4,WGS84_46N,,GY,Ragnarok Investment LLC,11/7/2024
OVD022,70,-62,148.4,WGS84_46N,,GY,Ragnarok Investment LLC,11/7/2024
OVD022,75,-62.1,148.5,WGS84_46N,,GY,Ragnarok Investment LLC,11/7/2024
OVD022,80,-62.2,148.6,WGS84_46N,,GY,Ragnarok Investment LLC,11/7/2024
OVD022,85,-62.2,148.6,WGS84_46N,,GY,Ragnarok Investment LLC,11/7/2024
OVD022,90,-62.4,148.6,WGS84_46N,,GY,Ragnarok Investment LLC,11/7/2024
OVD022,95,-62.1,148.6,WGS84_46N,,GY,Ragnarok Investment LLC,11/7/2024
OVD022,100,-61.9,148.6,WGS84_46N,,GY,Ragnarok Investment LLC,11/7/2024
OVD022,105,-61.8,148.7,WGS84_46N,,GY,Ragnarok Investment LLC,11/7/2024
OVD022,110,-61.7,148.7,WGS84_46N,,GY,Ragnarok Investment LLC,11/7/2024
OVD022,115,-61.8,148.8,WGS84_46N,,GY,Ragnarok Investment LLC,11/7/2024
OVD022,120,-61.9,148.7,WGS84_46N,,GY,Ragnarok Investment LLC,11/7/2024
OVD022,125,-62,149,WGS84_46N,,GY,Ragnarok Investment LLC,11/7/2024
OVD022,130,-62,149.1,WGS84_46N,,GY,Ragnarok Investment LLC,11/7/2024
OVD022,135,-62,149.3,WGS84_46N,,GY,Ragnarok Investment LLC,11/7/2024
OVD022,140,-61.9,149.4,WGS84_46N,,GY,Ragnarok Investment LLC,11/7/2024
OVD022,145,-61.7,149.5,WGS84_46N,,GY,Ragnarok Investment LLC,11/7/2024
OVD022,150,-61.8,149.4,WGS84_46N,,GY,Ragnarok Investment LLC,11/7/2024
OVD022,155,-61.7,149.4,WGS84_46N,,GY,Ragnarok Investment LLC,11/7/2024
OVD022,160,-61.7,149.3,WGS84_46N,,GY,Ragnarok Investment LLC,11/7/2024
OVD022,164.4,-61.7,149.3,WGS84_46N,,GY,Ragnarok Investment LLC,11/7/2024
OVD023,0,-59.6,145.2,WGS84_46N,,GY,Ragnarok Investment LLC,11/10/2024
OVD023,5,-59.5,144.9,WGS84_46N,,GY,Ragnarok Investment LLC,11/10/2024
OVD023,10,-59.4,144.9,WGS84_46N,,GY,Ragnarok Investment LLC,11/10/2024
OVD023,15,-59.1,145,WGS84_46N,,GY,Ragnarok Investment LLC,11/10/2024
OVD023,20,-59.3,145,WGS84_46N,,GY,Ragnarok Investment LLC,11/10/2024
OVD023,25,-59.4,145.1,WGS84_46N,,GY,Ragnarok Investment LLC,11/10/2024
OVD023,30,-59.4,145.3,WGS84_46N,,GY,Ragnarok Investment LLC,11/10/2024
OVD023,35,-59,145.4,WGS84_46N,,GY,Ragnarok Investment LLC,11/10/2024
OVD023,40,-58.9,145.6,WGS84_46N,,GY,Ragnarok Investment LLC,11/10/2024
OVD023,45,-59,145.7,WGS84_46N,,GY,Ragnarok Investment LLC,11/10/2024
OVD023,50,-58.7,145.7,WGS84_46N,,GY,Ragnarok Investment LLC,11/10/2024
OVD023,55,-58.5,145.5,WGS84_46N,,GY,Ragnarok Investment LLC,11/10/2024
OVD023,60,-58.7,145.5,WGS84_46N,,GY,Ragnarok Investment LLC,11/10/2024
OVD023,65,-58.4,145.6,WGS84_46N,,GY,Ragnarok Investment LLC,11/10/2024
OVD023,70,-58.4,145.6,WGS84_46N,,GY,Ragnarok Investment LLC,11/10/2024
OVD023,75,-58.5,145.5,WGS84_46N,,GY,Ragnarok Investment LLC,11/10/2024
OVD023,80,-58.3,145.5,WGS84_46N,,GY,Ragnarok Investment LLC,11/10/2024
OVD023,85,-58.5,145.5,WGS84_46N,,GY,Ragnarok Investment LLC,11/10/2024
OVD023,90,-58.6,145.6,WGS84_46N,,GY,Ragnarok Investment LLC,11/10/2024
OVD023,95,-58.6,145.7,WGS84_46N,,GY,Ragnarok Investment LLC,11/10/2024
OVD023,100,-58.4,145.8,WGS84_46N,,GY,Ragnarok Investment LLC,11/10/2024
OVD023,105,-58.4,146,WGS84_46N,,GY,Ragnarok Investment LLC,11/10/2024
OVD023,110,-58.2,146.2,WGS84_46N,,GY,Ragnarok Investment LLC,11/10/2024
OVD023,115,-58,146.2,WGS84_46N,,GY,Ragnarok Investment LLC,11/10/2024
OVD023,120,-58.2,146.3,WGS84_46N,,GY,Ragnarok Investment LLC,11/10/2024
OVD023,125,-57.9,146.3,WGS84_46N,,GY,Ragnarok Investment LLC,11/10/2024
OVD023,130,-57.9,146.4,WGS84_46N,,GY,Ragnarok Investment LLC,11/10/2024
OVD023,135,-58,146.3,WGS84_46N,,GY,Ragnarok Investment LLC,11/10/2024
OVD023,140,-58,146.3,WGS84_46N,,GY,Ragnarok Investment LLC,11/10/2024
OVD023,145,-58.1,146.4,WGS84_46N,,GY,Ragnarok Investment LLC,11/10/2024
OVD023,149.9,-58.1,146.4,WGS84_46N,,GY,Ragnarok Investment LLC,11/10/2024
OVD024,0,-64.9,43.7,WGS84_46N,,GY,Ragnarok Investment LLC,15/11/2024
OVD024,5,-64.8,43.5,WGS84_46N,,GY,Ragnarok Investment LLC,15/11/2024
OVD024,10,-64.9,43.4,WGS84_46N,,GY,Ragnarok Investment LLC,15/11/2024
OVD024,15,-64.6,43.3,WGS84_46N,,GY,Ragnarok Investment LLC,15/11/2024
OVD024,20,-64.4,43.3,WGS84_46N,,GY,Ragnarok Investment LLC,15/11/2024
OVD024,25,-64.2,43.4,WGS84_46N,,GY,Ragnarok Investment LLC,15/11/2024
OVD024,30,-64.3,43.4,WGS84_46N,,GY,Ragnarok Investment LLC,15/11/2024
OVD024,35,-64.3,43.7,WGS84_46N,,GY,Ragnarok Investment LLC,15/11/2024
OVD024,40,-64.1,43.7,WGS84_46N,,GY,Ragnarok Investment LLC,15/11/2024
OVD024,45,-64,43.9,WGS84_46N,,GY,Ragnarok Investment LLC,15/11/2024
OVD024,50,-63.8,44.1,WGS84_46N,,GY,Ragnarok Investment LLC,15/11/2024
OVD024,55,-63.7,44.4,WGS84_46N,,GY,Ragnarok Investment LLC,15/11/2024
OVD024,60,-63.7,44.6,WGS84_46N,,GY,Ragnarok Investment LLC,15/11/2024
OVD024,65,-63.6,44.4,WGS84_46N,,GY,Ragnarok Investment LLC,15/11/2024
OVD024,70,-63.7,44.5,WGS84_46N,,GY,Ragnarok Investment LLC,15/11/2024
OVD024,75,-63.4,44.3,WGS84_46N,,GY,Ragnarok Investment LLC,15/11/2024
OVD024,80,-63.4,44.3,WGS84_46N,,GY,Ragnarok Investment LLC,15/11/2024
OVD024,85,-63.2,44.1,WGS84_46N,,GY,Ragnarok Investment LLC,15/11/2024
OVD024,90,-63.1,44.1,WGS84_46N,,GY,Ragnarok Investment LLC,15/11/2024
OVD024,95,-63.3,43.9,WGS84_46N,,GY,Ragnarok Investment LLC,15/11/2024
OVD024,100,-63.3,44,WGS84_46N,,GY,Ragnarok Investment LLC,15/11/2024
OVD024,105,-63.4,44,WGS84_46N,,GY,Ragnarok Investment LLC,15/11/2024
OVD024,110,-63.5,44.2,WGS84_46N,,GY,Ragnarok Investment LLC,15/11/2024
OVD024,115,-63.3,44.2,WGS84_46N,,GY,Ragnarok Investment LLC,15/11/2024
OVD024,120,-63.2,44.1,WGS84_46N,,GY,Ragnarok Investment LLC,15/11/2024
OVD024,125,-63.2,44.2,WGS84_46N,,GY,Ragnarok Investment LLC,15/11/2024
OVD024,130,-63.1,44.1,WGS84_46N,,GY,Ragnarok Investment LLC,15/11/2024
OVD024,135,-63,44.1,WGS84_46N,,GY,Ragnarok Investment LLC,15/11/2024
OVD024,140,-63.1,44.1,WGS84_46N,,GY,Ragnarok Investment LLC,15/11/2024
OVD024,145,-63.1,44.1,WGS84_46N,,GY,Ragnarok Investment LLC,15/11/2024
OVD024,150,-63.1,44,WGS84_46N,,GY,Ragnarok Investment LLC,15/11/2024
OVD024,155,-63.2,44,WGS84_46N,,GY,Ragnarok Investment LLC,15/11/2024
OVD024,160,-63.3,43.8,WGS84_46N,,GY,Ragnarok Investment LLC,15/11/2024
OVD024,165,-63.2,43.8,WGS84_46N,,GY,Ragnarok Investment LLC,15/11/2024
OVD024,170.4,-63.4,43.9,WGS84_46N,,GY,Ragnarok Investment LLC,15/11/2024
OVD025,0,-54.5,232.2,WGS84_46N,,GY,Ragnarok Investment LLC,17/11/2024
OVD025,5,-54.3,231.7,WGS84_46N,,GY,Ragnarok Investment LLC,17/11/2024
OVD025,10,-54.4,231.8,WGS84_46N,,GY,Ragnarok Investment LLC,17/11/2024
OVD025,15,-54.4,231.7,WGS84_46N,,GY,Ragnarok Investment LLC,17/11/2024
OVD025,20,-54.4,231.7,WGS84_46N,,GY,Ragnarok Investment LLC,17/11/2024
OVD025,25,-54.4,231.5,WGS84_46N,,GY,Ragnarok Investment LLC,17/11/2024
OVD025,30,-54.2,231.5,WGS84_46N,,GY,Ragnarok Investment LLC,17/11/2024
OVD025,35,-54,231.5,WGS84_46N,,GY,Ragnarok Investment LLC,17/11/2024
OVD025,40,-54,231.6,WGS84_46N,,GY,Ragnarok Investment LLC,17/11/2024
OVD025,45,-54,231.8,WGS84_46N,,GY,Ragnarok Investment LLC,17/11/2024
OVD025,50,-54,232,WGS84_46N,,GY,Ragnarok Investment LLC,17/11/2024
OVD025,55,-53.9,232.1,WGS84_46N,,GY,Ragnarok Investment LLC,17/11/2024
OVD025,60,-53.7,231.9,WGS84_46N,,GY,Ragnarok Investment LLC,17/11/2024
OVD025,65.9,-53.7,232,WGS84_46N,,GY,Ragnarok Investment LLC,17/11/2024
OVD026,0,-50.5,314.1,WGS84_46N,,GY,Ragnarok Investment LLC,22/11/2024
OVD026,5,-50.1,313.9,WGS84_46N,,GY,Ragnarok Investment LLC,22/11/2024
OVD026,10,-50.3,313.6,WGS84_46N,,GY,Ragnarok Investment LLC,22/11/2024
OVD026,15,-50.6,313.8,WGS84_46N,,GY,Ragnarok Investment LLC,22/11/2024
OVD026,20,-50.6,313.7,WGS84_46N,,GY,Ragnarok Investment LLC,22/11/2024
OVD026,25,-50.5,313.9,WGS84_46N,,GY,Ragnarok Investment LLC,22/11/2024
OVD026,30,-50.3,313.9,WGS84_46N,,GY,Ragnarok Investment LLC,22/11/2024
OVD026,35,-50.3,313.9,WGS84_46N,,GY,Ragnarok Investment LLC,22/11/2024
OVD026,40,-50.4,313.9,WGS84_46N,,GY,Ragnarok Investment LLC,22/11/2024
OVD026,45,-50.3,314,WGS84_46N,,GY,Ragnarok Investment LLC,22/11/2024
OVD026,50,-50.5,313.9,WGS84_46N,,GY,Ragnarok Investment LLC,22/11/2024
OVD026,55,-50.6,313.8,WGS84_46N,,GY,Ragnarok Investment LLC,22/11/2024
OVD026,60,-50.7,313.7,WGS84_46N,,GY,Ragnarok Investment LLC,22/11/2024
OVD026,65,-50.9,313.5,WGS84_46N,,GY,Ragnarok Investment LLC,22/11/2024
OVD026,70,-50.8,313.5,WGS84_46N,,GY,Ragnarok Investment LLC,22/11/2024
OVD026,75,-50.9,313.4,WGS84_46N,,GY,Ragnarok Investment LLC,22/11/2024
OVD026,80,-50.8,313.5,WGS84_46N,,GY,Ragnarok Investment LLC,22/11/2024
OVD026,85,-50.9,313.5,WGS84_46N,,GY,Ragnarok Investment LLC,22/11/2024
OVD026,90,-51.1,313.5,WGS84_46N,,GY,Ragnarok Investment LLC,22/11/2024
OVD026,95,-51.1,313.3,WGS84_46N,,GY,Ragnarok Investment LLC,22/11/2024
OVD026,100,-51.2,313.2,WGS84_46N,,GY,Ragnarok Investment LLC,22/11/2024
OVD026,105,-51.3,313,WGS84_46N,,GY,Ragnarok Investment LLC,22/11/2024
OVD026,110,-51.6,313,WGS84_46N,,GY,Ragnarok Investment LLC,22/11/2024
OVD026,115,-51.5,313,WGS84_46N,,GY,Ragnarok Investment LLC,22/11/2024
OVD026,120,-51.7,313,WGS84_46N,,GY,Ragnarok Investment LLC,22/11/2024
OVD026,125,-51.7,313.1,WGS84_46N,,GY,Ragnarok Investment LLC,22/11/2024
OVD027,0,-65,137.2,WGS84_46N,,GY,Ragnarok Investment LLC,27/11/2024
OVD027,5,-65,137.1,WGS84_46N,,GY,Ragnarok Investment LLC,27/11/2024
OVD027,10,-65.1,137.7,WGS84_46N,,GY,Ragnarok Investment LLC,27/11/2024
OVD027,15,-65.1,137.6,WGS84_46N,,GY,Ragnarok Investment LLC,27/11/2024
OVD027,20,-65,138.2,WGS84_46N,,GY,Ragnarok Investment LLC,27/11/2024
OVD027,25,-65.1,138.2,WGS84_46N,,GY,Ragnarok Investment LLC,27/11/2024
OVD027,30,-65.2,138.5,WGS84_46N,,GY,Ragnarok Investment LLC,27/11/2024
OVD027,35,-65.1,138.9,WGS84_46N,,GY,Ragnarok Investment LLC,27/11/2024
OVD027,40,-65.2,139,WGS84_46N,,GY,Ragnarok Investment LLC,27/11/2024
OVD027,45,-65.3,139.1,WGS84_46N,,GY,Ragnarok Investment LLC,27/11/2024
OVD027,50,-65.4,139.2,WGS84_46N,,GY,Ragnarok Investment LLC,27/11/2024
OVD027,55,-65.7,139.5,WGS84_46N,,GY,Ragnarok Investment LLC,27/11/2024
OVD027,60,-65.5,139.5,WGS84_46N,,GY,Ragnarok Investment LLC,27/11/2024
OVD027,65,-65.5,139.7,WGS84_46N,,GY,Ragnarok Investment LLC,27/11/2024
OVD027,70,-65.4,139.9,WGS84_46N,,GY,Ragnarok Investment LLC,27/11/2024
OVD027,75,-65.3,140,WGS84_46N,,GY,Ragnarok Investment LLC,27/11/2024
OVD027,80,-65.4,140.2,WGS84_46N,,GY,Ragnarok Investment LLC,27/11/2024
OVD027,85,-65.2,140.2,WGS84_46N,,GY,Ragnarok Investment LLC,27/11/2024
OVD027,90,-65.3,140.5,WGS84_46N,,GY,Ragnarok Investment LLC,27/11/2024
OVD027,95,-65.6,140.4,WGS84_46N,,GY,Ragnarok Investment LLC,27/11/2024
OVD027,100,-65.6,140.6,WGS84_46N,,GY,Ragnarok Investment LLC,27/11/2024
OVD027,105,-65.7,140.7,WGS84_46N,,GY,Ragnarok Investment LLC,27/11/2024
OVD027,110,-65.8,140.6,WGS84_46N,,GY,Ragnarok Investment LLC,27/11/2024
OVD027,115,-65.8,140.6,WGS84_46N,,GY,Ragnarok Investment LLC,27/11/2024
OVD027,120,-65.8,140.7,WGS84_46N,,GY,Ragnarok Investment LLC,27/11/2024
OVD027,125,-65.7,140.8,WGS84_46N,,GY,Ragnarok Investment LLC,27/11/2024
OVD027,130,-65.7,140.9,WGS84_46N,,GY,Ragnarok Investment LLC,27/11/2024
OVD027,135,-65.5,141.1,WGS84_46N,,GY,Ragnarok Investment LLC,27/11/2024
OVD027,140,-65.5,141.2,WGS84_46N,,GY,Ragnarok Investment LLC,27/11/2024
OVD027,147.9,-65.7,141.5,WGS84_46N,,GY,Ragnarok Investment LLC,27/11/2024
OVD008,0,-69.5,237.2,WGS84_46N,,GY,Ragnarok Investment LLC,27/11/2024
OVD008,5,-69.3,236.5,WGS84_46N,,GY,Ragnarok Investment LLC,27/11/2024
OVD008,10,-69.3,236.6,WGS84_46N,,GY,Ragnarok Investment LLC,27/11/2024
OVD008,15,-69.3,236.7,WGS84_46N,,GY,Ragnarok Investment LLC,27/11/2024
OVD008,20,-69.4,237.1,WGS84_46N,,GY,Ragnarok Investment LLC,27/11/2024
OVD008,25,-69.5,237.2,WGS84_46N,,GY,Ragnarok Investment LLC,27/11/2024
OVD008,30,-69.5,237.4,WGS84_46N,,GY,Ragnarok Investment LLC,27/11/2024
OVD008,35,-69.6,237.7,WGS84_46N,,GY,Ragnarok Investment LLC,27/11/2024
OVD008,40,-69.4,238,WGS84_46N,,GY,Ragnarok Investment LLC,27/11/2024
OVD008,45,-69.5,238,WGS84_46N,,GY,Ragnarok Investment LLC,27/11/2024
OVD008,50,-69.5,237.8,WGS84_46N,,GY,Ragnarok Investment LLC,27/11/2024
OVD008,55,-69.6,238,WGS84_46N,,GY,Ragnarok Investment LLC,27/11/2024
OVD008,60,-69.6,237.9,WGS84_46N,,GY,Ragnarok Investment LLC,27/11/2024
OVD008,65,-69.7,237.9,WGS84_46N,,GY,Ragnarok Investment LLC,27/11/2024
OVD008,70,-69.7,237.9,WGS84_46N,,GY,Ragnarok Investment LLC,27/11/2024
OVD008,75,-69.6,237.9,WGS84_46N,,GY,Ragnarok Investment LLC,27/11/2024
OVD008,80,-69.7,237.9,WGS84_46N,,GY,Ragnarok Investment LLC,27/11/2024
OVD008,85,-69.8,237.9,WGS84_46N,,GY,Ragnarok Investment LLC,27/11/2024
OVD008,90,-69.9,237.9,WGS84_46N,,GY,Ragnarok Investment LLC,27/11/2024
OVD008,95,-69.8,237.9,WGS84_46N,`,GY,Ragnarok Investment LLC,27/11/2024
OVD008,100,-69.7,238.8,WGS84_46N,,GY,Ragnarok Investment LLC,27/11/2024
OVD008,105,-69.9,238.9,WGS84_46N,,GY,Ragnarok Investment LLC,27/11/2024
OVD008,110.5,-69.9,238.9,WGS84_46N,,GY,Ragnarok Investment LLC,27/11/2024
OVD009,5,-78,228.6,WGS84_46N,,"Ez-trac, Multi shot",Ragnarok Investment LLC,5/30/2023
OVD009,11,-78,234.4,WGS84_46N,,"Ez-trac, Multi shot",Ragnarok Investment LLC,5/30/2023
OVD009,17,-78,239.8,WGS84_46N,,"Ez-trac, Multi shot",Ragnarok Investment LLC,5/30/2023
OVD009,23,-78,241.8,WGS84_46N,,"Ez-trac, Multi shot",Ragnarok Investment LLC,5/30/2023
OVD009,29,-78,241.3,WGS84_46N,,"Ez-trac, Multi shot",Ragnarok Investment LLC,5/30/2023
OVD009,35,-78,242.5,WGS84_46N,,"Ez-trac, Multi shot",Ragnarok Investment LLC,5/30/2023
OVD009,41,-78,244.4,WGS84_46N,,"Ez-trac, Multi shot",Ragnarok Investment LLC,5/30/2023
OVD009,47,-78,243,WGS84_46N,,"Ez-trac, Multi shot",Ragnarok Investment LLC,5/30/2023
OVD009,53,-78,243.2,WGS84_46N,,"Ez-trac, Multi shot",Ragnarok Investment LLC,5/30/2023
OVD009,59,-78,243.4,WGS84_46N,,"Ez-trac, Multi shot",Ragnarok Investment LLC,5/30/2023
OVD009,65,-78,242.4,WGS84_46N,,"Ez-trac, Multi shot",Ragnarok Investment LLC,5/30/2023
OVD009,71,-78,242.3,WGS84_46N,,"Ez-trac, Multi shot",Ragnarok Investment LLC,5/30/2023
OVD009,77,-78,242.4,WGS84_46N,,"Ez-trac, Multi shot",Ragnarok Investment LLC,5/30/2023
OVD009,83,-78,241.7,WGS84_46N,,"Ez-trac, Multi shot",Ragnarok Investment LLC,5/30/2023
OVD009,89,-78,242.2,WGS84_46N,,"Ez-trac, Multi shot",Ragnarok Investment LLC,5/30/2023
OVD009,95,-78,242.2,WGS84_46N,,"Ez-trac, Multi shot",Ragnarok Investment LLC,5/30/2023
OVD009,101,-78,242,WGS84_46N,,"Ez-trac, Multi shot",Ragnarok Investment LLC,5/30/2023
OVD009,107,-78,241.9,WGS84_46N,,"Ez-trac, Multi shot",Ragnarok Investment LLC,5/30/2023
OVD009,113,-78,241.9,WGS84_46N,,"Ez-trac, Multi shot",Ragnarok Investment LLC,5/30/2023
OVD009,119,-78,242.2,WGS84_46N,,"Ez-trac, Multi shot",Ragnarok Investment LLC,5/30/2023
OVD009,125,-78,242.3,WGS84_46N,,"Ez-trac, Multi shot",Ragnarok Investment LLC,5/30/2023
OVD009,131,-78,242.9,WGS84_46N,,"Ez-trac, Multi shot",Ragnarok Investment LLC,5/30/2023
OVD009,137,-78,243.1,WGS84_46N,,"Ez-trac, Multi shot",Ragnarok Investment LLC,5/30/2023
OVD009,143,-78,243,WGS84_46N,,"Ez-trac, Multi shot",Ragnarok Investment LLC,5/30/2023
OVD009,149,-78,242,WGS84_46N,,"Ez-trac, Multi shot",Ragnarok Investment LLC,5/30/2023
OVD009,155,-78,242.1,WGS84_46N,,"Ez-trac, Multi shot",Ragnarok Investment LLC,5/30/2023
OVD009,161,-78,244.4,WGS84_46N,,"Ez-trac, Multi shot",Ragnarok Investment LLC,5/30/2023
OVD009,167,-78,240.2,WGS84_46N,,"Ez-trac, Multi shot",Ragnarok Investment LLC,5/30/2023
OVD009,173,-78,237.4,WGS84_46N,,"Ez-trac, Multi shot",Ragnarok Investment LLC,5/30/2023
OVD009,179,-78,240.9,WGS84_46N,,"Ez-trac, Multi shot",Ragnarok Investment LLC,5/30/2023
OVD009,185,-78,241.6,WGS84_46N,,"Ez-trac, Multi shot",Ragnarok Investment LLC,5/30/2023
OVD009,191,-78,247.8,WGS84_46N,,"Ez-trac, Multi shot",Ragnarok Investment LLC,5/30/2023
OVD009,197,-78,246.5,WGS84_46N,,"Ez-trac, Multi shot",Ragnarok Investment LLC,5/30/2023
OVD009,240,-78,246.5,WGS84_46N,,"Ez-trac, Multi shot",Ragnarok Investment LLC,5/30/2023
OVD028,0,-62.53,204.32,WGS84_46N,,GM,Ragnarok Investment LLC,11/29/2024
OVD028,5,-62.41,204.36,WGS84_46N,,GM,Ragnarok Investment LLC,11/29/2024
OVD028,10,-62.24,204.42,WGS84_46N,,GM,Ragnarok Investment LLC,11/29/2024
OVD028,15,-62.58,204.55,WGS84_46N,,GM,Ragnarok Investment LLC,11/29/2024
OVD028,20,-62.66,204.72,WGS84_46N,,GM,Ragnarok Investment LLC,11/29/2024
OVD028,25,-62.59,204.77,WGS84_46N,,GM,Ragnarok Investment LLC,11/29/2024
OVD028,30,-62.63,204.74,WGS84_46N,,GM,Ragnarok Investment LLC,11/29/2024
OVD028,35,-62.42,204.58,WGS84_46N,,GM,Ragnarok Investment LLC,11/29/2024
OVD028,40,-62.17,204.36,WGS84_46N,,GM,Ragnarok Investment LLC,11/29/2024
OVD028,45,-61.97,203.9,WGS84_46N,,GM,Ragnarok Investment LLC,11/29/2024
OVD028,50,-61.71,203.54,WGS84_46N,,GM,Ragnarok Investment LLC,11/29/2024
OVD028,53.9,-61.66,203.51,WGS84_46N,,GM,Ragnarok Investment LLC,11/29/2024
OVD029,0,-68.6,132,WGS84_46N,,GM,Ragnarok Investment LLC,3/12/2024
OVD029,5,-68.6,130.5,WGS84_46N,,GM,Ragnarok Investment LLC,3/12/2024
OVD029,10,-68.5,130.4,WGS84_46N,,GM,Ragnarok Investment LLC,3/12/2024
OVD029,15,-68.4,130.3,WGS84_46N,,GM,Ragnarok Investment LLC,3/12/2024
OVD029,20,-68.3,130.5,WGS84_46N,,GM,Ragnarok Investment LLC,3/12/2024
OVD029,25,-68.2,130.7,WGS84_46N,,GM,Ragnarok Investment LLC,3/12/2024
OVD029,30,-68.2,130.9,WGS84_46N,,GM,Ragnarok Investment LLC,3/12/2024
OVD029,35,-68.2,131.1,WGS84_46N,,GM,Ragnarok Investment LLC,3/12/2024
OVD029,40,-68.3,131.2,WGS84_46N,,GM,Ragnarok Investment LLC,3/12/2024
OVD029,45,-68.4,131.3,WGS84_46N,,GM,Ragnarok Investment LLC,3/12/2024
OVD029,50,-68.5,131.3,WGS84_46N,,GM,Ragnarok Investment LLC,3/12/2024
OVD029,55,-68.5,131.4,WGS84_46N,,GM,Ragnarok Investment LLC,3/12/2024
OVD029,60,-68.5,131.5,WGS84_46N,,GM,Ragnarok Investment LLC,3/12/2024
OVD029,65,-68.4,131.6,WGS84_46N,,GM,Ragnarok Investment LLC,3/12/2024
OVD029,70,-68.4,131.8,WGS84_46N,,GM,Ragnarok Investment LLC,3/12/2024
OVD029,75,-68.4,131.7,WGS84_46N,,GM,Ragnarok Investment LLC,3/12/2024
OVD029,80,-68.5,132.2,WGS84_46N,,GM,Ragnarok Investment LLC,3/12/2024
OVD029,85,-68.6,132.3,WGS84_46N,,GM,Ragnarok Investment LLC,3/12/2024
OVD029,90,-68.6,132.2,WGS84_46N,,GM,Ragnarok Investment LLC,3/12/2024
OVD029,95,-68.6,132.4,WGS84_46N,,GM,Ragnarok Investment LLC,3/12/2024
OVD029,100,-68.4,132.6,WGS84_46N,,GM,Ragnarok Investment LLC,3/12/2024
OVD029,105,-68.6,132.6,WGS84_46N,,GM,Ragnarok Investment LLC,3/12/2024
OVD029,110,-68.7,132.6,WGS84_46N,,GM,Ragnarok Investment LLC,3/12/2024
OVD029,115,-68.7,132.7,WGS84_46N,,GM,Ragnarok Investment LLC,3/12/2024
OVD029,120,-68.9,132.6,WGS84_46N,,GM,Ragnarok Investment LLC,3/12/2024
OVD029,125,-68.8,132.7,WGS84_46N,,GM,Ragnarok Investment LLC,3/12/2024
OVD029,130,-68.8,132.8,WGS84_46N,,GM,Ragnarok Investment LLC,3/12/2024
OVD029,135,-68.8,133.3,WGS84_46N,,GM,Ragnarok Investment LLC,3/12/2024
OVD029,140,-68.8,133.8,WGS84_46N,,GM,Ragnarok Investment LLC,3/12/2024
OVD029,145,-68.7,134.2,WGS84_46N,,GM,Ragnarok Investment LLC,3/12/2024
OVD029,150,-68.6,134.2,WGS84_46N,,GM,Ragnarok Investment LLC,3/12/2024
OVD029,155,-68.5,134.5,WGS84_46N,,GM,Ragnarok Investment LLC,3/12/2024
OVD029,160,-68.4,134.7,WGS84_46N,,GM,Ragnarok Investment LLC,3/12/2024
OVD029,165,-68.3,134.7,WGS84_46N,,GM,Ragnarok Investment LLC,3/12/2024
OVD029,170,-68.4,134.6,WGS84_46N,,GM,Ragnarok Investment LLC,3/12/2024
OVD029,175.5,-68.4,134.9,WGS84_46N,,GM,Ragnarok Investment LLC,3/12/2024
OVD030,0,-85,352.7,WGS84_46N,,GM,Ragnarok Investment LLC,8/11/2025
OVD030,10,-85.3,354.8,WGS84_46N,,GM,Ragnarok Investment LLC,8/11/2025
OVD030,20,-85.2,354.2,WGS84_46N,,GM,Ragnarok Investment LLC,8/11/2025
OVD030,30,-85.2,354.5,WGS84_46N,,GM,Ragnarok Investment LLC,8/11/2025
OVD030,40,-85.3,354.9,WGS84_46N,,GM,Ragnarok Investment LLC,8/11/2025
OVD030,50,-85.5,357.1,WGS84_46N,,GM,Ragnarok Investment LLC,8/11/2025
OVD030,60,-85.4,356.8,WGS84_46N,,GM,Ragnarok Investment LLC,8/11/2025
OVD030,70,-85.4,357.6,WGS84_46N,,GM,Ragnarok Investment LLC,8/11/2025
OVD030,80,-85.4,359.3,WGS84_46N,,GM,Ragnarok Investment LLC,8/11/2025
OVD030,90,-85.4,358.1,WGS84_46N,,GM,Ragnarok Investment LLC,8/11/2025
OVD030,100,-85.5,358.2,WGS84_46N,,GM,Ragnarok Investment LLC,8/11/2025
OVD030,110,-85.3,359.3,WGS84_46N,,GM,Ragnarok Investment LLC,8/11/2025
OVD030,120,-85.4,358.2,WGS84_46N,,GM,Ragnarok Investment LLC,8/11/2025
OVD030,130,-85.4,357.9,WGS84_46N,,GM,Ragnarok Investment LLC,8/11/2025
OVD030,140,-85.4,358.2,WGS84_46N,,GM,Ragnarok Investment LLC,8/11/2025
OVD030,150,-85.5,359.4,WGS84_46N,,GM,Ragnarok Investment LLC,8/11/2025
OVD030,160,-85.4,359.5,WGS84_46N,,GM,Ragnarok Investment LLC,8/11/2025
OVD030,170,-85.3,0.6,WGS84_46N,,GM,Ragnarok Investment LLC,8/11/2025
OVD030,180,-85.2,1,WGS84_46N,,GM,Ragnarok Investment LLC,8/11/2025
OVD030,190,-85.4,3.4,WGS84_46N,,GM,Ragnarok Investment LLC,8/11/2025
OVD030,200,-85.4,1.6,WGS84_46N,,GM,Ragnarok Investment LLC,8/11/2025
OVD030,210,-85.5,3.2,WGS84_46N,,GM,Ragnarok Investment LLC,8/11/2025
OVD030,220,-85.3,2.2,WGS84_46N,,GM,Ragnarok Investment LLC,8/11/2025
OVD030,230,-85.2,4,WGS84_46N,,GM,Ragnarok Investment LLC,8/11/2025
OVD030,240,-85.4,3.6,WGS84_46N,,GM,Ragnarok Investment LLC,8/11/2025
OVD030,250,-85.2,3.4,WGS84_46N,,GM,Ragnarok Investment LLC,8/11/2025
OVD030,260,-85.4,2.7,WGS84_46N,,GM,Ragnarok Investment LLC,8/11/2025
OVD030,270,-85.3,1.8,WGS84_46N,,GM,Ragnarok Investment LLC,8/11/2025
OVD030,280,-85.3,2.3,WGS84_46N,,GM,Ragnarok Investment LLC,8/11/2025
OVD030,290,-85.3,3.4,WGS84_46N,,GM,Ragnarok Investment LLC,8/11/2025
OVD030,300,-85.2,4.1,WGS84_46N,,GM,Ragnarok Investment LLC,8/11/2025
OVD030,310,-85.2,3.5,WGS84_46N,,GM,Ragnarok Investment LLC,8/11/2025
OVD030,320,-85.3,5.9,WGS84_46N,,GM,Ragnarok Investment LLC,8/11/2025
OVD030,330,-85.1,4.2,WGS84_46N,,GM,Ragnarok Investment LLC,8/11/2025
OVD030,340,-85.3,5.8,WGS84_46N,,GM,Ragnarok Investment LLC,8/11/2025
OVD030,350,-85.1,4.9,WGS84_46N,,GM,Ragnarok Investment LLC,8/11/2025
OVD030,360,-85.1,5,WGS84_46N,,GM,Ragnarok Investment LLC,8/11/2025
OVD030,370,-85.3,4.9,WGS84_46N,,GM,Ragnarok Investment LLC,8/11/2025
OVD030,380,-85.2,5.9,WGS84_46N,,GM,Ragnarok Investment LLC,8/11/2025
OVD030,390,-85.1,6.4,WGS84_46N,,GM,Ragnarok Investment LLC,8/11/2025
OVD030,400,-85.1,6.9,WGS84_46N,,GM,Ragnarok Investment LLC,8/11/2025
OVD030,410,-85.1,6.3,WGS84_46N,,GM,Ragnarok Investment LLC,8/11/2025
OVD030,420,-85.2,9.6,WGS84_46N,,GM,Ragnarok Investment LLC,8/11/2025
OVD030,430,-85.1,9.1,WGS84_46N,,GM,Ragnarok Investment LLC,8/11/2025
OVD030,440,-85.2,10,WGS84_46N,,GM,Ragnarok Investment LLC,8/11/2025
OVD030,450,-85.1,10.4,WGS84_46N,,GM,Ragnarok Investment LLC,8/11/2025
OVD030,459.5,-85.1,10.6,WGS84_46N,,GM,Ragnarok Investment LLC,8/11/2025
SC05,0,-70.17,30,WGS84_46N,,GM,Ragnarok Investment LLC,4/1/2025
SC05,5,-70.17,29.93,WGS84_46N,,GM,Ragnarok Investment LLC,4/1/2025
SC05,10,-70.02,30.18,WGS84_46N,,GM,Ragnarok Investment LLC,4/1/2025
SC05,15,-69.95,30.38,WGS84_46N,,GM,Ragnarok Investment LLC,4/1/2025
SC05,20,-69.91,30.2,WGS84_46N,,GM,Ragnarok Investment LLC,4/1/2025
SC05,25,-69.84,30.37,WGS84_46N,,GM,Ragnarok Investment LLC,4/1/2025
SC05,30,-69.85,30.25,WGS84_46N,,GM,Ragnarok Investment LLC,4/1/2025
SC05,35,-69.79,30.68,WGS84_46N,,GM,Ragnarok Investment LLC,4/1/2025
SC05,40,-69.8,31.05,WGS84_46N,,GM,Ragnarok Investment LLC,4/1/2025
SC05,45,-69.78,31.16,WGS84_46N,,GM,Ragnarok Investment LLC,4/1/2025
SC05,50,-69.71,31.43,WGS84_46N,,GM,Ragnarok Investment LLC,4/1/2025
SC05,55,-69.63,31.32,WGS84_46N,,GM,Ragnarok Investment LLC,4/1/2025
SC05,60,-69.47,31.7,WGS84_46N,,GM,Ragnarok Investment LLC,4/1/2025
SC05,65,-69.38,31.95,WGS84_46N,,GM,Ragnarok Investment LLC,4/1/2025
SC05,70,-69.44,32.05,WGS84_46N,,GM,Ragnarok Investment LLC,4/1/2025
SC05,75,-69.45,32.42,WGS84_46N,,GM,Ragnarok Investment LLC,4/1/2025
SC05,80,-69.44,32.55,WGS84_46N,,GM,Ragnarok Investment LLC,4/1/2025
SC05,85,-69.46,32.95,WGS84_46N,,GM,Ragnarok Investment LLC,4/1/2025
SC05,90,-69.51,32.98,WGS84_46N,,GM,Ragnarok Investment LLC,4/1/2025
SC05,95,-69.49,33.14,WGS84_46N,,GM,Ragnarok Investment LLC,4/1/2025
SC05,100,-69.44,33.67,WGS84_46N,,GM,Ragnarok Investment LLC,4/1/2025
SC05,105,-69.36,34.54,WGS84_46N,,GM,Ragnarok Investment LLC,4/1/2025
SC05,110,-69.38,34.62,WGS84_46N,,GM,Ragnarok Investment LLC,4/1/2025
SC05,115,-69.42,35.11,WGS84_46N,,GM,Ragnarok Investment LLC,4/1/2025
SC05,120,-69.37,35.34,WGS84_46N,,GM,Ragnarok Investment LLC,4/1/2025
SC05,125,-69.3,35.58,WGS84_46N,,GM,Ragnarok Investment LLC,4/1/2025
SC05,130,-69.23,35.39,WGS84_46N,,GM,Ragnarok Investment LLC,4/1/2025
SC05,135,-69.3,35.33,WGS84_46N,,GM,Ragnarok Investment LLC,4/1/2025
SC05,140,-69.36,35.62,WGS84_46N,,GM,Ragnarok Investment LLC,4/1/2025
SC05,145,-69.33,35.67,WGS84_46N,,GM,Ragnarok Investment LLC,4/1/2025
SC05,150,-69.29,36.05,WGS84_46N,,GM,Ragnarok Investment LLC,4/1/2025
SC05,155,-69.26,36.2,WGS84_46N,,GM,Ragnarok Investment LLC,4/1/2025
SC05,160,-69.16,36.84,WGS84_46N,,GM,Ragnarok Investment LLC,4/1/2025
SC05,165,-69.11,36.91,WGS84_46N,,GM,Ragnarok Investment LLC,4/1/2025
SC05,170,-69.14,37.02,WGS84_46N,,GM,Ragnarok Investment LLC,4/1/2025
SC05,175,-69.23,37.43,WGS84_46N,,GM,Ragnarok Investment LLC,4/1/2025
SC05,180,-69.31,37.89,WGS84_46N,,GM,Ragnarok Investment LLC,4/1/2025
SC05,185,-69.25,38.07,WGS84_46N,,GM,Ragnarok Investment LLC,4/1/2025
SC05,190,-69.16,38.45,WGS84_46N,,GM,Ragnarok Investment LLC,4/1/2025
SC05,195,-69.12,38.77,WGS84_46N,,GM,Ragnarok Investment LLC,4/1/2025
SC05,200,-69.06,39.01,WGS84_46N,,GM,Ragnarok Investment LLC,4/1/2025
SC05,205,-68.97,39.22,WGS84_46N,,GM,Ragnarok Investment LLC,4/1/2025
SC05,210,-69.02,39.28,WGS84_46N,,GM,Ragnarok Investment LLC,4/1/2025
SC05,215,-69.05,39.43,WGS84_46N,,GM,Ragnarok Investment LLC,4/1/2025
SC05,220,-68.94,39.5,WGS84_46N,,GM,Ragnarok Investment LLC,4/1/2025
SC05,225,-68.84,39.56,WGS84_46N,,GM,Ragnarok Investment LLC,4/1/2025
SC05,230,-68.63,39.73,WGS84_46N,,GM,Ragnarok Investment LLC,4/1/2025
SC05,235,-68.59,39.72,WGS84_46N,,GM,Ragnarok Investment LLC,4/1/2025
SC05,240,-68.56,39.92,WGS84_46N,,GM,Ragnarok Investment LLC,4/1/2025
SC05,245,-68.48,39.78,WGS84_46N,,GM,Ragnarok Investment LLC,4/1/2025
SC05,250,-68.45,40.09,WGS84_46N,,GM,Ragnarok Investment LLC,4/1/2025
SC05,255,-68.34,40.1,WGS84_46N,,GM,Ragnarok Investment LLC,4/1/2025
SC05,260,-68.29,40.23,WGS84_46N,,GM,Ragnarok Investment LLC,4/1/2025
SC05,265,-68.22,40.31,WGS84_46N,,GM,Ragnarok Investment LLC,4/1/2025
SC05,270,-68.11,40.34,WGS84_46N,,GM,Ragnarok Investment LLC,4/1/2025
SC05,275,-68.1,40.44,WGS84_46N,,GM,Ragnarok Investment LLC,4/1/2025
SC05,280,-68,40.46,WGS84_46N,,GM,Ragnarok Investment LLC,4/1/2025
SC05,285,-67.94,40.14,WGS84_46N,,GM,Ragnarok Investment LLC,4/1/2025
SC05,290,-67.74,40.14,WGS84_46N,,GM,Ragnarok Investment LLC,4/1/2025
SC05,295,-67.59,40.15,WGS84_46N,,GM,Ragnarok Investment LLC,4/1/2025
SC05,300,-67.57,40.38,WGS84_46N,,GM,Ragnarok Investment LLC,4/1/2025
SC05,305,-67.48,40.34,WGS84_46N,,GM,Ragnarok Investment LLC,4/1/2025
SC05,310,-67.44,40.35,WGS84_46N,,GM,Ragnarok Investment LLC,4/1/2025
SC05,315,-67.42,40.63,WGS84_46N,,GM,Ragnarok Investment LLC,4/1/2025
SC05,320,-67.34,40.68,WGS84_46N,,GM,Ragnarok Investment LLC,4/1/2025
SC05,325,-67.37,40.68,WGS84_46N,,GM,Ragnarok Investment LLC,4/1/2025
SC05,330,-67.26,40.8,WGS84_46N,,GM,Ragnarok Investment LLC,4/1/2025
SC05,335,-67.24,40.95,WGS84_46N,,GM,Ragnarok Investment LLC,4/1/2025
SC05,340,-67.18,41.04,WGS84_46N,,GM,Ragnarok Investment LLC,4/1/2025
SC05,345,-67.05,40.83,WGS84_46N,,GM,Ragnarok Investment LLC,4/1/2025
SC05,350,-67.17,41.06,WGS84_46N,,GM,Ragnarok Investment LLC,4/1/2025
SC05,355,-67.16,41.16,WGS84_46N,,GM,Ragnarok Investment LLC,4/1/2025
SC05,360,-67.19,41.12,WGS84_46N,,GM,Ragnarok Investment LLC,4/1/2025
SC05,365,-67.14,41.24,WGS84_46N,,GM,Ragnarok Investment LLC,4/1/2025
SC05,370,-66.9,41.21,WGS84_46N,,GM,Ragnarok Investment LLC,4/1/2025
SC05,375,-66.85,41.28,WGS84_46N,,GM,Ragnarok Investment LLC,4/1/2025
SC05,380,-66.9,41.33,WGS84_46N,,GM,Ragnarok Investment LLC,4/1/2025
SC05,385,-66.93,41.66,WGS84_46N,,GM,Ragnarok Investment LLC,4/1/2025
SC05,390,-66.93,41.64,WGS84_46N,,GM,Ragnarok Investment LLC,4/1/2025
SC05,395,-66.75,41.92,WGS84_46N,,GM,Ragnarok Investment LLC,4/1/2025
SC05,402,-66.7,41.96,WGS84_46N,,GM,Ragnarok Investment LLC,4/1/2025
OVD031,0,-70.52,60.52,WGS84_46N,,GM,Ragnarok Investment LLC,4/5/2024/15/255
OVD031,5,-70.4,60.37,WGS84_46N,,GM,Ragnarok Investment LLC,4/5/2025
OVD031,10,-70.27,61.01,WGS84_46N,,GM,Ragnarok Investment LLC,4/5/2025
OVD031,15,-70.25,61.51,WGS84_46N,,GM,Ragnarok Investment LLC,4/5/2025
OVD031,20,-70.25,61.89,WGS84_46N,,GM,Ragnarok Investment LLC,4/5/2025
OVD031,25,-70.13,62.21,WGS84_46N,,GM,Ragnarok Investment LLC,4/5/2025
OVD031,30,-70.04,62.27,WGS84_46N,,GM,Ragnarok Investment LLC,4/5/2025
OVD031,35,-69.97,62.18,WGS84_46N,,GM,Ragnarok Investment LLC,4/5/2025
OVD031,40,-70.04,62.67,WGS84_46N,,GM,Ragnarok Investment LLC,4/5/2025
OVD031,45,-69.98,62.75,WGS84_46N,,GM,Ragnarok Investment LLC,4/5/2025
OVD031,50,-69.8,62.8,WGS84_46N,,GM,Ragnarok Investment LLC,4/5/2025
OVD031,55,-69.7,62.8,WGS84_46N,,GM,Ragnarok Investment LLC,4/5/2025
OVD031,60,-69.5,63,WGS84_46N,,GM,Ragnarok Investment LLC,4/5/2025
OVD031,65,-69.5,62.9,WGS84_46N,,GM,Ragnarok Investment LLC,4/5/2025
OVD031,70,-69.4,62.7,WGS84_46N,,GM,Ragnarok Investment LLC,4/5/2025
OVD031,75,-69.3,62.9,WGS84_46N,,GM,Ragnarok Investment LLC,4/5/2025
OVD031,80,-69.4,62.8,WGS84_46N,,GM,Ragnarok Investment LLC,4/5/2025
OVD031,85,-69.4,62.7,WGS84_46N,,GM,Ragnarok Investment LLC,4/5/2025
OVD031,90,-69.4,63.3,WGS84_46N,,GM,Ragnarok Investment LLC,4/5/2025
OVD031,95,-69.3,63.6,WGS84_46N,,GM,Ragnarok Investment LLC,4/5/2025
OVD031,100,-69.1,63.8,WGS84_46N,,GM,Ragnarok Investment LLC,4/5/2025
OVD031,105,-69,63.7,WGS84_46N,,GM,Ragnarok Investment LLC,4/5/2025
OVD031,110,-68.9,63.9,WGS84_46N,,GM,Ragnarok Investment LLC,4/5/2025
OVD031,115,-68.9,63.9,WGS84_46N,,GM,Ragnarok Investment LLC,4/5/2025
OVD031,120,-68.9,64.2,WGS84_46N,,GM,Ragnarok Investment LLC,4/5/2025
OVD031,128.2,-68.9,64.3,WGS84_46N,,GM,Ragnarok Investment LLC,4/5/2025
OVD032,0,-55.1,59,WGS84_46N,,GM,Ragnarok Investment LLC,4/15/2025
OVD032,5,-55.2,59.45,WGS84_46N,,GM,Ragnarok Investment LLC,4/15/2025
OVD032,10,-55.15,59.67,WGS84_46N,,GM,Ragnarok Investment LLC,4/15/2025
OVD032,15,-55.2,59.76,WGS84_46N,,GM,Ragnarok Investment LLC,4/15/2025
OVD032,20,-55.36,59.73,WGS84_46N,,GM,Ragnarok Investment LLC,4/15/2025
OVD032,25,-55.28,59.81,WGS84_46N,,GM,Ragnarok Investment LLC,4/15/2025
OVD032,30,-55.23,59.86,WGS84_46N,,GM,Ragnarok Investment LLC,4/15/2025
OVD032,35,-55.02,60.04,WGS84_46N,,GM,Ragnarok Investment LLC,4/15/2025
OVD032,40,-54.96,60.23,WGS84_46N,,GM,Ragnarok Investment LLC,4/15/2025
OVD032,45,-54.94,60.35,WGS84_46N,,GM,Ragnarok Investment LLC,4/15/2025
OVD032,50,-54.8,60.62,WGS84_46N,,GM,Ragnarok Investment LLC,4/15/2025
OVD032,55,-54.62,60.67,WGS84_46N,,GM,Ragnarok Investment LLC,4/15/2025
OVD032,60,-54.52,60.72,WGS84_46N,,GM,Ragnarok Investment LLC,4/15/2025
OVD032,65,-54.28,60.9,WGS84_46N,,GM,Ragnarok Investment LLC,4/15/2025
OVD032,70,-54.2,61.11,WGS84_46N,,GM,Ragnarok Investment LLC,4/15/2025
OVD032,75,-54.27,61.13,WGS84_46N,,GM,Ragnarok Investment LLC,4/15/2025
OVD032,80,-53.95,61.2,WGS84_46N,,GM,Ragnarok Investment LLC,4/15/2025
OVD032,85,-53.94,61.23,WGS84_46N,,GM,Ragnarok Investment LLC,4/15/2025
OVD032,90,-53.89,61.24,WGS84_46N,,GM,Ragnarok Investment LLC,4/15/2025
OVD032,95,-53.71,61.21,WGS84_46N,,GM,Ragnarok Investment LLC,4/15/2025
OVD032,100,-53.56,61.4,WGS84_46N,,GM,Ragnarok Investment LLC,4/15/2025
OVD032,105,-53.39,61.35,WGS84_46N,,GM,Ragnarok Investment LLC,4/15/2025
OVD032,110,-53.28,61.29,WGS84_46N,,GM,Ragnarok Investment LLC,4/15/2025
OVD032,115,-53.18,61.51,WGS84_46N,,GM,Ragnarok Investment LLC,4/15/2025
OVD032,120,-53.02,61.41,WGS84_46N,,GM,Ragnarok Investment LLC,4/15/2025
OVD032,125,-52.87,61.48,WGS84_46N,,GM,Ragnarok Investment LLC,4/15/2025
OVD032,130,-52.63,61.48,WGS84_46N,,GM,Ragnarok Investment LLC,4/15/2025
OVD032,135,-52.49,61.45,WGS84_46N,,GM,Ragnarok Investment LLC,4/15/2025
OVD032,140,-52.34,61.58,WGS84_46N,,GM,Ragnarok Investment LLC,4/15/2025
OVD032,145,-52.23,61.5,WGS84_46N,,GM,Ragnarok Investment LLC,4/15/2025
OVD032,150,-52.19,61.64,WGS84_46N,,GM,Ragnarok Investment LLC,4/15/2025
OVD032,155,-51.99,61.62,WGS84_46N,,GM,Ragnarok Investment LLC,4/15/2025
OVD032,160,-51.86,61.74,WGS84_46N,,GM,Ragnarok Investment LLC,4/15/2025
OVD032,165,-51.63,61.8,WGS84_46N,,GM,Ragnarok Investment LLC,4/15/2025
OVD032,170,-51.34,61.81,WGS84_46N,,GM,Ragnarok Investment LLC,4/15/2025
OVD032,175,-51.29,61.92,WGS84_46N,,GM,Ragnarok Investment LLC,4/15/2025
OVD032,180,-51.06,61.94,WGS84_46N,,GM,Ragnarok Investment LLC,4/15/2025
OVD032,185,-50.92,61.94,WGS84_46N,,GM,Ragnarok Investment LLC,4/15/2025
OVD032,190,-50.82,62.06,WGS84_46N,,GM,Ragnarok Investment LLC,4/15/2025
OVD032,195,-50.74,62.11,WGS84_46N,,GM,Ragnarok Investment LLC,4/15/2025
OVD032,200,-50.61,62.11,WGS84_46N,,GM,Ragnarok Investment LLC,4/15/2025
OVD032,205,-50.44,62.18,WGS84_46N,,GM,Ragnarok Investment LLC,4/15/2025
OVD032,210,-50.32,62.16,WGS84_46N,,GM,Ragnarok Investment LLC,4/15/2025
OVD032,215,-50.17,62.24,WGS84_46N,,GM,Ragnarok Investment LLC,4/15/2025
OVD032,220,-50.05,62.27,WGS84_46N,,GM,Ragnarok Investment LLC,4/15/2025
OVD032,225,-49.99,62.33,WGS84_46N,,GM,Ragnarok Investment LLC,4/15/2025
OVD032,230,-49.98,62.39,WGS84_46N,,GM,Ragnarok Investment LLC,4/15/2025
OVD032,235,-49.9,62.46,WGS84_46N,,GM,Ragnarok Investment LLC,4/15/2025
OVD032,240,-49.8,62.5,WGS84_46N,,GM,Ragnarok Investment LLC,4/15/2025
OVD032,245,-49.67,62.44,WGS84_46N,,GM,Ragnarok Investment LLC,4/15/2025
OVD032,250,-49.49,62.63,WGS84_46N,,GM,Ragnarok Investment LLC,4/15/2025
OVD032,255,-49.43,62.69,WGS84_46N,,GM,Ragnarok Investment LLC,4/15/2025
OVD032,260,-49.38,62.68,WGS84_46N,,GM,Ragnarok Investment LLC,4/15/2025
OVD032,265,-49.24,62.73,WGS84_46N,,GM,Ragnarok Investment LLC,4/15/2025
OVD032,270,-49.34,62.71,WGS84_46N,,GM,Ragnarok Investment LLC,4/15/2025
OVD032,275,-49.32,62.72,WGS84_46N,,GM,Ragnarok Investment LLC,4/15/2025
OVD032,280,-49.25,62.94,WGS84_46N,,GM,Ragnarok Investment LLC,4/15/2025
OVD032,285,-49.03,62.91,WGS84_46N,,GM,Ragnarok Investment LLC,4/15/2025
OVD032,290,-48.91,63.21,WGS84_46N,,GM,Ragnarok Investment LLC,4/15/2025
OVD032,295,-48.79,63.3,WGS84_46N,,GM,Ragnarok Investment LLC,4/15/2025
OVD032,300,-48.67,63.37,WGS84_46N,,GM,Ragnarok Investment LLC,4/15/2025
OVD032,305,-48.65,63.48,WGS84_46N,,GM,Ragnarok Investment LLC,4/15/2025
OVD032,310,-48.51,63.6,WGS84_46N,,GM,Ragnarok Investment LLC,4/15/2025
OVD032,315,-48.4,63.59,WGS84_46N,,GM,Ragnarok Investment LLC,4/15/2025
OVD032,320,-48.32,63.58,WGS84_46N,,GM,Ragnarok Investment LLC,4/15/2025
OVD032,325,-48.22,63.63,WGS84_46N,,GM,Ragnarok Investment LLC,4/15/2025
OVD032,330,-48.16,63.67,WGS84_46N,,GM,Ragnarok Investment LLC,4/15/2025
OVD032,335,-48.13,63.7,WGS84_46N,,GM,Ragnarok Investment LLC,4/15/2025
OVD032,340,-48.04,63.86,WGS84_46N,,GM,Ragnarok Investment LLC,4/15/2025
OVD032,345,-48,63.91,WGS84_46N,,GM,Ragnarok Investment LLC,4/15/2025
OVD032,350,-47.93,64.07,WGS84_46N,,GM,Ragnarok Investment LLC,4/15/2025
OVD032,355,-47.73,64.08,WGS84_46N,,GM,Ragnarok Investment LLC,4/15/2025
OVD032,360,-47.59,64.31,WGS84_46N,,GM,Ragnarok Investment LLC,4/15/2025
OVD032,365,-47.4,64.37,WGS84_46N,,GM,Ragnarok Investment LLC,4/15/2025
OVD032,370,-47.16,64.52,WGS84_46N,,GM,Ragnarok Investment LLC,4/15/2025
OVD032,375,-47.03,64.7,WGS84_46N,,GM,Ragnarok Investment LLC,4/15/2025
OVD032,380,-46.98,64.91,WGS84_46N,,GM,Ragnarok Investment LLC,4/15/2025
OVD032,385,-47.01,65.03,WGS84_46N,,GM,Ragnarok Investment LLC,4/15/2025
OVD032,390,-46.92,65.18,WGS84_46N,,GM,Ragnarok Investment LLC,4/15/2025
OVD032,395,-46.97,65.37,WGS84_46N,,GM,Ragnarok Investment LLC,4/15/2025
OVD032,401,-47.06,65.36,WGS84_46N,,GM,Ragnarok Investment LLC,4/15/2025
OVD035,0,-73.4,236.26,WGS84_46N,,GM,Ragnarok Investment LLC,4/17/2025
OVD035,5,-73.66,235.98,WGS84_46N,,GM,Ragnarok Investment LLC,4/17/2025
OVD035,10,-73.96,235.4,WGS84_46N,,GM,Ragnarok Investment LLC,4/17/2025
OVD035,15,-73.86,235.58,WGS84_46N,,GM,Ragnarok Investment LLC,4/17/2025
OVD035,20,-73.84,235.61,WGS84_46N,,GM,Ragnarok Investment LLC,4/17/2025
OVD035,25,-73.72,236.04,WGS84_46N,,GM,Ragnarok Investment LLC,4/17/2025
OVD035,30,-73.73,235.71,WGS84_46N,,GM,Ragnarok Investment LLC,4/17/2025
OVD035,35,-73.71,235.84,WGS84_46N,,GM,Ragnarok Investment LLC,4/17/2025
OVD035,40,-73.71,235.73,WGS84_46N,,GM,Ragnarok Investment LLC,4/17/2025
OVD035,45,-73.79,235.78,WGS84_46N,,GM,Ragnarok Investment LLC,4/17/2025
OVD035,50,-73.85,235.64,WGS84_46N,,GM,Ragnarok Investment LLC,4/17/2025
OVD035,55,-73.82,235.94,WGS84_46N,,GM,Ragnarok Investment LLC,4/17/2025
OVD035,60,-73.83,235.88,WGS84_46N,,GM,Ragnarok Investment LLC,4/17/2025
OVD035,65,-73.78,235.89,WGS84_46N,,GM,Ragnarok Investment LLC,4/17/2025
OVD035,70,-73.74,236.06,WGS84_46N,,GM,Ragnarok Investment LLC,4/17/2025
OVD035,75,-73.75,236,WGS84_46N,,GM,Ragnarok Investment LLC,4/17/2025
OVD035,80,-73.75,235.97,WGS84_46N,,GM,Ragnarok Investment LLC,4/17/2025
OVD035,85,-73.84,236.04,WGS84_46N,,GM,Ragnarok Investment LLC,4/17/2025
OVD035,90,-73.86,235.99,WGS84_46N,,GM,Ragnarok Investment LLC,4/17/2025
OVD035,95,-73.89,236.14,WGS84_46N,,GM,Ragnarok Investment LLC,4/17/2025
OVD035,100,-73.83,235.97,WGS84_46N,,GM,Ragnarok Investment LLC,4/17/2025
OVD035,105,-73.76,236.45,WGS84_46N,,GM,Ragnarok Investment LLC,4/17/2025
OVD035,108.7,-73.76,236.56,WGS84_46N,,GM,Ragnarok Investment LLC,4/17/2025
OVD033,0,-64.9,203,WGS84_46N,,GM,Ragnarok Investment LLC,4/26/2025
OVD033,5,-64.9,203.1,WGS84_46N,,GM,Ragnarok Investment LLC,4/26/2025
OVD033,10,-64.8,203.2,WGS84_46N,,GM,Ragnarok Investment LLC,4/26/2025
OVD033,15,-64.8,203.5,WGS84_46N,,GM,Ragnarok Investment LLC,4/26/2025
OVD033,20,-64.8,203.6,WGS84_46N,,GM,Ragnarok Investment LLC,4/26/2025
OVD033,25,-64.8,203.8,WGS84_46N,,GM,Ragnarok Investment LLC,4/26/2025
OVD033,30,-64.7,204,WGS84_46N,,GM,Ragnarok Investment LLC,4/26/2025
OVD033,35,-64.7,204.3,WGS84_46N,,GM,Ragnarok Investment LLC,4/26/2025
OVD033,40,-64.7,204.4,WGS84_46N,,GM,Ragnarok Investment LLC,4/26/2025
OVD033,45,-64.6,204.5,WGS84_46N,,GM,Ragnarok Investment LLC,4/26/2025
OVD033,50,-64.5,204.7,WGS84_46N,,GM,Ragnarok Investment LLC,4/26/2025
OVD033,55,-64.5,204.7,WGS84_46N,,GM,Ragnarok Investment LLC,4/26/2025
OVD033,60,-64.4,205.1,WGS84_46N,,GM,Ragnarok Investment LLC,4/26/2025
OVD033,65,-64.4,205.1,WGS84_46N,,GM,Ragnarok Investment LLC,4/26/2025
OVD033,70,-64.5,205.1,WGS84_46N,,GM,Ragnarok Investment LLC,4/26/2025
OVD033,75,-64.5,205.2,WGS84_46N,,GM,Ragnarok Investment LLC,4/26/2025
OVD033,80,-64.6,205.4,WGS84_46N,,GM,Ragnarok Investment LLC,4/26/2025
OVD033,85,-64.6,205.5,WGS84_46N,,GM,Ragnarok Investment LLC,4/26/2025
OVD033,90,-64.7,205.6,WGS84_46N,,GM,Ragnarok Investment LLC,4/26/2025
OVD033,95,-64.7,205.7,WGS84_46N,,GM,Ragnarok Investment LLC,4/26/2025
OVD033,100,-64.7,205.8,WGS84_46N,,GM,Ragnarok Investment LLC,4/26/2025
OVD033,105,-64.7,205.7,WGS84_46N,,GM,Ragnarok Investment LLC,4/26/2025
OVD033,110,-64.8,205.8,WGS84_46N,,GM,Ragnarok Investment LLC,4/26/2025
OVD033,115,-64.8,205.6,WGS84_46N,,GM,Ragnarok Investment LLC,4/26/2025
OVD033,120,-64.9,205.8,WGS84_46N,,GM,Ragnarok Investment LLC,4/26/2025
OVD033,125,-64.9,205.7,WGS84_46N,,GM,Ragnarok Investment LLC,4/26/2025
OVD033,130,-64.7,205.8,WGS84_46N,,GM,Ragnarok Investment LLC,4/26/2025
OVD033,135,-64.5,206.2,WGS84_46N,,GM,Ragnarok Investment LLC,4/26/2025
OVD033,140,-64.4,206.1,WGS84_46N,,GM,Ragnarok Investment LLC,4/26/2025
OVD033,145,-64.4,206.2,WGS84_46N,,GM,Ragnarok Investment LLC,4/26/2025
OVD033,150,-64.4,206.3,WGS84_46N,,GM,Ragnarok Investment LLC,4/26/2025
OVD033,155,-64.4,206.4,WGS84_46N,,GM,Ragnarok Investment LLC,4/26/2025
OVD033,160,-64.4,206.4,WGS84_46N,,GM,Ragnarok Investment LLC,4/26/2025
OVD033,165,-64.4,206.7,WGS84_46N,,GM,Ragnarok Investment LLC,4/26/2025
OVD033,170,-64.5,206.9,WGS84_46N,,GM,Ragnarok Investment LLC,4/26/2025
OVD033,175,-64.5,207.1,WGS84_46N,,GM,Ragnarok Investment LLC,4/26/2025
OVD033,180,-64.5,207.1,WGS84_46N,,GM,Ragnarok Investment LLC,4/26/2025
OVD033,185,-64.5,207.1,WGS84_46N,,GM,Ragnarok Investment LLC,4/26/2025
OVD033,190,-64.6,207.3,WGS84_46N,,GM,Ragnarok Investment LLC,4/26/2025
OVD033,195,-64.7,207.3,WGS84_46N,,GM,Ragnarok Investment LLC,4/26/2025
OVD033,200,-64.6,207.4,WGS84_46N,,GM,Ragnarok Investment LLC,4/26/2025
OVD033,205,-64.7,207.5,WGS84_46N,,GM,Ragnarok Investment LLC,4/26/2025
OVD033,210,-64.9,207.5,WGS84_46N,,GM,Ragnarok Investment LLC,4/26/2025
OVD033,215,-65.1,207.7,WGS84_46N,,GM,Ragnarok Investment LLC,4/26/2025
OVD033,220,-65.1,207.8,WGS84_46N,,GM,Ragnarok Investment LLC,4/26/2025
OVD033,225,-65.2,207.9,WGS84_46N,,GM,Ragnarok Investment LLC,4/26/2025
OVD033,230,-65.1,208.2,WGS84_46N,,GM,Ragnarok Investment LLC,4/26/2025
OVD033,235,-65,208.1,WGS84_46N,,GM,Ragnarok Investment LLC,4/26/2025
OVD033,240,-65,208.2,WGS84_46N,,GM,Ragnarok Investment LLC,4/26/2025
OVD033,245,-64.9,208.3,WGS84_46N,,GM,Ragnarok Investment LLC,4/26/2025
OVD033,250,-65.1,208.5,WGS84_46N,,GM,Ragnarok Investment LLC,4/26/2025
OVD033,255,-65.1,208.7,WGS84_46N,,GM,Ragnarok Investment LLC,4/26/2025
OVD033,260,-64.9,209.1,WGS84_46N,,GM,Ragnarok Investment LLC,4/26/2025
OVD033,265,-64.9,209.1,WGS84_46N,,GM,Ragnarok Investment LLC,4/26/2025
OVD033,270,-64.9,209.3,WGS84_46N,,GM,Ragnarok Investment LLC,4/26/2025
OVD033,275,-64.8,209.2,WGS84_46N,,GM,Ragnarok Investment LLC,4/26/2025
OVD033,280,-64.8,209.4,WGS84_46N,,GM,Ragnarok Investment LLC,4/26/2025
OVD033,285,-64.8,209.4,WGS84_46N,,GM,Ragnarok Investment LLC,4/26/2025
OVD033,290,-64.8,209.6,WGS84_46N,,GM,Ragnarok Investment LLC,4/26/2025
OVD033,295,-64.9,209.6,WGS84_46N,,GM,Ragnarok Investment LLC,4/26/2025
OVD033,300,-64.9,209.6,WGS84_46N,,GM,Ragnarok Investment LLC,4/26/2025
OVD033,305,-64.9,209.9,WGS84_46N,,GM,Ragnarok Investment LLC,4/26/2025
OVD033,310,-64.9,209.8,WGS84_46N,,GM,Ragnarok Investment LLC,4/26/2025
OVD033,315,-64.8,210,WGS84_46N,,GM,Ragnarok Investment LLC,4/26/2025
OVD033,320,-64.8,210,WGS84_46N,,GM,Ragnarok Investment LLC,4/26/2025
OVD033,325,-64.8,210.1,WGS84_46N,,GM,Ragnarok Investment LLC,4/26/2025
OVD033,330,-64.9,210.4,WGS84_46N,,GM,Ragnarok Investment LLC,4/26/2025
OVD033,335,-64.9,210.4,WGS84_46N,,GM,Ragnarok Investment LLC,4/26/2025
OVD033,340,-64.9,210.6,WGS84_46N,,GM,Ragnarok Investment LLC,4/26/2025
OVD033,345,-64.9,210.7,WGS84_46N,,GM,Ragnarok Investment LLC,4/26/2025
OVD033,351.5,-65,210.7,WGS84_46N,,GM,Ragnarok Investment LLC,4/26/2025
SC06,0,-68.2,186.3,WGS84_46N,,GM,Ragnarok Investment LLC,4/28/2025
SC06,5,-68.3,186.2,WGS84_46N,,GM,Ragnarok Investment LLC,4/28/2025
SC06,10,-68.3,186.2,WGS84_46N,,GM,Ragnarok Investment LLC,4/28/2025
SC06,15,-68.2,186.4,WGS84_46N,,GM,Ragnarok Investment LLC,4/28/2025
SC06,20,-68.3,186.7,WGS84_46N,,GM,Ragnarok Investment LLC,4/28/2025
SC06,25,-68.3,186.8,WGS84_46N,,GM,Ragnarok Investment LLC,4/28/2025
SC06,30,-68.3,187.4,WGS84_46N,,GM,Ragnarok Investment LLC,4/28/2025
SC06,35,-68.3,187.4,WGS84_46N,,GM,Ragnarok Investment LLC,4/28/2025
SC06,40,-68.2,187.3,WGS84_46N,,GM,Ragnarok Investment LLC,4/28/2025
SC06,45,-68.1,187.2,WGS84_46N,,GM,Ragnarok Investment LLC,4/28/2025
SC06,50,-68.1,186.9,WGS84_46N,,GM,Ragnarok Investment LLC,4/28/2025
SC06,55,-68.1,186.9,WGS84_46N,,GM,Ragnarok Investment LLC,4/28/2025
SC06,61.9,-68.2,187.1,WGS84_46N,,GM,Ragnarok Investment LLC,4/28/2025
OVD034,0,-77.4,238.9,WGS84_46N,,GM,Ragnarok Investment LLC,5/1/2025
OVD034,5,-77.5,238.8,WGS84_46N,,GM,Ragnarok Investment LLC,5/1/2025
OVD034,10,-77.7,239,WGS84_46N,,GM,Ragnarok Investment LLC,5/1/2025
OVD034,15,-77.7,239.3,WGS84_46N,,GM,Ragnarok Investment LLC,5/1/2025
OVD034,20,-77.7,239.8,WGS84_46N,,GM,Ragnarok Investment LLC,5/1/2025
OVD034,25,-77.7,240,WGS84_46N,,GM,Ragnarok Investment LLC,5/1/2025
OVD034,30,-77.7,240.5,WGS84_46N,,GM,Ragnarok Investment LLC,5/1/2025
OVD034,35,-77.7,241.1,WGS84_46N,,GM,Ragnarok Investment LLC,5/1/2025
OVD034,40,-77.7,241.1,WGS84_46N,,GM,Ragnarok Investment LLC,5/1/2025
OVD034,45,-77.6,241.5,WGS84_46N,,GM,Ragnarok Investment LLC,5/1/2025
OVD034,50,-77.6,241.4,WGS84_46N,,GM,Ragnarok Investment LLC,5/1/2025
OVD034,55,-77.6,241.9,WGS84_46N,,GM,Ragnarok Investment LLC,5/1/2025
OVD034,60,-77.4,242.3,WGS84_46N,,GM,Ragnarok Investment LLC,5/1/2025
OVD034,65,-77.3,242.4,WGS84_46N,,GM,Ragnarok Investment LLC,5/1/2025
OVD034,70,-77.3,242.7,WGS84_46N,,GM,Ragnarok Investment LLC,5/1/2025
OVD034,75,-77.4,242.7,WGS84_46N,,GM,Ragnarok Investment LLC,5/1/2025
OVD034,80,-77.6,242.5,WGS84_46N,,GM,Ragnarok Investment LLC,5/1/2025
OVD034,85,-77.7,243,WGS84_46N,,GM,Ragnarok Investment LLC,5/1/2025
OVD034,90,-77.7,242.8,WGS84_46N,,GM,Ragnarok Investment LLC,5/1/2025
OVD034,97.7,-77.7,242.6,WGS84_46N,,GM,Ragnarok Investment LLC,5/1/2025
SC07,0,-69.3,178.4,WGS84_46N,,GM,Ragnarok Investment LLC,5/6/2025
SC07,5,-69.4,178.1,WGS84_46N,,GM,Ragnarok Investment LLC,5/6/2025
SC07,10,-69.3,178.2,WGS84_46N,,GM,Ragnarok Investment LLC,5/6/2025
SC07,15,-69.2,178.3,WGS84_46N,,GM,Ragnarok Investment LLC,5/6/2025
SC07,20,-69.2,178.4,WGS84_46N,,GM,Ragnarok Investment LLC,5/6/2025
SC07,25,-69.2,178.3,WGS84_46N,,GM,Ragnarok Investment LLC,5/6/2025
SC07,30,-69.4,178.5,WGS84_46N,,GM,Ragnarok Investment LLC,5/6/2025
SC07,35,-69.4,178.5,WGS84_46N,,GM,Ragnarok Investment LLC,5/6/2025
SC07,40,-69.5,178.6,WGS84_46N,,GM,Ragnarok Investment LLC,5/6/2025
SC07,45,-69.5,178.7,WGS84_46N,,GM,Ragnarok Investment LLC,5/6/2025
SC07,50,-69.5,178.8,WGS84_46N,,GM,Ragnarok Investment LLC,5/6/2025
SC07,55,-69.6,178.7,WGS84_46N,,GM,Ragnarok Investment LLC,5/6/2025
SC07,60,-69.6,178.7,WGS84_46N,,GM,Ragnarok Investment LLC,5/6/2025
SC07,65,-69.6,178.6,WGS84_46N,,GM,Ragnarok Investment LLC,5/6/2025
SC07,70,-69.6,178.5,WGS84_46N,,GM,Ragnarok Investment LLC,5/6/2025
SC07,75,-69.7,178.8,WGS84_46N,,GM,Ragnarok Investment LLC,5/6/2025
SC07,80,-69.6,178.8,WGS84_46N,,GM,Ragnarok Investment LLC,5/6/2025
SC07,85,-69.7,178.8,WGS84_46N,,GM,Ragnarok Investment LLC,5/6/2025
SC07,90,-69.8,178.7,WGS84_46N,,GM,Ragnarok Investment LLC,5/6/2025
SC07,95,-69.8,178.9,WGS84_46N,,GM,Ragnarok Investment LLC,5/6/2025
SC07,100,-69.8,179,WGS84_46N,,GM,Ragnarok Investment LLC,5/6/2025
SC07,105,-70,178.9,WGS84_46N,,GM,Ragnarok Investment LLC,5/6/2025
SC07,110,-70.1,178.9,WGS84_46N,,GM,Ragnarok Investment LLC,5/6/2025
SC07,115,-70,178.8,WGS84_46N,,GM,Ragnarok Investment LLC,5/6/2025
SC07,120,-70,178.7,WGS84_46N,,GM,Ragnarok Investment LLC,5/6/2025
SC07,125,-69.9,178.8,WGS84_46N,,GM,Ragnarok Investment LLC,5/6/2025
SC07,130,-69.8,178.8,WGS84_46N,,GM,Ragnarok Investment LLC,5/6/2025
SC07,135,-69.7,178.8,WGS84_46N,,GM,Ragnarok Investment LLC,5/6/2025
SC07,140,-69.7,179,WGS84_46N,,GM,Ragnarok Investment LLC,5/6/2025
SC07,145,-69.7,179,WGS84_46N,,GM,Ragnarok Investment LLC,5/6/2025
SC07,150,-69.8,178.9,WGS84_46N,,GM,Ragnarok Investment LLC,5/6/2025
SC07,155,-69.9,178.8,WGS84_46N,,GM,Ragnarok Investment LLC,5/6/2025
SC07,160,-69.8,178.8,WGS84_46N,,GM,Ragnarok Investment LLC,5/6/2025
SC07,165,-69.8,179,WGS84_46N,,GM,Ragnarok Investment LLC,5/6/2025
SC07,170,-69.7,179.1,WGS84_46N,,GM,Ragnarok Investment LLC,5/6/2025
SC07,175,-69.8,179.3,WGS84_46N,,GM,Ragnarok Investment LLC,5/6/2025
SC07,180,-69.8,179.5,WGS84_46N,,GM,Ragnarok Investment LLC,5/6/2025
SC07,185,-69.8,179.6,WGS84_46N,,GM,Ragnarok Investment LLC,5/6/2025
SC07,190,-69.9,179.8,WGS84_46N,,GM,Ragnarok Investment LLC,5/6/2025
SC07,195,-69.8,179.8,WGS84_46N,,GM,Ragnarok Investment LLC,5/6/2025
SC07,200,-69.9,180.1,WGS84_46N,,GM,Ragnarok Investment LLC,5/6/2025
SC07,205,-69.9,180.1,WGS84_46N,,GM,Ragnarok Investment LLC,5/6/2025
SC07,210,-69.9,180.4,WGS84_46N,,GM,Ragnarok Investment LLC,5/6/2025
SC07,215,-69.9,180.4,WGS84_46N,,GM,Ragnarok Investment LLC,5/6/2025
SC07,220,-69.9,180.7,WGS84_46N,,GM,Ragnarok Investment LLC,5/6/2025
SC07,225,-70,180.5,WGS84_46N,,GM,Ragnarok Investment LLC,5/6/2025
SC07,230,-70,180.7,WGS84_46N,,GM,Ragnarok Investment LLC,5/6/2025
SC07,235,-70.1,181,WGS84_46N,,GM,Ragnarok Investment LLC,5/6/2025
SC07,240,-70,181.1,WGS84_46N,,GM,Ragnarok Investment LLC,5/6/2025
SC07,245,-70.1,181.6,WGS84_46N,,GM,Ragnarok Investment LLC,5/6/2025
SC07,250,-70.1,181.7,WGS84_46N,,GM,Ragnarok Investment LLC,5/6/2025
SC07,254.2,-70.1,181.7,WGS84_46N,,GM,Ragnarok Investment LLC,5/6/2025
CRS02,0,-67.7,174.2,WGS84_46N,,GM,Ragnarok Investment LLC,5/10/2025
CRS02,5,-67.7,175,WGS84_46N,,GM,Ragnarok Investment LLC,5/10/2025
CRS02,10,-67.7,175.1,WGS84_46N,,GM,Ragnarok Investment LLC,5/10/2025
CRS02,15,-67.5,174.9,WGS84_46N,,GM,Ragnarok Investment LLC,5/10/2025
CRS02,20,-67.5,175,WGS84_46N,,GM,Ragnarok Investment LLC,5/10/2025
CRS02,25,-67.6,175.1,WGS84_46N,,GM,Ragnarok Investment LLC,5/10/2025
CRS02,30,-67.5,175.2,WGS84_46N,,GM,Ragnarok Investment LLC,5/10/2025
CRS02,35,-67.4,175.2,WGS84_46N,,GM,Ragnarok Investment LLC,5/10/2025
CRS02,40,-67.5,175.1,WGS84_46N,,GM,Ragnarok Investment LLC,5/10/2025
CRS02,45,-67.5,175.3,WGS84_46N,,GM,Ragnarok Investment LLC,5/10/2025
CRS02,50,-67.5,175.4,WGS84_46N,,GM,Ragnarok Investment LLC,5/10/2025
CRS02,55,-67.5,175.6,WGS84_46N,,GM,Ragnarok Investment LLC,5/10/2025
CRS02,60,-67.4,175.7,WGS84_46N,,GM,Ragnarok Investment LLC,5/10/2025
CRS02,65,-67.5,175.8,WGS84_46N,,GM,Ragnarok Investment LLC,5/10/2025
CRS02,70,-67.5,175.8,WGS84_46N,,GM,Ragnarok Investment LLC,5/10/2025
CRS02,75,-67.4,176.2,WGS84_46N,,GM,Ragnarok Investment LLC,5/10/2025
CRS02,80,-67.3,176.4,WGS84_46N,,GM,Ragnarok Investment LLC,5/10/2025
CRS02,85,-67.4,176.6,WGS84_46N,,GM,Ragnarok Investment LLC,5/10/2025
CRS02,90,-67.4,176.6,WGS84_46N,,GM,Ragnarok Investment LLC,5/10/2025
CRS02,95,-67.5,176.9,WGS84_46N,,GM,Ragnarok Investment LLC,5/10/2025
CRS02,100,-67.4,176.9,WGS84_46N,,GM,Ragnarok Investment LLC,5/10/2025
CRS02,105,-67.4,177.2,WGS84_46N,,GM,Ragnarok Investment LLC,5/10/2025
CRS02,108.7,-67.4,177.1,WGS84_46N,,GM,Ragnarok Investment LLC,5/10/2025
CRS03,0,-59.4,177.5,WGS84_46N,,GM,Ragnarok Investment LLC,5/13/2025
CRS03,5,-59.6,178.3,WGS84_46N,,GM,Ragnarok Investment LLC,5/13/2025
CRS03,10,-59.7,178.5,WGS84_46N,,GM,Ragnarok Investment LLC,5/13/2025
CRS03,15,-59.6,178.4,WGS84_46N,,GM,Ragnarok Investment LLC,5/13/2025
CRS03,20,-59.3,178.6,WGS84_46N,,GM,Ragnarok Investment LLC,5/13/2025
CRS03,25,-59.2,178.8,WGS84_46N,,GM,Ragnarok Investment LLC,5/13/2025
CRS03,30,-59.1,178.8,WGS84_46N,,GM,Ragnarok Investment LLC,5/13/2025
CRS03,35,-59.1,178.9,WGS84_46N,,GM,Ragnarok Investment LLC,5/13/2025
CRS03,40,-58.9,178.9,WGS84_46N,,GM,Ragnarok Investment LLC,5/13/2025
CRS03,45,-58.8,178.9,WGS84_46N,,GM,Ragnarok Investment LLC,5/13/2025
CRS03,50,-58.8,178.7,WGS84_46N,,GM,Ragnarok Investment LLC,5/13/2025
CRS03,55,-58.8,178.8,WGS84_46N,,GM,Ragnarok Investment LLC,5/13/2025
CRS03,60,-58.7,178.9,WGS84_46N,,GM,Ragnarok Investment LLC,5/13/2025
CRS03,65,-58.6,178.7,WGS84_46N,,GM,Ragnarok Investment LLC,5/13/2025
CRS03,70,-58.6,178.7,WGS84_46N,,GM,Ragnarok Investment LLC,5/13/2025
CRS03,75,-58.6,178.8,WGS84_46N,,GM,Ragnarok Investment LLC,5/13/2025
CRS03,80,-58.6,178.9,WGS84_46N,,GM,Ragnarok Investment LLC,5/13/2025
CRS03,85,-58.6,179.1,WGS84_46N,,GM,Ragnarok Investment LLC,5/13/2025
CRS03,90,-58.6,179.2,WGS84_46N,,GM,Ragnarok Investment LLC,5/13/2025
CRS03,95,-58.6,179.4,WGS84_46N,,GM,Ragnarok Investment LLC,5/13/2025
CRS03,100,-58.6,179.4,WGS84_46N,,GM,Ragnarok Investment LLC,5/13/2025
CRS03,105,-58.6,179.5,WGS84_46N,,GM,Ragnarok Investment LLC,5/13/2025
CRS03,111.5,-58.6,179.6,WGS84_46N,,GM,Ragnarok Investment LLC,5/13/2025
OVD036,0,-59.9,345.8,WGS84_46N,,GM,Ragnarok Investment LLC,5/17/2025
OVD036,5,-59.9,345.6,WGS84_46N,,GM,Ragnarok Investment LLC,5/17/2025
OVD036,10,-59.9,345.6,WGS84_46N,,GM,Ragnarok Investment LLC,5/17/2025
OVD036,15,-60,345.6,WGS84_46N,,GM,Ragnarok Investment LLC,5/17/2025
OVD036,20,-59.8,345.7,WGS84_46N,,GM,Ragnarok Investment LLC,5/17/2025
OVD036,25,-59.8,345.9,WGS84_46N,,GM,Ragnarok Investment LLC,5/17/2025
OVD036,30,-59.8,346.2,WGS84_46N,,GM,Ragnarok Investment LLC,5/17/2025
OVD036,35,-59.7,346.4,WGS84_46N,,GM,Ragnarok Investment LLC,5/17/2025
OVD036,40,-59.6,346.7,WGS84_46N,,GM,Ragnarok Investment LLC,5/17/2025
OVD036,45,-59.5,347.1,WGS84_46N,,GM,Ragnarok Investment LLC,5/17/2025
OVD036,50,-59.5,347.3,WGS84_46N,,GM,Ragnarok Investment LLC,5/17/2025
OVD036,55,-59.6,347.4,WGS84_46N,,GM,Ragnarok Investment LLC,5/17/2025
OVD036,60,-59.5,347.6,WGS84_46N,,GM,Ragnarok Investment LLC,5/17/2025
OVD036,65,-59.5,348,WGS84_46N,,GM,Ragnarok Investment LLC,5/17/2025
OVD036,70,-59.5,348.1,WGS84_46N,,GM,Ragnarok Investment LLC,5/17/2025
OVD036,75,-59.5,348.5,WGS84_46N,,GM,Ragnarok Investment LLC,5/17/2025
OVD036,80,-59.5,348.5,WGS84_46N,,GM,Ragnarok Investment LLC,5/17/2025
OVD036,85,-59.4,348.9,WGS84_46N,,GM,Ragnarok Investment LLC,5/17/2025
OVD036,90,-59.3,349.1,WGS84_46N,,GM,Ragnarok Investment LLC,5/17/2025
OVD036,95,-59.3,349.2,WGS84_46N,,GM,Ragnarok Investment LLC,5/17/2025
OVD036,100,-59.3,349.2,WGS84_46N,,GM,Ragnarok Investment LLC,5/17/2025
OVD036,105,-59.3,349.3,WGS84_46N,,GM,Ragnarok Investment LLC,5/17/2025
OVD036,110,-59.4,349.3,WGS84_46N,,GM,Ragnarok Investment LLC,5/17/2025
OVD036,115,-59.5,349.4,WGS84_46N,,GM,Ragnarok Investment LLC,5/17/2025
OVD036,120,-59.5,349.6,WGS84_46N,,GM,Ragnarok Investment LLC,5/17/2025
OVD036,125,-59.5,349.7,WGS84_46N,,GM,Ragnarok Investment LLC,5/17/2025
OVD036,130,-59.6,349.8,WGS84_46N,,GM,Ragnarok Investment LLC,5/17/2025
OVD036,141.5,-59.5,350,WGS84_46N,,GM,Ragnarok Investment LLC,5/17/2025
OVD037,0,-57.77,134.49,WGS84_46N,,GM,Ragnarok Investment LLC,5/20/2025
OVD037,5,-58.03,134.5,WGS84_46N,,GM,Ragnarok Investment LLC,5/20/2025
OVD037,10,-57.94,134.73,WGS84_46N,,GM,Ragnarok Investment LLC,5/20/2025
OVD037,15,-57.88,135.07,WGS84_46N,,GM,Ragnarok Investment LLC,5/20/2025
OVD037,20,-57.95,135.16,WGS84_46N,,GM,Ragnarok Investment LLC,5/20/2025
OVD037,25,-57.96,135.47,WGS84_46N,,GM,Ragnarok Investment LLC,5/20/2025
OVD037,30,-57.9,135.69,WGS84_46N,,GM,Ragnarok Investment LLC,5/20/2025
OVD037,35,-57.92,135.95,WGS84_46N,,GM,Ragnarok Investment LLC,5/20/2025
OVD037,40,-57.91,136.01,WGS84_46N,,GM,Ragnarok Investment LLC,5/20/2025
OVD037,45,-57.91,136.33,WGS84_46N,,GM,Ragnarok Investment LLC,5/20/2025
OVD037,50,-57.74,136.37,WGS84_46N,,GM,Ragnarok Investment LLC,5/20/2025
OVD037,62,-57.82,136.37,WGS84_46N,,GM,Ragnarok Investment LLC,5/20/2025
OVD038,0,-83.52,355.73,WGS84_46N,,GM,Ragnarok Investment LLC,5/23/2025
OVD038,5,-83.5,356.82,WGS84_46N,,GM,Ragnarok Investment LLC,5/23/2025
OVD038,10,-83.61,357.6,WGS84_46N,,GM,Ragnarok Investment LLC,5/23/2025
OVD038,15,-83.73,357.14,WGS84_46N,,GM,Ragnarok Investment LLC,5/23/2025
OVD038,20,-83.74,357.73,WGS84_46N,,GM,Ragnarok Investment LLC,5/23/2025
OVD038,25,-83.79,358.36,WGS84_46N,,GM,Ragnarok Investment LLC,5/23/2025
OVD038,30,-83.77,358.38,WGS84_46N,,GM,Ragnarok Investment LLC,5/23/2025
OVD038,35,-83.74,358.91,WGS84_46N,,GM,Ragnarok Investment LLC,5/23/2025
OVD038,40,-83.67,358.78,WGS84_46N,,GM,Ragnarok Investment LLC,5/23/2025
OVD038,45,-83.71,359.2,WGS84_46N,,GM,Ragnarok Investment LLC,5/23/2025
OVD038,50,-83.83,359.39,WGS84_46N,,GM,Ragnarok Investment LLC,5/23/2025
OVD038,55,-83.87,358.73,WGS84_46N,,GM,Ragnarok Investment LLC,5/23/2025
OVD038,60,-83.82,359.42,WGS84_46N,,GM,Ragnarok Investment LLC,5/23/2025
OVD038,65,-83.78,359.39,WGS84_46N,,GM,Ragnarok Investment LLC,5/23/2025
OVD038,70,-83.83,0.18,WGS84_46N,,GM,Ragnarok Investment LLC,5/23/2025
OVD038,75,-83.9,359.76,WGS84_46N,,GM,Ragnarok Investment LLC,5/23/2025
OVD038,80,-83.98,359.55,WGS84_46N,,GM,Ragnarok Investment LLC,5/23/2025
OVD038,85,-84.14,358.79,WGS84_46N,,GM,Ragnarok Investment LLC,5/23/2025
OVD038,90,-84.1,358.66,WGS84_46N,,GM,Ragnarok Investment LLC,5/23/2025
OVD038,95,-84.1,359.73,WGS84_46N,,GM,Ragnarok Investment LLC,5/23/2025
OVD038,100,-84.2,0.17,WGS84_46N,,GM,Ragnarok Investment LLC,5/23/2025
OVD038,105,-84.35,0.05,WGS84_46N,,GM,Ragnarok Investment LLC,5/23/2025
OVD038,110,-84.37,1.43,WGS84_46N,,GM,Ragnarok Investment LLC,5/23/2025
OVD038,115,-84.4,1.6,WGS84_46N,,GM,Ragnarok Investment LLC,5/23/2025
OVD038,120,-84.3,2.3,WGS84_46N,,GM,Ragnarok Investment LLC,5/23/2025
OVD038,125,-84.3,3.1,WGS84_46N,,GM,Ragnarok Investment LLC,5/23/2025
OVD038,130,-84.3,3.6,WGS84_46N,,GM,Ragnarok Investment LLC,5/23/2025
OVD038,135,-84.3,4.9,WGS84_46N,,GM,Ragnarok Investment LLC,5/23/2025
OVD038,140,-84.2,5.6,WGS84_46N,,GM,Ragnarok Investment LLC,5/23/2025
OVD038,145,-84.1,7.2,WGS84_46N,,GM,Ragnarok Investment LLC,5/23/2025
OVD038,150.5,-84.1,7.5,WGS84_46N,,GM,Ragnarok Investment LLC,5/23/2025
OVD039,0,-65.2,208.2,WGS84_46N,,GM,Ragnarok Investment LLC,5/26/2025
OVD039,5,-65,208,WGS84_46N,,GM,Ragnarok Investment LLC,5/26/2025
OVD039,10,-65.1,207.6,WGS84_46N,,GM,Ragnarok Investment LLC,5/26/2025
OVD039,15,-64.8,207.5,WGS84_46N,,GM,Ragnarok Investment LLC,5/26/2025
OVD039,20,-64.7,207.8,WGS84_46N,,GM,Ragnarok Investment LLC,5/26/2025
OVD039,25,-64.6,207.9,WGS84_46N,,GM,Ragnarok Investment LLC,5/26/2025
OVD039,30,-64.6,208.1,WGS84_46N,,GM,Ragnarok Investment LLC,5/26/2025
OVD039,35,-64.7,208,WGS84_46N,,GM,Ragnarok Investment LLC,5/26/2025
OVD039,40,-64.6,208,WGS84_46N,,GM,Ragnarok Investment LLC,5/26/2025
OVD039,45,-64.6,208,WGS84_46N,,GM,Ragnarok Investment LLC,5/26/2025
OVD039,50,-64.7,207.9,WGS84_46N,,GM,Ragnarok Investment LLC,5/26/2025
OVD039,55,-64.6,207.2,WGS84_46N,,GM,Ragnarok Investment LLC,5/26/2025
OVD039,60,-64.4,207,WGS84_46N,,GM,Ragnarok Investment LLC,5/26/2025
OVD039,65,-64.1,206.5,WGS84_46N,,GM,Ragnarok Investment LLC,5/26/2025
OVD039,70,-64,206.2,WGS84_46N,,GM,Ragnarok Investment LLC,5/26/2025
OVD039,75,-63.7,206,WGS84_46N,,GM,Ragnarok Investment LLC,5/26/2025
OVD039,80,-63.6,206.2,WGS84_46N,,GM,Ragnarok Investment LLC,5/26/2025
OVD039,85,-63.5,206.4,WGS84_46N,,GM,Ragnarok Investment LLC,5/26/2025
OVD039,90,-63.5,206.3,WGS84_46N,,GM,Ragnarok Investment LLC,5/26/2025
OVD039,95,-63.5,206.3,WGS84_46N,,GM,Ragnarok Investment LLC,5/26/2025
OVD039,100,-63.4,206.3,WGS84_46N,,GM,Ragnarok Investment LLC,5/26/2025
OVD039,105,-63.4,206.5,WGS84_46N,,GM,Ragnarok Investment LLC,5/26/2025
OVD039,110,-63.2,206.6,WGS84_46N,,GM,Ragnarok Investment LLC,5/26/2025
OVD039,115,-63.1,207,WGS84_46N,,GM,Ragnarok Investment LLC,5/26/2025
OVD039,120,-63.1,206.9,WGS84_46N,,GM,Ragnarok Investment LLC,5/26/2025
OVD039,125,-63.2,207.1,WGS84_46N,,GM,Ragnarok Investment LLC,5/26/2025
OVD039,129.5,-63.2,207,WGS84_46N,,GM,Ragnarok Investment LLC,5/26/2025
OVD040,0,-74.4,347.3,WGS84_46N,,GM,Ragnarok Investment LLC,5/28/2025
OVD040,5,-74.5,346.6,WGS84_46N,,GM,Ragnarok Investment LLC,5/28/2025
OVD040,10,-74.5,346.9,WGS84_46N,,GM,Ragnarok Investment LLC,5/28/2025
OVD040,15,-74.5,346.8,WGS84_46N,,GM,Ragnarok Investment LLC,5/28/2025
OVD040,20,-74.5,346.9,WGS84_46N,,GM,Ragnarok Investment LLC,5/28/2025
OVD040,25,-74.3,347.1,WGS84_46N,,GM,Ragnarok Investment LLC,5/28/2025
OVD040,30,-74.2,347.5,WGS84_46N,,GM,Ragnarok Investment LLC,5/28/2025
OVD040,35,-74.2,348.1,WGS84_46N,,GM,Ragnarok Investment LLC,5/28/2025
OVD040,40,-74.2,348.2,WGS84_46N,,GM,Ragnarok Investment LLC,5/28/2025
OVD040,45,-74.2,348.3,WGS84_46N,,GM,Ragnarok Investment LLC,5/28/2025
OVD040,50,-74.3,348.3,WGS84_46N,,GM,Ragnarok Investment LLC,5/28/2025
OVD040,55,-74.2,348,WGS84_46N,,GM,Ragnarok Investment LLC,5/28/2025
OVD040,60,-74.1,348.3,WGS84_46N,,GM,Ragnarok Investment LLC,5/28/2025
OVD040,65,-74.1,348.6,WGS84_46N,,GM,Ragnarok Investment LLC,5/28/2025
OVD040,70,-74,348.7,WGS84_46N,,GM,Ragnarok Investment LLC,5/28/2025
OVD040,75,-74,349,WGS84_46N,,GM,Ragnarok Investment LLC,5/28/2025
OVD040,80,-74,349.3,WGS84_46N,,GM,Ragnarok Investment LLC,5/28/2025
OVD040,85,-74.1,349.3,WGS84_46N,,GM,Ragnarok Investment LLC,5/28/2025
OVD040,90,-74,349.1,WGS84_46N,,GM,Ragnarok Investment LLC,5/28/2025
OVD040,95,-74,349.1,WGS84_46N,,GM,Ragnarok Investment LLC,5/28/2025
OVD040,100,-74,349.4,WGS84_46N,,GM,Ragnarok Investment LLC,5/28/2025
OVD040,105,-73.9,349.5,WGS84_46N,,GM,Ragnarok Investment LLC,5/28/2025
OVD040,110,-73.9,350,WGS84_46N,,GM,Ragnarok Investment LLC,5/28/2025
OVD040,115,-74,350.4,WGS84_46N,,GM,Ragnarok Investment LLC,5/28/2025
OVD040,120,-74,350.4,WGS84_46N,,GM,Ragnarok Investment LLC,5/28/2025
OVD040,125,-74,350.3,WGS84_46N,,GM,Ragnarok Investment LLC,5/28/2025
OVD040,129.5,-74.1,350.3,WGS84_46N,,GM,Ragnarok Investment LLC,5/28/2025
OVD041,0,-66.3,62.6,WGS84_46N,,GM,Ragnarok Investment LLC,8/3/2025
OVD041,10,-66.4,62.1,WGS84_46N,,GM,Ragnarok Investment LLC,8/3/2025
OVD041,20,-66.2,62.1,WGS84_46N,,GM,Ragnarok Investment LLC,8/3/2025
OVD041,30,-66,62.4,WGS84_46N,,GM,Ragnarok Investment LLC,8/3/2025
OVD041,40,-65.8,62.8,WGS84_46N,,GM,Ragnarok Investment LLC,8/3/2025
OVD041,50,-65.6,63.3,WGS84_46N,,GM,Ragnarok Investment LLC,8/3/2025
OVD041,60,-65.3,63.5,WGS84_46N,,GM,Ragnarok Investment LLC,8/3/2025
OVD041,70,-65,63.4,WGS84_46N,,GM,Ragnarok Investment LLC,8/3/2025
OVD041,80,-64.9,63.6,WGS84_46N,,GM,Ragnarok Investment LLC,8/3/2025
OVD041,90,-64.7,64.2,WGS84_46N,,GM,Ragnarok Investment LLC,8/3/2025
OVD041,100,-64.5,64.7,WGS84_46N,,GM,Ragnarok Investment LLC,8/3/2025
OVD041,120,-64.3,64.8,WGS84_46N,,GM,Ragnarok Investment LLC,8/3/2025
OVD041,130,-63.7,66,WGS84_46N,,GM,Ragnarok Investment LLC,8/3/2025
OVD041,138.5,-63.6,66,WGS84_46N,,GM,Ragnarok Investment LLC,8/3/2025
OVD042,0,-60.9,57.4,WGS84_46N,,GM,Ragnarok Investment LLC,8/5/2025
OVD042,10,-60.9,57.9,WGS84_46N,,GM,Ragnarok Investment LLC,8/5/2025
OVD042,20,-60.9,58,WGS84_46N,,GM,Ragnarok Investment LLC,8/5/2025
OVD042,30,-60.7,58.2,WGS84_46N,,GM,Ragnarok Investment LLC,8/5/2025
OVD042,40,-60.6,58.4,WGS84_46N,,GM,Ragnarok Investment LLC,8/5/2025
OVD042,50,-60.4,58.6,WGS84_46N,,GM,Ragnarok Investment LLC,8/5/2025
OVD042,60,-60.3,59.1,WGS84_46N,,GM,Ragnarok Investment LLC,8/5/2025
OVD042,70,-60.2,59.3,WGS84_46N,,GM,Ragnarok Investment LLC,8/5/2025
OVD042,80,-60.2,59.8,WGS84_46N,,GM,Ragnarok Investment LLC,8/5/2025
OVD042,90,-60.2,60,WGS84_46N,,GM,Ragnarok Investment LLC,8/5/2025
OVD042,99.5,-60.2,59.9,WGS84_46N,,GM,Ragnarok Investment LLC,8/5/2025
OVD030A,0,-85,352.7,WGS84_46N,,GM,Ragnarok Investment LLC,8/11/2025
OVD030A,10,-85.3,354.8,WGS84_46N,,GM,Ragnarok Investment LLC,8/11/2025
OVD030A,20,-85.2,354.2,WGS84_46N,,GM,Ragnarok Investment LLC,8/11/2025
OVD030A,30,-85.2,354.5,WGS84_46N,,GM,Ragnarok Investment LLC,8/11/2025
OVD030A,40,-85.3,354.9,WGS84_46N,,GM,Ragnarok Investment LLC,8/11/2025
OVD030A,50,-85.5,357.1,WGS84_46N,,GM,Ragnarok Investment LLC,8/11/2025
OVD030A,60,-85.4,356.8,WGS84_46N,,GM,Ragnarok Investment LLC,8/11/2025
OVD030A,70,-85.4,357.6,WGS84_46N,,GM,Ragnarok Investment LLC,8/11/2025
OVD030A,80,-85.4,359.3,WGS84_46N,,GM,Ragnarok Investment LLC,8/11/2025
OVD030A,90,-85.4,358.1,WGS84_46N,,GM,Ragnarok Investment LLC,8/11/2025
OVD030A,100,-85.5,358.2,WGS84_46N,,GM,Ragnarok Investment LLC,8/11/2025
OVD030A,110,-85.3,359.3,WGS84_46N,,GM,Ragnarok Investment LLC,8/11/2025
OVD030A,120,-85.4,358.2,WGS84_46N,,GM,Ragnarok Investment LLC,8/11/2025
OVD030A,130,-85.4,357.9,WGS84_46N,,GM,Ragnarok Investment LLC,8/11/2025
OVD030A,140,-85.4,358.2,WGS84_46N,,GM,Ragnarok Investment LLC,8/11/2025
OVD030A,150,-85.5,359.4,WGS84_46N,,GM,Ragnarok Investment LLC,8/11/2025
OVD030A,160,-85.4,359.5,WGS84_46N,,GM,Ragnarok Investment LLC,8/11/2025
OVD030A,170,-85.3,0.6,WGS84_46N,,GM,Ragnarok Investment LLC,8/11/2025
OVD030A,180,-85.2,1,WGS84_46N,,GM,Ragnarok Investment LLC,8/11/2025
OVD030A,190,-85.4,3.4,WGS84_46N,,GM,Ragnarok Investment LLC,8/11/2025
OVD030A,200,-85.4,1.6,WGS84_46N,,GM,Ragnarok Investment LLC,8/11/2025
OVD030A,210,-85.5,3.2,WGS84_46N,,GM,Ragnarok Investment LLC,8/11/2025
OVD030A,220,-85.3,2.2,WGS84_46N,,GM,Ragnarok Investment LLC,8/11/2025
OVD030A,230,-85.2,4,WGS84_46N,,GM,Ragnarok Investment LLC,8/11/2025
OVD030A,240,-85.4,3.6,WGS84_46N,,GM,Ragnarok Investment LLC,8/11/2025
OVD030A,250,-85.2,3.4,WGS84_46N,,GM,Ragnarok Investment LLC,8/11/2025
OVD030A,260,-85.4,2.7,WGS84_46N,,GM,Ragnarok Investment LLC,8/11/2025
OVD030A,270,-85.3,1.8,WGS84_46N,,GM,Ragnarok Investment LLC,8/11/2025
OVD030A,280,-85.3,2.3,WGS84_46N,,GM,Ragnarok Investment LLC,8/11/2025
OVD030A,290,-85.3,3.4,WGS84_46N,,GM,Ragnarok Investment LLC,8/11/2025
OVD030A,300,-85.2,4.1,WGS84_46N,,GM,Ragnarok Investment LLC,8/11/2025
OVD030A,310,-85.2,3.5,WGS84_46N,,GM,Ragnarok Investment LLC,8/11/2025
OVD030A,320,-85.3,5.9,WGS84_46N,,GM,Ragnarok Investment LLC,8/11/2025
OVD030A,330,-85.1,4.2,WGS84_46N,,GM,Ragnarok Investment LLC,8/11/2025
OVD030A,340,-85.3,5.8,WGS84_46N,,GM,Ragnarok Investment LLC,8/11/2025
OVD030A,350,-85.1,4.9,WGS84_46N,,GM,Ragnarok Investment LLC,8/11/2025
OVD030A,360,-85.1,5,WGS84_46N,,GM,Ragnarok Investment LLC,8/11/2025
OVD030A,370,-85.3,4.9,WGS84_46N,,GM,Ragnarok Investment LLC,8/11/2025
OVD030A,380,-85.2,5.9,WGS84_46N,,GM,Ragnarok Investment LLC,8/11/2025
OVD030A,390,-85.1,6.4,WGS84_46N,,GM,Ragnarok Investment LLC,8/11/2025
OVD030A,400,-85.1,6.9,WGS84_46N,,GM,Ragnarok Investment LLC,8/11/2025
OVD030A,410,-85.1,6.3,WGS84_46N,,GM,Ragnarok Investment LLC,8/11/2025
OVD030A,420,-85.2,9.6,WGS84_46N,,GM,Ragnarok Investment LLC,8/11/2025
OVD030A,430,-85.1,9.1,WGS84_46N,,GM,Ragnarok Investment LLC,8/11/2025
OVD030A,440,-85.2,10,WGS84_46N,,GM,Ragnarok Investment LLC,8/11/2025
OVD030A,450,-85.1,10.4,WGS84_46N,,GM,Ragnarok Investment LLC,8/11/2025
OVD030A,459.5,-85.1,10.6,WGS84_46N,,GM,Ragnarok Investment LLC,8/11/2025
OVD043,0,-61.8,7.6,WGS84_46N,,GM,Ragnarok Investment LLC,8/12/2025
OVD043,10,-61.9,7.9,WGS84_46N,,GM,Ragnarok Investment LLC,8/12/2025
OVD043,20,-62,8,WGS84_46N,,GM,Ragnarok Investment LLC,8/12/2025
OVD043,30,-61.7,8.3,WGS84_46N,,GM,Ragnarok Investment LLC,8/12/2025
OVD043,40,-61.6,8.7,WGS84_46N,,GM,Ragnarok Investment LLC,8/12/2025
OVD043,50,-61.4,9.1,WGS84_46N,,GM,Ragnarok Investment LLC,8/12/2025
OVD043,60,-61.1,9.4,WGS84_46N,,GM,Ragnarok Investment LLC,8/12/2025
OVD043,70,-60.8,9.8,WGS84_46N,,GM,Ragnarok Investment LLC,8/12/2025
OVD043,78.5,-60.7,9.8,WGS84_46N,,GM,Ragnarok Investment LLC,8/12/2025
OVD044,0,-73.3,64,WGS84_46N,,GM,Ragnarok Investment LLC,8/13/2025
OVD044,10,-73.6,64.4,WGS84_46N,,GM,Ragnarok Investment LLC,8/13/2025
OVD044,20,-73.6,64.8,WGS84_46N,,GM,Ragnarok Investment LLC,8/13/2025
OVD044,30,-73.5,65.5,WGS84_46N,,GM,Ragnarok Investment LLC,8/13/2025
OVD044,40,-73.4,65.5,WGS84_46N,,GM,Ragnarok Investment LLC,8/13/2025
OVD044,50,-73.4,65.7,WGS84_46N,,GM,Ragnarok Investment LLC,8/13/2025
OVD044,60,-73.3,65.8,WGS84_46N,,GM,Ragnarok Investment LLC,8/13/2025
OVD044,70,-73.3,65.9,WGS84_46N,,GM,Ragnarok Investment LLC,8/13/2025
SC08,0,-60.7,60.8,WGS84_46N,,GM,Ragnarok Investment LLC,8/16/2025
SC08,5,-60.5,60.4,WGS84_46N,,GM,Ragnarok Investment LLC,8/16/2025
SC08,10,-60.5,60.4,WGS84_46N,,GM,Ragnarok Investment LLC,8/16/2025
SC08,15,-60.6,60.5,WGS84_46N,,GM,Ragnarok Investment LLC,8/16/2025
SC08,20,-60.7,60.6,WGS84_46N,,GM,Ragnarok Investment LLC,8/16/2025
SC08,25,-60.6,60.9,WGS84_46N,,GM,Ragnarok Investment LLC,8/16/2025
SC08,30,-60.6,61.1,WGS84_46N,,GM,Ragnarok Investment LLC,8/16/2025
SC08,35,-60.5,61.4,WGS84_46N,,GM,Ragnarok Investment LLC,8/16/2025
SC08,40,-60.4,61.5,WGS84_46N,,GM,Ragnarok Investment LLC,8/16/2025
SC08,45,-60.3,61.7,WGS84_46N,,GM,Ragnarok Investment LLC,8/16/2025
SC08,50,-60.1,61.8,WGS84_46N,,GM,Ragnarok Investment LLC,8/16/2025
SC08,55,-60,61.8,WGS84_46N,,GM,Ragnarok Investment LLC,8/16/2025
SC08,60,-59.9,62,WGS84_46N,,GM,Ragnarok Investment LLC,8/16/2025
SC08,65,-59.7,61.4,WGS84_46N,,GM,Ragnarok Investment LLC,8/16/2025
SC08,70,-59.7,61.6,WGS84_46N,,GM,Ragnarok Investment LLC,8/16/2025
SC08,75,-59.5,61.5,WGS84_46N,,GM,Ragnarok Investment LLC,8/16/2025
SC08,80,-59.3,61.8,WGS84_46N,,GM,Ragnarok Investment LLC,8/16/2025
SC08,85,-59.1,61.7,WGS84_46N,,GM,Ragnarok Investment LLC,8/16/2025
SC08,90,-59,61.8,WGS84_46N,,GM,Ragnarok Investment LLC,8/16/2025
SC08,95,-58.8,61.8,WGS84_46N,,GM,Ragnarok Investment LLC,8/16/2025
SC08,100,-58.7,61.9,WGS84_46N,,GM,Ragnarok Investment LLC,8/16/2025
SC08,105,-58.5,61.8,WGS84_46N,,GM,Ragnarok Investment LLC,8/16/2025
SC08,111.5,-58.3,61.8,WGS84_46N,,GM,Ragnarok Investment LLC,8/16/2025
OVD045,0,-59.6,235.2,WGS84_46N,,GM,Ragnarok Investment LLC,8/18/2025
OVD045,5,-59.7,235.5,WGS84_46N,,GM,Ragnarok Investment LLC,8/18/2025
OVD045,10,-59.9,235.5,WGS84_46N,,GM,Ragnarok Investment LLC,8/18/2025
OVD045,15,-59.7,235.7,WGS84_46N,,GM,Ragnarok Investment LLC,8/18/2025
OVD045,20,-59.7,235.9,WGS84_46N,,GM,Ragnarok Investment LLC,8/18/2025
OVD045,25,-59.7,236.1,WGS84_46N,,GM,Ragnarok Investment LLC,8/18/2025
OVD045,30,-59.6,236.2,WGS84_46N,,GM,Ragnarok Investment LLC,8/18/2025
OVD045,35,-59.4,236.5,WGS84_46N,,GM,Ragnarok Investment LLC,8/18/2025
OVD045,40,-59.4,236.7,WGS84_46N,,GM,Ragnarok Investment LLC,8/18/2025
OVD045,45,-59.2,237,WGS84_46N,,GM,Ragnarok Investment LLC,8/18/2025
OVD045,50,-59.5,236.7,WGS84_46N,,GM,Ragnarok Investment LLC,8/18/2025
OVD045,55,-59.5,236.2,WGS84_46N,,GM,Ragnarok Investment LLC,8/18/2025
OVD045,60,-59.5,236.2,WGS84_46N,,GM,Ragnarok Investment LLC,8/18/2025
OVD045,65,-59.5,236.4,WGS84_46N,,GM,Ragnarok Investment LLC,8/18/2025
OVD045,70,-59.3,236.6,WGS84_46N,,GM,Ragnarok Investment LLC,8/18/2025
OVD045,75,-59.4,236.6,WGS84_46N,,GM,Ragnarok Investment LLC,8/18/2025
OVD045,80,-59.4,236.8,WGS84_46N,,GM,Ragnarok Investment LLC,8/18/2025
OVD045,85,-59.4,236.9,WGS84_46N,,GM,Ragnarok Investment LLC,8/18/2025
OVD045,90,-59.3,236.9,WGS84_46N,,GM,Ragnarok Investment LLC,8/18/2025
OVD045,95,-59.3,237,WGS84_46N,,GM,Ragnarok Investment LLC,8/18/2025
OVD045,100,-59.4,237.1,WGS84_46N,,GM,Ragnarok Investment LLC,8/18/2025
OVD045,105,-59.4,237.2,WGS84_46N,,GM,Ragnarok Investment LLC,8/18/2025
OVD045,110,-59.4,237.4,WGS84_46N,,GM,Ragnarok Investment LLC,8/18/2025
OVD045,115,-59.4,237.5,WGS84_46N,,GM,Ragnarok Investment LLC,8/18/2025
OVD045,120,-59.3,237.6,WGS84_46N,,GM,Ragnarok Investment LLC,8/18/2025
OVD045,125,-59.3,237.7,WGS84_46N,,GM,Ragnarok Investment LLC,8/18/2025
OVD045,130,-59.2,237.8,WGS84_46N,,GM,Ragnarok Investment LLC,8/18/2025
OVD045,135,-59.2,237.9,WGS84_46N,,GM,Ragnarok Investment LLC,8/18/2025
OVD045,140,-59.2,238.1,WGS84_46N,,GM,Ragnarok Investment LLC,8/18/2025
OVD045,145,-59.2,238.2,WGS84_46N,,GM,Ragnarok Investment LLC,8/18/2025
OVD045,150.5,-59.2,238,WGS84_46N,,GM,Ragnarok Investment LLC,8/18/2025
OVD046,0,-85.4,243.6,WGS84_46N,,GM,Ragnarok Investment LLC,8/21/2025
OVD046,5,-85.3,245.5,WGS84_46N,,GM,Ragnarok Investment LLC,8/21/2025
OVD046,10,-85.3,245.6,WGS84_46N,,GM,Ragnarok Investment LLC,8/21/2025
OVD046,15,-85.4,246.4,WGS84_46N,,GM,Ragnarok Investment LLC,8/21/2025
OVD046,20,-85.3,246.9,WGS84_46N,,GM,Ragnarok Investment LLC,8/21/2025
OVD046,25,-85.2,245.7,WGS84_46N,,GM,Ragnarok Investment LLC,8/21/2025
OVD046,30,-85.1,245.2,WGS84_46N,,GM,Ragnarok Investment LLC,8/21/2025
OVD046,35,-85.3,246.3,WGS84_46N,,GM,Ragnarok Investment LLC,8/21/2025
OVD046,40,-85.4,246.3,WGS84_46N,,GM,Ragnarok Investment LLC,8/21/2025
OVD046,45,-85.4,245.8,WGS84_46N,,GM,Ragnarok Investment LLC,8/21/2025
OVD046,50,-85.4,246.1,WGS84_46N,,GM,Ragnarok Investment LLC,8/21/2025
OVD046,55,-85.4,245.6,WGS84_46N,,GM,Ragnarok Investment LLC,8/21/2025
OVD046,60,-85.4,246.2,WGS84_46N,,GM,Ragnarok Investment LLC,8/21/2025
OVD046,65,-85.5,245.8,WGS84_46N,,GM,Ragnarok Investment LLC,8/21/2025
OVD046,70,-85.5,246.1,WGS84_46N,,GM,Ragnarok Investment LLC,8/21/2025
OVD046,75,-85.4,246.5,WGS84_46N,,GM,Ragnarok Investment LLC,8/21/2025
OVD046,80,-85.4,245.6,WGS84_46N,,GM,Ragnarok Investment LLC,8/21/2025
OVD046,85,-85.5,248,WGS84_46N,,GM,Ragnarok Investment LLC,8/21/2025
OVD046,90,-85.4,250.9,WGS84_46N,,GM,Ragnarok Investment LLC,8/21/2025
OVD046,95,-85.4,249.8,WGS84_46N,,GM,Ragnarok Investment LLC,8/21/2025
OVD046,100,-85.4,249.5,WGS84_46N,,GM,Ragnarok Investment LLC,8/21/2025
OVD046,105,-85.4,250.3,WGS84_46N,,GM,Ragnarok Investment LLC,8/21/2025
OVD046,110,-85.4,250.5,WGS84_46N,,GM,Ragnarok Investment LLC,8/21/2025
OVD046,115,-85.4,250,WGS84_46N,,GM,Ragnarok Investment LLC,8/21/2025
OVD046,120,-85.3,250.9,WGS84_46N,,GM,Ragnarok Investment LLC,8/21/2025
OVD046,125,-85.4,251.9,WGS84_46N,,GM,Ragnarok Investment LLC,8/21/2025
OVD046,130,-85.4,251.6,WGS84_46N,,GM,Ragnarok Investment LLC,8/21/2025
OVD046,135,-85.3,251.6,WGS84_46N,,GM,Ragnarok Investment LLC,8/21/2025
OVD046,140,-85.2,251.7,WGS84_46N,,GM,Ragnarok Investment LLC,8/21/2025
OVD046,145,-85.3,254.1,WGS84_46N,,GM,Ragnarok Investment LLC,8/21/2025
OVD046,150,-85.4,253.9,WGS84_46N,,GM,Ragnarok Investment LLC,8/21/2025
OVD046,155,-85.3,252.4,WGS84_46N,,GM,Ragnarok Investment LLC,8/21/2025
OVD046,160,-85.3,251.9,WGS84_46N,,GM,Ragnarok Investment LLC,8/21/2025
OVD046,165,-85.4,253.7,WGS84_46N,,GM,Ragnarok Investment LLC,8/21/2025
OVD046,170,-85.4,253,WGS84_46N,,GM,Ragnarok Investment LLC,8/21/2025
OVD046,175,-85.4,253.1,WGS84_46N,,GM,Ragnarok Investment LLC,8/21/2025
OVD046,180,-85.3,252.8,WGS84_46N,,GM,Ragnarok Investment LLC,8/21/2025
OVD046,185,-85.3,254.1,WGS84_46N,,GM,Ragnarok Investment LLC,8/21/2025
OVD046,190,-85.4,253,WGS84_46N,,GM,Ragnarok Investment LLC,8/21/2025
OVD046,195,-85.4,253,WGS84_46N,,GM,Ragnarok Investment LLC,8/21/2025
OVD046,200,-85.3,252.8,WGS84_46N,,GM,Ragnarok Investment LLC,8/21/2025
OVD046,205,-85.4,253.5,WGS84_46N,,GM,Ragnarok Investment LLC,8/21/2025
OVD046,210,-85.4,253.5,WGS84_46N,,GM,Ragnarok Investment LLC,8/21/2025
SC09,0,-49.2,79.9,WGS84_46N,,GM,Ragnarok Investment LLC,8/25/2025
SC09,5,-49.5,80,WGS84_46N,,GM,Ragnarok Investment LLC,8/25/2025
SC09,10,-49.5,80.1,WGS84_46N,,GM,Ragnarok Investment LLC,8/25/2025
SC09,15,-49.5,80.2,WGS84_46N,,GM,Ragnarok Investment LLC,8/25/2025
SC09,20,-49.4,80.4,WGS84_46N,,GM,Ragnarok Investment LLC,8/25/2025
SC09,25,-49.3,80.6,WGS84_46N,,GM,Ragnarok Investment LLC,8/25/2025
SC09,30,-49.2,80.7,WGS84_46N,,GM,Ragnarok Investment LLC,8/25/2025
SC09,35,-48.9,80.9,WGS84_46N,,GM,Ragnarok Investment LLC,8/25/2025
SC09,40,-48.6,81,WGS84_46N,,GM,Ragnarok Investment LLC,8/25/2025
SC09,45,-48.4,81.1,WGS84_46N,,GM,Ragnarok Investment LLC,8/25/2025
SC09,50,-48.2,81.2,WGS84_46N,,GM,Ragnarok Investment LLC,8/25/2025
SC09,55,-48.2,81.2,WGS84_46N,,GM,Ragnarok Investment LLC,8/25/2025
SC09,60,-48.2,81.3,WGS84_46N,,GM,Ragnarok Investment LLC,8/25/2025
SC09,65,-47.9,81.2,WGS84_46N,,GM,Ragnarok Investment LLC,8/25/2025
SC09,70,-47.8,81.3,WGS84_46N,,GM,Ragnarok Investment LLC,8/25/2025
SC09,75,-47.7,81.4,WGS84_46N,,GM,Ragnarok Investment LLC,8/25/2025
SC09,80,-47.6,81.3,WGS84_46N,,GM,Ragnarok Investment LLC,8/25/2025
SC09,85,-47.5,81.6,WGS84_46N,,GM,Ragnarok Investment LLC,8/25/2025
SC09,90,-47.5,81.6,WGS84_46N,,GM,Ragnarok Investment LLC,8/25/2025
SC09,95,-47.4,81.7,WGS84_46N,,GM,Ragnarok Investment LLC,8/25/2025
SC09,100,-47.3,81.7,WGS84_46N,,GM,Ragnarok Investment LLC,8/25/2025
SC09,105,-47.4,81.8,WGS84_46N,,GM,Ragnarok Investment LLC,8/25/2025
SC09,110,-47.4,81.9,WGS84_46N,,GM,Ragnarok Investment LLC,8/25/2025
SC09,115,-47.4,82,WGS84_46N,,GM,Ragnarok Investment LLC,8/25/2025
SC09,120,-47.5,82.2,WGS84_46N,,GM,Ragnarok Investment LLC,8/25/2025
SC09,125,-47.5,82.5,WGS84_46N,,GM,Ragnarok Investment LLC,8/25/2025
SC09,130,-47.4,82.7,WGS84_46N,,GM,Ragnarok Investment LLC,8/25/2025
SC09,135,-47.4,82.8,WGS84_46N,,GM,Ragnarok Investment LLC,8/25/2025
SC09,140,-47.3,82.9,WGS84_46N,,GM,Ragnarok Investment LLC,8/25/2025
SC09,145,-47.2,82.9,WGS84_46N,,GM,Ragnarok Investment LLC,8/25/2025
SC09,150,-47.1,83.1,WGS84_46N,,GM,Ragnarok Investment LLC,8/25/2025
SC09,155,-47.1,83.1,WGS84_46N,,GM,Ragnarok Investment LLC,8/25/2025
SC09,160,-47,83.2,WGS84_46N,,GM,Ragnarok Investment LLC,8/25/2025
SC09,165,-47,83.4,WGS84_46N,,GM,Ragnarok Investment LLC,8/25/2025
SC09,170,-47,83.6,WGS84_46N,,GM,Ragnarok Investment LLC,8/25/2025
SC09,175,-46.9,83.7,WGS84_46N,,GM,Ragnarok Investment LLC,8/25/2025
SC09,180,-46.9,83.7,WGS84_46N,,GM,Ragnarok Investment LLC,8/25/2025
SC09,185,-46.9,83.8,WGS84_46N,,GM,Ragnarok Investment LLC,8/25/2025
SC09,190,-46.9,83.8,WGS84_46N,,GM,Ragnarok Investment LLC,8/25/2025
SC09,195,-46.9,83.9,WGS84_46N,,GM,Ragnarok Investment LLC,8/25/2025
SC09,200,-46.8,83.7,WGS84_46N,,GM,Ragnarok Investment LLC,8/25/2025
SC09,207.4,-46.8,83.8,WGS84_46N,,GM,Ragnarok Investment LLC,8/25/2025
OVD047,0,-78.6,58.54,WGS84_46N,,GM,Ragnarok Investment LLC,9/2/2025
OVD047,5,-78.6,58.48,WGS84_46N,,GM,Ragnarok Investment LLC,9/2/2025
OVD047,10,-78.7,58.84,WGS84_46N,,GM,Ragnarok Investment LLC,9/2/2025
OVD047,15,-78.7,59.36,WGS84_46N,,GM,Ragnarok Investment LLC,9/2/2025
OVD047,20,-78.7,59.41,WGS84_46N,,GM,Ragnarok Investment LLC,9/2/2025
OVD047,25,-78.7,58.65,WGS84_46N,,GM,Ragnarok Investment LLC,9/2/2025
OVD047,30,-78.7,59.37,WGS84_46N,,GM,Ragnarok Investment LLC,9/2/2025
OVD047,35,-78.7,59.26,WGS84_46N,,GM,Ragnarok Investment LLC,9/2/2025
OVD047,40,-78.6,59.19,WGS84_46N,,GM,Ragnarok Investment LLC,9/2/2025
OVD047,45,-78.6,59.2,WGS84_46N,,GM,Ragnarok Investment LLC,9/2/2025
OVD047,50,-78.6,59.1,WGS84_46N,,GM,Ragnarok Investment LLC,9/2/2025
OVD047,55,-78.6,59.1,WGS84_46N,,GM,Ragnarok Investment LLC,9/2/2025
OVD047,60,-78.7,59.06,WGS84_46N,,GM,Ragnarok Investment LLC,9/2/2025
OVD047,65,-78.7,59.29,WGS84_46N,,GM,Ragnarok Investment LLC,9/2/2025
OVD047,70,-78.8,59.58,WGS84_46N,,GM,Ragnarok Investment LLC,9/2/2025
OVD047,75,-78.8,59.66,WGS84_46N,,GM,Ragnarok Investment LLC,9/2/2025
OVD047,80,-78.6,59.84,WGS84_46N,,GM,Ragnarok Investment LLC,9/2/2025
OVD047,85,-78.7,59.96,WGS84_46N,,GM,Ragnarok Investment LLC,9/2/2025
OVD047,90,-78.7,60.64,WGS84_46N,,GM,Ragnarok Investment LLC,9/2/2025
OVD047,95,-78.6,60.31,WGS84_46N,,GM,Ragnarok Investment LLC,9/2/2025
OVD047,100,-78.6,60.48,WGS84_46N,,GM,Ragnarok Investment LLC,9/2/2025
OVD047,105,-78.7,60.53,WGS84_46N,,GM,Ragnarok Investment LLC,9/2/2025
OVD047,110,-78.7,60.98,WGS84_46N,,GM,Ragnarok Investment LLC,9/2/2025
OVD047,115,-78.5,60.46,WGS84_46N,,GM,Ragnarok Investment LLC,9/2/2025
OVD047,120,-78.6,60.75,WGS84_46N,,GM,Ragnarok Investment LLC,9/2/2025
OVD047,125,-78.7,61.44,WGS84_46N,,GM,Ragnarok Investment LLC,9/2/2025
OVD047,130,-78.7,61.7,WGS84_46N,,GM,Ragnarok Investment LLC,9/2/2025
OVD047,135,-78.7,61.34,WGS84_46N,,GM,Ragnarok Investment LLC,9/2/2025
OVD047,140,-78.8,61.63,WGS84_46N,,GM,Ragnarok Investment LLC,9/2/2025
OVD047,145,-78.8,61.42,WGS84_46N,,GM,Ragnarok Investment LLC,9/2/2025
OVD047,150,-78.7,60.98,WGS84_46N,,GM,Ragnarok Investment LLC,9/2/2025
OVD047,155,-78.5,60.8,WGS84_46N,,GM,Ragnarok Investment LLC,9/2/2025
OVD047,160,-78.6,60.84,WGS84_46N,,GM,Ragnarok Investment LLC,9/2/2025
OVD047,165,-78.6,62.21,WGS84_46N,,GM,Ragnarok Investment LLC,9/2/2025
OVD047,170,-78.6,62.27,WGS84_46N,,GM,Ragnarok Investment LLC,9/2/2025
OVD047,175,-78.8,62.96,WGS84_46N,,GM,Ragnarok Investment LLC,9/2/2025
OVD047,180,-78.9,63.81,WGS84_46N,,GM,Ragnarok Investment LLC,9/2/2025
OVD047,185,-78.7,65.09,WGS84_46N,,GM,Ragnarok Investment LLC,9/2/2025
OVD047,190,-78.8,65.5,WGS84_46N,,GM,Ragnarok Investment LLC,9/2/2025
OVD047,195,-79,66.48,WGS84_46N,,GM,Ragnarok Investment LLC,9/2/2025
OVD047,200,-79.2,67.61,WGS84_46N,,GM,Ragnarok Investment LLC,9/2/2025
OVD047,205,-79.2,68.27,WGS84_46N,,GM,Ragnarok Investment LLC,9/2/2025
OVD047,210,-79.2,68.61,WGS84_46N,,GM,Ragnarok Investment LLC,9/2/2025
OVD047,215,-79.2,69.15,WGS84_46N,,GM,Ragnarok Investment LLC,9/2/2025
OVD047,220,-79,70.26,WGS84_46N,,GM,Ragnarok Investment LLC,9/2/2025
OVD047,225,-78.9,70.38,WGS84_46N,,GM,Ragnarok Investment LLC,9/2/2025
OVD047,230,-78.5,69.79,WGS84_46N,,GM,Ragnarok Investment LLC,9/2/2025
OVD047,235,-78.6,68.93,WGS84_46N,,GM,Ragnarok Investment LLC,9/2/2025
OVD047,240,-78.6,69.72,WGS84_46N,,GM,Ragnarok Investment LLC,9/2/2025
OVD047,245,-78.4,69.9,WGS84_46N,,GM,Ragnarok Investment LLC,9/2/2025
OVD047,250,-78.2,69.58,WGS84_46N,,GM,Ragnarok Investment LLC,9/2/2025
OVD047,255,-78.1,69.43,WGS84_46N,,GM,Ragnarok Investment LLC,9/2/2025
OVD047,260,-78.1,69.89,WGS84_46N,,GM,Ragnarok Investment LLC,9/2/2025
OVD047,265,-78,69.6,WGS84_46N,,GM,Ragnarok Investment LLC,9/2/2025
OVD047,270,-78,69.44,WGS84_46N,,GM,Ragnarok Investment LLC,9/2/2025
OVD047,275,-77.9,69.77,WGS84_46N,,GM,Ragnarok Investment LLC,9/2/2025
OVD047,280,-77.9,69.58,WGS84_46N,,GM,Ragnarok Investment LLC,9/2/2025
OVD047,285,-77.8,69.99,WGS84_46N,,GM,Ragnarok Investment LLC,9/2/2025
OVD047,290,-77.6,70.2,WGS84_46N,,GM,Ragnarok Investment LLC,9/2/2025
OVD047,295,-77.6,70.14,WGS84_46N,,GM,Ragnarok Investment LLC,9/2/2025
OVD047,300,-77.5,70.35,WGS84_46N,,GM,Ragnarok Investment LLC,9/2/2025
OVD047,305,-77.5,70.35,WGS84_46N,,GM,Ragnarok Investment LLC,9/2/2025
OVD047,310,-77.4,70.53,WGS84_46N,,GM,Ragnarok Investment LLC,9/2/2025
OVD047,315,-77.4,70.46,WGS84_46N,,GM,Ragnarok Investment LLC,9/2/2025
OVD047,320,-77.2,70.44,WGS84_46N,,GM,Ragnarok Investment LLC,9/2/2025
OVD047,325,-77.2,70.47,WGS84_46N,,GM,Ragnarok Investment LLC,9/2/2025
OVD047,330,-77.1,70.62,WGS84_46N,,GM,Ragnarok Investment LLC,9/2/2025
OVD047,335,-77.2,70.67,WGS84_46N,,GM,Ragnarok Investment LLC,9/2/2025
OVD047,342.7,-77.3,70.68,WGS84_46N,,GM,Ragnarok Investment LLC,9/2/2025
OVD048,0,-59,215.59,WGS84_46N,,GM,Ragnarok Investment LLC,9/4/2025
OVD048,5,-59.2,215.9,WGS84_46N,,GM,Ragnarok Investment LLC,9/4/2025
OVD048,10,-59.2,215.7,WGS84_46N,,GM,Ragnarok Investment LLC,9/4/2025
OVD048,15,-59.1,215.8,WGS84_46N,,GM,Ragnarok Investment LLC,9/4/2025
OVD048,20,-59,215.9,WGS84_46N,,GM,Ragnarok Investment LLC,9/4/2025
OVD048,25,-58.9,216,WGS84_46N,,GM,Ragnarok Investment LLC,9/4/2025
OVD048,30,-58.7,216,WGS84_46N,,GM,Ragnarok Investment LLC,9/4/2025
OVD048,35,-58.7,216,WGS84_46N,,GM,Ragnarok Investment LLC,9/4/2025
OVD048,42.4,-58.6,215.9,WGS84_46N,,GM,Ragnarok Investment LLC,9/4/2025
SC10,0,-74.8,178,WGS84_46N,,GM,Ragnarok Investment LLC,9/9/2025
SC10,5,-74.9,178.5,WGS84_46N,,GM,Ragnarok Investment LLC,9/9/2025
SC10,10,-74.9,178.2,WGS84_46N,,GM,Ragnarok Investment LLC,9/9/2025
SC10,15,-74.9,178,WGS84_46N,,GM,Ragnarok Investment LLC,9/9/2025
SC10,20,-74.8,177.9,WGS84_46N,,GM,Ragnarok Investment LLC,9/9/2025
SC10,25,-74.9,177.6,WGS84_46N,,GM,Ragnarok Investment LLC,9/9/2025
SC10,30,-75,177.6,WGS84_46N,,GM,Ragnarok Investment LLC,9/9/2025
SC10,35,-75,177.7,WGS84_46N,,GM,Ragnarok Investment LLC,9/9/2025
SC10,40,-75,177.7,WGS84_46N,,GM,Ragnarok Investment LLC,9/9/2025
SC10,45,-75.1,177.6,WGS84_46N,,GM,Ragnarok Investment LLC,9/9/2025
SC10,50,-75.3,177.5,WGS84_46N,,GM,Ragnarok Investment LLC,9/9/2025
SC10,55,-75.3,177.4,WGS84_46N,,GM,Ragnarok Investment LLC,9/9/2025
SC10,60,-75.4,177.7,WGS84_46N,,GM,Ragnarok Investment LLC,9/9/2025
SC10,65,-75.4,177.6,WGS84_46N,,GM,Ragnarok Investment LLC,9/9/2025
SC10,70,-75.4,177.6,WGS84_46N,,GM,Ragnarok Investment LLC,9/9/2025
SC10,75,-75.6,177.7,WGS84_46N,,GM,Ragnarok Investment LLC,9/9/2025
SC10,80,-75.6,178.1,WGS84_46N,,GM,Ragnarok Investment LLC,9/9/2025
SC10,85,-75.4,178.5,WGS84_46N,,GM,Ragnarok Investment LLC,9/9/2025
SC10,90,-75.5,178.2,WGS84_46N,,GM,Ragnarok Investment LLC,9/9/2025
SC10,95,-75.5,178.1,WGS84_46N,,GM,Ragnarok Investment LLC,9/9/2025
SC10,100,-75.6,178.2,WGS84_46N,,GM,Ragnarok Investment LLC,9/9/2025
SC10,105,-75.6,178.6,WGS84_46N,,GM,Ragnarok Investment LLC,9/9/2025
SC10,110,-75.6,178.6,WGS84_46N,,GM,Ragnarok Investment LLC,9/9/2025
SC10,115,-75.4,178.7,WGS84_46N,,GM,Ragnarok Investment LLC,9/9/2025
SC10,120,-75.3,178.7,WGS84_46N,,GM,Ragnarok Investment LLC,9/9/2025
SC10,125,-75.1,178.5,WGS84_46N,,GM,Ragnarok Investment LLC,9/9/2025
SC10,130,-74.9,178.5,WGS84_46N,,GM,Ragnarok Investment LLC,9/9/2025
SC10,135,-74.5,177.8,WGS84_46N,,GM,Ragnarok Investment LLC,9/9/2025
SC10,140,-74.2,178.1,WGS84_46N,,GM,Ragnarok Investment LLC,9/9/2025
SC10,145,-73.8,178,WGS84_46N,,GM,Ragnarok Investment LLC,9/9/2025
SC10,150,-73.5,178,WGS84_46N,,GM,Ragnarok Investment LLC,9/9/2025
SC10,155,-73.1,177.7,WGS84_46N,,GM,Ragnarok Investment LLC,9/9/2025
SC10,160,-72.9,177.4,WGS84_46N,,GM,Ragnarok Investment LLC,9/9/2025
SC10,165,-72.6,177.5,WGS84_46N,,GM,Ragnarok Investment LLC,9/9/2025
SC10,170,-72.5,177.5,WGS84_46N,,GM,Ragnarok Investment LLC,9/9/2025
SC10,175,-72.2,177.5,WGS84_46N,,GM,Ragnarok Investment LLC,9/9/2025
SC10,180,-71.9,177.8,WGS84_46N,,GM,Ragnarok Investment LLC,9/9/2025
SC10,185,-71.6,178,WGS84_46N,,GM,Ragnarok Investment LLC,9/9/2025
SC10,190,-71.4,178,WGS84_46N,,GM,Ragnarok Investment LLC,9/9/2025
SC10,195,-71.3,178.1,WGS84_46N,,GM,Ragnarok Investment LLC,9/9/2025
SC10,200,-71.1,178.3,WGS84_46N,,GM,Ragnarok Investment LLC,9/9/2025
SC10,205,-71,178.3,WGS84_46N,,GM,Ragnarok Investment LLC,9/9/2025
SC10,210,-70.9,178.5,WGS84_46N,,GM,Ragnarok Investment LLC,9/9/2025
SC10,215,-70.9,178.9,WGS84_46N,,GM,Ragnarok Investment LLC,9/9/2025
SC10,220,-70.8,178.9,WGS84_46N,,GM,Ragnarok Investment LLC,9/9/2025
SC10,225,-70.8,179.2,WGS84_46N,,GM,Ragnarok Investment LLC,9/9/2025
SC10,230,-70.6,179.4,WGS84_46N,,GM,Ragnarok Investment LLC,9/9/2025
SC10,237,-70.6,179.1,WGS84_46N,,GM,Ragnarok Investment LLC,9/9/2025
OVD008A,0,-69.7,236.1,WGS84_46N,,GM,Ragnarok Investment LLC,9/5/2025
OVD008A,5,-69.7,236.4,WGS84_46N,,GM,Ragnarok Investment LLC,9/5/2025
OVD008A,10,-69.5,236.3,WGS84_46N,,GM,Ragnarok Investment LLC,9/5/2025
OVD008A,15,-69.5,236.5,WGS84_46N,,GM,Ragnarok Investment LLC,9/5/2025
OVD008A,20,-69.5,236.7,WGS84_46N,,GM,Ragnarok Investment LLC,9/5/2025
OVD008A,25,-69.5,236.9,WGS84_46N,,GM,Ragnarok Investment LLC,9/5/2025
OVD008A,30,-69.5,237.1,WGS84_46N,,GM,Ragnarok Investment LLC,9/5/2025
OVD008A,35,-69.5,237.4,WGS84_46N,,GM,Ragnarok Investment LLC,9/5/2025
OVD008A,40,-69.5,237.8,WGS84_46N,,GM,Ragnarok Investment LLC,9/5/2025
OVD008A,45,-69.5,237.7,WGS84_46N,,GM,Ragnarok Investment LLC,9/5/2025
OVD008A,50,-69.5,237.7,WGS84_46N,,GM,Ragnarok Investment LLC,9/5/2025
OVD008A,55,-69.5,237.7,WGS84_46N,,GM,Ragnarok Investment LLC,9/5/2025
OVD008A,60,-69.5,237.7,WGS84_46N,,GM,Ragnarok Investment LLC,9/5/2025
OVD008A,65,-69.6,237.6,WGS84_46N,,GM,Ragnarok Investment LLC,9/5/2025
OVD008A,70,-69.6,237.5,WGS84_46N,,GM,Ragnarok Investment LLC,9/5/2025
OVD008A,75,-69.5,237.8,WGS84_46N,,GM,Ragnarok Investment LLC,9/5/2025
OVD008A,80,-69.8,237.5,WGS84_46N,,GM,Ragnarok Investment LLC,9/5/2025
OVD008A,85,-69.8,237.7,WGS84_46N,,GM,Ragnarok Investment LLC,9/5/2025
OVD008A,90,-69.9,237.8,WGS84_46N,,GM,Ragnarok Investment LLC,9/5/2025
OVD008A,95,-69.9,238.1,WGS84_46N,,GM,Ragnarok Investment LLC,9/5/2025
OVD008A,100,-69.7,238.1,WGS84_46N,,GM,Ragnarok Investment LLC,9/5/2025
OVD008A,105,-69.7,238.1,WGS84_46N,,GM,Ragnarok Investment LLC,9/5/2025
OVD008A,110,-69.7,237.8,WGS84_46N,,GM,Ragnarok Investment LLC,9/5/2025
OVD008A,115,-69.7,237.9,WGS84_46N,,GM,Ragnarok Investment LLC,9/5/2025
OVD008A,120,-69.7,238.5,WGS84_46N,,GM,Ragnarok Investment LLC,9/5/2025
OVD008A,125,-69.6,238.1,WGS84_46N,,GM,Ragnarok Investment LLC,9/5/2025
OVD008A,130,-69.6,238.3,WGS84_46N,,GM,Ragnarok Investment LLC,9/5/2025
OVD008A,135,-69.6,238.6,WGS84_46N,,GM,Ragnarok Investment LLC,9/5/2025
OVD008A,140,-69.6,238.7,WGS84_46N,,GM,Ragnarok Investment LLC,9/5/2025
OVD008A,145,-69.7,238.8,WGS84_46N,,GM,Ragnarok Investment LLC,9/5/2025
OVD008A,150,-69.8,238.9,WGS84_46N,,GM,Ragnarok Investment LLC,9/5/2025
OVD008A,155,-69.7,238.7,WGS84_46N,,GM,Ragnarok Investment LLC,9/5/2025
OVD008A,162.5,-69.7,238.4,WGS84_46N,,GM,Ragnarok Investment LLC,9/5/2025
SC11,0,-70.3,178.3,WGS84_46N,,GM,Ragnarok Investment LLC,9/19/20259/23/25
SC11,5,-70.1,178.2,WGS84_46N,,GM,Ragnarok Investment LLC,9/19/2025
SC11,10,-70,178.3,WGS84_46N,,GM,Ragnarok Investment LLC,9/19/2025
SC11,15,-70.1,178.5,WGS84_46N,,GM,Ragnarok Investment LLC,9/19/2025
SC11,20,-70.3,178.5,WGS84_46N,,GM,Ragnarok Investment LLC,9/19/2025
SC11,25,-70.4,178.6,WGS84_46N,,GM,Ragnarok Investment LLC,9/19/2025
SC11,30,-70.4,178.3,WGS84_46N,,GM,Ragnarok Investment LLC,9/19/2025
SC11,35,-70.5,178,WGS84_46N,,GM,Ragnarok Investment LLC,9/19/2025
SC11,40,-70.4,178.3,WGS84_46N,,GM,Ragnarok Investment LLC,9/19/2025
SC11,45,-70.6,178.1,WGS84_46N,,GM,Ragnarok Investment LLC,9/19/2025
SC11,50,-70.7,178,WGS84_46N,,GM,Ragnarok Investment LLC,9/19/2025
SC11,55,-70.8,178,WGS84_46N,,GM,Ragnarok Investment LLC,9/19/2025
SC11,60,-70.9,178.2,WGS84_46N,,GM,Ragnarok Investment LLC,9/19/2025
SC11,65,-71.1,177.8,WGS84_46N,,GM,Ragnarok Investment LLC,9/19/2025
SC11,70,-71.6,177,WGS84_46N,,GM,Ragnarok Investment LLC,9/19/2025
SC11,75,-71.6,176.9,WGS84_46N,,GM,Ragnarok Investment LLC,9/19/2025
SC11,80,-71.3,177.2,WGS84_46N,,GM,Ragnarok Investment LLC,9/19/2025
SC11,85,-71.2,177.8,WGS84_46N,,GM,Ragnarok Investment LLC,9/19/2025
SC11,90,-71.3,178,WGS84_46N,,GM,Ragnarok Investment LLC,9/19/2025
SC11,95,-71.2,178,WGS84_46N,,GM,Ragnarok Investment LLC,9/19/2025
SC11,100,-70.9,177.9,WGS84_46N,,GM,Ragnarok Investment LLC,9/19/2025
SC11,105,-70.7,177.7,WGS84_46N,,GM,Ragnarok Investment LLC,9/19/2025
SC11,110,-70.6,177.5,WGS84_46N,,GM,Ragnarok Investment LLC,9/19/2025
SC11,115,-70.7,177.7,WGS84_46N,,GM,Ragnarok Investment LLC,9/19/2025
SC11,120,-70.9,177.5,WGS84_46N,,GM,Ragnarok Investment LLC,9/19/2025
SC11,125,-70.8,177.5,WGS84_46N,,GM,Ragnarok Investment LLC,9/19/2025
SC11,130,-70.7,177.9,WGS84_46N,,GM,Ragnarok Investment LLC,9/19/2025
SC11,135,-70.7,178.1,WGS84_46N,,GM,Ragnarok Investment LLC,9/19/2025
SC11,140,-70.5,178.2,WGS84_46N,,GM,Ragnarok Investment LLC,9/19/2025
SC11,145,-70.5,178.4,WGS84_46N,,GM,Ragnarok Investment LLC,9/19/2025
SC11,150,-70.4,178.6,WGS84_46N,,GM,Ragnarok Investment LLC,9/19/2025
SC11,155,-70.3,178.5,WGS84_46N,,GM,Ragnarok Investment LLC,9/19/2025
SC11,160,-70.2,178.7,WGS84_46N,,GM,Ragnarok Investment LLC,9/19/2025
SC11,165,-70.1,178.9,WGS84_46N,,GM,Ragnarok Investment LLC,9/19/2025
SC11,170,-70.1,178.8,WGS84_46N,,GM,Ragnarok Investment LLC,9/19/2025
SC11,175,-70,179.1,WGS84_46N,,GM,Ragnarok Investment LLC,9/19/2025
SC11,180,-69.9,178.9,WGS84_46N,,GM,Ragnarok Investment LLC,9/19/2025
SC11,185,-69.8,179.3,WGS84_46N,,GM,Ragnarok Investment LLC,9/19/2025
SC11,190,-69.7,179.2,WGS84_46N,,GM,Ragnarok Investment LLC,9/19/2025
SC11,195,-69.5,179.8,WGS84_46N,,GM,Ragnarok Investment LLC,9/19/2025
SC11,200,-69.5,179.8,WGS84_46N,,GM,Ragnarok Investment LLC,9/19/2025
SC11,205,-69.3,179.9,WGS84_46N,,GM,Ragnarok Investment LLC,9/19/2025
SC11,210,-69.3,180,WGS84_46N,,GM,Ragnarok Investment LLC,9/19/2025
SC11,215,-69.1,180.3,WGS84_46N,,GM,Ragnarok Investment LLC,9/19/2025
SC11,220,-69.1,180.5,WGS84_46N,,GM,Ragnarok Investment LLC,9/19/2025
SC11,225,-69.1,180.6,WGS84_46N,,GM,Ragnarok Investment LLC,9/19/2025
SC11,230,-69.1,180.8,WGS84_46N,,GM,Ragnarok Investment LLC,9/19/2025
SC11,235,-69,180.8,WGS84_46N,,GM,Ragnarok Investment LLC,9/19/2025
SC11,240,-69,181.2,WGS84_46N,,GM,Ragnarok Investment LLC,9/19/2025
SC11,245,-68.9,181.4,WGS84_46N,,GM,Ragnarok Investment LLC,9/19/2025
SC11,250,-68.9,181.4,WGS84_46N,,GM,Ragnarok Investment LLC,9/19/2025
SC11,255,-68.8,181.7,WGS84_46N,,GM,Ragnarok Investment LLC,9/19/2025
SC11,260,-68.8,181.7,WGS84_46N,,GM,Ragnarok Investment LLC,9/19/2025
SC11,265,-68.7,181.8,WGS84_46N,,GM,Ragnarok Investment LLC,9/19/2025
SC11,270,-68.7,182.2,WGS84_46N,,GM,Ragnarok Investment LLC,9/19/2025
SC11,275,-68.5,182.4,WGS84_46N,,GM,Ragnarok Investment LLC,9/19/2025
SC11,280,-68.6,182.7,WGS84_46N,,GM,Ragnarok Investment LLC,9/19/2025
SC11,285,-68.5,182.6,WGS84_46N,,GM,Ragnarok Investment LLC,9/19/2025
SC11,290,-68.5,183.1,WGS84_46N,,GM,Ragnarok Investment LLC,9/19/2025
SC11,295,-68.4,183.2,WGS84_46N,,GM,Ragnarok Investment LLC,9/19/2025
SC11,300,-68.4,183.5,WGS84_46N,,GM,Ragnarok Investment LLC,9/19/2025
SC11,305,-68.3,183.6,WGS84_46N,,GM,Ragnarok Investment LLC,9/19/2025
SC11,310,-68.2,183.9,WGS84_46N,,GM,Ragnarok Investment LLC,9/19/2025
SC11,315,-68.1,184.1,WGS84_46N,,GM,Ragnarok Investment LLC,9/19/2025
SC11,320,-68,184.2,WGS84_46N,,GM,Ragnarok Investment LLC,9/19/2025
SC11,325,-67.9,184.3,WGS84_46N,,GM,Ragnarok Investment LLC,9/19/2025
SC11,330,-67.8,184.5,WGS84_46N,,GM,Ragnarok Investment LLC,9/19/2025
SC11,335,-67.7,184.7,WGS84_46N,,GM,Ragnarok Investment LLC,9/19/2025
SC11,340,-67.7,184.8,WGS84_46N,,GM,Ragnarok Investment LLC,9/19/2025
SC11,345,-67.6,184.9,WGS84_46N,,GM,Ragnarok Investment LLC,9/19/2025
SC11,350,-67.6,185.1,WGS84_46N,,GM,Ragnarok Investment LLC,9/19/2025
SC11,355,-67.5,185.1,WGS84_46N,,GM,Ragnarok Investment LLC,9/19/2025
SC11,360,-67.5,185.3,WGS84_46N,,GM,Ragnarok Investment LLC,9/19/2025
SC11,365,-67.4,185.3,WGS84_46N,,GM,Ragnarok Investment LLC,9/19/2025
SC11,370,-67.3,185.6,WGS84_46N,,GM,Ragnarok Investment LLC,9/19/2025
SC11,375,-67.3,185.8,WGS84_46N,,GM,Ragnarok Investment LLC,9/19/2025
SC11,380,-67.3,185.9,WGS84_46N,,GM,Ragnarok Investment LLC,9/19/2025
SC11,385,-67.2,186.1,WGS84_46N,,GM,Ragnarok Investment LLC,9/19/2025
SC11,390,-67.2,186.6,WGS84_46N,,GM,Ragnarok Investment LLC,9/19/2025
SC11,395,-67.1,187,WGS84_46N,,GM,Ragnarok Investment LLC,9/19/2025
SC11,400,-67.1,187.2,WGS84_46N,,GM,Ragnarok Investment LLC,9/19/2025
SC11,405,-66.9,187.1,WGS84_46N,,GM,Ragnarok Investment LLC,9/19/2025
SC11,410,-66.9,187.5,WGS84_46N,,GM,Ragnarok Investment LLC,9/19/2025
SC11,415,-66.8,187.5,WGS84_46N,,GM,Ragnarok Investment LLC,9/19/2025
SC11,420,-66.8,187.7,WGS84_46N,,GM,Ragnarok Investment LLC,9/19/2025
SC11,425,-66.6,187.8,WGS84_46N,,GM,Ragnarok Investment LLC,9/19/2025
SC11,430,-66.5,187.9,WGS84_46N,,GM,Ragnarok Investment LLC,9/19/2025
SC11,435,-66.4,188.1,WGS84_46N,,GM,Ragnarok Investment LLC,9/19/2025
SC11,443.7,-66.2,188.4,WGS84_46N,,GM,Ragnarok Investment LLC,9/19/2025
OVD011E,0,-64.8,237.3,WGS84_46N,,GM,Ragnarok Investment LLC,9/23/2025
OVD011E,5,-64.9,237.2,WGS84_46N,,GM,Ragnarok Investment LLC,9/23/2025
OVD011E,10,-64.8,237,WGS84_46N,,GM,Ragnarok Investment LLC,9/23/2025
OVD011E,15,-65,237.1,WGS84_46N,,GM,Ragnarok Investment LLC,9/23/2025
OVD011E,20,-65.2,237.1,WGS84_46N,,GM,Ragnarok Investment LLC,9/23/2025
OVD011E,25,-65.5,237.2,WGS84_46N,,GM,Ragnarok Investment LLC,9/23/2025
OVD011E,30,-65.7,237.1,WGS84_46N,,GM,Ragnarok Investment LLC,9/23/2025
OVD011E,35,-65.9,236.8,WGS84_46N,,GM,Ragnarok Investment LLC,9/23/2025
OVD011E,40,-66.1,236.9,WGS84_46N,,GM,Ragnarok Investment LLC,9/23/2025
OVD011E,45,-66.3,237.1,WGS84_46N,,GM,Ragnarok Investment LLC,9/23/2025
OVD011E,50,-66.5,236.8,WGS84_46N,,GM,Ragnarok Investment LLC,9/23/2025
OVD011E,55,-66.6,237.2,WGS84_46N,,GM,Ragnarok Investment LLC,9/23/2025
OVD011E,60,-66.7,237,WGS84_46N,,GM,Ragnarok Investment LLC,9/23/2025
OVD011E,65,-66.6,237,WGS84_46N,,GM,Ragnarok Investment LLC,9/23/2025
OVD011E,70,-66.6,237,WGS84_46N,,GM,Ragnarok Investment LLC,9/23/2025
OVD011E,75,-66.6,236.7,WGS84_46N,,GM,Ragnarok Investment LLC,9/23/2025
OVD011E,80,-66.6,236.7,WGS84_46N,,GM,Ragnarok Investment LLC,9/23/2025
OVD011E,85,-66.7,236.6,WGS84_46N,,GM,Ragnarok Investment LLC,9/23/2025
OVD011E,90,-66.8,236.7,WGS84_46N,,GM,Ragnarok Investment LLC,9/23/2025
OVD011E,95,-66.9,236.6,WGS84_46N,,GM,Ragnarok Investment LLC,9/23/2025
OVD011E,100,-67,236.6,WGS84_46N,,GM,Ragnarok Investment LLC,9/23/2025
OVD011E,105,-67,236.4,WGS84_46N,,GM,Ragnarok Investment LLC,9/23/2025
OVD011E,110,-67,236.6,WGS84_46N,,GM,Ragnarok Investment LLC,9/23/2025
OVD011E,115,-67,236.6,WGS84_46N,,GM,Ragnarok Investment LLC,9/23/2025
OVD011E,120,-66.9,236.5,WGS84_46N,,GM,Ragnarok Investment LLC,9/23/2025
OVD011E,125,-66.9,236.5,WGS84_46N,,GM,Ragnarok Investment LLC,9/23/2025
OVD011E,130,-67,236.6,WGS84_46N,,GM,Ragnarok Investment LLC,9/23/2025
OVD011E,135,-67.1,237.7,WGS84_46N,,GM,Ragnarok Investment LLC,9/23/2025
OVD011E,140,-67,237.2,WGS84_46N,,GM,Ragnarok Investment LLC,9/23/2025
OVD011E,145,-67,237.2,WGS84_46N,,GM,Ragnarok Investment LLC,9/23/2025
OVD011E,150,-67.1,237,WGS84_46N,,GM,Ragnarok Investment LLC,9/23/2025
OVD011E,155,-67.1,236.8,WGS84_46N,,GM,Ragnarok Investment LLC,9/23/2025
OVD011E,160,-67.2,236.7,WGS84_46N,,GM,Ragnarok Investment LLC,9/23/2025
OVD011E,165,-67.2,236.6,WGS84_46N,,GM,Ragnarok Investment LLC,9/23/2025
OVD011E,170,-67.2,236.1,WGS84_46N,,GM,Ragnarok Investment LLC,9/23/2025
OVD011E,175,-67.2,236.2,WGS84_46N,,GM,Ragnarok Investment LLC,9/23/2025
OVD011E,180,-67.1,235.8,WGS84_46N,,GM,Ragnarok Investment LLC,9/23/2025
OVD011E,185,-67,235.7,WGS84_46N,,GM,Ragnarok Investment LLC,9/23/2025
OVD011E,190,-67.1,235.2,WGS84_46N,,GM,Ragnarok Investment LLC,9/23/2025
OVD011E,195,-67,234.5,WGS84_46N,,GM,Ragnarok Investment LLC,9/23/2025
OVD011E,200,-66.9,233.8,WGS84_46N,,GM,Ragnarok Investment LLC,9/23/2025
OVD011E,205,-66.8,233.3,WGS84_46N,,GM,Ragnarok Investment LLC,9/23/2025
OVD011E,210,-66.8,233,WGS84_46N,,GM,Ragnarok Investment LLC,9/23/2025
OVD011E,215,-66.8,232.9,WGS84_46N,,GM,Ragnarok Investment LLC,9/23/2025
OVD011E,220,-66.6,233.2,WGS84_46N,,GM,Ragnarok Investment LLC,9/23/2025
OVD011E,225,-66.6,232.9,WGS84_46N,,GM,Ragnarok Investment LLC,9/23/2025
OVD011E,230,-66.8,232.9,WGS84_46N,,GM,Ragnarok Investment LLC,9/23/2025
OVD011E,235,-66.7,233.1,WGS84_46N,,GM,Ragnarok Investment LLC,9/23/2025
OVD011E,240,-66.6,233.3,WGS84_46N,,GM,Ragnarok Investment LLC,9/23/2025
OVD011E,245,-66.5,233.5,WGS84_46N,,GM,Ragnarok Investment LLC,9/23/2025
OVD011E,250,-66.6,233.5,WGS84_46N,,GM,Ragnarok Investment LLC,9/23/2025
OVD011E,255,-66.8,233.7,WGS84_46N,,GM,Ragnarok Investment LLC,9/23/2025
OVD011E,260,-66.7,233.3,WGS84_46N,,GM,Ragnarok Investment LLC,9/23/2025
OVD011E,265,-66.6,233.5,WGS84_46N,,GM,Ragnarok Investment LLC,9/23/2025
OVD011E,270,-66.5,233.9,WGS84_46N,,GM,Ragnarok Investment LLC,9/23/2025
OVD011E,275,-66.6,234.2,WGS84_46N,,GM,Ragnarok Investment LLC,9/23/2025
OVD011E,280,-66.7,234.2,WGS84_46N,,GM,Ragnarok Investment LLC,9/23/2025
OVD011E,285,-66.6,234.2,WGS84_46N,,GM,Ragnarok Investment LLC,9/23/2025
OVD011E,290,-66.6,234.5,WGS84_46N,,GM,Ragnarok Investment LLC,9/23/2025
OVD011E,295,-66.5,234.5,WGS84_46N,,GM,Ragnarok Investment LLC,9/23/2025
OVD011E,300,-66.6,234.7,WGS84_46N,,GM,Ragnarok Investment LLC,9/23/2025
OVD011E,305,-66.5,234.9,WGS84_46N,,GM,Ragnarok Investment LLC,9/23/2025
OVD011E,310,-66.7,234.8,WGS84_46N,,GM,Ragnarok Investment LLC,9/23/2025
OVD011E,315.5,-66.7,234.8,WGS84_46N,,GM,Ragnarok Investment LLC,9/23/2025
OVD013E,0,-77,235,WGS84_46N,,GM,Ragnarok Investment LLC,
OVD013E,268,-77,235,WGS84_46N,,GM,Ragnarok Investment LLC,
MU2501,0,-44,189.1,WGS84_46N,,GM,Ragnarok Investment LLC,10/9/2025
MU2501,5,-44.1,188.9,WGS84_46N,,GM,Ragnarok Investment LLC,10/9/2025
MU2501,10,-44.3,189.2,WGS84_46N,,GM,Ragnarok Investment LLC,10/9/2025
MU2501,15,-44.4,189.7,WGS84_46N,,GM,Ragnarok Investment LLC,10/9/2025
MU2501,20,-44.2,190,WGS84_46N,,GM,Ragnarok Investment LLC,10/9/2025
MU2501,25,-43.8,189.9,WGS84_46N,,GM,Ragnarok Investment LLC,10/9/2025
MU2501,30,-43.7,190.2,WGS84_46N,,GM,Ragnarok Investment LLC,10/9/2025
MU2501,35,-43.8,190.2,WGS84_46N,,GM,Ragnarok Investment LLC,10/9/2025
MU2501,40,-43.8,190.4,WGS84_46N,,GM,Ragnarok Investment LLC,10/9/2025
MU2501,45,-43.7,190.3,WGS84_46N,,GM,Ragnarok Investment LLC,10/9/2025
MU2501,50,-43.4,190.4,WGS84_46N,,GM,Ragnarok Investment LLC,10/9/2025
MU2501,55,-43.3,190.4,WGS84_46N,,GM,Ragnarok Investment LLC,10/9/2025
MU2501,60,-43.2,190.3,WGS84_46N,,GM,Ragnarok Investment LLC,10/9/2025
MU2501,65,-42.9,190.3,WGS84_46N,,GM,Ragnarok Investment LLC,10/9/2025
MU2501,70,-42.8,190.3,WGS84_46N,,GM,Ragnarok Investment LLC,10/9/2025
MU2501,75,-42.5,190.6,WGS84_46N,,GM,Ragnarok Investment LLC,10/9/2025
MU2501,80,-42.3,190.8,WGS84_46N,,GM,Ragnarok Investment LLC,10/9/2025
MU2501,85,-41.9,191,WGS84_46N,,GM,Ragnarok Investment LLC,10/9/2025
MU2501,90,-41.8,191.1,WGS84_46N,,GM,Ragnarok Investment LLC,10/9/2025
MU2501,95,-41.6,191.2,WGS84_46N,,GM,Ragnarok Investment LLC,10/9/2025
MU2501,100,-41.5,191.2,WGS84_46N,,GM,Ragnarok Investment LLC,10/9/2025
MU2501,105,-41.2,191.4,WGS84_46N,,GM,Ragnarok Investment LLC,10/9/2025
MU2501,110,-41.2,191.6,WGS84_46N,,GM,Ragnarok Investment LLC,10/9/2025
MU2501,115,-40.8,191.7,WGS84_46N,,GM,Ragnarok Investment LLC,10/9/2025
MU2501,120,-40.4,191.8,WGS84_46N,,GM,Ragnarok Investment LLC,10/9/2025
MU2501,125,-40.2,191.9,WGS84_46N,,GM,Ragnarok Investment LLC,10/9/2025
MU2501,130,-39.8,191.9,WGS84_46N,,GM,Ragnarok Investment LLC,10/9/2025
MU2501,135,-39.7,192,WGS84_46N,,GM,Ragnarok Investment LLC,10/9/2025
MU2501,140,-39.5,192.1,WGS84_46N,,GM,Ragnarok Investment LLC,10/9/2025
MU2501,145,-39.2,192.2,WGS84_46N,,GM,Ragnarok Investment LLC,10/9/2025
MU2501,150,-39,192.4,WGS84_46N,,GM,Ragnarok Investment LLC,10/9/2025
MU2501,155,-39,192.5,WGS84_46N,,GM,Ragnarok Investment LLC,10/9/2025
MU2501,160,-38.7,192.5,WGS84_46N,,GM,Ragnarok Investment LLC,10/9/2025
MU2501,165,-38.6,192.6,WGS84_46N,,GM,Ragnarok Investment LLC,10/9/2025
MU2501,170,-38.4,192.7,WGS84_46N,,GM,Ragnarok Investment LLC,10/9/2025
MU2501,175,-38.5,192.8,WGS84_46N,,GM,Ragnarok Investment LLC,10/9/2025
MU2501,180,-38.3,192.6,WGS84_46N,,GM,Ragnarok Investment LLC,10/9/2025
MU2501,185,-38,192.8,WGS84_46N,,GM,Ragnarok Investment LLC,10/9/2025
MU2501,190,-37.8,192.8,WGS84_46N,,GM,Ragnarok Investment LLC,10/9/2025
MU2501,195,-37.6,192.6,WGS84_46N,,GM,Ragnarok Investment LLC,10/9/2025
MU2501,200,-37.4,192.6,WGS84_46N,,GM,Ragnarok Investment LLC,10/9/2025
MU2501,205,-37.4,192.6,WGS84_46N,,GM,Ragnarok Investment LLC,10/9/2025
MU2501,210,-37.4,192.4,WGS84_46N,,GM,Ragnarok Investment LLC,10/9/2025
MU2501,215,-37.4,192.6,WGS84_46N,,GM,Ragnarok Investment LLC,10/9/2025
MU2501,220,-37.2,192.6,WGS84_46N,,GM,Ragnarok Investment LLC,10/9/2025
MU2501,225,-37,192.5,WGS84_46N,,GM,Ragnarok Investment LLC,10/9/2025
MU2501,230,-36.9,192.6,WGS84_46N,,GM,Ragnarok Investment LLC,10/9/2025
MU2501,235,-36.8,192.6,WGS84_46N,,GM,Ragnarok Investment LLC,10/9/2025
MU2501,240,-36.6,192.6,WGS84_46N,,GM,Ragnarok Investment LLC,10/9/2025
MU2501,245,-36.4,192.6,WGS84_46N,,GM,Ragnarok Investment LLC,10/9/2025
MU2501,250,-36.1,192.7,WGS84_46N,,GM,Ragnarok Investment LLC,10/9/2025
MU2501,258.5,-36.1,192.7,WGS84_46N,,GM,Ragnarok Investment LLC,10/9/2025
MU2502,0,-59.9,189.4,WGS84_46N,,GM,Ragnarok Investment LLC,10/14/225
MU2502,5,-59.8,189.4,WGS84_46N,,GM,Ragnarok Investment LLC,10/14/225
MU2502,10,-60,189.3,WGS84_46N,,GM,Ragnarok Investment LLC,10/14/225
MU2502,15,-60,189.4,WGS84_46N,,GM,Ragnarok Investment LLC,10/14/225
MU2502,20,-60,189.5,WGS84_46N,,GM,Ragnarok Investment LLC,10/14/225
MU2502,25,-60,189.3,WGS84_46N,,GM,Ragnarok Investment LLC,10/14/225
MU2502,30,-59.9,189.3,WGS84_46N,,GM,Ragnarok Investment LLC,10/14/225
MU2502,35,-59.8,189.5,WGS84_46N,,GM,Ragnarok Investment LLC,10/14/225
MU2502,40,-59.9,189.6,WGS84_46N,,GM,Ragnarok Investment LLC,10/14/225
MU2502,45,-59.6,189.6,WGS84_46N,,GM,Ragnarok Investment LLC,10/14/225
MU2502,50,-59.7,189.8,WGS84_46N,,GM,Ragnarok Investment LLC,10/14/225
MU2502,55,-59.6,189.7,WGS84_46N,,GM,Ragnarok Investment LLC,10/14/225
MU2502,60,-59.6,189.7,WGS84_46N,,GM,Ragnarok Investment LLC,10/14/225
MU2502,65,-59.6,189.7,WGS84_46N,,GM,Ragnarok Investment LLC,10/14/225
MU2502,70,-59.5,189.9,WGS84_46N,,GM,Ragnarok Investment LLC,10/14/225
MU2502,75,-59.6,189.7,WGS84_46N,,GM,Ragnarok Investment LLC,10/14/225
MU2502,80,-59.6,189.8,WGS84_46N,,GM,Ragnarok Investment LLC,10/14/225
MU2502,85,-59.5,189.5,WGS84_46N,,GM,Ragnarok Investment LLC,10/14/225
MU2502,90,-59.3,189.4,WGS84_46N,,GM,Ragnarok Investment LLC,10/14/225
MU2502,95,-59.2,189.3,WGS84_46N,,GM,Ragnarok Investment LLC,10/14/225
MU2502,100,-58.9,189.4,WGS84_46N,,GM,Ragnarok Investment LLC,10/14/225
MU2502,105,-59,189.3,WGS84_46N,,GM,Ragnarok Investment LLC,10/14/225
MU2502,110,-58.8,189.3,WGS84_46N,,GM,Ragnarok Investment LLC,10/14/225
MU2502,115,-58.6,189.5,WGS84_46N,,GM,Ragnarok Investment LLC,10/14/225
MU2502,120,-58.4,189.5,WGS84_46N,,GM,Ragnarok Investment LLC,10/14/225
MU2502,125,-58.3,189.5,WGS84_46N,,GM,Ragnarok Investment LLC,10/14/225
MU2502,130,-58.3,189.5,WGS84_46N,,GM,Ragnarok Investment LLC,10/14/225
MU2502,135,-58.2,189.6,WGS84_46N,,GM,Ragnarok Investment LLC,10/14/225
MU2502,140,-58.3,189.7,WGS84_46N,,GM,Ragnarok Investment LLC,10/14/225
MU2502,145,-58.1,189.8,WGS84_46N,,GM,Ragnarok Investment LLC,10/14/225
MU2502,150,-58,189.8,WGS84_46N,,GM,Ragnarok Investment LLC,10/14/225
MU2502,155,-58,189.8,WGS84_46N,,GM,Ragnarok Investment LLC,10/14/225
MU2502,160,-58,190.1,WGS84_46N,,GM,Ragnarok Investment LLC,10/14/225
MU2502,165,-58,190.2,WGS84_46N,,GM,Ragnarok Investment LLC,10/14/225
MU2502,170,-58.1,190.2,WGS84_46N,,GM,Ragnarok Investment LLC,10/14/225
MU2502,175,-58.2,190.5,WGS84_46N,,GM,Ragnarok Investment LLC,10/14/225
MU2502,180,-58.1,190.5,WGS84_46N,,GM,Ragnarok Investment LLC,10/14/225
MU2502,185,-58,190.5,WGS84_46N,,GM,Ragnarok Investment LLC,10/14/225
MU2502,190,-57.9,190.5,WGS84_46N,,GM,Ragnarok Investment LLC,10/14/225
MU2502,195,-57.9,190.7,WGS84_46N,,GM,Ragnarok Investment LLC,10/14/225
MU2502,200,-57.9,190.6,WGS84_46N,,GM,Ragnarok Investment LLC,10/14/225
MU2502,205,-57.9,190.8,WGS84_46N,,GM,Ragnarok Investment LLC,10/14/225
MU2502,210,-57.9,190.9,WGS84_46N,,GM,Ragnarok Investment LLC,10/14/225
MU2502,215,-57.9,190.9,WGS84_46N,,GM,Ragnarok Investment LLC,10/14/225
MU2502,220,-58,190.9,WGS84_46N,,GM,Ragnarok Investment LLC,10/14/225
MU2502,225,-57.9,190.9,WGS84_46N,,GM,Ragnarok Investment LLC,10/14/225
MU2502,230,-58,191.1,WGS84_46N,,GM,Ragnarok Investment LLC,10/14/225
MU2502,235,-58,191.1,WGS84_46N,,GM,Ragnarok Investment LLC,10/14/225
MU2502,240,-58,191,WGS84_46N,,GM,Ragnarok Investment LLC,10/14/225
MU2502,245,-58.1,191.1,WGS84_46N,,GM,Ragnarok Investment LLC,10/14/225
MU2502,250,-58,191.1,WGS84_46N,,GM,Ragnarok Investment LLC,10/14/225
MU2502,255,-58.1,191.2,WGS84_46N,,GM,Ragnarok Investment LLC,10/14/225
MU2502,260,-58.2,191.2,WGS84_46N,,GM,Ragnarok Investment LLC,10/14/225
MU2502,265,-58.1,191.6,WGS84_46N,,GM,Ragnarok Investment LLC,10/14/225
MU2502,270,-58,191.6,WGS84_46N,,GM,Ragnarok Investment LLC,10/14/225
CRS04,0,-70.1,41.4,WGS84_46N,,GM,Ragnarok Investment LLC,10/20/2025
CRS04,5,-70.2,41,WGS84_46N,,GM,Ragnarok Investment LLC,10/20/2025
CRS04,10,-70.3,41.2,WGS84_46N,,GM,Ragnarok Investment LLC,10/20/2025
CRS04,15,-70.4,41.4,WGS84_46N,,GM,Ragnarok Investment LLC,10/20/2025
CRS04,20,-70.3,41.1,WGS84_46N,,GM,Ragnarok Investment LLC,10/20/2025
CRS04,25,-70.3,41.2,WGS84_46N,,GM,Ragnarok Investment LLC,10/20/2025
CRS04,30,-70.3,41.3,WGS84_46N,,GM,Ragnarok Investment LLC,10/20/2025
CRS04,35,-70.3,41.7,WGS84_46N,,GM,Ragnarok Investment LLC,10/20/2025
CRS04,40,-70.4,41.4,WGS84_46N,,GM,Ragnarok Investment LLC,10/20/2025
CRS04,45,-70.4,41.6,WGS84_46N,,GM,Ragnarok Investment LLC,10/20/2025
CRS04,50,-70.4,42,WGS84_46N,,GM,Ragnarok Investment LLC,10/20/2025
CRS04,55,-70.4,41.7,WGS84_46N,,GM,Ragnarok Investment LLC,10/20/2025
CRS04,60,-70.4,41.3,WGS84_46N,,GM,Ragnarok Investment LLC,10/20/2025
CRS04,65,-70.4,41.4,WGS84_46N,,GM,Ragnarok Investment LLC,10/20/2025
CRS04,70,-70.4,41.5,WGS84_46N,,GM,Ragnarok Investment LLC,10/20/2025
CRS04,75,-70.5,41.4,WGS84_46N,,GM,Ragnarok Investment LLC,10/20/2025
CRS04,80,-70.5,41.6,WGS84_46N,,GM,Ragnarok Investment LLC,10/20/2025
CRS04,85,-70.5,41.9,WGS84_46N,,GM,Ragnarok Investment LLC,10/20/2025
CRS04,90,-70.4,41.9,WGS84_46N,,GM,Ragnarok Investment LLC,10/20/2025
CRS04,95,-70.5,42.2,WGS84_46N,,GM,Ragnarok Investment LLC,10/20/2025
CRS04,100,-70.5,42.2,WGS84_46N,,GM,Ragnarok Investment LLC,10/20/2025
CRS04,105,-70.5,42.2,WGS84_46N,,GM,Ragnarok Investment LLC,10/20/2025
CRS04,110,-70.5,42.1,WGS84_46N,,GM,Ragnarok Investment LLC,10/20/2025
CRS04,115,-70.4,42.3,WGS84_46N,,GM,Ragnarok Investment LLC,10/20/2025
CRS04,120,-70.6,42.2,WGS84_46N,,GM,Ragnarok Investment LLC,10/20/2025
CRS04,125,-70.6,42.6,WGS84_46N,,GM,Ragnarok Investment LLC,10/20/2025
CRS04,130,-70.7,42.6,WGS84_46N,,GM,Ragnarok Investment LLC,10/20/2025
CRS04,135,-70.8,42.5,WGS84_46N,,GM,Ragnarok Investment LLC,10/20/2025
CRS04,140,-70.7,42.8,WGS84_46N,,GM,Ragnarok Investment LLC,10/20/2025
CRS04,145,-70.8,42.9,WGS84_46N,,GM,Ragnarok Investment LLC,10/20/2025
CRS04,171.5,-70.9,42.9,WGS84_46N,,GM,Ragnarok Investment LLC,10/20/2025
BS001,0,-75.4,45.7,WGS84_46N,,GM,Ragnarok Investment LLC,11/2/2025
BS001,5,-75.3,45.4,WGS84_46N,,GM,Ragnarok Investment LLC,11/2/2025
BS001,10,-75.3,45.6,WGS84_46N,,GM,Ragnarok Investment LLC,11/2/2025
BS001,15,-75.3,45.7,WGS84_46N,,GM,Ragnarok Investment LLC,11/2/2025
BS001,20,-75.5,45.4,WGS84_46N,,GM,Ragnarok Investment LLC,11/2/2025
BS001,25,-75.7,45.3,WGS84_46N,,GM,Ragnarok Investment LLC,11/2/2025
BS001,30,-75.7,45.6,WGS84_46N,,GM,Ragnarok Investment LLC,11/2/2025
BS001,35,-75.8,45.5,WGS84_46N,,GM,Ragnarok Investment LLC,11/2/2025
BS001,40,-75.8,45.4,WGS84_46N,,GM,Ragnarok Investment LLC,11/2/2025
BS001,45,-75.8,45.2,WGS84_46N,,GM,Ragnarok Investment LLC,11/2/2025
BS001,50,-75.9,45,WGS84_46N,,GM,Ragnarok Investment LLC,11/2/2025
BS001,55,-76,44.6,WGS84_46N,,GM,Ragnarok Investment LLC,11/2/2025
BS001,60,-76,44.9,WGS84_46N,,GM,Ragnarok Investment LLC,11/2/2025
BS001,65,-75.9,44.1,WGS84_46N,,GM,Ragnarok Investment LLC,11/2/2025
BS001,70,-75.8,44.6,WGS84_46N,,GM,Ragnarok Investment LLC,11/2/2025
BS001,75,-75.9,44.1,WGS84_46N,,GM,Ragnarok Investment LLC,11/2/2025
BS001,80,-75.9,44.2,WGS84_46N,,GM,Ragnarok Investment LLC,11/2/2025
BS001,85,-76,44.1,WGS84_46N,,GM,Ragnarok Investment LLC,11/2/2025
BS001,90,-76.1,44.1,WGS84_46N,,GM,Ragnarok Investment LLC,11/2/2025
BS001,95,-76.3,44.5,WGS84_46N,,GM,Ragnarok Investment LLC,11/2/2025
BS001,100,-76.2,43.8,WGS84_46N,,GM,Ragnarok Investment LLC,11/2/2025
BS001,105,-75.6,44.1,WGS84_46N,,GM,Ragnarok Investment LLC,11/2/2025
BS001,110,-75.9,44.1,WGS84_46N,,GM,Ragnarok Investment LLC,11/2/2025
BS001,115,-76.2,44.4,WGS84_46N,,GM,Ragnarok Investment LLC,11/2/2025
BS001,120,-76.2,44.5,WGS84_46N,,GM,Ragnarok Investment LLC,11/2/2025
BS001,125,-76.2,44.7,WGS84_46N,,GM,Ragnarok Investment LLC,11/2/2025
BS001,130,-76.2,45.1,WGS84_46N,,GM,Ragnarok Investment LLC,11/2/2025
BS001,135,-76.2,45,WGS84_46N,,GM,Ragnarok Investment LLC,11/2/2025
BS001,140,-76.2,45,WGS84_46N,,GM,Ragnarok Investment LLC,11/2/2025
BS001,145,-76.1,45.3,WGS84_46N,,GM,Ragnarok Investment LLC,11/2/2025
BS001,150,-76.2,45.3,WGS84_46N,,GM,Ragnarok Investment LLC,11/2/2025
BS001,155,-76.2,45.3,WGS84_46N,,GM,Ragnarok Investment LLC,11/2/2025
BS001,160,-76.2,45.4,WGS84_46N,,GM,Ragnarok Investment LLC,11/2/2025
BS001,165,-76.1,45.6,WGS84_46N,,GM,Ragnarok Investment LLC,11/2/2025
BS001,170,-76.2,45.7,WGS84_46N,,GM,Ragnarok Investment LLC,11/2/2025
BS001,175,-76.2,45.8,WGS84_46N,,GM,Ragnarok Investment LLC,11/2/2025
BS001,180,-76.2,46,WGS84_46N,,GM,Ragnarok Investment LLC,11/2/2025
BS001,185,-76.2,46.4,WGS84_46N,,GM,Ragnarok Investment LLC,11/2/2025
BS001,190,-76.1,46.5,WGS84_46N,,GM,Ragnarok Investment LLC,11/2/2025
BS001,195,-76.1,46.4,WGS84_46N,,GM,Ragnarok Investment LLC,11/2/2025
BS001,200,-76.1,46.6,WGS84_46N,,GM,Ragnarok Investment LLC,11/2/2025
BS001,205,-76.2,47,WGS84_46N,,GM,Ragnarok Investment LLC,11/2/2025
BS001,210,-76.2,47.1,WGS84_46N,,GM,Ragnarok Investment LLC,11/2/2025
BS001,215,-76.2,47.6,WGS84_46N,,GM,Ragnarok Investment LLC,11/2/2025
BS001,220,-76.1,47.3,WGS84_46N,,GM,Ragnarok Investment LLC,11/2/2025
BS001,225,-76.1,47.7,WGS84_46N,,GM,Ragnarok Investment LLC,11/2/2025
BS001,230,-76.2,47.4,WGS84_46N,,GM,Ragnarok Investment LLC,11/2/2025
BS001,235,-76.3,47.6,WGS84_46N,,GM,Ragnarok Investment LLC,11/2/2025
BS001,240,-76.3,47.8,WGS84_46N,,GM,Ragnarok Investment LLC,11/2/2025
BS001,245,-76.2,48.3,WGS84_46N,,GM,Ragnarok Investment LLC,11/2/2025
BS001,250,-76.1,48.5,WGS84_46N,,GM,Ragnarok Investment LLC,11/2/2025
BS001,255,-76.1,48.5,WGS84_46N,,GM,Ragnarok Investment LLC,11/2/2025
BS001,260,-76.1,49,WGS84_46N,,GM,Ragnarok Investment LLC,11/2/2025
BS001,265,-76.2,48.9,WGS84_46N,,GM,Ragnarok Investment LLC,11/2/2025
BS001,270,-76.2,49.2,WGS84_46N,,GM,Ragnarok Investment LLC,11/2/2025
BS001,275,-76.1,49.6,WGS84_46N,,GM,Ragnarok Investment LLC,11/2/2025
BS001,280,-76,49.5,WGS84_46N,,GM,Ragnarok Investment LLC,11/2/2025
BS001,285,-76.1,49.5,WGS84_46N,,GM,Ragnarok Investment LLC,11/2/2025
BS001,290,-76.2,49.7,WGS84_46N,,GM,Ragnarok Investment LLC,11/2/2025
BS001,295,-76.2,49.9,WGS84_46N,,GM,Ragnarok Investment LLC,11/2/2025
BS001,300,-76.2,50.1,WGS84_46N,,GM,Ragnarok Investment LLC,11/2/2025
BS001,305,-76.2,49.9,WGS84_46N,,GM,Ragnarok Investment LLC,11/2/2025
BS001,310,-76.3,49.8,WGS84_46N,,GM,Ragnarok Investment LLC,11/2/2025
BS001,315,-76.2,50.2,WGS84_46N,,GM,Ragnarok Investment LLC,11/2/2025
BS001,320,-76.3,50.3,WGS84_46N,,GM,Ragnarok Investment LLC,11/2/2025
BS001,325,-76.3,50.6,WGS84_46N,,GM,Ragnarok Investment LLC,11/2/2025
BS001,330,-76.3,50.8,WGS84_46N,,GM,Ragnarok Investment LLC,11/2/2025
BS001,335,-76.3,50.9,WGS84_46N,,GM,Ragnarok Investment LLC,11/2/2025
BS001,340,-76.3,50.9,WGS84_46N,,GM,Ragnarok Investment LLC,11/2/2025
BS001,345,-76.3,51.4,WGS84_46N,,GM,Ragnarok Investment LLC,11/2/2025
BS001,350,-76.3,51.7,WGS84_46N,,GM,Ragnarok Investment LLC,11/2/2025
BS001,355,-76.2,51.5,WGS84_46N,,GM,Ragnarok Investment LLC,11/2/2025
BS001,360,-76.2,51.6,WGS84_46N,,GM,Ragnarok Investment LLC,11/2/2025
BS001,365,-76.2,52,WGS84_46N,,GM,Ragnarok Investment LLC,11/2/2025
BS001,370,-76.2,51.9,WGS84_46N,,GM,Ragnarok Investment LLC,11/2/2025
BS001,375,-76.2,52.4,WGS84_46N,,GM,Ragnarok Investment LLC,11/2/2025
BS001,380,-76.2,52,WGS84_46N,,GM,Ragnarok Investment LLC,11/2/2025
BS001,385,-76.4,52.5,WGS84_46N,,GM,Ragnarok Investment LLC,11/2/2025
BS001,390,-76.2,52.6,WGS84_46N,,GM,Ragnarok Investment LLC,11/2/2025
BS001,395,-76.2,52.6,WGS84_46N,,GM,Ragnarok Investment LLC,11/2/2025
BS001,400,-76.2,53.2,WGS84_46N,,GM,Ragnarok Investment LLC,11/2/2025
BS001,405,-76.3,53.5,WGS84_46N,,GM,Ragnarok Investment LLC,11/2/2025
BS001,410,-76.1,53.4,WGS84_46N,,GM,Ragnarok Investment LLC,11/2/2025
BS001,415,-76.2,53.9,WGS84_46N,,GM,Ragnarok Investment LLC,11/2/2025
BS001,420,-76.2,54.2,WGS84_46N,,GM,Ragnarok Investment LLC,11/2/2025
BS001,425,-76.2,54,WGS84_46N,,GM,Ragnarok Investment LLC,11/2/2025
BS001,430,-76.2,54.6,WGS84_46N,,GM,Ragnarok Investment LLC,11/2/2025
BS001,435,-76.2,54.8,WGS84_46N,,GM,Ragnarok Investment LLC,11/2/2025
BS001,440,-76.2,54.3,WGS84_46N,,GM,Ragnarok Investment LLC,11/2/2025
BS001,445,-76.2,54.9,WGS84_46N,,GM,Ragnarok Investment LLC,11/2/2025
BS001,450,-76.1,54.8,WGS84_46N,,GM,Ragnarok Investment LLC,11/2/2025
BS001,455,-76.1,55.3,WGS84_46N,,GM,Ragnarok Investment LLC,11/2/2025
BS001,460,-76.1,55.5,WGS84_46N,,GM,Ragnarok Investment LLC,11/2/2025
BS001,465,-76.1,56.4,WGS84_46N,,GM,Ragnarok Investment LLC,11/2/2025
BS001,470,-76.1,56.4,WGS84_46N,,GM,Ragnarok Investment LLC,11/2/2025
BS001,475,-76,56.9,WGS84_46N,,GM,Ragnarok Investment LLC,11/2/2025
BS001,480,-76,56.9,WGS84_46N,,GM,Ragnarok Investment LLC,11/2/2025
BS001,485,-76,57.2,WGS84_46N,,GM,Ragnarok Investment LLC,11/2/2025
BS001,490,-76.1,57.4,WGS84_46N,,GM,Ragnarok Investment LLC,11/2/2025
BS001,495,-76.1,57.2,WGS84_46N,,GM,Ragnarok Investment LLC,11/2/2025
BS001,500,-76.1,57.7,WGS84_46N,,GM,Ragnarok Investment LLC,11/2/2025
BS001,505,-76.1,57.6,WGS84_46N,,GM,Ragnarok Investment LLC,11/2/2025
BS001,510,-76.1,57.8,WGS84_46N,,GM,Ragnarok Investment LLC,11/2/2025
BS001,515,-76.1,58,WGS84_46N,,GM,Ragnarok Investment LLC,11/2/2025
BS001,520,-76.2,58,WGS84_46N,,GM,Ragnarok Investment LLC,11/2/2025
BS001,525.7,-76.1,58.5,WGS84_46N,,GM,Ragnarok Investment LLC,11/2/2025
OVD049,0,-69.3,59.3,WGS84_46N,,GM,Ragnarok Investment LLC,11/8/2025
OVD049,5,-69,59.6,WGS84_46N,,GM,Ragnarok Investment LLC,11/8/2025
OVD049,10,-69.1,59.7,WGS84_46N,,GM,Ragnarok Investment LLC,11/8/2025
OVD049,15,-69.1,59.8,WGS84_46N,,GM,Ragnarok Investment LLC,11/8/2025
OVD049,20,-69.1,59.8,WGS84_46N,,GM,Ragnarok Investment LLC,11/8/2025
OVD049,25,-69.1,59.7,WGS84_46N,,GM,Ragnarok Investment LLC,11/8/2025
OVD049,30,-69.1,60,WGS84_46N,,GM,Ragnarok Investment LLC,11/8/2025
OVD049,35,-69,60.1,WGS84_46N,,GM,Ragnarok Investment LLC,11/8/2025
OVD049,40,-68.9,59.8,WGS84_46N,,GM,Ragnarok Investment LLC,11/8/2025
OVD049,45,-68.9,60.3,WGS84_46N,,GM,Ragnarok Investment LLC,11/8/2025
OVD049,50,-68.8,60.2,WGS84_46N,,GM,Ragnarok Investment LLC,11/8/2025
OVD049,55,-68.8,60.2,WGS84_46N,,GM,Ragnarok Investment LLC,11/8/2025
OVD049,60,-68.8,60.4,WGS84_46N,,GM,Ragnarok Investment LLC,11/8/2025
OVD049,65,-68.8,60.4,WGS84_46N,,GM,Ragnarok Investment LLC,11/8/2025
OVD049,70,-68.7,60.6,WGS84_46N,,GM,Ragnarok Investment LLC,11/8/2025
OVD049,75,-68.6,60.6,WGS84_46N,,GM,Ragnarok Investment LLC,11/8/2025
OVD049,80,-68.6,61.1,WGS84_46N,,GM,Ragnarok Investment LLC,11/8/2025
OVD049,85,-68.6,61.1,WGS84_46N,,GM,Ragnarok Investment LLC,11/8/2025
OVD049,90,-68.6,60.7,WGS84_46N,,GM,Ragnarok Investment LLC,11/8/2025
OVD049,95,-68.6,60.7,WGS84_46N,,GM,Ragnarok Investment LLC,11/8/2025
OVD049,100,-68.5,61,WGS84_46N,,GM,Ragnarok Investment LLC,11/8/2025
OVD049,105,-68.5,61.1,WGS84_46N,,GM,Ragnarok Investment LLC,11/8/2025
OVD049,110,-68.5,61.2,WGS84_46N,,GM,Ragnarok Investment LLC,11/8/2025
OVD049,115,-68.4,61.5,WGS84_46N,,GM,Ragnarok Investment LLC,11/8/2025
OVD049,120,-68.4,61.6,WGS84_46N,,GM,Ragnarok Investment LLC,11/8/2025
OVD049,125,-68.4,61.7,WGS84_46N,,GM,Ragnarok Investment LLC,11/8/2025
OVD049,130,-68.4,62,WGS84_46N,,GM,Ragnarok Investment LLC,11/8/2025
OVD049,135,-68.4,62.2,WGS84_46N,,GM,Ragnarok Investment LLC,11/8/2025
OVD049,140,-68.4,62,WGS84_46N,,GM,Ragnarok Investment LLC,11/8/2025
OVD049,145,-68.4,62,WGS84_46N,,GM,Ragnarok Investment LLC,11/8/2025
OVD049,150,-68.4,62.2,WGS84_46N,,GM,Ragnarok Investment LLC,11/8/2025
OVD049,155,-68.3,62.2,WGS84_46N,,GM,Ragnarok Investment LLC,11/8/2025
OVD049,160,-68.3,62.2,WGS84_46N,,GM,Ragnarok Investment LLC,11/8/2025
OVD049,165,-68.2,62.3,WGS84_46N,,GM,Ragnarok Investment LLC,11/8/2025
OVD049,170,-68.2,62.6,WGS84_46N,,GM,Ragnarok Investment LLC,11/8/2025
OVD049,175,-68.1,62.7,WGS84_46N,,GM,Ragnarok Investment LLC,11/8/2025
OVD049,180,-68.1,63.1,WGS84_46N,,GM,Ragnarok Investment LLC,11/8/2025
OVD049,185,-68,63,WGS84_46N,,GM,Ragnarok Investment LLC,11/8/2025
OVD049,190,-68,63.2,WGS84_46N,,GM,Ragnarok Investment LLC,11/8/2025
OVD049,195,-68,63.5,WGS84_46N,,GM,Ragnarok Investment LLC,11/8/2025
OVD049,200,-67.9,63.7,WGS84_46N,,GM,Ragnarok Investment LLC,11/8/2025
OVD049,205,-68,63.6,WGS84_46N,,GM,Ragnarok Investment LLC,11/8/2025
OVD049,210,-68,63.7,WGS84_46N,,GM,Ragnarok Investment LLC,11/8/2025
OVD049,216.2,-67.9,63.8,WGS84_46N,,GM,Ragnarok Investment LLC,11/8/2025
OVD050,0,-59.9,210.5,WGS84_46N,,GM,Ragnarok Investment LLC,11/11/2025
OVD050,5,-60.1,210.3,WGS84_46N,,GM,Ragnarok Investment LLC,11/11/2025
OVD050,10,-60.1,210.2,WGS84_46N,,GM,Ragnarok Investment LLC,11/11/2025
OVD050,15,-60.3,211.2,WGS84_46N,,GM,Ragnarok Investment LLC,11/11/2025
OVD050,20,-60.5,211.9,WGS84_46N,,GM,Ragnarok Investment LLC,11/11/2025
OVD050,25,-60.4,211.7,WGS84_46N,,GM,Ragnarok Investment LLC,11/11/2025
OVD050,30,-60.4,211.6,WGS84_46N,,GM,Ragnarok Investment LLC,11/11/2025
OVD050,35,-60.4,211.6,WGS84_46N,,GM,Ragnarok Investment LLC,11/11/2025
OVD050,40,-60.5,211.6,WGS84_46N,,GM,Ragnarok Investment LLC,11/11/2025
OVD050,45,-60.4,211.7,WGS84_46N,,GM,Ragnarok Investment LLC,11/11/2025
OVD050,50,-60.3,211.5,WGS84_46N,,GM,Ragnarok Investment LLC,11/11/2025
OVD050,55,-60.2,211,WGS84_46N,,GM,Ragnarok Investment LLC,11/11/2025
OVD050,60,-60.1,210.8,WGS84_46N,,GM,Ragnarok Investment LLC,11/11/2025
OVD050,65,-60.1,210.7,WGS84_46N,,GM,Ragnarok Investment LLC,11/11/2025
OVD050,70,-60.1,210.6,WGS84_46N,,GM,Ragnarok Investment LLC,11/11/2025
OVD050,75,-60,210.6,WGS84_46N,,GM,Ragnarok Investment LLC,11/11/2025
OVD050,80,-60,209.7,WGS84_46N,,GM,Ragnarok Investment LLC,11/11/2025
OVD050,85,-59.9,209.3,WGS84_46N,,GM,Ragnarok Investment LLC,11/11/2025
OVD050,90,-59.9,209.3,WGS84_46N,,GM,Ragnarok Investment LLC,11/11/2025
OVD050,95,-59.8,209.1,WGS84_46N,,GM,Ragnarok Investment LLC,11/11/2025
OVD050,100,-59.7,209.2,WGS84_46N,,GM,Ragnarok Investment LLC,11/11/2025
OVD050,105,-59.7,209.3,WGS84_46N,,GM,Ragnarok Investment LLC,11/11/2025
OVD050,110,-59.6,209.4,WGS84_46N,,GM,Ragnarok Investment LLC,11/11/2025
OVD050,115,-59.6,209.5,WGS84_46N,,GM,Ragnarok Investment LLC,11/11/2025
OVD050,120,-59.6,209.4,WGS84_46N,,GM,Ragnarok Investment LLC,11/11/2025
OVD050,125,-59.6,209.4,WGS84_46N,,GM,Ragnarok Investment LLC,11/11/2025
OVD050,130,-59.6,209.6,WGS84_46N,,GM,Ragnarok Investment LLC,11/11/2025
OVD050,135,-59.5,209.5,WGS84_46N,,GM,Ragnarok Investment LLC,11/11/2025
OVD050,140,-59.6,209.6,WGS84_46N,,GM,Ragnarok Investment LLC,11/11/2025
OVD050,145,-59.7,209.8,WGS84_46N,,GM,Ragnarok Investment LLC,11/11/2025
OVD050,150,-59.6,209.9,WGS84_46N,,GM,Ragnarok Investment LLC,11/11/2025
OVD050,155,-59.5,209.9,WGS84_46N,,GM,Ragnarok Investment LLC,11/11/2025
OVD050,160,-59.5,210.2,WGS84_46N,,GM,Ragnarok Investment LLC,11/11/2025
OVD050,165,-59.4,210.5,WGS84_46N,,GM,Ragnarok Investment LLC,11/11/2025
OVD050,170,-59.3,210.7,WGS84_46N,,GM,Ragnarok Investment LLC,11/11/2025
OVD050,175,-59.3,210.9,WGS84_46N,,GM,Ragnarok Investment LLC,11/11/2025
OVD050,180,-59.2,211.1,WGS84_46N,,GM,Ragnarok Investment LLC,11/11/2025
OVD050,185,-59.1,211.2,WGS84_46N,,GM,Ragnarok Investment LLC,11/11/2025
OVD050,190,-59.1,211.1,WGS84_46N,,GM,Ragnarok Investment LLC,11/11/2025
OVD050,192,-59.1,211.1,WGS84_46N,,GM,Ragnarok Investment LLC,11/11/2025
OVD051,0,-62.8,332.4,WGS84_46N,,GM,Ragnarok Investment LLC,11/13/2025
OVD051,5,-63,332.1,WGS84_46N,,GM,Ragnarok Investment LLC,11/13/2025
OVD051,10,-63.2,332,WGS84_46N,,GM,Ragnarok Investment LLC,11/13/2025
OVD051,15,-63.2,332.2,WGS84_46N,,GM,Ragnarok Investment LLC,11/13/2025
OVD051,20,-63.2,331.8,WGS84_46N,,GM,Ragnarok Investment LLC,11/13/2025
OVD051,25,-63.2,331.6,WGS84_46N,,GM,Ragnarok Investment LLC,11/13/2025
OVD051,30,-63.2,331.7,WGS84_46N,,GM,Ragnarok Investment LLC,11/13/2025
OVD051,35,-63.1,331.6,WGS84_46N,,GM,Ragnarok Investment LLC,11/13/2025
OVD051,40,-63,331.6,WGS84_46N,,GM,Ragnarok Investment LLC,11/13/2025
OVD051,45,-62.8,331.8,WGS84_46N,,GM,Ragnarok Investment LLC,11/13/2025
OVD051,50,-62.8,332,WGS84_46N,,GM,Ragnarok Investment LLC,11/13/2025
OVD051,55,-62.7,332.2,WGS84_46N,,GM,Ragnarok Investment LLC,11/13/2025
OVD051,60,-62.7,332.3,WGS84_46N,,GM,Ragnarok Investment LLC,11/13/2025
OVD051,65,-62.5,332.4,WGS84_46N,,GM,Ragnarok Investment LLC,11/13/2025
OVD051,70,-62.5,332.5,WGS84_46N,,GM,Ragnarok Investment LLC,11/13/2025
OVD051,75,-62.5,332.8,WGS84_46N,,GM,Ragnarok Investment LLC,11/13/2025
OVD051,80,-62.5,332.6,WGS84_46N,,GM,Ragnarok Investment LLC,11/13/2025
OVD051,85,-62.6,332.8,WGS84_46N,,GM,Ragnarok Investment LLC,11/13/2025
OVD051,90,-62.5,333.1,WGS84_46N,,GM,Ragnarok Investment LLC,11/13/2025
OVD051,95,-62.4,333.2,WGS84_46N,,GM,Ragnarok Investment LLC,11/13/2025
OVD051,100,-62.3,333.7,WGS84_46N,,GM,Ragnarok Investment LLC,11/13/2025
OVD051,105,-62.4,333.7,WGS84_46N,,GM,Ragnarok Investment LLC,11/13/2025
OVD051,110,-62.3,333.8,WGS84_46N,,GM,Ragnarok Investment LLC,11/13/2025
OVD051,115,-62.4,334,WGS84_46N,,GM,Ragnarok Investment LLC,11/13/2025
OVD051,120,-62.3,334,WGS84_46N,,GM,Ragnarok Investment LLC,11/13/2025
OVD051,125,-62.3,334.2,WGS84_46N,,GM,Ragnarok Investment LLC,11/13/2025
OVD051,128.1,-62.3,334.3,WGS84_46N,,GM,Ragnarok Investment LLC,11/13/2025
OVD052,0,-63,139.4,WGS84_46N,,GM,Ragnarok Investment LLC,11/17/2025
OVD052,5,-62.9,139.6,WGS84_46N,,GM,Ragnarok Investment LLC,11/17/2025
OVD052,10,-62.8,138.9,WGS84_46N,,GM,Ragnarok Investment LLC,11/17/2025
OVD052,15,-62.8,138.7,WGS84_46N,,GM,Ragnarok Investment LLC,11/17/2025
OVD052,20,-62.8,138.9,WGS84_46N,,GM,Ragnarok Investment LLC,11/17/2025
OVD052,25,-62.8,138.9,WGS84_46N,,GM,Ragnarok Investment LLC,11/17/2025
OVD052,30,-62.8,139.2,WGS84_46N,,GM,Ragnarok Investment LLC,11/17/2025
OVD052,35,-62.8,139.3,WGS84_46N,,GM,Ragnarok Investment LLC,11/17/2025
OVD052,40,-62.8,139.6,WGS84_46N,,GM,Ragnarok Investment LLC,11/17/2025
OVD052,45,-62.9,139.5,WGS84_46N,,GM,Ragnarok Investment LLC,11/17/2025
OVD052,50,-62.9,139.7,WGS84_46N,,GM,Ragnarok Investment LLC,11/17/2025
OVD052,55,-62.9,139.7,WGS84_46N,,GM,Ragnarok Investment LLC,11/17/2025
OVD052,60,-62.9,139.9,WGS84_46N,,GM,Ragnarok Investment LLC,11/17/2025
OVD052,65,-62.9,139.9,WGS84_46N,,GM,Ragnarok Investment LLC,11/17/2025
OVD052,70,-62.9,140.2,WGS84_46N,,GM,Ragnarok Investment LLC,11/17/2025
OVD052,75,-62.9,140.4,WGS84_46N,,GM,Ragnarok Investment LLC,11/17/2025
OVD052,80,-62.9,140.5,WGS84_46N,,GM,Ragnarok Investment LLC,11/17/2025
OVD052,85,-62.9,140.7,WGS84_46N,,GM,Ragnarok Investment LLC,11/17/2025
OVD052,90,-62.9,140.9,WGS84_46N,,GM,Ragnarok Investment LLC,11/17/2025
OVD052,95,-62.7,141.1,WGS84_46N,,GM,Ragnarok Investment LLC,11/17/2025
OVD052,100,-62.7,141.1,WGS84_46N,,GM,Ragnarok Investment LLC,11/17/2025
OVD052,105,-62.9,141.4,WGS84_46N,,GM,Ragnarok Investment LLC,11/17/2025
OVD052,110,-62.8,141.1,WGS84_46N,,GM,Ragnarok Investment LLC,11/17/2025
OVD052,115,-62.9,141.2,WGS84_46N,,GM,Ragnarok Investment LLC,11/17/2025
OVD052,120,-62.9,142.3,WGS84_46N,,GM,Ragnarok Investment LLC,11/17/2025
OVD052,125,-62.9,142.3,WGS84_46N,,GM,Ragnarok Investment LLC,11/17/2025
OVD052,130,-62.9,142.3,WGS84_46N,,GM,Ragnarok Investment LLC,11/17/2025
OVD052,135,-63,142.4,WGS84_46N,,GM,Ragnarok Investment LLC,11/17/2025
OVD052,140,-63,142.5,WGS84_46N,,GM,Ragnarok Investment LLC,11/17/2025
OVD052,145,-63,142.4,WGS84_46N,,GM,Ragnarok Investment LLC,11/17/2025
OVD052,150,-63.1,142.8,WGS84_46N,,GM,Ragnarok Investment LLC,11/17/2025
OVD052,155,-62.9,142.9,WGS84_46N,,GM,Ragnarok Investment LLC,11/17/2025
OVD052,160,-62.8,142.9,WGS84_46N,,GM,Ragnarok Investment LLC,11/17/2025
OVD052,165,-62.7,143.1,WGS84_46N,,GM,Ragnarok Investment LLC,11/17/2025
OVD052,170,-62.7,143,WGS84_46N,,GM,Ragnarok Investment LLC,11/17/2025
OVD052,175,-62.6,143,WGS84_46N,,GM,Ragnarok Investment LLC,11/17/2025
OVD052,180,-62.6,143.1,WGS84_46N,,GM,Ragnarok Investment LLC,11/17/2025
OVD052,185,-62.5,143.4,WGS84_46N,,GM,Ragnarok Investment LLC,11/17/2025
OVD052,190,-62.5,143.5,WGS84_46N,,GM,Ragnarok Investment LLC,11/17/2025
OVD052,191,-62.5,143.4,WGS84_46N,,GM,Ragnarok Investment LLC,11/17/2025
SC02,0,-60,210,WGS84_46N,,GM,Ragnarok Investment LLC,Not accepted
SC02,22.5,-60,210,WGS84_46N,,GM,Ragnarok Investment LLC,Not accepted
OVD013A,0,-70,240,WGS84_46N,,GM,Ragnarok Investment LLC,Not accepted
OVD013A,5.9,-70,240,WGS84_46N,,GM,Ragnarok Investment LLC,Not accepted
