source_file,source_fileId,sample_id,drillhole_id,depth_from_m,depth_to_m,depth_m,sample_type,rock_name,rock_name_original,texture,minerals,alteration,opaque_minerals,description_summary,analyst_or_lab,report_date
English Petrographic and Mineragraphic Descriptions. 6.docx,1oaodEQTEk0STZ9sRQ0X9ysVSqs4arRxc,OVD20-60.6,OVD20,,,60.6,double polished thin section,"Weakly mineralised, altered melanocratic gabbro porphyry",,"Porphyraceous; groundmass poikiloophitic, prismatic; structure massive",Plagioclase:30-35; Hornblende:30-35; Altered olivine:20-25; Biotite:5-10; Quartz:1-3; Ilmenite:0.5-1.0; Pyrrhotite:1-2; Chromite:rare; Magnetite:rare; Chalcopyrite:trace,"Serpentine, saussurite, talc, actinolite, carbonate; plagioclase altered to sericite-chlorite-epidote-carbonate; olivine to talc-serpentine pseudomorphs",Ilmenite-chromite-magnetite-pyrrhotite-chalcopyrite paragenesis; pyrrhotite as irregular grains and micro-lenses replacing chromite and ilmenite,"Hornblende and altered-olivine phenocrysts (60-65%) in a poikiloophitic groundmass of zoned plagioclase and mafic minerals. Olivine is pseudomorphed by talc-serpentine; quartz-carbonate amygdales and lenses 0.5-3.0 mm occur. Ore minerals (ilmenite, chromite, magnetite, pyrrhotite, chalcopyrite) occur in minor amounts, pyrrhotite associated with talc-serpentine pseudomorphs.",,
English Petrographic and Mineragraphic Descriptions. 6.docx,1oaodEQTEk0STZ9sRQ0X9ysVSqs4arRxc,CRSO1A-61.3,CRS01A,,,61.3,double polished thin section,Mineralised cordierite-actinolite metasomatite,,"Lepidogranonematoblastic; structure weakly parallel, lens- and veinlet-like",Actinolite:45-50; Cordierite:30-35; Biotite:rare; Serpentine:5-10; Magnetite:rare; Pyrrhotite:8-10; Chalcopyrite:trace; Sphalerite:trace; Ilmenite:trace; Pyrite:trace,Sericite; serpentine micro-lenses,"Ilmenite-pyrite-magnetite-pyrrhotite-chalcopyrite-sphalerite paragenesis; pyrrhotite dominant as irregular grains, lenses and streaks replacing magnetite/ilmenite and replaced by chalcopyrite","Strongly mineralised metasomatite of unevenly distributed cordierite and actinolite similar to samples 41.4 and 53.4. Coarse tabular cordierite (0.5-3.0 mm) with undulatory extinction hosts actinolite inclusions; fibrous actinolite forms nematoblastic radial aggregates. Ore minerals intergrown with cordierite, actinolite and probable serpentine; sphalerite carries micro-inclusions of chalcopyrite and pyrrhotite.",,
English Petrographic and Mineragraphic Descriptions. 6.docx,1oaodEQTEk0STZ9sRQ0X9ysVSqs4arRxc,CRSO1A-81.1,CRS01A,,,81.1,double polished thin section,Mineralised spinel-cordierite-actinolite metasomatite (micro-gneiss),,"Heterolepidogranonematoblastic; structure weakly parallel, lens- and veinlet-like",Actinolite:25-30; Cordierite:25-30; Monoclinic pyroxene:5-10; Biotite:5-8; Muscovite:3-5; Serpentine:1-3; Garnet:1-3; Spinel:3-5; Magnetite:5-8; Pyrrhotite:5-8; Chalcopyrite:1-3; Pyrite:1-3,Hornblende partially altered to actinolite; serpentine micro-lenses,Ilmenite-pyrite-magnetite-pyrrhotite-chalcopyrite paragenesis; chalcopyrite in lens-like and banded clusters 0.5-8.0 mm wide; euhedral green spinel intergrown with magnetite,"Banded metasomatite (similar to samples 41.4, 53.4, 61.3) of cordierite, pyroxene, actinolite, biotite, garnet, muscovite and spinel; hornblende-actinolite-quartz bands with coarse pyrite and chalcopyrite 1-8 mm wide. Intensely mineralised; ore minerals grow in association with all silicates including euhedral square spinel grains.",,
English Petrographic and Mineragraphic Descriptions. 6.docx,1oaodEQTEk0STZ9sRQ0X9ysVSqs4arRxc,CRSO1A-90.5,CRS01A,,,90.5,double polished thin section,Silicified and mineralised serpentinite with biotite-chlorite,,Lepidoblastic; structure lens- and vein-like,Serpentine:45-50; Chlorite:10-15; Biotite:10-15; Quartz:10-15; Carbonate:1-3; Pyrite:8-10; Chalcopyrite:0.5; Pyrrhotite:rare,"Silicification (quartz veins/lenses 0.5-2.0 mm), chloritization, carbonate","Pyrite-chalcopyrite paragenesis; pyrite as euhedral to irregular grains 0.1-2.0 mm in lens-shaped aggregates within serpentine, rimmed/replaced by chalcopyrite; chalcopyrite micro-lenses in quartz veins","Serpentine-dominated rock (relict six/eight-sided olivine shapes) with abundant biotite flakes and chlorite lenses, crosscut by quartz veins from silicification. Field description: meta-sediment. XRD-identified minerals include quartz, muscovite, pyrite, clinochlore and lizardite. Mineralisation forms micro-lenses and veinlets of pyrite and chalcopyrite with serpentine, chlorite, carbonate and quartz.",,
English Petrographic and Mineragraphic Descriptions. 6.docx,1oaodEQTEk0STZ9sRQ0X9ysVSqs4arRxc,CRSO1A-104.4,CRS01A,,,104.4,double polished thin section,Carbonated and mineralised quartz vein,,Granoblastic; structure lens- and vein-like,Quartz:70-75; Carbonate:10-15; Pyrite:8-10; Goethite:1-2; Chalcopyrite:0.5-1.0,Carbonatization (carbonate veins 0.01-1.0 mm cutting quartz),"Pyrite-goethite-chalcopyrite paragenesis; euhedral pyrite 0.1-1.5 mm in lens/vein aggregates along carbonate veins, overgrown by goethite; chalcopyrite micro-grain lenses","Quartz vein of granoblastic isometric quartz (0.1-1.5 mm, undulatory extinction) cut by minor carbonate veins and lenses along which ore formation occurred. Pyrite dominates, associated with carbonate veins and rimmed by goethite; minor chalcopyrite overgrows pyrite edges.",,
English Petrographic and Mineragraphic Descriptions. 6.docx,1oaodEQTEk0STZ9sRQ0X9ysVSqs4arRxc,CRSO1A-111.8,CRS01A,,,111.8,double polished thin section,Altered plagio-rhyolite (plagio-granite porphyry),,"Porphyroblastic; groundmass felsitic, locally micro-aplitic; structure massive",Quartz:25-30; Plagioclase:10-15; K-feldspar:5-10; Biotite:8-10; Pyrite:trace; Magnetite:trace; Zircon:trace,"Plagioclase strongly altered to sericite, pelite, carbonate, muscovite; biotite locally to chlorite and rutile; epigenetic carbonate veins 0.02-0.1 mm",Pyrite-magnetite paragenesis; euhedral magnetite 0.05-0.1 mm occasionally replacing pyrite; sparse cubic pyrite 0.01-0.1 mm,"Porphyritic felsic rock with plagioclase (oligoclase An28-29, 0.8-8.5 mm) and rounded quartz phenocrysts (30-35%) in a felsitic quartz-albite-biotite groundmass with minor K-feldspar. Phenocrysts strongly sericitized/carbonatized with fresh zoned rims; rock cut by thin carbonate veins. Accessories: sphene, zircon, apatite; ore minerals magnetite and pyrite in trace amounts. Sample labelled ""111.8"" in the doc; hole CRS01A inferred from report context.",,
English Petrographic and Mineragraphic description. 15.docx (Innova Mineral),1H4Afka4AW1Irumg9EYs2XIw5n2rRa4Ga,CRSO1A-41.4,CRS01A,,,41.4,double polished thin section,Mineralised amphibole-plagioclase gneiss (formed from gabbro-diorite),Хүдэржсэн амфибол-плагиоклазат гнейс (габбро-диоритоор үүссэн),"Nematogranoblastic, relict porphyroblastic, relict hypidiomorphic; structure gneissic, lens-like",Plagioclase (albite):45-50; Actinolite:20-25; Quartz:10-15; Biotite:trace; Magnetite:5-8; Pyrrhotite:8-10; Pyrite:trace; Chalcopyrite:trace,Plagioclase completely albitized; actinolite after amphibole,"Magnetite-pyrrhotite-chalcopyrite paragenesis, evenly disseminated; magnetite replaced by pyrrhotite, pyrrhotite by chalcopyrite; euhedral pyrite in quartz aggregates; magnetite-pyrrhotite-millerite crystal noted in microphoto","Gneiss of albite, actinolite and quartz aligned in one direction (nematogranoblastic) with relict poikilitic/hypidiomorphic textures indicating a gabbro-diorite protolith. Significantly mineralized, ore minerals associated with both albite and actinolite growth; lenticular quartz granoblastic clusters host euhedral pyrite.",Innova Mineral LLC,
English Petrographic and Mineragraphic description. 15.docx (Innova Mineral),1H4Afka4AW1Irumg9EYs2XIw5n2rRa4Ga,OVD21-42.3,OVD21,,,42.3,double polished thin section,Mineralised and altered fine to medium grained peridotite with hornblende (melanocratic gabbro?),"Хүдэржиж, хувирсан жижиг дунд ширхэгтэй эвэр хуурмагт перидотит (меланократ габбро?)","Hypidiomorphic, poikilitic; structure vein-, net-like","Pyroxene:15-20; Hornblende:20-25; Altered olivine:15-20; Plagioclase:5-10; Biotite:5-10; Magnetite:3-5; Pyrrhotite:10-15; Pentlandite:trace; Chromite:trace; Chalcopyrite:1-2; Silver, PGE?:trace; Serpentine+saussurite+talc+actinolite (secondary):10-15","Serpentinization (veins along pyroxene cleavage), saussurite, talc, actinolite","Chromite-magnetite-pentlandite-pyrrhotite-chalcopyrite paragenesis; ore lenses 0.8-7.0 mm; pyrrhotite dominant, replaced by chalcopyrite; pentlandite replaced by pyrrhotite and millerite; possible PGE/white-gold group micrograins 0.005-0.01 mm","Hornblende peridotite / melanocratic gabbro dominated by monoclinic pyroxene with serpentinized olivine, brown hornblende and biotite; interstitial basic plagioclase slightly saussuritized. Strong Ni-Cu style mineralization as evenly distributed sulfide lenses linked to serpentinization of the ultramafic-mafic intrusive; high-reflectance white micrograins may be precious-metal phases requiring analysis.",Innova Mineral LLC,
English Petrographic and Mineragraphic description. 15.docx (Innova Mineral),1H4Afka4AW1Irumg9EYs2XIw5n2rRa4Ga,CRSO1A-53.4,CRS01A,,,53.4,double polished thin section,Mineralised gneiss with quartz-actinolite-albite (metasomatite formed from gabbro-diorite),Хүдэржсэн кварц-актинолит-альбитат гнейс (габбро-диоритоор үүссэн метасоматит),"Lepidonematogranoblastic, relict porphyroblastic, relict hypidiomorphic; structure gneissic, lens-vein like",Albite:35-40; Actinolite:20-25; Quartz:15-20; Biotite:5-10; Magnetite:5-8; Pyrrhotite:3-5; Pyrite:trace; Chalcopyrite:8-10; Sphalerite:trace,Plagioclase albitized; deformed granoblastic recrystallization,Pyrite-magnetite-pyrrhotite-chalcopyrite-sphalerite paragenesis evenly distributed; chalcopyrite lens-like microaggregates replacing pyrrhotite and magnetite; sphalerite with chalcopyrite inclusions,Similar to sample 41.4: albite-actinolite-biotite-quartz gneiss with relict porphyroblastic/hypidiomorphic textures after gabbro-diorite. Quartz granoblastic lens/vein zones 5-7 mm wide contain actinolite needles and ore minerals. Strongly mineralized with chalcopyrite notably abundant (8-10%).,Innova Mineral LLC,
English Petrographic and Mineragraphic description. 15.docx (Innova Mineral),1H4Afka4AW1Irumg9EYs2XIw5n2rRa4Ga,OVD21-76.6,OVD21,,,76.6,double polished thin section,"Mineralized, serpentinized, fine- to medium-grained hornblende-bearing peridotite","Хүдэржиж, серпентинжсэн жижиг дунд ширхэгтэй эвэр хуурмагтай перидотит","Relict hypidiomorphic, poikilitic, occasionally sideronitic; structure massive, net",Serpentine pseudomorphs (after olivine and pyroxene):40-45; Hornblende:20-25; Altered plagioclase:5-10; Altered mon. pyroxene:3-5; Biotite:5-8; Magnetite:8-10; Pyrrhotite:trace; Pentlandite:1-2; Chalcopyrite:trace; Pyrite:trace; Chromite:trace; Apatite:trace; Serpentine+saussurite+talc+actinolite (secondary):10-15,"Intense serpentinization (pseudomorphs with relict 6-8-sided olivine outlines), talc, actinolite, saussurite",Magnetite-pyrite-pentlandite-pyrrhotite-chalcopyrite paragenesis; ore lenses 1.0-8.0 mm; pyrrhotite dominant (0.8-6.0 mm) rimmed by chalcopyrite; fine magnetite veinlets in serpentine; minor euhedral pyrite and chromite,"Similar to sample 42.3: serpentine pseudomorphs after olivine (with relict olivine remnants) and pyroxene, strongly replaced marginally by brown hornblende; minor biotite and saussuritized plagioclase. Intense sulfide mineralization as evenly distributed lenses tied to serpentinization of the ultramafic-mafic intrusive.",Innova Mineral LLC,
English Petrographic and Mineragraphic description. 15.docx (Innova Mineral),1H4Afka4AW1Irumg9EYs2XIw5n2rRa4Ga,OVD-21-94.4,OVD21,,,94.4,double polished thin section,"Mineralised, serpentinized, fine to medium grained hornblende peridotite","Хүдэржиж, серпентинжсэн жижиг дунд ширхэгтэй эвэр хуурмагтай перидотит","Relict hypidiomorphic, poikilitic, occasionally sideronitic; structure massive, net",Serpentine pseudomorphs (after olivine and pyroxene):40-45; Hornblende:15-20; Altered plagioclase:8-10; Altered mon. pyroxene:5-10; Biotite-fuchsite:5-10; Magnetite:3-5; Pyrrhotite:10-15; Pentlandite:trace; Chalcopyrite:1-2; Apatite:trace,"Serpentinization, saussurite, talc, actinolite, iddingsite; fuchsite after hornblende margins",Magnetite-pentlandite-pyrrhotite-chalcopyrite paragenesis; pyrrhotite 80-85% of ore minerals in lenses 0.5-7.0 mm; magnetite fine-grained intersecting veinlets in serpentine; pentlandite replaced by pyrrhotite and millerite,"Similar to samples 42.5 and 76.6: magnetite-bearing serpentine pseudomorphs after olivine/pyroxene with hornblende, biotite-fuchsite and minor saussuritized plagioclase. Intense mineralization as magnetite veinlets along serpentine fractures plus evenly distributed sulfide lenses related to serpentinization.",Innova Mineral LLC,
English Petrographic and Mineragraphic description. 15.docx (Innova Mineral),1H4Afka4AW1Irumg9EYs2XIw5n2rRa4Ga,OVD-11-101.5,OVD011,,,101.5,double polished thin section,Altered quartzose microdiorite,Хувирсан кварцат микродиорит,"Relict prismatic, poikilo-ophitic; structure massive",Altered plagioclase:50-55; Altered hornblende:30-35; Quartz:8-10; Leucoxenized titanite:1-3; Pyrite:trace; Apatite:trace,"Sericite, pelite, saussurite, actinolite, chlorite; epigenetic carbonate veinlets 0.1-0.5 mm",Titanite-pyrite paragenesis only; leucoxenized titanite 0.03-0.2 mm associated with hornblende; sparse fine pyrite 0.01-0.05 mm,Strongly altered microdiorite: plagioclase almost completely sericitized/saussuritized retaining relict prismatic form; hornblende heavily altered to actinolite and carbonate; sparse interstitial quartz with poikilitic inclusions. Essentially unmineralized; crosscut by carbonate(-actinolite) veinlets.,Innova Mineral LLC,
English Petrographic and Mineragraphic description. 15.docx (Innova Mineral),1H4Afka4AW1Irumg9EYs2XIw5n2rRa4Ga,OVD-21-107,OVD21,,,107.0,double polished thin section,"Mineralised, altered, fine to medium grained pyroxene-biotite-hornblende gabbro","Хүдэржиж, хувирсан жижиг дунд ширхэгтэй пироксен-биотит-эвэр хуурмагт габбро","Relict hypidiomorphic, poikilitic; structure massive","Altered plagioclase:40-45; Hornblende:20-25; Altered mon. pyroxene:5; Serpentine pseudomorph:5-8; Biotite:5-10; Magnetite:8-10; Pyrrhotite:5-8; Chalcopyrite:10; Pentlandite:3-5; Apatite:1.0-2; Sphene:trace; Silver, PGE?:2-3 phenocrysts","Serpentine, epidote, actinolite, chlorite; plagioclase cores altered to sericite-actinolite-epidote","Magnetite-pentlandite-pyrrhotite-chalcopyrite paragenesis; chalcopyrite and magnetite dominant, lens-like accumulations 0.5-5.0 mm; possible platinum-group micrograins 0.005-0.01 mm","Gabbro of zoned mafic plagioclase, brown hornblende (with monoclinic pyroxene relicts), biotite and serpentinized olivine pseudomorphs. Intense mineralization forms relatively large evenly distributed ore lenses texturally associated with plagioclase and mafic minerals; chalcopyrite is notably abundant. Tiny high-luster white grains possibly PGM.",Innova Mineral LLC,
English Petrographic and Mineragraphic description. 15.docx (Innova Mineral),1H4Afka4AW1Irumg9EYs2XIw5n2rRa4Ga,OVD-21-116.1,OVD21,,,116.1,double polished thin section,"Mineralised and serpentinized, fine to medium grained hornblende peridotite","Хүдэржиж, серпентинжсэн жижиг дунд ширхэгтэй эвэр хуурмагтай перидотит","Relict hypidiomorphic, poikilitic, occasionally sideronitic; structure massive, net",Serpentinized olivine and pyroxene:40-45; Hornblende:15-20; Altered plagioclase:5-10; Altered mon. pyroxene:5-10; Biotite-fuchsite:5-10; Magnetite:3-5; Pyrrhotite:8-10; Pentlandite:1-2; Chalcopyrite:3-5; Sphalerite:trace; Apatite:trace; PGM phenocrysts?:5-6 phenocrysts,"Partial serpentinization (olivine/pyroxene not fully pseudomorphed), saussurite, talc, actinolite, iddingsite; fuchsite","Magnetite-pentlandite-pyrrhotite-chalcopyrite-sphalerite paragenesis; ore lenses 0.5-6.0 mm, pyrrhotite ~80% of lenses; millerite noted; white-gold group micrograins 0.005-0.01 mm",First of two slides labelled OVD-21-116.1. Identical macro/microscopically to samples 42.5 and 76.6 but olivine and pyroxene only partially serpentinized. Intense mineralization: magnetite veinlets in serpentine plus evenly distributed pyrrhotite-dominated sulfide lenses related to serpentinization of the ultramafic-mafic intrusive.,Innova Mineral LLC,
English Petrographic and Mineragraphic description. 15.docx (Innova Mineral),1H4Afka4AW1Irumg9EYs2XIw5n2rRa4Ga,OVD-21-116.1 (2),OVD21,,,116.1,double polished thin section,"Mineralised, serpentinized, fine to medium grained hornblende peridotite","Хүдэржиж, серпентинжсэн жижиг дунд ширхэгтэй эвэр хуурмагтай перидотит","Relict hypidiomorphic, poikilitic, in parts sideronitic; structure massive",Serpentine pseudomorph (after pyroxene and olivine):40-45; Hornblende:15-20; Altered plagioclase:3-5; Altered mon. pyroxene:5; Biotite-fuchsite:5-10; Magnetite:3-5; Pyrrhotite:10-15; Chalcopyrite:8-10; Pentlandite:3-5; Sphalerite:trace; PGM:3-5 phenocrysts,"Serpentinization, saussurite, talc, actinolite; fuchsite and iddingsite","Magnetite-pentlandite-pyrrhotite-chalcopyrite-sphalerite paragenesis; ore lenses 0.5-7.0 mm; pyrrhotite up to 7.0 mm rimmed/replaced by chalcopyrite (itself a dominant ore mineral, 0.1-2.5 mm); grey sphalerite 0.1-0.2 mm with chalcopyrite-pyrrhotite inclusions; white-gold group grains 0.004-0.01 mm","Second slide of sample OVD-21-116.1 (""There was 2""). Generally identical to samples 42.5 and 76.6: serpentine pseudomorphs after pyroxene/olivine with hornblende, biotite-fuchsite and minor plagioclase. Intense sulfide mineralization tied to serpentinization; chalcopyrite and pyrrhotite dominant.",Innova Mineral LLC,
English Petrographic and Mineragraphic description. 15.docx (Innova Mineral),1H4Afka4AW1Irumg9EYs2XIw5n2rRa4Ga,OVD-21-146.9,OVD21,,,146.9,double polished thin section,"Mineralised, serpentinized, fine to medium grained hornblende peridotite","Хүдэржиж, серпентинжсэн жижиг дунд ширхэгтэй эвэр хуурмагтай перидотит","Relict hypidiomorphic, poikilitic, in parts sideronitic; structure massive",Serpentine pseudomorph (after olivine and pyroxene):45-50; Hornblende:20-25; Altered plagioclase:1-3; Biotite-fuchsite:10-15; Magnetite:3-5; Pyrrhotite:8-10; Chalcopyrite:3-5; Pentlandite:trace,"Serpentinization, saussurite, talc, actinolite, iddingsite; fuchsite associated with olivine/serpentine",Magnetite-pentlandite-pyrrhotite-chalcopyrite paragenesis; ore lenses 0.5-6.0 mm evenly distributed; fine magnetite veinlets along serpentine cleavage; chalcopyrite 0.1-2.0 mm replacing/rimming pyrrhotite,"Generally identical to sample 116.1: serpentine pseudomorphs (with talc, actinolite, biotite, fuchsite, iddingsite) after olivine/pyroxene plus dark hornblende and minor strongly saussuritized plagioclase. Intense mineralization as evenly distributed sulfide lenses related to serpentinization of the ultramafic-mafic intrusive.",Innova Mineral LLC,
English Petrographic and Mineragraphic description. 15.docx (Innova Mineral),1H4Afka4AW1Irumg9EYs2XIw5n2rRa4Ga,OVD-21-148.8,OVD21,,,148.8,double polished thin section,"Mineralised, serpentinized, fine to medium grained hornblende peridotite","Хүдэржиж, серпентинжсэн жижиг дунд ширхэгтэй эвэр хуурмагтай перидотит","Relict hypidiomorphic, poikilitic, in parts sideronitic; structure massive",Serpentine pseudomorph (after olivine and pyroxene):45-50; Hornblende:20-25; Altered plagioclase:1-3; Biotite-fuchsite:10-15; Magnetite:3-5; Pyrrhotite:8-10; Chalcopyrite:3-5; Pentlandite:trace,"Serpentinization, saussurite, talc, actinolite, iddingsite; fuchsite",Magnetite-pentlandite-pyrrhotite-chalcopyrite paragenesis; ore lenses 0.5-6.0 mm; pyrrhotite 0.2-6.0 mm rimmed/replaced by chalcopyrite (0.1-2.5 mm); pentlandite 0.1-0.3 mm,"Generally identical to sample 146.9: serpentine pseudomorphs after olivine/pyroxene, dark hornblende, biotite-fuchsite and minor saussuritized plagioclase. Intense sulfide mineralization as evenly distributed lenses related to serpentinization; magnetite fine veinlets along serpentine cleavage.",Innova Mineral LLC,
English Petrographic and Mineragraphic description. 15.docx (Innova Mineral),1H4Afka4AW1Irumg9EYs2XIw5n2rRa4Ga,OVD-21-165.2,OVD21,,,165.2,double polished thin section,"Mineralised, altered gabbro-porphyry","Хүдэржиж, хувирсан габбро порфир","Porphyritic; groundmass ophitic, poikilo-ophitic; structure massive",Altered plagioclase:55-60; Hornblende:20-25; Biotite:5-8; Altered mon. pyroxene:5; Magnetite:1-3; Pyrrhotite:1-2; Chalcopyrite:0.5-1.0; Pentlandite:trace,"Sericite, epidote, serpentine, saussurite, actinolite, carbonate, talc; pseudomorphs of actinolite-carbonate-talc after pyroxene; carbonate veins",Magnetite-pentlandite-pyrrhotite-chalcopyrite paragenesis; magnetite euhedral 0.05-0.3 mm with mafic minerals; pyrrhotite-hornblende lens aggregates 0.5-1.8 mm; pentlandite micro-lenses rimmed by pyrrhotite and chalcopyrite,"Gabbro porphyry with hornblende and altered plagioclase phenocrysts in a subophitic groundmass of plagioclase, hornblende, minor monoclinic pyroxene and biotite. Hosts xenoliths of medium-fine hornblende gabbro (1-15 mm) carrying identical ore minerals. Mineralization mostly disseminated with sulfide micro-lenses; chalcopyrite intergrown with actinolite-carbonate-talc pseudomorphs.",Innova Mineral LLC,
English Petrographic and Mineragraphic description. 15.docx (Innova Mineral),1H4Afka4AW1Irumg9EYs2XIw5n2rRa4Ga,SC04-168.3,SC04,,,168.3,double polished thin section,Mineralised chlorite-sericite bearing micro-schist,Хүдэржсэн хлорит-серицитэт бичил занар,"Microgranolepidoblastic, porphyritic; structure schistose, lenticular, spotted, veinlet-like",Sericite:55-60; Chlorite:25-30; Quartz:8-10; Titanite:8-10; Pyrite:5-7; Chalcopyrite:trace; Silver:2-3 phenocrysts,Sericite pseudomorphs after cordierite (sectored-extinction lenses); secondary quartz and carbonate,Titanite-pyrite-chalcopyrite paragenesis; pyrite as cubic disseminations 0.05-0.3 mm and clustered veins 0.5-1.0 mm cutting foliation; sparse chalcopyrite micrograins; 2-3 bright-white grains possibly silver,Micro-schist of unidirectionally aligned chlorite-sericite; sericite lens aggregates with single-centered sectored extinction interpreted as pseudomorphs after cordierite. Mineralized with disseminated pyrite and pyrite veins along foliation; crosscut by minor carbonate-quartz veins carrying ore minerals. Microphotos labelled 168.8 (minor caption inconsistency vs sample 168.3).,Innova Mineral LLC,
English Petrographic and Mineragraphic description. 15.docx (Innova Mineral),1H4Afka4AW1Irumg9EYs2XIw5n2rRa4Ga,SC04-171,SC04,,,171.0,double polished thin section,Carbonatized and silicified altered andesite,"Карбонатчлагдаж, цахиуржсан хувирсан андезит",Porphyritic; groundmass microlitic; structure amygdaloidal,Altered plagioclase:55-60; Altered mafic mineral:10-15; Titanite (sphene):1-3; Pyrite:5-10; Chalcopyrite:trace; Pyrrhotite:trace; Silver?:2 grains; Apatite:trace; Sericite+chlorite+actinolite (secondary):10-15; Carbonate+quartz (secondary):5-10,Carbonatization and silicification; phenocrysts fully pseudomorphed by quartz-carbonate-chlorite; quartz-carbonate amygdales 0.6-2.5 mm (15-20%),"Pyrite-pyrrhotite-chalcopyrite paragenesis (plus ilmenite), mostly within quartz-carbonate-chlorite amygdales; euhedral pyrite 0.1-2.0 mm; 2-3 bright white grains possibly silver/PGM",Amygdaloidal andesite with phenocrysts completely replaced by quartz-carbonate-chlorite pseudomorphs (after plagioclase and probable hornblende) in a relict microlitic groundmass with glass-derived chlorite. Abundant quartz-carbonate amygdales host the ore minerals; chalcopyrite micrograins locally resemble gold in appearance.,Innova Mineral LLC,
English Petrographic and Mineragraphic description. 15.docx (Innova Mineral),1H4Afka4AW1Irumg9EYs2XIw5n2rRa4Ga,SC04-280.7,SC04,,,280.7,double polished thin section,"Altered alkali, quartzose diorite porphyry",Хувирсан шүлтлэгдүү кварцат диорит порфир,"Porphyritic; groundmass micro-hypidiomorphic, prismatic; structure massive",Altered plagioclase:55-60; Altered mafic mineral:20-25; Quartz:5-8; K-feldspar:3-5; Ilmenite:3-5; Titanite:1-2; Chalcopyrite:trace; Pyrite:trace; Pyrrhotite:trace; Silver:1-2 grains,"Sericite, epidote, chlorite, rutile, actinolite, carbonate; epigenetic carbonate and epidote lenses/veinlets 0.05-0.8 mm; mafic phenocrysts fully pseudomorphed by epidote-chlorite with rutile exsolution","Ilmenite-pyrite-pyrrhotite-chalcopyrite paragenesis associated with altered mafic minerals; ilmenite prismatic/skeletal, slightly leucoxenized; sparse pyrite and chalcopyrite micrograins partly in epidote lenses; 2-3 bright white grains likely silver",Diorite porphyry with strongly sericitized/epidotized plagioclase phenocrysts (some K-feldspar rimmed) and epidote-chlorite pseudomorphs after biotite/hornblende in a plagioclase-quartz-K-feldspar groundmass with micrographic intergrowths. Weakly mineralized: mainly ilmenite plus trace sulfides and probable silver micrograins.,Innova Mineral LLC,
English 41 Petrographic and Mineragraphic description.docx,1beJzCAEVfCiPwChYtmCDu0vhlxqy4qAV,OVD20-60.6,OVD20,,,60.6,polished thin section,"Weakly mineralised, altered melanocratic gabbro porphyry","Сулавтар хүдэржиж, хувирсан меланократ габбро порфир","Porphyritic; groundmass poikilo-ophitic, hypidiomorphic; massive",Plagioclase:30-35; Hornblende:30-35; Altered olivine:20-25; Biotite:5-10; Quartz:1-3; Ilmenite:0.5-1.0; Pyrrhotite:1-2; Chromite:rare; Magnetite:rare; Chalcopyrite:trace,"Serpentine, saussurite, talc, actinolite, carbonate; plagioclase to sericite-chlorite-epidote-carbonate; olivine to talc-serpentine pseudomorphs","Ilmenite-chromite-magnetite-pyrrhotite-chalcopyrite paragenesis in minor amounts; pyrrhotite micro-lenses with talc-serpentine pseudomorphs, displacing chromite and ilmenite",Hornblende and altered-olivine phenocrysts (60-65%) in a poikilo-ophitic groundmass of zoned plagioclase and mafic minerals; olivine pseudomorphed by talc-serpentine; quartz-carbonate amygdules 0.5-3.0 mm. Weakly mineralised. Same sample as in the 6-sample report.,,
English 41 Petrographic and Mineragraphic description.docx,1beJzCAEVfCiPwChYtmCDu0vhlxqy4qAV,CRS01A-61.3,CRS01A,,,61.3,polished thin section,Mineralised cordierite-actinolite metasomatite,Хүдэржсэн кордиерит-актинолитат метасоматит,"Lepidogranonematoblastic; weakly parallel, lenticular, veined",Actinolite:45-50; Cordierite:30-35; Biotite:rare; Serpentine:5-10; Magnetite:rare; Pyrrhotite:8-10; Chalcopyrite:rare; Sphalerite:rare; Ilmenite:rare; Pyrite:rare,Sericite; probable serpentine as brownish isotropic micro-lenses,"Ilmenite-pyrite-magnetite-pyrrhotite-chalcopyrite-sphalerite paragenesis; pyrrhotite dominant as anhedral grains and lenses/veins 0.2-1.0 mm, displaced by chalcopyrite; sphalerite with chalcopyrite-pyrrhotite micro-inclusions","Similar to samples 41.4 and 53.4 (Innova 15-sample report): unevenly distributed cordierite and actinolite in lepidogranonematoblastic texture; coarse cordierite hosts acicular actinolite; significant mineralisation intergrown with cordierite, actinolite and probable serpentine.",,
English 41 Petrographic and Mineragraphic description.docx,1beJzCAEVfCiPwChYtmCDu0vhlxqy4qAV,CRSO1A-81.1,CRS01A,,,81.1,polished thin section,Mineralised spinel-cordierite-actinolite metasomatite (micro-gneiss),Хүдэржсэн шпинель -кордиерит-актинолитат метасоматит (бичил гнейс),"Heterolepidogranonematoblastic; weakly parallel, lenticular, veined",Actinolite:25-30; Cordierite:25-30; Pyroxene:5-10; Biotite:5-8; Muscovite:5-8; Serpentine-iddingsite?:5-8; Spinel:5-8; Magnetite:5-8; Pyrrhotite:1-3; Chalcopyrite:3-5; Pyrite:5-8; Carbonate:rare,Pyroxene margins to actinolite; serpentine-iddingsite micro-lenses,Ilmenite-magnetite-pyrite-pyrrhotite-chalcopyrite paragenesis; chalcopyrite in lenticular/banded aggregates with veins 0.5-8.0 mm; euhedral green spinel intergrown with magnetite; coarse pyrite up to 2.5 mm,"Banded metasomatite (similar to 41.4, 53.4, 61.3) of cordierite, hornblende, actinolite, biotite, serpentine-iddingsite, muscovite and spinel; coarse pyroxene-quartz-sulfide lenses/bands 1-8 mm wide, possibly relicts of a basic/ultrabasic protolith. Strongly mineralised.",,
English 41 Petrographic and Mineragraphic description.docx,1beJzCAEVfCiPwChYtmCDu0vhlxqy4qAV,CRSO1A-90.5,CRS01A,,,90.5,polished thin section,"Silicified, mineralised biotite-chlorite serpentinite","Цахиуржиж, хүдэржсэн биотит-хлориттой серпентинит","Lepidoblastic; lenticular, veined",Serpentine (lizardite by XRD):45-50; Chlorite:10-15; Biotite:10-15; Quartz:10-15; Carbonate:1-3; Pyrite:8-10; Chalcopyrite:0.5; Pyrrhotite?:rare,"Silicification (quartz lenses/veins 0.5-2.0 mm), chloritization with carbonate","Pyrite-chalcopyrite paragenesis; pyrite 0.1-2.0 mm in lenticular aggregates mostly in serpentine, displaced marginally by chalcopyrite; chalcopyrite micro-lenses in quartz veins","Serpentine (relict olivine shapes; XRD lizardite) with abundant biotite and chlorite lenses, crosscut by silicification quartz veins. Field description: meta-sediment. XRD-identified: quartz, muscovite, pyrite, clinochlore, lizardite. Numerous ore micro-lenses/veinlets with serpentine, chlorite, carbonate and quartz. Includes XRD note.",,
English 41 Petrographic and Mineragraphic description.docx,1beJzCAEVfCiPwChYtmCDu0vhlxqy4qAV,CRSO1A-104.4,CRS01A,,,104.4,polished thin section,"Carbonatised, mineralised quartz vein","Карбонатжиж, хүдэржсэн кварцын судал","Granoblastic; lenticular, veined",Quartz:70-75; Carbonate:10-15; Pyrite:8-10; Goethite:1-2; Chalcopyrite:0.5-1.0,Carbonatisation: carbonate veins 0.01-1.0 mm crosscutting quartz,"Pyrite-goethite-chalcopyrite paragenesis; euhedral pyrite 0.1-1.5 mm in lenses/veins 0.2-2.5 mm along carbonate veins, rimmed by goethite; chalcopyrite micro-grains displacing pyrite margins","Granoblastic quartz vein (grains 0.1-1.5 mm, undulose extinction) cut by minor carbonate veins/lenses along which mineralisation occurred; pyrite dominant, goethite-rimmed.",,
English 41 Petrographic and Mineragraphic description.docx,1beJzCAEVfCiPwChYtmCDu0vhlxqy4qAV,CRSO1A-111.8,CRS01A,,,111.8,polished thin section,Plagiorhyolite (plagiogranite porphyry),Плагиориолит (Плагиоборжин порфир),"Porphyritic; groundmass felsitic, locally micro-aplitic; massive, lenticular",Quartz:25-30; Plagioclase:10-15; K-feldspar:5-10; Biotite:8-10; Pyrite:trace; Magnetite:trace; Zircon:trace,Plagioclase strongly sericitized/carbonatized/muscovitized with fresh zoned rims; biotite locally to chlorite+rutile; epigenetic carbonate veins 0.02-0.1 mm,"Magnetite-pyrite paragenesis, accessory only; euhedral magnetite 0.05-0.1 mm occasionally displaced by pyrite; rare cubic pyrite 0.01-0.1 mm","Felsic porphyry: oligoclase (An28-29) and rounded quartz phenocrysts (30-35%) in felsitic quartz-albite-biotite groundmass with minor K-feldspar; accessory sphene, zircon, apatite. Essentially barren.",,
English 41 Petrographic and Mineragraphic description.docx,1beJzCAEVfCiPwChYtmCDu0vhlxqy4qAV,CRSO1A-114.8,CRS01A,,,114.8,polished thin section,"Silicified, mineralised cordierite-serpentine-actinolite metasomatite","Цахиуржиж, хүдэржсэн кордиерит-серпентин-актинолитат метасоматит","Heterolepidogranonematoblastic; weakly parallel, lenticular, veined",Actinolite (anthophyllite?):30-35; Cordierite:20-25; Serpentine-iddingsite?:20-25; Pyroxene?:trace; Biotite:trace; Magnetite:3-5; Pyrrhotite:3-5; Chalcopyrite:5-8; Pyrite:8-10; Carbonate (epigenetic):3-5; Quartz (epigenetic):10-15,Silicification; late quartz-carbonate veins 0.5-5.0 mm; iddingsite after possible olivine relicts,"Magnetite-pyrite-pyrrhotite-chalcopyrite paragenesis; ore lenses/veins 0.1-10.0 mm along late quartz-carbonate veins; chalcopyrite dominant, forms veins 0.5-2.0 mm displacing pyrite",Similar to 61.3 and 81: serpentine-cordierite-actinolite metasomatite crosscut by late ore-quartz-carbonate veins 0.5-5.0 mm. Strong mineralisation both intergrown with silicates and as veins along the late quartz-carbonate stage.,,
English 41 Petrographic and Mineragraphic description.docx,1beJzCAEVfCiPwChYtmCDu0vhlxqy4qAV,CRSO1A-124.1,CRS01A,,,124.1,polished thin section,"Silicified, mineralised serpentine-actinolite-cordierite metasomatite","Цахиуржиж, хүдэржсэн серпентин-актинолит- кордиеритот метасоматит","Heterolepidonematogranoblastic; weakly parallel, banded, lenticular, veined",Cordierite:35-40; Actinolite (anthophyllite?):20-25; Serpentine-iddingsite?:10-15; Quartz:10-15; Biotite:rare; Magnetite:3-5; Pyrrhotite:1-3; Chalcopyrite:1-2; Pyrite:5-8,Silicification; late idiomorphic quartz lenses/bands 1.0-10.0 mm (nearly barren); iddingsite after olivine relicts,"Magnetite-pyrite-pyrrhotite-chalcopyrite paragenesis, evenly distributed; magnetite displaced by pyrite/pyrrhotite/chalcopyrite; pyrite micro-lenticular aggregates","Similar to 61.3, 81 and 114.8: banded cordierite (1.0-5.0 mm prisms), actinolite and serpentine aggregates aligned in one direction; ore minerals intergrown with all three silicates, evenly distributed; late quartz bands nearly unmineralised.",,
English 41 Petrographic and Mineragraphic description.docx,1beJzCAEVfCiPwChYtmCDu0vhlxqy4qAV,CRSO1A-184.32,CRS01A,,,184.32,polished thin section,"Silicified, mineralised serpentine-chlorite-cordierite metasomatite","Цахиуржиж, хүдэржсэн серпентин-хлорит- кордиеритот метасоматит","Heteronematogranolepidoblastic; weakly parallel, banded, lenticular, veined",Cordierite:15-20; Chlorite:20-25; Serpentine:10-15; Actinolite:5-10; Quartz:15-20; Carbonate:5-10; Magnetite:rare; Pyrrhotite:5-8; Chalcopyrite:5-8; Pyrite:5-8,Silicification; late quartz-carbonate veins 1.0-10.0 mm; carbonate-chlorite-serpentine in cordierite fracture zones,"Magnetite-pyrite-pyrrhotite-chalcopyrite paragenesis; chalcopyrite dominant (0.02-0.6 mm), displacing pyrrhotite; pyrite-chalcopyrite lenses/veins 1.0-8.0 mm along late veins","Serpentine-chlorite-cordierite metasomatite with lenticular/banded fabric, strongly mineralised; ore intergrown with silicates and as 0.5-8.0 mm lenses/veins along late quartz-carbonate veins.",,
English 41 Petrographic and Mineragraphic description.docx,1beJzCAEVfCiPwChYtmCDu0vhlxqy4qAV,CRSO1A-187.8,CRS01A,,,187.8,polished thin section,"Silicified, mineralised cordierite-serpentine-chlorite metasomatite","Цахиуржиж, хүдэржсэн кордиерит-серпентин-хлоритот метасоматит","Heteronematogranolepidoblastic; weakly parallel, banded, lenticular, veined",Chlorite:30-35; Serpentine:20-25; Cordierite:10-15; Talc:3-5; Quartz:8-10; Carbonate:3-5; Magnetite:rare; Pyrrhotite:3-5; Chalcopyrite:5-8; Pyrite:8-10,Silicification; late quartz-carbonate veins 1.0-10.0 mm; serpentine(-talc) pseudomorphs with hexagonal-octagonal relicts; iddingsite micro-aggregates,Magnetite-pyrite-pyrrhotite-chalcopyrite paragenesis; pyrite lenses/veins 0.5-10.0 mm with chalcopyrite displacing/rimming it; chalcopyrite also intergrown with serpentine and chlorite,Generally identical to sample 184.32; chlorite-serpentine dominated with coarse cordierite lenses; strong mineralisation intergrown with silicates and along late quartz-carbonate veins as 0.2-6.0 mm ore lenses/veins.,,
English 41 Petrographic and Mineragraphic description.docx,1beJzCAEVfCiPwChYtmCDu0vhlxqy4qAV,CRSO1A-188.4,CRS01A,,,188.4,polished thin section,"Strongly brecciated, silicified, carbonatised, mineralised chlorite-serpentine metasomatite (chloritic serpentinite)","Хүчтэй брекчлэгдэн цахиуржиж, карбонатчлагдан хүдэржсэн хлорит-серпентинт метасоматит (хлориттой серпентинит)","Heterogranolepidoblastic; breccia-like, banded, lenticular, veined",Serpentine:30-35; Chlorite:15-20; Pyroxene:3-5; Quartz:15-20; Carbonate:10-15; Magnetite:rare; Chalcopyrite:5-8; Pyrite:10-15,Intense silicification and carbonatisation; numerous quartz-carbonate-ore veins 0.1-10.0 mm giving breccia-like structure,"Magnetite-pyrite-chalcopyrite paragenesis; pyrite veins predominate (0.5-15.0 mm wide, grains 0.2-3.0 mm), displaced by chalcopyrite; rare chromite micro-grains; chalcopyrite also intergrown with chlorite-serpentine","Brecciated serpentinite: lenticular chlorite and serpentine aggregates (rare rhombic pyroxene relicts) crosscut by abundant quartz, carbonate and coarse ore veins; mineralisation accompanies the late carbonate-quartz stage.",,
English 41 Petrographic and Mineragraphic description.docx,1beJzCAEVfCiPwChYtmCDu0vhlxqy4qAV,OVD010-97.7,OVD010,,,97.7,polished thin section,Highly altered gabbrodiorite porphyry (albite-chlorite-carbonate metasomatite),Хүчтэй хувирсан габбродиорит порфир (Габбродиорит-порфироор үүссэн альбит-хлорит-карбонатат метасоматит),"Relict porphyritic; groundmass relict prismatic granular, relict subophitic; weakly parallel",Chlorite-carbonate pseudomorphs after plagioclase:55-60; Chlorite pseudomorph:35-40; Chalcopyrite:trace; Pyrite:rare; Apatite:rare; Titanite (sphene):0.5,"Near-total replacement by carbonate, chlorite, albite, sericite, quartz, leucoxene; carbonate(-quartz) veinlets 0.2-0.3 mm",Pyrite-chalcopyrite paragenesis; sparse euhedral pyrite 0.02-0.2 mm (some resembling pyrrhotite) and isolated chalcopyrite 0.01-0.05 mm with chlorite-carbonate,Gabbrodiorite porphyry with plagioclase and mafic phenocrysts (20-25%) fully pseudomorphed by albite-carbonate and chlorite; abundant titanite micro-grains in chlorite pseudomorphs. Weakly mineralised.,,
English 41 Petrographic and Mineragraphic description.docx,1beJzCAEVfCiPwChYtmCDu0vhlxqy4qAV,OVD010-226.3,OVD010,,,226.3,polished thin section,Serpentine-carbonate-actinolite-chlorite metasomatite (derived from gabbro or ultramafic rock),Серпентин-карбонат-актинолит-хлоритот метасоматит (Габбро юмуу хэт суурилаг чулуугаар үүссэн),"Granonematolepidoblastic, relict micro-panidiomorphic; weakly parallel",Carbonate-serpentine-actinolite pseudomorph:55-60; Chlorite pseudomorph:35-40; Pyrite:0.5; Apatite:rare; Titanite (sphene):rare; Zircon:trace,Complete pseudomorphic replacement; epigenetic quartz and carbonate veinlets 0.5-2.0 mm,"Titanite-pyrite paragenesis; euhedral pyrite 0.02-0.4 mm evenly distributed, locally micro-lenticular aggregates","Fully metasomatised fine-grained melanocratic gabbro or ultramafic rock: idiomorphic hexagonal pseudomorphs (0.2-0.8 mm) of quartz-carbonate-chlorite-serpentine-actinolite after mafic minerals (pyroxene), plus chlorite pseudomorphs after hornblende with abundant titanite inclusions.",,
English 41 Petrographic and Mineragraphic description.docx,1beJzCAEVfCiPwChYtmCDu0vhlxqy4qAV,OVD010-305.6,OVD010,,,305.6,polished thin section,Fine-grained hornblende gabbrodiorite,Жижиг ширхэгтэй эвэр хуурмагт габбордиорит,"Gabbroic, subophitic, prismatic granular; massive",Altered plagioclase:65-70; Hornblende:25-30; Pyrite:0.2; Chalcopyrite:rare; Apatite:rare; Titanite (sphene):rare; Zircon:trace,"Plagioclase to sericite-carbonate-pelite (zoned, fresh rims); minor chlorite; late quartz-carbonate micro-lenses",Titanite-pyrite-chalcopyrite paragenesis from late weak mineralisation; sparse euhedral pyrite 0.03-0.2 mm and chalcopyrite micro-aggregates in quartz and chlorite,"Fresh-looking fine hornblende gabbrodiorite: intermediate zoned plagioclase with interstitial green-brown hornblende; rare chlorite pseudomorphs after biotite with rutile-titanite. Weak, late mineralisation only.",,
English 41 Petrographic and Mineragraphic description.docx,1beJzCAEVfCiPwChYtmCDu0vhlxqy4qAV,OVD011-107.4,OVD011,,,107.4,polished thin section,"Silicified, carbonatised and mineralised silty argillite","Цахиуржиж, карбонатчлагдан, хүдэржсэн алевритлаг аргиллит","Blastoaleuropelitic, matrix microlepidoblastic; massive, weakly breccia-like",Micaceous-clayey aggregate:75-80; Relict siltstone fragments:1-2; Quartz (epigenetic):5-8; Carbonate (epigenetic):1-3; Pyrrhotite:8-10; Chalcopyrite:rare,Silicification and carbonatisation; carbonate-quartz lenses/veinlets 0.1-2.0 mm,"Pyrrhotite-chalcopyrite; pyrrhotite lenses/veins 0.1-2.5 mm wide in carbonate-quartz veins, chalcopyrite micro-aggregates displacing its margins",Cryptolepidoblastic clayey-sericite-chlorite argillite with rare relict silt quartz fragments; weak mineralisation associated with late quartz-carbonate veinlets (pyrrhotite dominant). XRD suggested for precise identification of the clay-mica aggregate.,,
English 41 Petrographic and Mineragraphic description.docx,1beJzCAEVfCiPwChYtmCDu0vhlxqy4qAV,OVD011-109.1,OVD011,,,109.1,polished thin section,Weakly mineralised chlorite-sericite micro-schist (phyllite) derived from siltstone,Сулавтар хүдэржсэн алевролитоор үүссэн хлорит-серицитэт бичил занар (филлит),"Microlepidoblastic, blastoaleuritic; schistose, lenticular, spotted",Sericite:40-45; Chlorite:45-50; Silt-sized relict fragments:3-5; Ilmenite:rare; Pyrite:5-7; Chalcopyrite:rare; Quartz (secondary):; Carbonate (secondary):,Sericite-chlorite schistosity; spotted sericite lenses possibly after cordierite; leucoxene-altered titanite,"Ilmenite-pyrite-chalcopyrite paragenesis; euhedral pyrite grains, micro-lenses and thin veinlets concentrated in a 10x25 mm aleuroargillite lens; dust-like pyrite in main mass; rare chalcopyrite 0.01-0.1 mm",Phyllite of aligned sericite-chlorite with blastoaleuritic quartz relicts and meta-siltstone lenticles; a dark aleuroargillite lens is mineralised with abundant pyrite micro-lenses and veinlets.,,
English 41 Petrographic and Mineragraphic description.docx,1beJzCAEVfCiPwChYtmCDu0vhlxqy4qAV,OVD11-109.6,OVD011,,,109.6,polished thin section,Carbonatised fine-grained feldspar-quartz sandy metasiltstone,Карбонатчлагдсан жижиг ширхэгтэй хээрийн жонш-кварцат элсжинлэг метаалевролит,"Blastopsammoaleuritic, matrix microlepidoblastic; schistose, folded",Quartz (fragments):15-20; Feldspar (fragments):5-10; Clayey-sericite-chlorite matrix:70-75; Titanite:rare; Pyrite:0.1-0.3; Quartz (epigenetic):rare; Carbonate (epigenetic):5-8,Carbonatisation: carbonate micro-lenses 0.2-3.0 mm along schistosity; rare quartz micro-lenses,"Titanite-pyrite paragenesis; micro-phenocrystic pyrite 0.01-0.1 mm evenly distributed, thin veinlets rimming carbonate lenses",Folded metasiltstone: aligned quartz and albitised feldspar fragments (25-30%) in microlepidoblastic clayey-sericite-chlorite matrix; carbonate lenses along schistosity; weak pyrite mineralisation.,,
English 41 Petrographic and Mineragraphic description.docx,1beJzCAEVfCiPwChYtmCDu0vhlxqy4qAV,OVD11-126.5,OVD011,,,126.5,polished thin section,Weakly carbonatised and mineralised silty argillite (siltstone),"Сулавтар карбонатчлагдаж, хүдэржсэн алевритлаг аргиллит (алевролит)","Blastoaleuritic, cryptolepidoblastic; massive",Quartz (fragments):15-20; Feldspar (fragments):5; Micaceous-clayey matrix:75-80; Pyrite:rare; Chalcopyrite:rare; Quartz (epigenetic):rare; Carbonate (epigenetic):1-3,Weak carbonatisation; quartz-carbonate veinlets 0.1-0.5 mm,Titanite-pyrite-chalcopyrite paragenesis; sparse micro-phenocrystic pyrite and chalcopyrite 0.01-0.1 mm; chalcopyrite micro-lenses in quartz-carbonate veins,"Siltstone of quartz(-feldspar) fragments in semi-isotropic pelitomorphic micaceous-clayey cement, weakly carbonatised and only sparsely mineralised.",,
English 41 Petrographic and Mineragraphic description.docx,1beJzCAEVfCiPwChYtmCDu0vhlxqy4qAV,OVD11-132.8,OVD011,,,132.8,polished thin section,Mineralised and altered fine-grained melanocratic (olivine-hornblende) gabbro,"Хүдэржиж, хувирсан жижиг ширхэгтэй меланократ (оливин-эвэр хуурмагт) габбро","Poikilo-ophitic, ophitic; massive",Hornblende:30-35; Serpentine-talc pseudomorph:35-40; Plagioclase:15-20; Biotite:5; Magnetite:rare; Pyrrhotite:5-8; Chalcopyrite:3-5; Chromite:rare,"Serpentine, saussurite, talc, actinolite, carbonate; olivine to talc-serpentine pseudomorphs; plagioclase to sericite-chlorite-epidote-carbonate",Chromite-magnetite-pyrrhotite-chalcopyrite paragenesis; pyrrhotite-chalcopyrite lens up to 8x20 mm associated with talc-serpentine pseudomorphs; chalcopyrite micro-grains in pseudomorphs,"Melanocratic gabbro of brownish-green hornblende, talc-serpentine pseudomorphs after olivine (0.3-1.8 mm) and zoned basic plagioclase; notable sulfide mineralisation as large pyrrhotite-chalcopyrite lenses tied to the pseudomorphs.",,
English 41 Petrographic and Mineragraphic description.docx,1beJzCAEVfCiPwChYtmCDu0vhlxqy4qAV,OVD11-189.2,OVD011,,,189.2,polished thin section,Strongly altered medium-grained hornblende peridotite,Хүчтэй хувирсан дунд жижиг ширхэгтэй эвэр хуурмагтай перидотит,Panidiomorphic; massive,Hornblende:35-40; Serpentine pseudomorph:30-35; Altered pyroxene:20-25; Magnetite:rare; Chromite:rare; Pyrite:0.5; Chalcopyrite:rare; Talc+actinolite+carbonate (secondary):5-10,Intense amphibolitisation (hornblende replacing pyroxene and olivine); serpentinization with talc-carbonate; coarse carbonate lenses 0.2-1.0 mm,"Chromite-magnetite-pyrite paragenesis; only sparse micro-phenocrystic magnetite, chromite, pyrite (0.01-0.2 mm) and rare chalcopyrite with carbonate-serpentine",Amphibolitised peridotite: dominant brownish-green hornblende displacing rhombic pyroxene relicts and serpentine(-talc-carbonate) pseudomorphs after olivine. Minimal mineralisation.,,
English 41 Petrographic and Mineragraphic description.docx,1beJzCAEVfCiPwChYtmCDu0vhlxqy4qAV,OVD14-35.9-36.1,OVD14,35.9,36.1,,polished thin section,Garnet-carbonate metasomatite (skarn),Гранат-карбонатат метасоматит (Скарн),"Porphyroblastic, granoblastic; weakly parallel",Carbonate (calcite):50-55; Garnet:30-35; Quartz:10-15; Pyrite:0.5-1.0; Chalcopyrite:rare,Late carbonate veinlets 0.1-0.5 mm with rare pyrite veinlets,Pyrite-chalcopyrite paragenesis; sparse chalcopyrite 0.02-0.2 mm and pyrite in the quartz-carbonate mass; pyrite veinlets 0.1-0.2 mm in late carbonate veins,Skarn of granoblastic calcite (strong HCl effervescence) with minor quartz and evenly distributed euhedral garnet porphyroblasts (0.3-1.5 mm). Sparse sulfides.,,
English 41 Petrographic and Mineragraphic description.docx,1beJzCAEVfCiPwChYtmCDu0vhlxqy4qAV,OVD14-88.3,OVD14,,,88.3,polished thin section,Metasomatically strongly altered diorite porphyry,Метасоматозоор хүчтэй хувирсан диорит порфир,"Porphyritic; groundmass micro prismatic granular, microhypidiomorphic; massive",Plagioclase:70-75; Altered mafic minerals:20-25; Biotite:3-5; Quartz:1-3; Pyrrhotite:rare; Chromite:rare; Chalcopyrite:trace; Apatite:rare,"Sericite, pelite, chlorite, muscovite; epigenetic carbonate veinlets 0.1-0.3 mm; mafic phenocrysts fully to chlorite pseudomorphs with rutile",Chromite-pyrrhotite-chalcopyrite paragenesis; sparse chalcopyrite and pyrrhotite micro-grains with altered mafics; rare chromite in chlorite pseudomorphs; micro-prismatic pyrrhotite in carbonate veinlets,Diorite porphyry with sericitized zoned plagioclase phenocrysts and chlorite pseudomorphs after biotite/hornblende in a plagioclase-mafic-quartz groundmass; weakly mineralised.,,
English 41 Petrographic and Mineragraphic description.docx,1beJzCAEVfCiPwChYtmCDu0vhlxqy4qAV,OVD14-89.8A,OVD14,,,89.8,polished thin section,Altered fine- to medium-grained pyroxene-hornblende gabbro,Хувирсан жижиг дунд ширхэгтэй пироксен-эвэр хуурмагт габбро,"Ophitic, poikilo-ophitic; massive","Altered plagioclase (table prints ""altered pyroxene""):40-45; Hornblende:35-40; Altered mon. pyroxene:10-15; Chlorite-serpentine pseudomorph:5-10; Magnetite:trace; Pyrite:rare; Chalcopyrite:rare; Titanite:rare; Apatite:0.5-1.0; Sphene:rare","Sericite, pelite, serpentine, epidote, chlorite; plagioclase cores to sericite-epidote; olivine to chlorite-serpentine pseudomorphs",Magnetite-titanite-pyrite-chalcopyrite paragenesis; sparse micro-phenocrysts with mafics; skeletal leucoxenised titanite with chalcopyrite inclusions; euhedral pyrite 0.1-0.5 mm with pseudomorphs,"Slide A of sample 89.8: gabbro of zoned mafic plagioclase, brown hornblende with monoclinic pyroxene relicts, and chlorite-serpentine pseudomorphs after olivine. Weakly mineralised. (Mineral table first entry reads ""altered pyroxene"" but narrative describes plagioclase.)",,
English 41 Petrographic and Mineragraphic description.docx,1beJzCAEVfCiPwChYtmCDu0vhlxqy4qAV,OVD14-95.8-95.9,OVD14,95.8,95.9,,polished thin section,Mineralised and altered variably grained pyroxene-hornblende melanocratic gabbro,"Хүдэржиж, хувирсан жигд биш ширхэгтэй пироксен-эвэр хуурмагт меланократ габбро","Hypidiomorphic, poikilo-ophitic, ophitic; massive, lenticular",Altered plagioclase:25-30; Hornblende:35-40; Altered mon. pyroxene:5-10; Talc-serpentine pseudomorph:15-20; Biotite:1-3; Magnetite:0.5-1.0; Pyrrhotite:3-5; Chalcopyrite:0.5-1.0; Pyrite:0.5-1.0,"Sericite, pelite, epidote, chlorite, carbonate, quartz; olivine to talc-serpentine pseudomorphs","Magnetite-pyrite-pyrrhotite-chalcopyrite paragenesis; ore lenses 0.5-10.0 mm mainly with carbonate, some intergrown with talc-serpentine; pyrrhotite dominant (0.5-8.0 mm) rimmed by chalcopyrite",Poikilo-ophitic gabbro dominated by coarse brown hornblende enclosing altered plagioclase and olivine; talc-serpentine pseudomorphs 0.6-2.0 mm. Mineralised with carbonate-associated sulfide lenses.,,
English 41 Petrographic and Mineragraphic description.docx,1beJzCAEVfCiPwChYtmCDu0vhlxqy4qAV,OVD14-89.8B,OVD14,,,89.8,polished thin section,Carbonatised and albitised epidote-pyroxene-garnet-carbonate skarn,"Карбонатчлагдан, альбитжсан эпидот -пироксен-гранат-карбонаттай скарн","Granoblastic; lenticular, banded",Garnet:25-30; Monoclinic pyroxene:15-20; Carbonate:15-20; Epidote:5-10; Amphibole:5-10; Plagioclase:10-15; Serpentine:3-5; Quartz:5-8; Pyrrhotite:0.1; Pyrite:few,Carbonatisation and albitisation; late coarse carbonate-albite veins/lenses 0.5-2.5 mm,"Pyrrhotite-pyrite paragenesis, sparse; pyrrhotite 0.02-0.2 mm micro-lenses with serpentine and altered hornblende; rare pyrite in late carbonate veins","Slide B of sample 89.8 (Cyrillic Б in source): complex skarn interpreted as gabbro-carbonate contact; garnet, calcite, pyroxene, epidote granoblastic aggregate with relict gabbro fragments; weakly mineralised.",,
English 41 Petrographic and Mineragraphic description.docx,1beJzCAEVfCiPwChYtmCDu0vhlxqy4qAV,OVD14-102.3,OVD14,,,102.3,polished thin section,Mineralised and metasomatically strongly altered fine- to medium-grained peridotite,"Хүдэржиж, метасоматозоор хүчтэй хувирсан жижиг дунд ширхэгтэй перидотит","Relict panidiomorphic, granolepidoblastic; lenticular",Talc-chlorite-serpentine pseudomorph:55-60; Altered hornblende:20-25; Altered pyroxene:5-10; Magnetite:rare; Chromite:rare; Pyrrhotite:8-10; Pyrite:3-5; Chalcopyrite:3-5; Pentlandite:1-3; Carbonate (secondary):5-10; Quartz (secondary):1-3,Pervasive talc-chlorite-serpentine after olivine and pyroxene; hornblende to actinolite-carbonate-chlorite pseudomorphs; late quartz-carbonate veins/lenses,"Chromite-magnetite-pyrite-pentlandite-pyrrhotite-chalcopyrite paragenesis; ore lenses 0.8-30.0 mm occupying ~15-20% of section; pyrrhotite dominant (0.5-10.0 mm) rimmed by chalcopyrite, displacing pentlandite","Strongly altered peridotite, significantly mineralised: large evenly distributed Ni-Cu sulfide lenses (with pentlandite) mostly bounded by late quartz-carbonate, some intergrown with talc-serpentine.",,
English 41 Petrographic and Mineragraphic description.docx,1beJzCAEVfCiPwChYtmCDu0vhlxqy4qAV,OVD14-109.6,OVD14,,,109.6,polished thin section,Weakly mineralised carbonate-actinolite-chlorite metasomatite derived from gabbrodiorite,Сулавтар хүдэржсэн габбродиоритоор үүссэн карбонат-актинолит-хлоритот метасоматит,"Micronematogranoblastic, relict micro-prismatic, hypidiomorphic; massive",Actinolite:30-35; Chlorite:45-50; Carbonate:10-15; Quartz:1-3; Ilmenite:1-2; Chromite:trace; Pyrite:3-5; Leucoxene (secondary):,Complete metasomatic replacement by actinolite and chlorite pseudomorphs; carbonatisation (0.01-0.2 mm grains),Chromite-ilmenite-pyrite paragenesis; evenly distributed pyrite 0.01-0.2 mm dominant; weakly leucoxenised prismatic ilmenite; rare chromite,Gabbrodiorite fully replaced by actinolite-chlorite pseudomorphs with even fine carbonate; weak oxide-pyrite mineralisation only.,,
English 41 Petrographic and Mineragraphic description.docx,1beJzCAEVfCiPwChYtmCDu0vhlxqy4qAV,OVD015-94.82,OVD015,,,94.82,polished thin section,Chlorite-sericite micro-schist (phyllite),Хлорит-серицитэт бичил занар (филлит),"Microlepidoblastic; schistose, lenticular, spotted",Sericite:60-65; Chlorite:35-40; Titanite:1-3; Chalcopyrite:rare; Pyrite:trace,"Leucoxene-altered titanite micro-grains, occasionally rimming spotted lenses",Titanite-chalcopyrite paragenesis; dust-like pyrite singles and rare chalcopyrite 0.01-0.1 mm,Phyllite of aligned chlorite-sericite with spotted sericite lens aggregates (65-70 vol%); essentially barren apart from leucoxenised titanite and trace sulfides.,,
English 41 Petrographic and Mineragraphic description.docx,1beJzCAEVfCiPwChYtmCDu0vhlxqy4qAV,OVD15-102.4,OVD015,,,102.4,polished thin section,Fine-grained hornblende gabbrodiorite,Жижиг ширхэгтэй эвэр хуурмагт габбордиорит,"Poikilo-ophitic, subophitic; massive",Altered plagioclase:55-60; Hornblende:25-30; Biotite:rare; Quartz:1-3; Pyrite:0.5; Chalcopyrite:trace; Apatite:rare; Titanite:rare; Chromite:rare; Zircon:trace,"Sericite, carbonate, pelite; carbonatisation with carbonate lenses/veins 0.1-1.0 mm; biotite to chlorite",Chromite-titanite-pyrite-chalcopyrite paragenesis; euhedral pyrite in carbonate lenses; chromite with hornblende; skeletal leucoxenised titanite with biotite,Gabbrodiorite of zoned intermediate plagioclase and interstitial brown hornblende with poikilitic quartz; weak late mineralisation tied to chlorite and carbonate.,,
English 41 Petrographic and Mineragraphic description.docx,1beJzCAEVfCiPwChYtmCDu0vhlxqy4qAV,OVD15-105.1-105.2,OVD015,105.1,105.2,,polished thin section,Fine-grained biotite-quartz diorite (microdiorite),Жижиг ширхэгтэй биотитот кварцат диорит (Микродиорит),"Hypidiomorphic, subophitic; massive",Altered plagioclase:55-60; Biotite:20-25; Quartz:1-3; Pyrite:trace; Titanite:0.5; Chalcopyrite:trace; Chromite:trace; Apatite:rare,"Sericite, pelite, chlorite, pelitomorphic carbonate; hydrogoethite coatings along fissures; biotite partly to chlorite pseudomorphs with rutile-titanite",Titanite-pyrite paragenesis; leucoxenised titanite micro-aggregates with biotite; rare pyrite and chalcopyrite micro-grains,Microdiorite of altered tabular plagioclase and reddish-brown biotite with interstitial poikilitic quartz; essentially barren.,,
English 41 Petrographic and Mineragraphic description.docx,1beJzCAEVfCiPwChYtmCDu0vhlxqy4qAV,OVD15-116.1,OVD015,,,116.1,polished thin section,Strongly carbonatised and altered gabbrodiorite porphyry,"Хүчтэй карбонатчлагдаж, хувирсан габбродиорит порфир","Porphyritic; groundmass poikilo-ophitic, prismatic grained; massive",Altered plagioclase:55-60; Carbonate-serpentine-chlorite pseudomorph (after hornblende):30-35; Biotite:5-10; Quartz:1-3; Ilmenite:rare; Chromite:rare; Pyrrhotite:rare; Pyrite:rare; Chalcopyrite:trace; Zircon:trace; Apatite:rare; Chlorite+sericite+carbonate+quartz+leucoxene+rutile (secondary):10-15,"Intense carbonatisation: pseudomorphs after hornblende/olivine, fine secondary carbonate plus carbonate lenses/veins 0.2-2.5 mm; sericite","Ilmenite-chromite-pyrite-pyrrhotite-chalcopyrite paragenesis, sparse; pyrrhotite micro-lenses in late carbonate veins; chalcopyrite micro-aggregates in late quartz-carbonate veins",Gabbrodiorite porphyry with 40-45% phenocrysts: carbonate-chlorite pseudomorphs after hornblende (relict cleavage preserved) and sericitized plagioclase; abundant apatite; weakly mineralised. NOTE: distinct from OVD-21-116.1 of the Innova report.,,
English 41 Petrographic and Mineragraphic description.docx,1beJzCAEVfCiPwChYtmCDu0vhlxqy4qAV,OVD15-140.6,OVD015,,,140.6,polished thin section,Weakly mineralised and altered melanocratic gabbro porphyry,"Сулавтар хүдэржиж, хувирсан меланократ габбро порфир (Шигтгээ маягийн сулавтар хүдэржиж, хувирсан меланократ габбро)","Porphyritic; groundmass poikilo-ophitic, prismatic granular; massive",Altered plagioclase:25-30; Hornblende:30-35; Altered olivine (talc-serpentine pseudomorphs):30-35; Biotite:5-10; Quartz:1-3; Ilmenite:0.5-1.0; Pyrrhotite:1-2; Chromite:rare; Magnetite:rare; Chalcopyrite:1-2; Pyrite:1-2,"Serpentine, saussurite, talc, actinolite, carbonate, quartz; olivine to talc-serpentine pseudomorphs 2.0-5.0 mm",Ilmenite-chromite-magnetite-pyrrhotite-chalcopyrite paragenesis; pyrite-pyrrhotite-chalcopyrite lens 1x3 mm in carbonate lens; chalcopyrite micro-grains in talc-serpentine pseudomorphs,Porphyritic melanocratic gabbro (60-65% hornblende and altered-olivine phenocrysts) similar to OVD20-60.6; weak mineralisation with sulfide lens in carbonate.,,
English 41 Petrographic and Mineragraphic description.docx,1beJzCAEVfCiPwChYtmCDu0vhlxqy4qAV,OVD15-158.7,OVD015,,,158.7,polished thin section,Weakly mineralised and altered fine- to medium-grained melanocratic gabbro (hornblende peridotite),"Сулавтар хүдэржиж, хувирсан жижиг дунд ширхэгтэй меланократ габбро (эвэр хуурмагт перидотит)","Poikilo-ophitic, ophitic, relict panidiomorphic; weakly parallel",Hornblende:35-40; Serpentine-talc pseudomorphs:40-45; Plagioclase:10; Biotite:3-5; Magnetite:rare; Pyrrhotite:rare; Chalcopyrite:rare; Chromite:rare; Ilmenite:rare; Pyrite:1-2; Apatite:0.5,"Serpentine, saussurite, talc, chlorite, actinolite, rare carbonate",Chromite-ilmenite-magnetite-pyrite-pyrrhotite-chalcopyrite paragenesis; pyrite-chalcopyrite lens 0.5-1.0 mm rimmed by carbonate; thin pyrite veinlets rimming altered plagioclase,Weakly aligned melanocratic gabbro/peridotite: brown hornblende and talc-serpentine pseudomorphs after olivine (0.7-4.5 mm) with minor zoned plagioclase; weak mineralisation.,,
English 41 Petrographic and Mineragraphic description.docx,1beJzCAEVfCiPwChYtmCDu0vhlxqy4qAV,OVD15-165.5,OVD015,,,165.5,polished thin section,Weakly mineralised and altered fine- to medium-grained hornblende peridotite,"Сулавтар хүдэржиж, хувирсан жижиг дунд ширхэгтэй эвэр хуурмагт перидотит","Poikilo-ophitic, relict panidiomorphic; weakly parallel",Talc-serpentine pseudomorphs:40-45; Hornblende:35-40; Altered olivine:8-10; Plagioclase:8-10; Biotite:5-8; Pyroxene:few; Magnetite:few; Pyrrhotite:1-2; Chalcopyrite:0.5; Chromite:few; Ilmenite:few; Pyrite:few; Apatite:0.5,"Serpentinization: pseudomorphs plus weakly serpentinised olivine with serpentine-magnetite mesh veinlets along cleavage; saussurite, talc, chlorite, actinolite",Chromite-ilmenite-magnetite-pyrite-pyrrhotite-chalcopyrite paragenesis; magnetite veinlets in olivine; chalcopyrite-pyrrhotite lenses 0.4-1.0 mm (pyrrhotite dominant),Similar to OVD15-158.7 but with preserved partly-serpentinised olivine (0.5-3.0 mm) showing mesh-textured serpentine-magnetite veinlets; weak sulfide mineralisation.,,
English 41 Petrographic and Mineragraphic description.docx,1beJzCAEVfCiPwChYtmCDu0vhlxqy4qAV,OVD15-175.5a,OVD015,,,175.5,polished thin section,Strongly mineralised and altered fine- to medium-grained hornblende peridotite (with lenses of weakly mineralised pyroxene-hornblende gabbrodiorite),"Хүчтэй хүдэржиж, хувирсан жижиг дунд ширхэгтэй эвэр хуурмагт перидотит. (Сулавтар хүдэржиж, хувирсан жижиг дунд ширхэгтэй пироксен-эвэр хуурмагт габбродиоритын линзтэй )","Porphyry-like, hypidiomorphic, poikilo-ophitic, ophitic; massive, lenticular",Talc-serpentine pseudomorphs:30-35; Hornblende:25-30; Altered mon. pyroxene:5-10; Biotite:5-8; Magnetite:0.5; Pyrrhotite:1-3; Chalcopyrite:0.5-1.0; Pyrite:5-8; Chromite:rare; Ilmenite:rare,"Sericite, pelite, actinolite, chlorite; talc-serpentine pseudomorphs after olivine","Magnetite-chromite-pyrite-pyrrhotite-chalcopyrite paragenesis; chalcopyrite-pyrrhotite-pyrite lenses 1.0-4.0 mm in amphibole-serpentine-talc sections and along the gabbrodiorite contact; pyrite dominant in lenses, chalcopyrite veinlets crosscut them",Composite sample of three rock sections: main altered hornblende peridotite flanked by pyroxene-hornblende gabbrodiorite and strongly altered microgabbrodiorite as veins/lenses/xenoliths. Mineralisation concentrated in the peridotite and at contacts.,,
English 41 Petrographic and Mineragraphic description.docx,1beJzCAEVfCiPwChYtmCDu0vhlxqy4qAV,OVD15-175.5B,OVD015,,,175.5,polished thin section,Weakly mineralised and altered fine- to medium-grained pyroxene-hornblende gabbrodiorite,"Сулавтар хүдэржиж, хувирсан жижиг дунд ширхэгтэй пироксен-эвэр хуурмагт габбродиорит","Hypidiomorphic, subophitic; massive, lenticular, veined",Altered plagioclase:60-65; Hornblende:20-25; Altered monoclinic pyroxene:10-15; Altered biotite:5; Ilmenite:0.5-1.0; Pyrrhotite:0.5; Chalcopyrite:0.1; Apatite:0.5-1.0; Sphene:rare; Sericite+pelite+actinolite+chlorite+carbonate (secondary):5-10,"Sericite, pelite, minor epidote-chlorite; large carbonate lenses 1-4 mm; second section almost fully muscovite-sericite pseudomorphed",Ilmenite-pyrite-pyrrhotite-chalcopyrite paragenesis; ilmenite phenocrysts dominant; sulfide micro-grains and micro-lenses with mafics; chalcopyrite in carbonate lenses,"Two-part rock: medium-grained pyroxene-hornblende gabbrodiorite (65-70%, hosts nearly all mineralisation) cemented by metasomatically strongly altered microgabbrodiorite (35-40%, only fine ilmenite). Abundant apatite needles.",,
English 41 Petrographic and Mineragraphic description.docx,1beJzCAEVfCiPwChYtmCDu0vhlxqy4qAV,OVD15-175.4,OVD015,,,175.4,polished thin section,Weakly mineralised and altered fine- to medium-grained pyroxene-hornblende gabbrodiorite,"Сулавтар хүдэржиж, хувирсан жижиг дунд ширхэгтэй пироксен-эвэр хуурмагт габбродиорит","Hypidiomorphic, subophitic; massive, lenticular",Altered plagioclase:60-65; Hornblende:15-20; Altered monoclinic pyroxene:15-20; Altered biotite:5; Ilmenite:1-2; Pyrrhotite:rare; Chalcopyrite:rare; Pyrite:1-2; Apatite:0.5; Sphene:rare; Sericite+pelite+actinolite+chlorite+epidote+carbonate (secondary):5-10,"Sericite, saussurite, pelite; carbonate lenses 1-4 mm","Ilmenite-pyrite-pyrrhotite-chalcopyrite paragenesis; skeletal ilmenite with carbonate-filled interstices hosting chalcopyrite, prisms up to 10-15 mm long; pyrite-pyrrhotite-chalcopyrite lenses 1.0-8.0 mm (pyrite dominant, 0.5-3.5 mm)",Identical to OVD15-175.5B: altered plagioclase-hornblende-pyroxene gabbrodiorite with fine strongly-altered sections in lower abundance; sulfide-oxide lenses intergrown with rock-forming minerals and late carbonate.,,
English 41 Petrographic and Mineragraphic description.docx,1beJzCAEVfCiPwChYtmCDu0vhlxqy4qAV,OVD15-177.4,OVD015,,,177.4,polished thin section,Strongly mineralised and altered fine- to medium-grained hornblende peridotite,"Хүчтэй хүдэржиж, хувирсан жижиг дунд ширхэгтэй эвэр хуурмагт перидотит","Poikilo-ophitic, relict panidiomorphic; massive",Talc-serpentine pseudomorphs:40-45; Hornblende:35-40; Plagioclase:10-15; Biotite:5-8; Pyroxene:5; Magnetite:rare; Pyrrhotite:8-10; Chalcopyrite:2-3; Chromite:0.5; Pyrite:rare; Apatite:0.5,"Serpentine, saussurite, talc, chlorite, actinolite; acicular pyrrhotite and chromite along relict cleavage in pseudomorphs","Chromite-magnetite-pyrite-pyrrhotite-chalcopyrite paragenesis; chalcopyrite-pyrrhotite lenses 0.8-15 mm occupying ~20-25% of section; pyrrhotite dominant, chalcopyrite veinlets 0.1-0.5 mm crosscutting",Similar to OVD15-158.7/165.5 but strongly mineralised: main ore is evenly distributed chalcopyrite-pyrrhotite lenses up to 15 mm across (~20-25% of slide area).,,
English 41 Petrographic and Mineragraphic description.docx,1beJzCAEVfCiPwChYtmCDu0vhlxqy4qAV,OVD20-101.4,OVD20,,,101.4,polished thin section,Weakly mineralised and altered melanocratic gabbro porphyry (porphyry-like fine-grained melanocratic gabbro),"Сулавтар хүдэржиж, хувирсан меланократ габбро порфир (Шигтгээ маягийн жижиг ширхэгтэй меланократ габбро)","Porphyry-like; groundmass poikilo-ophitic, hypidiomorphic; massive",Plagioclase:30-35; Hornblende:30-35; Serpentine-talc pseudomorph:20-25; Biotite:5-10; Quartz:1-3; Ilmenite:rare; Pyrrhotite:rare; Chromite:rare; Magnetite:rare; Chalcopyrite:1-2; Pyrite:1-3; Serpentine+saussurite+talc+actinolite+carbonate (secondary):5-8,"Serpentine, saussurite, talc, actinolite, carbonate; plagioclase to sericite-epidote-carbonate",Ilmenite-chromite-magnetite-pyrite-pyrrhotite-chalcopyrite paragenesis; chalcopyrite-pyrrhotite-pyrite lenses 1-3 mm with serpentine-talc pseudomorphs and late quartz-carbonate lenses; chromite segregated in pseudomorphs,"Porphyry-like melanocratic gabbro: hornblende and talc-serpentine-pseudomorph segregations (50-55%) in plagioclase-dominated groundmass; weak mineralisation, pyrite-dominant lenses.",,
English 41 Petrographic and Mineragraphic description.docx,1beJzCAEVfCiPwChYtmCDu0vhlxqy4qAV,OVD20-124.2,OVD20,,,124.2,polished thin section,Garnet-quartz-carbonate rock,Гранат-кварц-карбонатат чулуу,"Micro-granoblastic; weakly parallel, banded, lenticular",Carbonate (calcite):60-65; Garnet:15-20; Cordierite?:10-15; Titanite:rare; Zircon:rare; Pyrite:rare; Quartz:5-10,,"Titanite-pyrite paragenesis; sparse leucoxenised titanite and white-yellow pyrite micro-grains, mostly with garnet and carbonate","Calcite-dominated granoblastic rock with aligned fabric, polyhedral garnet porphyroblasts (0.1-0.4 mm, titanite-zircon inclusions) in lenticular/banded clusters and possible cordierite porphyroblasts. Essentially barren.",,
English 41 Petrographic and Mineragraphic description.docx,1beJzCAEVfCiPwChYtmCDu0vhlxqy4qAV,OVD20-121,OVD20,,,121.0,polished thin section,Strongly mineralised and altered fine- to medium-grained peridotite,"Хүчтэй хүдэржиж, хувирсан жижиг дунд ширхэгтэй перидотит","Poikilo-ophitic, ophitic, panidiomorphic; massive",Altered olivine (iddingsite-serpentine pseudomorphs):30-35; Hornblende:20-25; Monoclinic pyroxene:10; Plagioclase:5-10; Biotite:5-10; Magnetite:0.5; Pyrrhotite:8-10; Chalcopyrite:5-8; Pyrite:rare; Pentlandite:0.5-1.0; Chromite:0.5; Sphalerite:rare,"Partial serpentinisation of olivine/pyroxene with abundant iddingsite; saussurite, talc, carbonate, chlorite","Chromite-magnetite-pyrrhotite-chalcopyrite paragenesis; ore lenses 0.5-6.0 mm, pyrrhotite 75-80% of lenses (0.3-8.0 mm) rimmed by chalcopyrite; pentlandite displaced by pyrrhotite/chalcopyrite; magnetite veinlet mesh in serpentine; single sphalerite grains",Described as identical to OVD21-116.1 (Innova report): partially serpentinised olivine-pyroxene-hornblende peridotite with strong Ni-Cu sulfide lens mineralisation tied to serpentinisation. Header reads OVD20-121 but microphoto caption reads 21-121 - hole attribution slightly ambiguous.,,
"22 р цооног зассан 14ш.docx (hole OVD22, 14 samples)",1ogaE3Tl1iDtPXh9h5ZKylOqCqTS58Tvx,OVD22-7.8-9.0 (47154),OVD22,7.8,9.0,,polished thin section (ӨТШ),Uneven-grained pyroxene-bearing hornblendite,Жигд биш ширхэгтэй пироксентэй горнблендит (Hornblendite),"Granonematoblastic; weakly parallel, lenticular",Hornblende:70-75; Mon. pyroxene:15-20; Goethite:3-5; Pyrite:single grains,"Sericite, chlorite, actinolite (hornblende margins to actinolite-chlorite)","Pyrite-goethite-hydrogoethite paragenesis; euhedral disseminated goethite 0.1-0.6 mm with hornblende, weakly zoned goethite lenses 1.0-3.0 mm; rare pyrite relicts inside goethite","Field description: breccia. Hornblendite dominated by 2-5 mm greenish-brown hornblende with interstitial unaltered monoclinic pyroxene (0.1-1.0 mm) as lens-like clusters, possibly relicts displaced by hornblende. Oxidised mineralisation (goethite after pyrite).",,
"22 р цооног зассан 14ш.docx (hole OVD22, 14 samples)",1ogaE3Tl1iDtPXh9h5ZKylOqCqTS58Tvx,OVD22-37-39 (47155),OVD22,37.0,39.0,,polished thin section (ӨТШ),"Strongly altered, mineralised uneven-grained pyroxene-olivine-hornblende peridotite","Хүчтэй хувирч, хүдэржсэн жигд биш ширхэгтэй пироксен-оливин-эвэр хуурмагт перидотит","Panidiomorphic, poikilo-ophitic, subophitic; massive",Serpentinized olivine:30-35; Hornblende:25-30; Clinopyroxene:10-15; Orthopyroxene:3-5; Biotite (phlogopite):8-10; Altered plagioclase:5-8; Chromite:0.5-1.0; Magnetite:1-3; Chalcopyrite:3-5; Pyrrhotite:8-10; Pentlandite:1-2,"Serpentine (with minor talc), actinolite, chlorite, saussurite; biotite partly to chlorite-muscovite (probable fuchsite)","Chromite-magnetite-pentlandite-pyrrhotite-chalcopyrite paragenesis; magnetite veinlets along olivine mesh; pyrrhotite-pentlandite-chalcopyrite intergrowth lenses 1-8 mm evenly distributed, associated with serpentinized olivine","Field: mineralized gabbro. Peridotite of serpentinized olivine (6-8-sided, magnetite-veined), brown hornblende, clino- and orthopyroxene, phlogopite and minor saussuritized plagioclase. Strong Ni-Cu sulfide mineralisation as disseminations, mesh veinlets and 1-8 mm lenses.",,
"22 р цооног зассан 14ш.docx (hole OVD22, 14 samples)",1ogaE3Tl1iDtPXh9h5ZKylOqCqTS58Tvx,OVD22-45-47 (47156),OVD22,45.0,47.0,,polished thin section (ӨТШ),"Strongly altered, mineralised uneven-grained hornblende peridotite","Хүчтэй хувирч, хүдэржсэн жигд биш ширхэгтэй эвэр хуурмагт перидотит","Panidiomorphic, poikilo-ophitic, subophitic; massive",Serpentinized olivine:30-35; Hornblende:30-35; Clinopyroxene:5-8; Orthopyroxene:few; Biotite (phlogopite):10; Altered plagioclase:8-10; Chromite:few; Magnetite:3; Chalcopyrite:1-3; Pyrrhotite:8-10; Pentlandite:1,"Serpentine, talc, actinolite, saussurite, fuchsite-muscovite",Chromite-magnetite-pentlandite-pyrrhotite-chalcopyrite paragenesis; magnetite mesh veinlets with serpentine; sulfide lenses 0.5-10 mm evenly distributed with serpentinized olivine,Same rock as sample 47155 but with slightly less pyroxene and more biotite. Field: mineralized gabbro. Intense serpentinization with magnetite mesh; pyrrhotite-pentlandite-chalcopyrite lens mineralisation.,,
"22 р цооног зассан 14ш.docx (hole OVD22, 14 samples)",1ogaE3Tl1iDtPXh9h5ZKylOqCqTS58Tvx,OVD22-55-57 (47157),OVD22,55.0,57.0,,polished thin section (ӨТШ),Strongly mineralised and altered uneven-grained hornblende peridotite,"Хүчтэй хүдэржиж, хувирсан жигд биш ширхэгтэй эвэр хуурмагт перидотит","Poikilo-ophitic, relict panidiomorphic; massive, lenticular",Talc-serpentine pseudomorph:35-40; Hornblende:35-40; Plagioclase:1-3; Biotite:8-10; Pyroxene:3-5; Magnetite:3-5; Pyrrhotite:8-10; Chalcopyrite:2-3; Pentlandite:1-2; Chromite:0.5,"Serpentine, saussurite, talc, chlorite, actinolite; fine magnetite along relict cleavage of pseudomorphs",Chromite-magnetite-pyrite-pyrrhotite-chalcopyrite paragenesis; main ore is pentlandite-chalcopyrite-pyrrhotite lenses 0.6-8.0 mm evenly distributed; disseminated chromite 0.01-0.2 mm,"Talc-serpentine pseudomorphs after olivine (0.5-5.0 mm, olivine relicts preserved) and brown hornblende dominate; minor pyroxene relicts, red-brown biotite, saussuritized plagioclase. Strongly mineralised.",,
"22 р цооног зассан 14ш.docx (hole OVD22, 14 samples)",1ogaE3Tl1iDtPXh9h5ZKylOqCqTS58Tvx,OVD22-65-67 (47158),OVD22,65.0,67.0,,polished thin section (ӨТШ),"Strongly altered, weakly mineralised uneven-grained pyroxene-olivine-hornblende peridotite","Хүчтэй хувирч, сулавтар хүдэржсэн жигд биш ширхэгтэй пироксен-оливин-эвэр хуурмагт перидотит","Panidiomorphic, poikilo-ophitic, subophitic; massive",Serpentinized olivine:30-35; Hornblende:35-40; Clinopyroxene:5-10; Orthopyroxene:3-5; Biotite:5-8; Altered plagioclase:5-8; Chromite:0.5-1.0; Magnetite:3-5; Chalcopyrite:0.5; Pyrrhotite:3-5,"Serpentine, talc, actinolite, chlorite, saussurite; chlorite-actinolite-serpentine pseudomorphs",Chromite-magnetite-pentlandite-pyrrhotite-chalcopyrite paragenesis but weakly developed; few pyrrhotite-chalcopyrite lenses 0.8-1.2 mm; magnetite micro-veins/lenses along olivine cleavage,Same rock type as 47156 but with less mineralisation. Serpentinized olivine mesh texture with magnetite veinlets; hornblende dominant; sparse sulfides.,,
"22 р цооног зассан 14ш.docx (hole OVD22, 14 samples)",1ogaE3Tl1iDtPXh9h5ZKylOqCqTS58Tvx,OVD22-89.05 (47159),OVD22,,,89.05,polished thin section (ӨТШ),"Strongly altered, mineralised porphyritic-like medium- to fine-grained hornblende melanocratic gabbro","Хүчтэй хувирч, хүдэржсэн шигтгээ маягийн дунд жижиг ширхэгтэй эвэр хуурмагт меланократ габбро","Porphyritic-like, poikilo-ophitic, subophitic; massive",Hornblende:40-45; Altered plagioclase:35-40; Altered biotite:8-10; Mon. pyroxene:1-3; Ilmenite:1-3; Chalcopyrite:1-3; Pyrrhotite:5-8; Pentlandite:0.5-1.0,"Sericite, actinolite, chlorite, epidote, quartz, carbonate; actinolite-chlorite pseudomorphs after green hornblende/biotite; quartz-carbonate lenses 0.5-2.0 mm","Ilmenite-pentlandite-pyrrhotite-chalcopyrite paragenesis; sulfide lenses 0.5-12 mm unevenly distributed, rimmed by quartz-carbonate lenses and actinolite-chlorite pseudomorphs; ilmenite disseminations 0.1-0.5 mm with hornblende",Porphyritic-like melanocratic gabbro: hornblende segregations (40-45%) in groundmass of zoned basic plagioclase (sericite-chlorite-epidote-carbonate altered) and altered mafics; chalcopyrite veinlets along fractures in pseudomorphs.,,
"22 р цооног зассан 14ш.docx (hole OVD22, 14 samples)",1ogaE3Tl1iDtPXh9h5ZKylOqCqTS58Tvx,OVD22-95-97 (47160),OVD22,95.0,97.0,,polished thin section (ӨТШ),"Strongly altered, mineralised uneven-grained hornblende peridotite (melanocratic gabbro)","Хүчтэй хувирч, хүдэржсэн жигд биш ширхэгтэй эвэр хуурмагт перидотит (меланократ габбро)","Panidiomorphic, poikilo-ophitic, subophitic; massive",Serpentine pseudomorph:30-35; Hornblende:30-35; Biotite:5-8; Altered plagioclase:10-15; Mon. pyroxene:few; Chromite:few; Magnetite:1-3; Chalcopyrite:3-5; Pyrrhotite:5-8; Pentlandite:5; Pyrite:5-8; Apatite:few,"Serpentine, talc, actinolite, saussurite, epidote, muscovite, chlorite",Chromite-magnetite-pyrite-pentlandite-pyrrhotite-chalcopyrite paragenesis; main ore as pyrite-pentlandite-chalcopyrite-pyrrhotite lenses 0.6-15 mm evenly distributed; pentlandite also as 0.1-0.2 mm veinlets,"Serpentine (talc-serpentine) pseudomorphs after olivine with olivine relicts, plus brown hornblende, phlogopite and saussuritized basic plagioclase. Strongly mineralised with large sulfide lenses; notable pentlandite content.",,
"22 р цооног зассан 14ш.docx (hole OVD22, 14 samples)",1ogaE3Tl1iDtPXh9h5ZKylOqCqTS58Tvx,OVD22-99-99.5 (47161),OVD22,99.0,99.5,,polished thin section (ӨТШ),Altered uneven-grained hornblende melanocratic gabbro (with mineralised microgabbro lens/schlieren),"Хувирсан жигд биш ширхэгтэй эвэр хуурмагт меланократ габбро (хүдэржсэн микрогабброгийн линз, шлиртэй)","Porphyritic-like, poikilo-ophitic, subophitic; massive",Hornblende:30-35; Serpentine pseudomorph:25-30; Altered plagioclase:30-35; Biotite (phlogopite):5-8; Ilmenite:0.5-1.0; Chromite:few; Chalcopyrite:few; Pyrite:1-3; Pyrrhotite:few; Apatite:0.5,"Serpentine, talc, actinolite, saussurite, chlorite; epigenetic carbonate veins 0.1-0.2 mm",Chromite-ilmenite-pyrite-chalcopyrite paragenesis in host; prismatic ilmenite 0.05-0.3 mm slightly dominant; pyrite micro-lenses. Microgabbro lens carries even micro-disseminations/lenses of pyrrhotite-chalcopyrite-pentlandite (0.03-0.2 mm) with late carbonate lenses and carbonate-iddingsite pseudomorphed olivine,Field: dolerite. Host melanocratic gabbro similar to 47160 but more plagioclase and weaker mineralisation; contains a visibly better-mineralised microgabbro (gabbro-porphyry) lens/schlieren in which sulfides associate with late carbonate and altered olivine.,,
"22 р цооног зассан 14ш.docx (hole OVD22, 14 samples)",1ogaE3Tl1iDtPXh9h5ZKylOqCqTS58Tvx,OVD22-105-107 (47162),OVD22,105.0,107.0,,polished thin section (ӨТШ),"Mineralised, altered uneven-grained (porphyritic-like) hornblende melanocratic gabbro","Хүдэржиж, хувирсан жигд биш ширхэгтэй (шигтгээ маягийн) эвэр хуурмагт меланократ габбро","Porphyritic-like, poikilo-ophitic, subophitic; massive",Hornblende:30-35; Talc-serpentine pseudomorph:25-30; Altered plagioclase:25-30; Biotite (phlogopite):5-8; Ilmenite:0.5-1.0; Chromite:few; Chalcopyrite:3-5; Pyrite:1-3; Pyrrhotite:1-3; Pentlandite:1-2; Apatite:few; Carbonate (epigenetic):3-5,"Serpentine, talc, actinolite, saussurite, chlorite; plagioclase cores to epidote-sericite; carbonate veinlets cutting pseudomorphs","Chromite-ilmenite-pyrite-pentlandite-pyrrhotite-chalcopyrite paragenesis; main ore as pyrite-pentlandite-chalcopyrite-pyrrhotite lenses 0.5-16 mm, unevenly distributed; chalcopyrite-pyrrhotite micro-veinlets along pseudomorph fractures and in carbonate veinlets","Generally same as 47160: hornblende segregations, talc-serpentine pseudomorphs (some phlogopite-serpentine), altered zoned plagioclase groundmass. Strongly mineralised with large sulfide lenses.",,
"22 р цооног зассан 14ш.docx (hole OVD22, 14 samples)",1ogaE3Tl1iDtPXh9h5ZKylOqCqTS58Tvx,OVD22-111.8-112.4 (47163),OVD22,111.8,112.4,,polished thin section (ӨТШ),"Mineralised, carbonatised medium- to fine-grained garnet-bearing olivine-pyroxene gabbro (with microgabbro lens)","Хүдэржиж, карбонатчлагдсан дунд жижиг ширхэгтэй гранаттай оливин-пироксент габбро (микрогабброгийн линзтэй)","Subophitic, poikilo-ophitic, gabbroic; lenticular, banded","Plagioclase:35-40; Mon. pyroxene:20-25; Garnet (grossular, almandine):10-15; Iddingsite? (after olivine):5-8; Pyrrhotite:3-5; Pentlandite:2-3; Chalcopyrite:2-3; Chlorite+serpentine+epidote (secondary):10-15; Carbonate+quartz (secondary):3-5",Carbonatisation; olivine to iddingsite(-carbonate) pseudomorphs; pyroxene partly serpentine-chlorite-carbonate-epidote replaced; late carbonate-quartz lenses/veins,Pentlandite-pyrrhotite-chalcopyrite paragenesis; intergrowth lenses 0.8-2.0 mm mostly in carbonate-quartz lenses; pyrrhotite-pentlandite capillary veinlet cages along pyroxene cleavage; micro-lenses along garnet-pyroxene fractures,"Field: dolerite. Unusual gabbro with fresh plagioclase, monoclinic pyroxene, two garnet types (colorless twinned grossular and red-brown isotropic almandine-pyrope) and iddingsite pseudomorphs; significant Ni-Cu sulfide mineralisation tied to late carbonate-quartz.",,
"22 р цооног зассан 14ш.docx (hole OVD22, 14 samples)",1ogaE3Tl1iDtPXh9h5ZKylOqCqTS58Tvx,OVD22-124-126 (47164),OVD22,124.0,126.0,,polished thin section (ӨТШ),Weakly pyritised chlorite-sericite-muscovite metasomatite,Сулавтар пиритжсэн хлорит-серицит-мусковитат метасоматит,"Cryptolepidoblastic, relict?; lenticular, spotted",Sericite-muscovite aggregate:60-65; Chlorite aggregate:30-35; Pyrite (marcasite):1-2; Titanite:0.5; Carbonate:1-2,Complete metasomatic replacement (possibly of microdiorite/microgabbrodiorite); thin carbonate veinlets ~0.1 mm,Titanite-pyrite paragenesis; pyrite as 0.01-0.2 mm veinlets and even 0.01-0.05 mm disseminations,Field: spotted rock. Very fine chlorite-muscovite-sericite scaly aggregate with poorly preserved relict isometric/hexagonal shapes suggesting replacement of a primary mineral (plagioclase?); weak pyrite mineralisation.,,
"22 р цооног зассан 14ш.docx (hole OVD22, 14 samples)",1ogaE3Tl1iDtPXh9h5ZKylOqCqTS58Tvx,OVD22-135-137 (47165),OVD22,135.0,137.0,,polished thin section (ӨТШ),Pyritised chlorite-sericite-muscovite metasomatite,Пиритжсэн хлорит-серицит-мусковитат метасоматит,"Microlepidoblastic, relict?; lenticular, spotted",Sericite-muscovite aggregate:60-65; Chlorite aggregate:20-25; Pyrite (marcasite):5-8; Titanite:0.5-1; Quartz:3-5,Metasomatic; quartz micro-grains in both mica and chlorite aggregates,Titanite-pyrite paragenesis; abundant white-yellow pyrite/marcasite veinlets 0.01-0.1 mm crosscutting the fabric plus even euhedral disseminations 0.005-0.1 mm,Same rock as 47164 but with much stronger pyrite: numerous crosscutting pyrite veinlets. Field: spotted rock.,,
"22 р цооног зассан 14ш.docx (hole OVD22, 14 samples)",1ogaE3Tl1iDtPXh9h5ZKylOqCqTS58Tvx,OVD22-146.5-148 (47166),OVD22,146.5,148.0,,polished thin section (ӨТШ),"Mineralised, altered uneven-grained olivine-hornblende melanocratic gabbro",Хүдэржиж хувирсан жигд биш ширхэгтэй оливин эвэр хуурмагт меланократ габбро,"Porphyritic-like, poikilo-ophitic, subophitic; massive",Hornblende:30-35; Serpentine pseudomorph:20-25; Altered plagioclase:30-35; Biotite:5-8; Mon. pyroxene:few; Ilmenite:0.5-1.0; Chalcopyrite:1-2; Pyrrhotite:1-3; Apatite:few,"Serpentine, talc, actinolite, sericite, epidote, chlorite, carbonate, quartz; actinolite-chlorite pseudomorphs (10-15%)",Ilmenite-pyrrhotite-chalcopyrite paragenesis; ilmenite micro-disseminations 0.05-0.2 mm; pyrrhotite-chalcopyrite lenses 2-3 mm within carbonate-quartz lenses,"Field: mineralized gabbro. Similar to 47160/47161: hornblende segregations with poikilitic plagioclase, talc-serpentine pseudomorphs after olivine; moderate mineralisation with sulfide lenses in carbonate-quartz.",,
"22 р цооног зассан 14ш.docx (hole OVD22, 14 samples)",1ogaE3Tl1iDtPXh9h5ZKylOqCqTS58Tvx,OVD22-162-164.4 (47167),OVD22,162.0,164.4,,polished thin section (ӨТШ),Strongly carbonatised fine-grained arkosic sandstone,Хүчтэй карбонатчлагдсан жижиг ширхэгтэй аркоз элсжин,Psammitic; cement micro-granoblastic; parallel,Plagioclase (albite) fragments:15-20; Altered andesite (albitite) fragments:5-10; Microquartzite fragments:10-15; Quartz fragments:few; Pyrite:1-3; Siliceous aggregate + carbonate (cement):55-60 (carbonate 30-35),Strong carbonatisation: carbonate lens clusters in cement and crosscutting carbonate veinlets 0.3-8.0 mm wide,Pyrite only; dust-like pyrite in microquartzite fragments/lenses plus 0.1-0.3 mm euhedral grains in uneven clusters,"Field: siltstone. Weakly aligned crystal (albite, quartz) and lithic (altered andesite/albitophyre, microquartzite) fragments in a fine siliceous, strongly carbonatised cement; pyrite disseminations.",,
"23 р цооног дууссан 9ш.docx (hole OVD23, 9 samples)",1Hpn_S6ZrXwAI93crIjVJlKaG6QD6qAv-,OVD23-14-16 (47168),OVD23,14.0,16.0,,polished thin section (ӨТШ),Strongly altered uneven-grained hornblende peridotite,Хүчтэй хувирсан жигд биш ширхэгтэй эвэр хуурмагт перидотит,"Poikilo-ophitic, relict panidiomorphic; massive",Hornblende:45-50; Serpentine-talc pseudomorph (after olivine):15-20; Altered plagioclase:10-15; Biotite:5-8; Mon. pyroxene:5-10; Chromite:few; Magnetite:3-5; Goethite-hydrogoethite:0.5-1.0; Carbonate (epigenetic):5-10,"Serpentine, saussurite, talc, chlorite, actinolite; considerable carbonatisation (veinlets 0.03-0.3 mm); iron oxides along fractures",Magnetite-goethite-hydrogoethite paragenesis; magnetite disseminations 0.05-0.2 mm and capillary veinlets along olivine cleavage; single euhedral goethite grains 0.8-1.2 mm with hydrogoethite rims. NO Cu-Ni sulfide mineralisation observed,Field: mineralized gabbro. Same peridotite type as in holes 22 and 26 but without Cu-Ni sulfides; weakly fractured with iron-oxide staining; carbonate veinlets cut the talc-serpentine pseudomorphs.,,
"23 р цооног дууссан 9ш.docx (hole OVD23, 9 samples)",1Hpn_S6ZrXwAI93crIjVJlKaG6QD6qAv-,OVD23-29-30.8 (47169),OVD23,29.0,30.8,,polished thin section (ӨТШ),Epidote-chlorite-actinolite metasomatite (after gabbrodiorite porphyry?),Эпидот-хлорит-актинолитот метасоматит (габбродиорит порфироор үүссэн?),"Relict porphyritic, lepidogranonematoblastic; massive, lenticular",Actinolite:55-60; Mon. pyroxene relicts:few; Epidote:10-15; Chlorite:10-15; Sericite-muscovite:5-10; Pyrite:few; Pyrrhotite:1-3; Ilmenite:1-3,Green-schist style metasomatism (sericite-chlorite-epidote-actinolite); epigenetic carbonate and quartz veinlets 0.01-0.1 mm,"Ilmenite-pyrite-pyrrhotite paragenesis; 0.05-0.3 mm disseminations evenly distributed, associated with actinolite lenses","Field: dolerite. Microlepidogranonematoblastic aggregate of actinolite (dominant), chlorite, epidote and sericite-muscovite with poorly preserved monoclinic-pyroxene relicts; possibly an altered intermediate-basic dyke rock. Weakly mineralised.",,
"23 р цооног дууссан 9ш.docx (hole OVD23, 9 samples)",1Hpn_S6ZrXwAI93crIjVJlKaG6QD6qAv-,OVD23-34-36 (47170),OVD23,34.0,36.0,,polished thin section (ӨТШ),"Strongly altered, mineralised uneven-grained pyroxene-olivine-hornblende peridotite","Хүчтэй хувирч, хүдэржсэн жигд биш ширхэгтэй пироксен-оливин-эвэр хуурмагт перидотит","Panidiomorphic, poikilo-ophitic, subophitic; massive",Serpentinized olivine:30-35; Hornblende:25-30; Mon. pyroxene:5-10; Orthopyroxene:5; Biotite (phlogopite):8-10; Altered plagioclase:8-10; Chromite:0.5-1.0; Magnetite:3-5; Chalcopyrite:1-3; Pyrrhotite:5-8; Sphalerite:few,"Serpentine(-talc), actinolite, chlorite, saussurite, muscovite (some probably fuchsite)",Chromite-magnetite-pyrrhotite-chalcopyrite paragenesis; magnetite mesh veinlets along olivine cleavage; pyrrhotite-chalcopyrite lenses 1-9 mm evenly distributed with serpentinized olivine (no pentlandite seen in this slide),"Field: mineralized gabbro. Typical serpentinized peridotite of the hole: mesh-textured olivine, brown hornblende, both pyroxenes, phlogopite; sulfide lens mineralisation 0.8-9.0 mm.",,
"23 р цооног дууссан 9ш.docx (hole OVD23, 9 samples)",1Hpn_S6ZrXwAI93crIjVJlKaG6QD6qAv-,OVD23-64-66 (47171),OVD23,64.0,66.0,,polished thin section (ӨТШ),"Strongly altered, mineralised uneven-grained pyroxene-olivine-hornblende peridotite","Хүчтэй хувирч, хүдэржсэн жигд биш ширхэгтэй пироксен-оливин-эвэр хуурмагт перидотит","Panidiomorphic, poikilo-ophitic, subophitic; massive",Serpentinized olivine:25-30; Hornblende:30-35; Mon. pyroxene:5-10; Biotite:8-10; Orthopyroxene:5-8; Altered plagioclase:10-15; Chromite:few; Magnetite:1-3; Ilmenite:1-3; Chalcopyrite:1-3; Pyrrhotite:5-8; Pentlandite:0.5-1.0,"Serpentine, talc, actinolite, chlorite, saussurite, muscovite; chlorite-talc-actinolite pseudomorphs",Chromite-magnetite-ilmenite-pentlandite-pyrrhotite-chalcopyrite paragenesis; sulfide intergrowth lenses 0.8-9.0 mm evenly distributed with serpentinized olivine; magnetite mesh veinlets,Same rock as 47170. Significant mineralisation as evenly distributed pentlandite-bearing pyrrhotite-chalcopyrite lenses 1-9 mm plus disseminations and mesh veinlets.,,
"23 р цооног дууссан 9ш.docx (hole OVD23, 9 samples)",1Hpn_S6ZrXwAI93crIjVJlKaG6QD6qAv-,OVD23-83-85 (47172),OVD23,83.0,85.0,,polished thin section (ӨТШ),"Strongly altered, mineralised uneven-grained pyroxene-olivine-hornblende peridotite","Хүчтэй хувирч, хүдэржсэн жигд биш ширхэгтэй пироксен-оливин-эвэр хуурмагт перидотит","Panidiomorphic, poikilo-ophitic, subophitic; massive",Serpentinized olivine:25-30; Hornblende:30-35; Mon. pyroxene:5-10; Biotite:8-10; Orthopyroxene:few; Altered plagioclase:10-15; Chromite:few; Magnetite:1-3; Ilmenite:few; Chalcopyrite:0.5-1.0; Pyrrhotite:3-5; Pentlandite:few,"Serpentine(-talc), actinolite, chlorite, saussurite, muscovite; talc-chlorite-actinolite pseudomorphs possibly after pyroxene",Chromite-magnetite-ilmenite-pentlandite-pyrrhotite-chalcopyrite paragenesis; fewer lenses (0.8-6 mm) than 47170/47171; magnetite disseminations and veinlets along olivine cleavage,Same rock as 47170/47171 but with weaker sulfide mineralisation; hornblende poikilitically encloses altered plagioclase and olivine; subophitic plagioclase-mafic groundmass patches.,,
"23 р цооног дууссан 9ш.docx (hole OVD23, 9 samples)",1Hpn_S6ZrXwAI93crIjVJlKaG6QD6qAv-,OVD023-123.15-125 (47173),OVD23,123.15,125.0,,polished thin section (ӨТШ),Chlorite-sericite metasomatite,Хлорит-серицитэт метасоматит,"Microlepidoblastic; schistose, lenticular, spotted",Sericite:45-50; Chlorite:40-45; Actinolite:5-8; Titanite:1-3; Chalcopyrite:few; Pyrite:0.5-1.0; Pyrrhotite:few,Metasomatic sericite-chlorite; leucoxenised titanite micro-grains,Titanite-pyrite-pyrrhotite-chalcopyrite paragenesis; pyrite micro-grains and discontinuous veinlets elongated along schistosity 0.01-0.1 mm; rare chalcopyrite micro-grains,"Field: spotted rock. Spotted muscovite-sericite lens aggregates (0.1-0.4 mm, ~55-60% of rock) in a semi-isotropic chlorite(-sericite) cryptolepidoblastic matrix with leucoxenised titanite; weak sulfide dusting.",,
"23 р цооног дууссан 9ш.docx (hole OVD23, 9 samples)",1Hpn_S6ZrXwAI93crIjVJlKaG6QD6qAv-,OVD023-135-137 (47174),OVD23,135.0,137.0,,polished thin section (ӨТШ),Weakly mineralised argillite (phyllite) derived from siltstone,Сулавтар хүдэржсэн алевролитоор үүссэн аргиллит (филлит),"Microlepidoblastic, blastoaleuritic; schistose, lenticular, spotted",Sericite:40-45; Chlorite-clay aggregate:45-50; Silt-sized relict fragments:1-3; Titanite:3-5; Pyrite:few; Chalcopyrite:few; Quartz (secondary):; Carbonate (secondary):,"Sericite spotted lenses (0.2-0.6 mm, weak single-center sectorial extinction); quartz-carbonate veinlets 0.03-0.1 mm","Titanite-pyrite-chalcopyrite paragenesis; dust-like pyrite in main mass, rare chalcopyrite 0.01-0.1 mm; leucoxenised titanite micro-lenses",Field: breccia. Spotted aleuro-argillite: sericite spot-lenses in a pelitomorphic semi-isotropic chlorite-clay aggregate with relict silt quartz; meta-siltstone lenses/bands 10-15%; weak mineralisation.,,
"23 р цооног дууссан 9ш.docx (hole OVD23, 9 samples)",1Hpn_S6ZrXwAI93crIjVJlKaG6QD6qAv-,OVD023-141.7-143 (47175),OVD23,141.7,143.0,,polished thin section (ӨТШ),Weakly mineralised meta-siltstone,Сулавтар хүдэржсэн метаалевролит,"Microlepidoblastic, blastoaleuritic; schistose, lenticular, spotted, banded",Quartz (fragments):15-20; Feldspar (albite) fragments:5-10; Sericite-bearing chlorite cement:65-70; Titanite:1-3; Pyrite:3-5; Pyrrhotite:1-3; Chalcopyrite:few; Carbonate (secondary):25-30,Strongly carbonatised band (80-85% fine carbonate cement); carbonate(-pyrite?) veinlets 0.1-0.2 mm,"Titanite-pyrite-chalcopyrite paragenesis; even 0.01-0.2 mm disseminations of pyrite, pyrrhotite, chalcopyrite; pyrite micro-lenses concentrated in the carbonate-siltstone band",Field: siltstone. Meta-siltstone of quartz(-albite) fragments in mica-chlorite cement with sericite spot clusters in uneven bands; contains a strongly carbonatised siltstone band; weak even sulfide dusting.,,
"23 р цооног дууссан 9ш.docx (hole OVD23, 9 samples)",1Hpn_S6ZrXwAI93crIjVJlKaG6QD6qAv-,OVD23-114-116 (47176),OVD23,114.0,116.0,,polished thin section (ӨТШ),"Strongly altered, mineralised uneven-grained pyroxene-olivine-hornblende peridotite","Хүчтэй хувирч, хүдэржсэн жигд биш ширхэгтэй пироксен-оливин-эвэр хуурмагт перидотит","Panidiomorphic, poikilo-ophitic, subophitic; massive",Talc-serpentine pseudomorph (after olivine):30-35; Hornblende:30-35; Mon. pyroxene:8-10; Biotite:5-8; Orthopyroxene:few; Altered plagioclase:8-10; Ilmenite:few; Magnetite:3-5; Chalcopyrite:0.1-0.3; Pyrrhotite:1-3; Pentlandite:few,"Serpentine, talc, actinolite, chlorite, saussurite, muscovite",Ilmenite-magnetite-pentlandite-pyrrhotite-chalcopyrite paragenesis; magnetite mesh veinlets in pseudomorphs; few pyrrhotite-chalcopyrite lenses 0.2-2.0 mm with talc-serpentine,"Same rock as 47172. Talc-serpentine pseudomorphs after olivine with magnetite mesh, brown hornblende, both pyroxenes, phlogopite; modest sulfide mineralisation. (Sample sits at 114-116 m, listed after deeper samples in the source doc.)",,
"24 р цооног зассан 13ш.docx (hole OVD24, 13 samples)",1IehFzGt7P_1swflmBZWZOxwkH0alPxBT,OVD024-12-14 (47130),OVD24,12.0,14.0,,polished thin section (ӨТШ),Uneven-grained arkosic sandstone,Жигд биш ширхэгтэй аркоз элсжин,Psammitic; cement microlepidoblastic; weakly schistose,Quartz (fragments):20-25; Feldspar (fragments):30-35; Microquartzite (fragments):5-10; Andesite (fragments):few; Acid effusive (fragments):few; Meta-siltstone/argillite (fragments):5-10; Weakly ferruginous mica (biotite-sericite) cement:30-35; Titanite:few; Goethite:few; Carbonate (secondary):,Cement enriched in iron hydroxides (orange-brown); plagioclase fragments weakly sericite-pelite-carbonate altered,Titanite-goethite paragenesis only; goethite disseminations 0.01-0.1 mm mostly with carbonate; leucoxenised titanite micro-grains,"Field: spotted rock. Poorly rounded quartz, plagioclase, microquartzite, andesite/rhyolite and meta-siltstone fragments (65-70%) in a weakly ferruginous biotite-sericite cement; essentially barren.",,
"24 р цооног зассан 13ш.docx (hole OVD24, 13 samples)",1IehFzGt7P_1swflmBZWZOxwkH0alPxBT,OVD24-16.8-19 (47131),OVD24,16.8,19.0,,polished thin section (ӨТШ),"Weakly ferruginised, carbonatised quartz-actinolite-epidote metasomatite (after gabbrodiorite porphyry)",Сулавтар төмөржиж карбонатчлагдсан кварц-актинолит-эпидотот метасоматит (габбродиорит порфироор үүссэн),"Relict porphyritic, lepidogranonematoblastic; massive, lenticular",Quartz-actinolite pseudomorph:30-35; Chlorite-carbonate?-muscovite-epidote aggregate:45-50; Hematite-goethite:5-8; Pyrite:few; Carbonate (epigenetic):3-5; Quartz (epigenetic):5,Green alteration (chlorite-quartz-muscovite-epidote-actinolite); ferruginisation; quartz-carbonate veinlets 0.05-0.3 mm with iron oxides,"Pyrite-goethite paragenesis; hematite micro-disseminations 0.03-0.1 mm evenly distributed; goethite weakly zoned micro-lenses/veinlets in carbonate veins, also replacing pyrite",Field: gabbro. Microlepidogranonematoblastic green-alteration aggregate with poorly preserved relict porphyritic texture; protolith probably an intermediate-basic dyke (gabbrodiorite porphyry); oxide-dominated mineralisation.,,
"24 р цооног зассан 13ш.docx (hole OVD24, 13 samples)",1IehFzGt7P_1swflmBZWZOxwkH0alPxBT,OVD24-30-32 (47132),OVD24,30.0,32.0,,polished thin section (ӨТШ),"Carbonatised, weakly brecciated altered diorite porphyry",Карбонатчлагдаж сулавтар брекчилэгдсэн хувирсан диорит порфир,"Relict porphyritic, relict micro-prismatic granular; breccia-like, weakly parallel",Altered plagioclase:65-70; Altered mafic mineral (altered biotite):10-15; Goethite:1-3; Hydrogoethite:0.5-1; Pyrite:few; Sericite+ferruginous carbonate+chlorite (secondary):5-10; Carbonate (epigenetic):10-15,"Sericite, carbonate; mafic mineral (biotite?) strongly chloritized and replaced by ferruginous carbonate; carbonate veins 0.2-2.0 mm with hydrogoethite along fractures","Pyrite-goethite-hydrogoethite paragenesis; goethite 0.05-0.2 mm mostly in carbonate lenses/veins, with rare pyrite relicts","Field: spotted rock. Brecciated diorite porphyry: sericitized plagioclase phenocrysts (5-10%) in fine plagioclase-altered mafic groundmass, crosscut by ferruginous carbonate veins with angular clasts of the host and other rocks (argillite, microdiorite).",,
"24 р цооног зассан 13ш.docx (hole OVD24, 13 samples)",1IehFzGt7P_1swflmBZWZOxwkH0alPxBT,OVD024-34-36 (47133),OVD24,34.0,36.0,,polished thin section (ӨТШ),Clayey-micaceous phyllite,Шаварлаг-гялтгануурт филлит,"Microlepidoblastic; schistose, lenticular, spotted",Sericite:40-45; Clayey-micaceous (chlorite-biotite) aggregate:45-50; Pyrite:3-5; Goethite:1-2; Hydrogoethite:1-3,Iron-oxide enrichment (orange hue) of the pelitomorphic matrix,"Pyrite-goethite-hydrogoethite paragenesis; oval pyrite grains/micro-lenses 0.05-0.2 mm elongated along schistosity inside the sericite spots, partly replaced by goethite; goethite-hydrogoethite dust aggregates","Field: spotted rock. Spotted phyllite: rounded sericite lens aggregates (0.1-0.3 mm, 40-50% of rock) in a ferruginised semi-isotropic clay-mica (chlorite-biotite) matrix; pyrite micro-lenses within the spots.",,
"24 р цооног зассан 13ш.docx (hole OVD24, 13 samples)",1IehFzGt7P_1swflmBZWZOxwkH0alPxBT,OVD024-40.35-42.5 (47134),OVD24,40.35,42.5,,polished thin section (ӨТШ),Chlorite-biotite-muscovite-albite metasomatite,Хлорит-биотит-мусковит-альбитат метасоматит,"Microgranolepidoblastic, weakly expressed relict prismatic granular; weakly schistose, lenticular",Chlorite-muscovite pseudomorph:45-50; Albite?:30-35; Ferruginised biotite:10; Goethite:3-5; Hydrogoethite:1-2,Metasomatism of a probable intermediate-basic dyke (microgabbrodiorite?); albite from recrystallized plagioclase; hydrogoethite-limonite capillary veinlets along fractures,Goethite-hydrogoethite only; even fine goethite grains 0.01-0.03 mm,"Field: breccia. Flat/prismatic chlorite-muscovite pseudomorphs (0.1-0.5 mm, ~half the rock, after primary mafic minerals) in a fine albite granoblastic aggregate with ferruginised biotite plates; oxide-only mineralisation.",,
"24 р цооног зассан 13ш.docx (hole OVD24, 13 samples)",1IehFzGt7P_1swflmBZWZOxwkH0alPxBT,OVD24-50-52 (47135),OVD24,50.0,52.0,,polished thin section (ӨТШ),"Strongly altered, weakly mineralised uneven-grained pyroxene-olivine-hornblende melanocratic gabbro","Хүчтэй хувирч, сулавтар хүдэржсэн жигд биш ширхэгтэй пироксен-оливин-эвэр хуурмагт меланократ габбро","Panidiomorphic, poikilitic, subophitic; massive",Talc-serpentine pseudomorph:25-30; Hornblende:30-35; Altered plagioclase:20-25; Mon. pyroxene:3-5; Biotite:1-3; Magnetite:1-2; Ilmenite:0.5-1.0; Chalcopyrite:0.1; Pyrite:few; Pyrrhotite:1-2,"Serpentine, talc, actinolite, chlorite, saussurite",Magnetite-ilmenite-pyrite-pyrrhotite-chalcopyrite paragenesis; magnetite/ilmenite disseminations and veinlets along olivine cleavage; pyrrhotite-chalcopyrite micro-lenses 0.1-1.0 mm with talc-serpentine,"Field: mineralized gabbro. Same rock family as OVD23-47176 but with more plagioclase, hence melanocratic gabbro; weak sulfide mineralisation.",,
"24 р цооног зассан 13ш.docx (hole OVD24, 13 samples)",1IehFzGt7P_1swflmBZWZOxwkH0alPxBT,OVD24-54.07-56 (47136),OVD24,54.07,56.0,,polished thin section (ӨТШ),"Weakly mineralised, altered microgabbro (taxitic microgabbro/microgabbrodiorite)","Сулавтар хүдэржиж, хувирсан микрогаббро","Micro-hypidiomorphic, partly subophitic, poikilo-ophitic; taxitic, banded, lenticular",Plagioclase:30-35; Hornblende:30-35; Mon. pyroxene:20-25; Ilmenite:0.5-1.0; Pyrrhotite:3-5; Pentlandite:0.5-1.0; Magnetite:few; Chalcopyrite:0.5-1.0; Sphene:few,"Sericite, actinolite, carbonate; leucocratic microdiorite bands with actinolite-chlorite-replaced mafics; iddingsite after olivine in gabbro bands",Ilmenite-magnetite-pentlandite-pyrrhotite-chalcopyrite paragenesis; disseminations and micro-lenses in each band; large 1x5 mm pentlandite-pyrrhotite-chalcopyrite lenses in the microgabbrodiorite bands; chalcopyrite veinlets 0.1-0.2 mm in the microdiorite bands,Field: spotted rock. Taxitic rock of five band/lens types: dominant mon.pyroxene microgabbro; plagioclase-green hornblende microgabbrodiorite (hosts the coarse sulfide lenses); leucocratic microdiorite (chalcopyrite veinlets); fine hornblende gabbrodiorite (pyrite-pyrrhotite-ilmenite micro-lenses); weakly mineralised fine hornblende gabbro with iddingsite after olivine.,,
"24 р цооног зассан 13ш.docx (hole OVD24, 13 samples)",1IehFzGt7P_1swflmBZWZOxwkH0alPxBT,OVD24-72-74 (47137),OVD24,72.0,74.0,,polished thin section (ӨТШ),Chlorite-muscovite-albite metasomatite after microdiorite,Микродиоритоор үүссэн хлорит-мусковит-альбитат метасоматит,"Microlepidogranoblastic, relict micro-prismatic granular; weakly parallel",Albite (altered plagioclase):50-55; Chlorite-muscovite pseudomorph:30-35; Chlorite:3-5; Pyrite:3-5; Titanite:3-5; Chalcopyrite:single grains; Quartz (secondary):,Metasomatism of microdiorite; albite recrystallized after plagioclase; crosscut by albite(-chlorite) veins 0.5-3.0 mm (5-10%) with pyrite lenses and by siliceous(-titanite) veins/lenses 1-2 mm,Titanite-pyrite-chalcopyrite paragenesis; even titanite micro-grains; pyrite in veins and sparse disseminations; single chalcopyrite grains,Field: spotted rock. Fine albite granoblastic aggregate with evenly distributed chlorite-muscovite pseudomorphs after mafic minerals; cut by pyrite-bearing albite (microdiorite) veins.,,
"24 р цооног зассан 13ш.docx (hole OVD24, 13 samples)",1IehFzGt7P_1swflmBZWZOxwkH0alPxBT,OVD24-78-80 (47138),OVD24,78.0,80.0,,polished thin section (ӨТШ),"Altered, mineralised uneven-grained olivine-hornblende melanocratic gabbro","Хувирч, хүдэржсэн жигд биш ширхэгтэй оливин-эвэр хуурмагт меланократ габбро","Panidiomorphic, poikilitic, subophitic; massive, lenticular",Talc-serpentine pseudomorph:20-25; Hornblende:30-35; Altered plagioclase:35-40; Mon. pyroxene:few; Biotite:3-5; Pentlandite:few; Ilmenite:few; Chalcopyrite:1-2; Pyrite:1-3; Pyrrhotite:5-7; Magnetite:few,"Serpentine, talc, actinolite, chlorite, saussurite; sericite on plagioclase",Magnetite-ilmenite-pyrite-pentlandite-pyrrhotite-chalcopyrite paragenesis; intergrowth lenses 0.5-6.0 mm associated with talc-serpentine pseudomorphs; ilmenite rhombic/prismatic disseminations 0.1-0.3 mm,Field: mineralized gabbro. Similar to 47135: plagioclase-hornblende-talc-serpentine pseudomorph rock; considerable mineralisation with pentlandite-pyrrhotite-chalcopyrite lenses.,,
"24 р цооног зассан 13ш.docx (hole OVD24, 13 samples)",1IehFzGt7P_1swflmBZWZOxwkH0alPxBT,OVD24-86-88 (47139),OVD24,86.0,88.0,,polished thin section (ӨТШ),Strongly mineralised fine- to medium-grained pyroxene-hornblende gabbro,Хүчтэй хүдэржсэн жижиг дунд ширхэгтэй пироксен-эвэрхуурмагт габбро,"Gabbroic, panidiomorphic; taxitic",Plagioclase:40-45; Hornblende:20-25; Pyroxene:8-10; Serpentine pseudomorph:3-5; Actinolite-chlorite pseudomorph:10-15; Pentlandite:5; Chalcopyrite:3-5; Pyrite:8-10; Pyrrhotite:1-3; Magnetite:0.5; Ilmenite:few,"Actinolite, chlorite, sericite, pelite, epidote, rutile",Magnetite-ilmenite-pyrite-pentlandite-pyrrhotite-chalcopyrite paragenesis; ore lenses and veins 0.1-10 mm occupying 15-20% of the rock; pyrite veinlets 0.05-0.2 mm along fractures; pyrite-chalcopyrite lenses/veins 0.1-0.4 mm in the plagioclase-rich taxitic parts,"Field: mineralized gabbro. Taxitic gabbro of intermediate-basic plagioclase, brown hornblende and orthopyroxene with minor serpentine and actinolite-chlorite pseudomorphs; strongly mineralised, cut by 1-10 mm sulfide lenses/veins.",,
"24 р цооног зассан 13ш.docx (hole OVD24, 13 samples)",1IehFzGt7P_1swflmBZWZOxwkH0alPxBT,OVD24-106-108 (47140),OVD24,106.0,108.0,,polished thin section (ӨТШ),"Strongly altered, mineralised uneven-grained olivine-hornblende peridotite","Хүчтэй хувирч, хүдэржсэн жигд биш ширхэгтэй оливин-эвэр хуурмагт перидотит","Relict panidiomorphic, poikilitic, subophitic; massive",Talc-serpentine pseudomorph:45-50; Hornblende:20-25; Mon. pyroxene:5; Altered plagioclase:5-8; Actinolite-chlorite pseudomorph:5-8; Biotite:5; Magnetite:0.5-1.0; Ilmenite:0.5-1.0; Chalcopyrite:1-2; Pentlandite:0.5-1.0; Pyrrhotite:3-5; Apatite:few,"Serpentine, talc, actinolite, chlorite, saussurite; sericite on zoned plagioclase","Magnetite-ilmenite-pentlandite-pyrrhotite-chalcopyrite paragenesis; even disseminations, magnetite-serpentine veinlets along olivine cleavage; chalcopyrite-pyrrhotite lenses to 4.0 mm; pentlandite mostly as separate micro-lenses",Field: mineralized gabbro. Talc-serpentine-pseudomorph-dominated peridotite with brown hornblende; weak-moderate mineralisation with distinctive standalone pentlandite micro-lenses.,,
"24 р цооног зассан 13ш.docx (hole OVD24, 13 samples)",1IehFzGt7P_1swflmBZWZOxwkH0alPxBT,OVD24-148-150 (47141),OVD24,148.0,150.0,,polished thin section (ӨТШ),"Altered, mineralised uneven-grained olivine-hornblende melanocratic gabbro",Хувирч хүдэржсэн жигд биш ширхэгтэй оливин-эвэр хуурмагт меланократ габбро,"Panidiomorphic, poikilitic, subophitic; massive, lenticular (taxitic tendency)",Talc-serpentine pseudomorph:20-25; Hornblende:20-25; Altered plagioclase:35-40; Mon. pyroxene:5-8; Biotite:5; Actinolite-chlorite pseudomorph:5; Pentlandite:0.5-1.0; Ilmenite:few; Chalcopyrite:1-2; Pyrite:3-5; Pyrrhotite:few; Magnetite:few,"Serpentine, talc, actinolite, chlorite, saussurite, sericite",Magnetite-ilmenite-pyrite-pentlandite-pyrrhotite-chalcopyrite paragenesis; pentlandite-pyrrhotite-chalcopyrite intergrowth lenses 0.5-3.0 mm with talc-serpentine; pyrite (marcasite) veinlets 0.1-0.4 mm crosscutting the rock,Field: mineralized gabbro. Similar to 47135; taxitic plagioclase-rich and mafic-rich parts; moderate mineralisation with pentlandite-bearing lenses and late pyrite veinlets.,,
"24 р цооног зассан 13ш.docx (hole OVD24, 13 samples)",1IehFzGt7P_1swflmBZWZOxwkH0alPxBT,OVD24-159.15-160.75 (47142),OVD24,159.15,160.75,,polished thin section (ӨТШ),"Weakly brecciated, carbonatised medium-grained pyroxene-hornblende peridotite",Сулавтар брекчилэгдэж карбонатчлагдсан дунд ширхэгтэй пироксен-эвэрхуурмагт перидотит,"Panidiomorphic, poikilitic; weakly breccia-like",Mon. pyroxene:30-35; Hornblende:35-40; Talc-serpentine pseudomorph:10-15; Altered plagioclase:few; Actinolite-chlorite pseudomorph:10-15; Ilmenite:few; Chalcopyrite:few; Pyrrhotite:few; Pyrite:0.5-1.0; Carbonate (epigenetic):8-10,Carbonatisation: carbonate(-serpentine) veinlets 0.02-0.1 mm along pyroxene cleavage plus numerous crosscutting carbonate veinlets giving breccia-like fabric; chlorite-actinolite on green hornblende,Ilmenite-pyrite-pentlandite-pyrrhotite-chalcopyrite paragenesis (weak); ilmenite disseminations 0.02-0.2 mm; local lens-shaped zones strongly cut by pyrite veinlets 0.01-0.3 mm with the carbonate veins,"Field: breccia. Pyroxene-hornblende peridotite cut and fragmented by abundant carbonate veinlets; sparse sulfides, pyrite veinlet zones; a hornblende-grain lens also cut by carbonate.",,
"25 цооног 10ш.docx (hole OVD25, 10 samples)",1SkGc5ogH9rFr2AUsZ353aTqoG2OFv4KJ,OVD025-32-33.65 (47143),OVD25,32.0,33.65,,polished thin section (ӨТШ),Uneven-grained feldspathic greywacke sandstone,Жигд биш ширхэгтэй хээрийн жоншт граувакк элсжин,Psammitic; cement microlepidoblastic; weakly parallel,Plagioclase (fragments):40-45; Hornblende fragments (with pyrrhotite+chalcopyrite):15-20; Andesite (fragments):few; Albitophyre/microquartzite (fragments):8-10; Talc-serpentine pseudomorph fragments (with sulfides):3-5; Argillite/meta-siltstone (fragments):10-15; Pelitomorphic actinolite-chlorite cement:10-15,Plagioclase fragments weakly sericite-pelite-epidote altered,"Pyrrhotite-chalcopyrite; micro-grains and lenses 0.05-0.2 mm inside hornblende and talc-serpentine pseudomorph fragments, usually with carbonate","Field: sandstone. Clast-supported greywacke (85-90% fragments) whose mafic clasts (hornblende, talc-serpentine pseudomorphs) carry pyrrhotite-chalcopyrite micro-lenses — detrital record of the mineralised intrusion.",,
"25 цооног 10ш.docx (hole OVD25, 10 samples)",1SkGc5ogH9rFr2AUsZ353aTqoG2OFv4KJ,OVD25-37-39 (47144),OVD25,37.0,39.0,,polished thin section (ӨТШ),Altered uneven-grained olivine-hornblende melanocratic gabbro,Хувирсан жигд биш ширхэгтэй оливин-эвэр хуурмагт меланократ габбро,"Panidiomorphic, poikilitic, subophitic; massive, lenticular",Talc-serpentine pseudomorph:20-25; Hornblende:20-25; Altered plagioclase:35-40; Mon. pyroxene:few; Biotite:5-8; Actinolite-chlorite pseudomorph:5-10; Ilmenite:0.5; Pyrrhotite:few; Chalcopyrite:single grains; Pyrite:few; Magnetite:few; Apatite:few; Carbonate (secondary):3-5,"Serpentine, talc, actinolite, chlorite, saussurite, carbonate; carbonate veinlets 0.01-0.2 mm","Magnetite-ilmenite-pyrite-pyrrhotite-chalcopyrite paragenesis, weak; magnetite along olivine cleavage; single pyrrhotite lenses 0.5-0.8 mm with chalcopyrite micro-grains",Field: mineralized gabbro. Similar to OVD24-47135; plagioclase-rich taxitic melanocratic gabbro with weak sulfide mineralisation.,,
"25 цооног 10ш.docx (hole OVD25, 10 samples)",1SkGc5ogH9rFr2AUsZ353aTqoG2OFv4KJ,OVD25-42.3-44.6 (47145),OVD25,42.3,44.6,,polished thin section (ӨТШ),Strongly carbonatised epidote-chlorite-actinolite-sericite metasomatite after gabbrodiorite porphyry,Хүчтэй карбонатчлагдсан габбродиорит порфироор үүссэн эпидот-хлорит-актинолит-серицитэт метасоматит,"Relict porphyritic; groundmass relict hypidiomorphic, prismatic granular, micronematolepidogranoblastic; taxitic, lenticular, veined",Epidote-muscovite-sericite aggregate (after plagioclase):45-50; Chlorite-actinolite pseudomorph:25-30; Mon. pyroxene:few; Hornblende:10-15; Pyrrhotite:few; Chalcopyrite:single grains; Sphene:few; Carbonate (epigenetic):15-20; Quartz (epigenetic):few,Intense carbonatisation: carbonate veinlets 0.5-6 mm (10-15%) plus pervasive fine carbonate; green alteration assemblage,Sphene-pyrrhotite paragenesis; pyrrhotite 0.1-0.2 mm micro-lens clusters evenly distributed; cubic pyrite 0.05-0.1 mm mostly in carbonate veinlets; single chalcopyrite grains,Field: dolerite. Metasomatite with relict porphyritic texture after gabbrodiorite porphyry: altered hornblende phenocryst relicts (~10%) in a chlorite-carbonate-actinolite-epidote-sericite groundmass; contains gabbro lens/schlieren patches; weak mineralisation.,,
"25 цооног 10ш.docx (hole OVD25, 10 samples)",1SkGc5ogH9rFr2AUsZ353aTqoG2OFv4KJ,OVD25-44.6-46.6 (47146),OVD25,44.6,46.6,,polished thin section (ӨТШ),"Strongly mineralised, altered uneven-grained olivine-hornblende peridotite","Хүчтэй хүдэржиж, хувирсан жигд биш ширхэгтэй оливин-эвэр хуурмагт перидотит","Relict panidiomorphic, poikilo-ophitic; massive",Talc-serpentine pseudomorph:35-40; Hornblende:20-25; Mon. pyroxene:few; Altered plagioclase:few; Actinolite-chlorite pseudomorph:5-8; Biotite:1-3; Magnetite:1-3; Ilmenite:0.5-1.0; Chalcopyrite:5-8; Pentlandite:3-5; Pyrrhotite:20-25; Apatite:few,"Serpentine, talc, actinolite, chlorite, saussurite; ore minerals along pseudomorph cleavage",Magnetite-ilmenite-pentlandite-pyrrhotite-chalcopyrite paragenesis; abundant evenly distributed sulfide lenses 0.3-5.0 mm; pyrrhotite dominant (20-25% of rock) with pentlandite-pyrrhotite-chalcopyrite growth sequence,Field: mineralized gabbro. The most strongly mineralised sample of the hole: talc-serpentine pseudomorph peridotite carrying massive amounts of pentlandite-chalcopyrite-pyrrhotite intergrowth lenses.,,
"25 цооног 10ш.docx (hole OVD25, 10 samples)",1SkGc5ogH9rFr2AUsZ353aTqoG2OFv4KJ,OVD25-46.6-48.2 (47147),OVD25,46.6,48.2,,polished thin section (ӨТШ),"Strongly mineralised, altered melanocratic gabbro porphyry","Хүчтэй хүдэржиж, хувирсан меланократ габбро порфир","Porphyritic; groundmass hypidiomorphic, locally gabbro-like; massive",Altered mon. pyroxene:40-45; Plagioclase:20-25; Actinolite-chlorite pseudomorph:5-10; Altered olivine (quartz-bowlingite-iddingsite-chlorite pseudomorph):5-10; Pyrrhotite:10-15; Pentlandite:3-5; Chalcopyrite:5-8,"Sericite, pelite, chlorite, actinolite, carbonate, quartz; pyroxene phenocrysts strongly chloritized; olivine to quartz-bowlingite-iddingsite-chlorite pseudomorphs",Pentlandite-pyrrhotite-chalcopyrite paragenesis; sulfide lenses 0.5-10 mm associated with alteration chlorite and slightly later quartz-carbonate; chalcopyrite also as even micro-disseminations,Field: mineralized gabbro. Gabbro porphyry with chloritized monoclinic-pyroxene phenocrysts and pseudomorphed olivine; strongly mineralised with large pentlandite-chalcopyrite-pyrrhotite lenses.,,
"25 цооног 10ш.docx (hole OVD25, 10 samples)",1SkGc5ogH9rFr2AUsZ353aTqoG2OFv4KJ,OVD25 (47148),OVD25,,,,polished thin section (ӨТШ),"Carbonatised, mineralised uneven-grained olivine-hornblende peridotite (with fine gabbro and leucogabbro lenses/schlieren)","Карбонатчлагдаж, хүдэржсэн жигд биш ширхэгтэй оливин-эвэр хуурмагт перидотит (жижиг ширхэгтэй габбро болон лейкогабброгийн линз, шлиртэй)","Panidiomorphic, poikilo-ophitic; taxitic",Talc-serpentine pseudomorph:40-45; Hornblende:25-30; Mon. pyroxene:3-5; Altered plagioclase:10-15; Actinolite-chlorite pseudomorph:5; Biotite:1-3; Magnetite:0.5-1.0; Ilmenite:few; Chalcopyrite:2-3; Pentlandite:0.5-1.0; Pyrrhotite:5-8; Apatite:few; Carbonate (epigenetic):8-10,"Serpentine, talc, actinolite, chlorite, saussurite; carbonatisation with late carbonate lenses/veins","Magnetite-ilmenite-pentlandite-pyrrhotite-chalcopyrite paragenesis; sulfide lenses 0.2-5.0 mm intergrown with talc-serpentine pseudomorphs and hornblende, plus chalcopyrite-pyrrhotite lenses 1.0-5.0 mm inside late carbonate lenses/veins","Field: dolerite. No depth interval given in the source header (sample number only, between 47147 at 46.6-48.2 m and 47149 at 54-56 m). Taxitic peridotite with fine-gabbro and leucogabbro lenses/bands 1-8 mm; moderate Ni-Cu sulfide mineralisation.",,
"25 цооног 10ш.docx (hole OVD25, 10 samples)",1SkGc5ogH9rFr2AUsZ353aTqoG2OFv4KJ,OVD25-54-56 (47149),OVD25,54.0,56.0,,polished thin section (ӨТШ),Altered melanocratic gabbro (dolerite) porphyry with melanocratic microgabbro and pyroxene-garnet-carbonate skarn schlieren,Хувирсан меланократ габбро (долерит) порфир (меланократ микрогаббро ба пироксен-гранат-карбонатат скарны шлирүүдтэй),"Nevaditic porphyritic; groundmass micro-ophitic, poikilo-ophitic; taxitic",Talc-serpentine pseudomorph:25-30; Hornblende:10-15; Altered plagioclase:20-25; Mon. pyroxene:few; Biotite:5-10; Ilmenite:few; Pyrrhotite:0.5; Magnetite:few; Carbonate (secondary):3-5,"Serpentine, talc, actinolite, chlorite, saussurite, carbonate; skarn schlieren cut by quartz-carbonate veins 0.5-1.5 mm",Magnetite-ilmenite-pyrite-pyrrhotite-chalcopyrite paragenesis; pyrrhotite-chalcopyrite micro-lenses inside talc-serpentine pseudomorph phenocrysts; in microgabbro schlieren sulfide-ilmenite micro-grains within quartz-carbonate veins; in skarn schlieren pyrite-pyrrhotite grains/micro-lenses in quartz-carbonate veins,"Field: dolerite. Three-part taxitic rock: (1) host melanocratic gabbro/dolerite porphyry with talc-serpentine pseudomorph phenocrysts (65-70%); (2) melanocratic microgabbro schlieren (plagioclase+mon.pyroxene); (3) carbonatised pyroxene-garnet-carbonate skarn schlieren, 10-25 mm, weakly brecciated.",,
"25 цооног 10ш.docx (hole OVD25, 10 samples)",1SkGc5ogH9rFr2AUsZ353aTqoG2OFv4KJ,OVD025-56-58.25 (47150),OVD25,56.0,58.25,,polished thin section (ӨТШ),Uneven-grained feldspathic greywacke (gravelly) sandstone,Жигд биш ширхэгтэй хээрийн жоншт граувакк элсжин,Psepho-psammitic; cement lamellar/contact-type microlepidoblastic; weakly parallel,Plagioclase (fragments):40-45; Altered mon. pyroxene (fragments):3-5; Altered olivine fragments (serpentinite+magnetite):3-5; Altered hornblende fragments (with po+cp):8-10; Andesite (fragments):15-20; Albitophyre (fragments):5-8; Argillite/meta-siltstone (fragments):5; Chlorite-carbonate cement:10-15,Epigenetic quartz and carbonate; quartz-carbonate veinlets 0.05-0.2 mm,"Ilmenite-magnetite-pyrite-pyrrhotite-chalcopyrite; magnetite-pyrrhotite(-chalcopyrite) micro-lenses 0.05-0.2 mm inside altered olivine/pyroxene/hornblende clasts, usually with quartz-carbonate","Field: dolerite. Clast-supported greywacke (85-90%) with abundant mafic-ultramafic detritus (serpentinized olivine, pyroxene, hornblende) carrying oxide-sulfide micro-lenses; records erosion of the mineralised intrusive.",,
"25 цооног 10ш.docx (hole OVD25, 10 samples)",1SkGc5ogH9rFr2AUsZ353aTqoG2OFv4KJ,OVD025-58.25-58.85 (47151),OVD25,58.25,58.85,,polished thin section (ӨТШ),"Silicified, carbonatised chlorite-sericite-muscovite micro-schist (phyllite) after siltstone",Цахиуржиж карбонатчлагдсан алевролитоор үүссэн хлорит-серицит-мусковитот бичил занар (филлит),"Microlepidoblastic, blastoaleuritic; schistose, banded, weakly folded",Sericite-muscovite:35-40; Chlorite:20-25; Siliceous aggregate:10-15; Silt-sized relict fragments:3-5; Pyrrhotite:few; Arsenopyrite:0.1-0.2; Titanite:0.5; Goethite-hydrogoethite:0.5; Quartz+carbonate+albite (epigenetic):15-20,Late silicification and carbonatisation: quartz-carbonate veins 0.1-5 mm; iron-oxide veinlets along carbonate veins; leucoxene,Titanite-pyrrhotite-goethite-hydrogoethite-arsenopyrite paragenesis; distinctive late euhedral rhombic arsenopyrite (0.1-0.2 mm) forming 0.2-0.5 mm lenses within quartz-carbonate veins; sparse pyrrhotite/chalcopyrite micro-grains,Field: sandstone. Banded phyllite of aligned chlorite-sericite-muscovite with siliceous and carbonate micro-aggregates; notable for late arsenopyrite lenses in quartz-carbonate veins.,,
"25 цооног 10ш.docx (hole OVD25, 10 samples)",1SkGc5ogH9rFr2AUsZ353aTqoG2OFv4KJ,OVD025-58.85-60.85 (47152),OVD25,58.85,60.85,,polished thin section (ӨТШ),Fine-grained feldspathic sandstone,Жижиг ширхэгтэй хээрийн жоншт элсжин,Psammitic; filling-type cement; weakly parallel,Feldspar (plagioclase) fragments:60-65; Quartz (fragments):5; Microquartzite? (fragments):few; Pyrite:0.5-1.0; Pyrrhotite:0.5; Chalcopyrite:single grains; Titanite:few; Chlorite(-carbonate) cement:25-30,"Fragments weakly sericite-pelite-carbonate-albite altered, partly recrystallized to microgranoblastic aggregate; epigenetic quartz-carbonate veinlets 0.05-0.2 mm",Titanite-pyrite-pyrrhotite-chalcopyrite paragenesis; euhedral pyrite and pyrrhotite 0.1-0.2 mm as micro-lens clusters within late quartz-carbonate lenses; single chalcopyrite grains; leucoxenised titanite in cement,Field: tuff-sandstone. Poorly rounded angular plagioclase fragments (70-75%) in chlorite cement; weak sulfide mineralisation tied to late quartz-carbonate lenses.,,
"26 р цооног 16 ш зассан.docx (hole OVD26, 16 samples)",1RmOTmYH2cLctQR66cq2a_j8u1PhOTHMk,OVD26-14.9-15.1 (47177),OVD26,14.9,15.1,,polished thin section (ӨТШ),Altered porphyritic-like medium- to fine-grained olivine-pyroxene-hornblende melanocratic gabbro,Хувирсан шигтгээ маягийн дунд жижиг ширхэгтэй оливин-пироксен-эвэр хуурмагт меланократ габбро,"Porphyritic-like; groundmass poikilo-ophitic, ophitic, locally prismatic granular; massive",Hornblende:35-40; Serpentine-talc pseudomorph (after olivine-pyroxene):30-35; Plagioclase:20-25; Biotite:3-5; Magnetite:0.5; Chromite:few; Apatite:0.5; Goethite-hydrogoethite:0.5-1.0,"Serpentine, saussurite, talc, chlorite",Chromite-magnetite-goethite-hydrogoethite paragenesis (oxide only); goethite-hydrogoethite lens clusters 0.1-0.3 mm; no sulfides,Hornblende and talc-serpentine pseudomorph segregations (55-60%) in a plagioclase-hornblende groundmass; abundant acicular apatite; only weak oxide mineralisation.,,
"26 р цооног 16 ш зассан.docx (hole OVD26, 16 samples)",1RmOTmYH2cLctQR66cq2a_j8u1PhOTHMk,OVD26-19.9-20.1 (47179),OVD26,19.9,20.1,,polished thin section (ӨТШ),Altered porphyritic-like medium- to fine-grained olivine-pyroxene-hornblende melanocratic gabbro (gabbro porphyry),Хувирсан шигтгээ маягийн дунд жижиг ширхэгтэй оливин-пироксен-эвэр хуурмагт меланократ габбро (Габбро порфир),"Porphyritic-like; groundmass poikilo-ophitic, ophitic, locally prismatic granular; massive","Hornblende:40-45; Serpentine-talc pseudomorph (after olivine-pyroxene):30-35; Plagioclase:15-20; Biotite:3-5; Magnetite-hematite:0.5; Chromite:few; Apatite:0.5; Goethite-hydrogoethite, Mn oxide:1.0-2.0","Serpentine, sericite, saussurite, talc, carbonate",Chromite-magnetite-hematite-goethite-hydrogoethite-Mn-oxide paragenesis; magnetite mostly martitized to hematite; iron- and manganese-oxide zoned lenses 0.5x2.5 mm along carbonate lenses; no sulfides,Field: mineralized gabbro. Same as 47177 with 60-65% phenocryst-like segregations; oxidised (hematite-goethite-Mn oxide) mineralisation only. NOTE: sample 47178 does not appear in this document.,,
"26 р цооног 16 ш зассан.docx (hole OVD26, 16 samples)",1RmOTmYH2cLctQR66cq2a_j8u1PhOTHMk,OVD26-32.7-32.9 (47180),OVD26,32.7,32.9,,polished thin section (ӨТШ),"Carbonatised, metasomatically strongly altered medium- to fine-grained biotite diorite","Карбонатчлагдаж, метасоматозоор хүчтэй хувирсан дунд жижиг ширхэгтэй биотитот диорит","Prismatic granular, subophitic; parallel",Altered plagioclase:70-75; Altered mafic mineral:20-25; Goethite:3-5; Pyrite:few; Hydrogoethite:1-3; Carbonate (epigenetic):5-10,Plagioclase to epidote-carbonate-sericite (locally full pseudomorphs); mafics (biotite) to muscovite-chlorite pseudomorphs; strong carbonatisation with veins 0.1-2.5 mm along schistosity; iron hydroxide staining along fractures,"Pyrite-hematite-goethite-hydrogoethite paragenesis; zoned goethite 0.05-0.2 mm with hydrogoethite rims and rare pyrite relicts; accessory apatite, sphene with chlorite pseudomorphs",Aligned metasomatised diorite; oxide-only mineralisation with pyrite relicts inside goethite.,,
"26 р цооног 16 ш зассан.docx (hole OVD26, 16 samples)",1RmOTmYH2cLctQR66cq2a_j8u1PhOTHMk,OVD26-42.3-42.5 (47181),OVD26,42.3,42.5,,polished thin section (ӨТШ),Altered porphyritic-like fine- to medium-grained olivine-pyroxene-hornblende melanocratic gabbro,Хувирсан шигтгээ маягийн жижиг дунд ширхэгтэй оливин-пироксен-эвэр хуурмагт меланократ габбро,"Porphyritic-like; groundmass poikilo-ophitic, ophitic, locally prismatic granular; massive",Hornblende:30-35; Talc-serpentine pseudomorph (after olivine-pyroxene):30-35; Plagioclase:25-30; Biotite:1-3; Magnetite:1-2; Chromite:few; Pyrite:few; Chalcopyrite:few; Pyrrhotite:single grains; Apatite:0.5,"Serpentine, sericite, saussurite, talc, carbonate","Chromite-magnetite-pyrite-pyrrhotite-chalcopyrite paragenesis, weak; magnetite disseminations 0.05-0.2 mm; chromite in pseudomorphs; chalcopyrite micro-grains 0.02-0.1 mm",Field: mineralized gabbro. Same rock family as 47177/47179 (70-75% segregations); weakly sulfide-mineralised.,,
"26 р цооног 16 ш зассан.docx (hole OVD26, 16 samples)",1RmOTmYH2cLctQR66cq2a_j8u1PhOTHMk,OVD26-51.1-51.3 (47182),OVD26,51.1,51.3,,polished thin section (ӨТШ),Altered porphyritic-like fine- to medium-grained olivine-pyroxene-hornblende melanocratic gabbro,Хувирсан шигтгээ маягийн жижиг дунд ширхэгтэй оливин-пироксен-эвэр хуурмагт меланократ габбро,"Porphyritic-like; groundmass poikilo-ophitic, ophitic, locally prismatic granular; massive",Hornblende:30-35; Talc-serpentine pseudomorph (after olivine-pyroxene):30-35; Plagioclase:25-30; Biotite:3-5; Magnetite:1-3; Chromite:few; Pyrite:few; Chalcopyrite:single grains; Pyrrhotite:single grains; Apatite:few,"Serpentine, sericite, saussurite, talc, zoisite; plagioclase to sericite-epidote-zoisite","Chromite-magnetite-pyrite-pyrrhotite-chalcopyrite paragenesis, weak; even magnetite 0.05-0.4 mm; chromite in pseudomorphs; sparse chalcopyrite (0.02-0.05 mm) and pyrrhotite (0.1-0.2 mm) grains; rare discontinuous pyrite veinlets along fractures",Field: mineralized gabbro. Same as 47179/47181 (75-80% segregations); weakly mineralised.,,
"26 р цооног 16 ш зассан.docx (hole OVD26, 16 samples)",1RmOTmYH2cLctQR66cq2a_j8u1PhOTHMk,OVD26-61.7-61.9 (47183),OVD26,61.7,61.9,,polished thin section (ӨТШ),Altered porphyritic-like fine- to medium-grained olivine-pyroxene-hornblende melanocratic gabbro (uneven-grained melanocratic gabbro),Хувирсан шигтгээ маягийн жижиг дунд ширхэгтэй оливин-пироксен-эвэр хуурмагт меланократ габбро (Жигд биш ширхэгтэй меланократ габбро),"Porphyritic-like; groundmass poikilo-ophitic, ophitic, locally prismatic granular; massive",Hornblende:35-40; Altered plagioclase:35-40; Talc-serpentine pseudomorph:20-25; Altered biotite:3-5; Magnetite:1-3; Chromite:few; Pyrite:single grains; Chalcopyrite:few; Pyrrhotite:single grains; Apatite:few,"Serpentine, sericite, saussurite, talc, actinolite, chlorite; biotite strongly chloritized","Chromite-magnetite-pyrite-chalcopyrite paragenesis, weak; magnetite/ilmenite disseminations 0.05-0.3 mm; chromite with hornblende and pseudomorphs; sparse chalcopyrite micro-grains",Field: mineralized gabbro. Like 47182 but with more altered plagioclase (80-85% segregations overall); weakly mineralised.,,
"26 р цооног 16 ш зассан.docx (hole OVD26, 16 samples)",1RmOTmYH2cLctQR66cq2a_j8u1PhOTHMk,OVD26-71.7-71.9 (47184),OVD26,71.7,71.9,,polished thin section (ӨТШ),"Mineralised, altered uneven-grained olivine-pyroxene-hornblende melanocratic gabbro (hornblende peridotite)","Хүдэржиж, хувирсан жигд биш ширхэгтэй оливин-пироксен-эвэр хуурмагт меланократ габбро (эвэр хуурмагт перидотит)","Panidiomorphic, poikilo-ophitic, subophitic; massive, lenticular",Hornblende:30-35; Talc-serpentine pseudomorph (after olivine-pyroxene):35-40; Altered plagioclase:10-15; Biotite:3-5; Magnetite:5-8; Chromite:few; Chalcopyrite:1-2; Pyrrhotite:3-5; Pentlandite:1-2,"Serpentine, sericite, saussurite, talc, actinolite; olivine relicts with mesh texture preserved",Chromite-magnetite-pentlandite-pyrrhotite-chalcopyrite paragenesis; magnetite disseminations plus mesh veins/lenses along olivine cleavage; few 2x8 mm chalcopyrite-pentlandite-pyrrhotite lenses rimmed by talc-serpentine pseudomorphs,"Field: mineralized gabbro. Like 47182/47183 but with less plagioclase; more strongly mineralised, including large sulfide lenses.",,
"26 р цооног 16 ш зассан.docx (hole OVD26, 16 samples)",1RmOTmYH2cLctQR66cq2a_j8u1PhOTHMk,OVD26-84.1-84.3 (47185),OVD26,84.1,84.3,,polished thin section (ӨТШ),"Strongly altered, mineralised uneven-grained hornblende peridotite","Хүчтэй хувирч, хүдэржсэн жигд биш ширхэгтэй эвэр хуурмагт перидотит","Panidiomorphic, poikilo-ophitic, subophitic; massive",Hornblende:35-40; Serpentinized olivine:35-40; Biotite:5-8; Altered plagioclase:5-8; Chromite:0.5; Magnetite:1-3; Chalcopyrite:3-5; Pyrrhotite:few; Pentlandite:1-2,"Serpentine, talc, actinolite, chlorite, muscovite, saussurite; olivine relicts with vivid mesh texture","Chromite-magnetite-pentlandite-pyrrhotite-chalcopyrite paragenesis; disseminations, mesh veinlets along olivine cleavage, and chalcopyrite-pentlandite intergrowth micro-lenses 1-3 mm with serpentine pseudomorphs",Field: mineralized gabbro. Serpentinized olivine and brown hornblende dominate; notable chalcopyrite-pentlandite micro-lens mineralisation.,,
"26 р цооног 16 ш зассан.docx (hole OVD26, 16 samples)",1RmOTmYH2cLctQR66cq2a_j8u1PhOTHMk,OVD26-91.7-91.9 (47186),OVD26,91.7,91.9,,polished thin section (ӨТШ),"Mineralised, altered uneven-grained pyroxene-hornblende melanocratic gabbro","Хүдэржиж, хувирсан жигд биш ширхэгтэй пироксен-эвэр хуурмагт меланократ габбро","Panidiomorphic, subophitic; massive, lenticular",Altered plagioclase:35-40; Mon. pyroxene:25-30; Hornblende:20-25; Microdiorite schlieren:5; Serpentine pseudomorph:3-5; Ilmenite:1-3; Chromite:few; Pyrite:few; Chalcopyrite:1-3; Pyrrhotite:1-3; Pentlandite:1-2; Apatite:0.5,"Serpentine, sericite, saussurite, actinolite, carbonate, leucoxene",Chromite-ilmenite-pentlandite-pyrrhotite-chalcopyrite paragenesis; sulfide intergrowth lenses 1-6 mm with serpentine pseudomorphs; standalone chalcopyrite lenses 0.5-2.5 mm intergrown with fresh plagioclase; sparse cubic pyrite 0.3-1.0 mm,"Field: dense dissemination. Plagioclase-rich pyroxene gabbro of several texturally distinct parts; a 15x25 mm microdiorite schlieren is unmineralised; intense sulfide mineralisation elsewhere, including chalcopyrite intergrown with nearly unaltered plagioclase.",,
"26 р цооног 16 ш зассан.docx (hole OVD26, 16 samples)",1RmOTmYH2cLctQR66cq2a_j8u1PhOTHMk,OVD26-92.8-93.0 (47187),OVD26,92.8,93.0,,polished thin section (ӨТШ),"Mineralised, altered uneven-grained (porphyritic-like) olivine-pyroxene-hornblende melanocratic gabbro (hornblende peridotite)","Хүдэржиж, хувирсан жигд биш ширхэгтэй (шигтгээ маягийн) оливин-пироксен-эвэр хуурмагт меланократ габбро","Panidiomorphic, poikilo-ophitic, subophitic; massive, lenticular",Hornblende:30-35; Talc-serpentine pseudomorph (after olivine-pyroxene):35-40; Altered plagioclase:10-15; Biotite:3-5; Magnetite:5-8; Chromite:few; Chalcopyrite:1-2; Pyrrhotite:5-8; Pentlandite:2-5,"Serpentine, sericite, saussurite, talc, actinolite","Chromite-magnetite-pentlandite-pyrrhotite-chalcopyrite paragenesis; disseminations, mesh veinlets after olivine, and 2x10 mm chalcopyrite-pentlandite-pyrrhotite lenses rimmed by talc-serpentine pseudomorphs","Three-part rock: host mineralised hornblende-peridotite-like melanocratic gabbro; strongly altered AND mineralised fine biotite-hornblende gabbrodiorite lenses (plag 40%, hbl 20-25%, biotite 15-20%, ore 8-10%); unmineralised microgabbro lenses. Note in source: ""need to check hole log; large sample"".",,
"26 р цооног 16 ш зассан.docx (hole OVD26, 16 samples)",1RmOTmYH2cLctQR66cq2a_j8u1PhOTHMk,OVD26-104.9-105.1 (47188),OVD26,104.9,105.1,,polished thin section (ӨТШ),Massive sulfide ore,Цул сульфидаас тогтсон хүдэр,"Panidiomorphic; veined, lenticular",Pyrite:20-25; Chalcopyrite:10-15; Pyrrhotite:25-30; Pentlandite:15-20; Magnetite:5-10; Hematite-goethite:3-5; Serpentine pseudomorph:5-10; Talc:few; Actinolite:few; Biotite (fuchsite):few; Carbonate:1-2,"Host-rock relicts: serpentine(-talc) pseudomorphs with relict 6-8-sided shapes, rimmed by magnetite; late carbonate veinlets 0.05-0.2 mm","Magnetite-pyrite-pentlandite-pyrrhotite-chalcopyrite-hematite-goethite paragenesis; ~90% sulfide mass; pyrite 0.8-10 mm; pyrrhotite 0.3-8 mm replacing pentlandite; pentlandite rimmed by pyrite-pyrrhotite, forming veins 0.2-1.0 mm, cut by hematite-goethite veinlets; chalcopyrite 0.3-2.5 mm replacing pentlandite and pyrrhotite","Field: mineralized gabbro. Massive Ni-Cu sulfide ore (~90% ore minerals) with minor serpentinite host relicts; classic magnetite-first, then pyrite-pentlandite-pyrrhotite-chalcopyrite sequence with supergene iron-oxide veinlets in pentlandite.",,
"26 р цооног 16 ш зассан.docx (hole OVD26, 16 samples)",1RmOTmYH2cLctQR66cq2a_j8u1PhOTHMk,OVD26-96.1-96.3 (47189),OVD26,96.1,96.3,,polished thin section (ӨТШ),"Mineralised, altered uneven-grained pyroxene-olivine-hornblende melanocratic gabbro (hornblende peridotite)","Хүдэржиж, хувирсан жигд биш ширхэгтэй пироксен-оливин-эвэр хуурмагт меланократ габбро","Panidiomorphic, poikilo-ophitic, subophitic; massive, lenticular",Hornblende:20-25; Serpentinized olivine:20-25; Altered mon. pyroxene:15-20; Altered plagioclase:8-10; Biotite:3-5; Magnetite:3-5; Chromite:few; Chalcopyrite:5-8; Pyrrhotite:8-10; Pentlandite:3-5,"Serpentine, sericite, saussurite, talc, actinolite; olivine mesh texture",Chromite-magnetite-pentlandite-pyrrhotite-chalcopyrite paragenesis; strongly mineralised; large intergrowth lenses up to 2x15 mm rimmed by serpentinized olivine; magnetite-pyrrhotite veinlets in olivine mesh,Field: mineralized gabbro. Strongly mineralised peridotitic gabbro; sulfides mostly as large mutual-intergrowth lenses evenly distributed.,,
"26 р цооног 16 ш зассан.docx (hole OVD26, 16 samples)",1RmOTmYH2cLctQR66cq2a_j8u1PhOTHMk,OVD26-106.7-106.9 (47190),OVD26,106.7,106.9,,polished thin section (ӨТШ),"Mineralised, altered uneven-grained pyroxene-olivine-hornblende melanocratic gabbro (hornblende peridotite)","Хүдэржиж, хувирсан жигд биш ширхэгтэй пироксен-оливин-эвэр хуурмагт меланократ габбро","Panidiomorphic, poikilo-ophitic, subophitic; massive, lenticular; ore sideronitic",Hornblende:20-25; Altered olivine (iddingsitized):15-20; Mon. pyroxene:25-30; Altered plagioclase:8-10; Biotite:3-5; Magnetite:3-5; Chromite:few; Chalcopyrite:3-5; Pyrrhotite:8-10; Pentlandite:3-5; Carbonate (secondary):3-5,"Olivine almost fully replaced by red-brown iddingsite with serpentine-ore mesh along cleavage; saussurite, actinolite, chlorite, carbonate",Chromite-magnetite-pentlandite-pyrrhotite-chalcopyrite paragenesis; chalcopyrite-pentlandite-pyrrhotite lenses up to 1x20 mm forming sideronitic texture; magnetite disseminations and veinlets,Field: mineralized gabbro. Pyroxene-rich peridotitic gabbro with iddingsitized olivine; strongly mineralised with sideronitic sulfide lens network.,,
"26 р цооног 16 ш зассан.docx (hole OVD26, 16 samples)",1RmOTmYH2cLctQR66cq2a_j8u1PhOTHMk,OVD26-105.4-105.6 (47191),OVD26,105.4,105.6,,polished thin section (ӨТШ),Massive sulfide ore,Цул сульфидаас тогтсон хүдэр,"Panidiomorphic; veined, lenticular, net-like",Pyrite:15-20; Chalcopyrite:15-20; Pyrrhotite:30-35; Pentlandite:15-20; Magnetite:1-3; Hematite-goethite:10; Serpentine pseudomorph:few; Carbonate:few,Nearly no host-rock relicts (single serpentine pseudomorphs 0.3-1.0 mm),Magnetite-pyrite-pentlandite-pyrrhotite-chalcopyrite-hematite-goethite paragenesis; ~99% ore; pyrite up to 15 mm; pentlandite veins up to 5 mm wide rimmed by pyrite-pyrrhotite and cut by an intersecting hematite-goethite veinlet network; chalcopyrite 0.3-5.0 mm replacing pentlandite and pyrrhotite,Field: massive sulfide. Almost pure massive Ni-Cu sulfide ore with subequal pyrite-pyrrhotite-pentlandite-chalcopyrite; net-textured iron-oxide veinlets in pentlandite fractures.,,
"26 р цооног 16 ш зассан.docx (hole OVD26, 16 samples)",1RmOTmYH2cLctQR66cq2a_j8u1PhOTHMk,OVD26-100.9-101.1 (47192),OVD26,100.9,101.1,,polished thin section (ӨТШ),"Mineralised, altered uneven-grained pyroxene melanocratic gabbro","Хүдэржиж, хувирсан жигд биш ширхэгтэй пироксент меланократ габбро","Panidiomorphic, subophitic, ophitic; ore sideronitic; massive, lenticular",Altered plagioclase:35-40; Mon. pyroxene:30-35; Microgabbro (lens):5-10; Altered biotite:5-10; Hornblende:3-5; Ilmenite:1-2; Pyrite:5-8; Chalcopyrite:5-8; Pyrrhotite:8-10; Pentlandite:5,"Sericite, chlorite, epidote-zoisite, actinolite, carbonate; biotite strongly epidote-chlorite altered",Ilmenite-pyrite-pentlandite-pyrrhotite-chalcopyrite paragenesis; intergrowth lenses 0.5-8.0 mm cementing silicates (sideronitic); standalone chalcopyrite lenses 0.5-2.5 mm with plagioclase; cubic pyrite 0.3-1.0 mm; ore also in alteration carbonate-chlorite-epidote lenses,Field: net-textured. Intensely mineralised pyroxene gabbro with sideronitic sulfide network; contains an unmineralised 15x35 mm microgabbro lens (10-15% of slide).,,
"26 р цооног 16 ш зассан.docx (hole OVD26, 16 samples)",1RmOTmYH2cLctQR66cq2a_j8u1PhOTHMk,OVD26-110.9-111.1 (47193),OVD26,110.9,111.1,,polished thin section (ӨТШ),Mineralised fine- to medium-grained pyroxene-hornblende melanocratic gabbro,Хүдэржисэн жижиг дунд ширхэгтэй пироксен-эвэр хуурмагт меланократ габбро,"Panidiomorphic, subophitic; massive, lenticular",Altered plagioclase:40-45; Mon. pyroxene:15-20; Hornblende:15-20; Microgabbro (gabbro porphyry) lens:10-15; Altered biotite:1-3; Ilmenite:few; Pyrite:3-5; Chalcopyrite:3-5; Pyrrhotite:5-8; Pentlandite:1-2; Sphene:few,"Sericite, chlorite, epidote, saussurite, actinolite, carbonate, leucoxene",Ilmenite-pentlandite-pyrrhotite-chalcopyrite paragenesis; intergrowth lenses 0.5-5 mm with all silicates; standalone chalcopyrite lenses 0.2-1.5 mm; cubic pyrite up to 2.5 mm,Field: mineralized gabbro. Zoned saussuritized plagioclase with pyroxene and hornblende; intensively mineralised; a 10x25 mm microgabbro lens (10-15%) is unmineralised.,,
"27 р цооног 12ш.docx (hole OVD27, 12 samples)",1vPXAWelQlX_bfjQp1jOqa8xwVMsp91U6,OVD27-54-56 (47194),OVD27,54.0,56.0,,polished thin section (ӨТШ),"Mineralised, altered uneven-grained hornblende peridotite","Хүдэржиж, хувирсан жигд биш ширхэгтэй эвэр хуурмагт перидотит","Panidiomorphic, poikilo-ophitic, subophitic; massive, lenticular",Hornblende:30-35; Altered olivine:25-30; Mon. pyroxene:10-15; Altered plagioclase:5-8; Biotite:5; Magnetite:3-5; Chromite:few; Ilmenite:few; Chalcopyrite:2-3; Pyrrhotite:5-8; Pentlandite:few; Pyrite:few,"Serpentine, talc, carbonate, saussurite, actinolite, chlorite; olivine mesh texture with ore veinlets",Chromite-magnetite-ilmenite-pyrite-pentlandite-pyrrhotite-chalcopyrite paragenesis; chalcopyrite-pyrrhotite lenses 1x8 mm evenly distributed (sideronitic tendency); magnetite mesh veinlets,Field: mineralized gabbro. Coarse hornblende-olivine-pyroxene peridotite; strong sulfide lens mineralisation with minor pentlandite and pyrite.,,
"27 р цооног 12ш.docx (hole OVD27, 12 samples)",1vPXAWelQlX_bfjQp1jOqa8xwVMsp91U6,OVD27-63.8-64.4 (47195),OVD27,63.8,64.4,,polished thin section (ӨТШ),"Silicified, weakly mineralised medium- to fine-grained pyroxenite","Цахиуржиж, сулавтар хүдэржсэн дунд жижиг ширхэгтэй пироксенит","Panidiomorphic, occasionally poikilo-ophitic; lenticular, banded, taxitic, weakly breccia-like",Mon. pyroxene:55-60; Orthopyroxene:5-10; Hornblende:5-10; Chlorite pseudomorph:5-8; Plagioclase:few; Magnetite:1-2; Pyrite:few; Pyrrhotite:few; Chalcopyrite:few; Sphene:few; Quartz (epigenetic):10-15; Prehnite (epigenetic):5-8; Carbonate (epigenetic):few,Silicification: quartz-prehnite(-carbonate) lenses 0.5-20 mm cutting the rock; chlorite pseudomorphs probably after hornblende,Ilmenite-pentlandite-pyrrhotite-chalcopyrite paragenesis (weak); pyrite lenses 0.5-8.0 mm mostly within quartz-prehnite lenses; chalcopyrite lenses to 0.1x1.5 mm; sparse ilmenite-pyrrhotite micrograins,"Field: altered mineralized gabbro. Pyroxenite (mon.pyroxene-dominated with minor opx and hornblende), taxitic with grain-size banding, cut by prominent quartz-prehnite veins carrying pyrite and chalcopyrite; gabbrodiorite-like patches present.",,
"27 р цооног 12ш.docx (hole OVD27, 12 samples)",1vPXAWelQlX_bfjQp1jOqa8xwVMsp91U6,OVD27-66.3-68.0 (47196),OVD27,66.3,68.0,,polished thin section (ӨТШ),"Mineralised, altered melanocratic gabbro porphyry","Хүдэржиж, хувирсан меланократ габбро порфир","Porphyritic; groundmass ophitic, subophitic, locally micro-prismatic granular; massive",Plagioclase:45-50; Mon. pyroxene:40-45; Hornblende:3-5; Altered biotite:1-3; Pyrite:0.3-0.5; Pyrrhotite:few; Pentlandite:0.2; Chalcopyrite:0.1; Ilmenite:few; Sphene:few,"Epidote, sericite, chlorite; epigenetic actinolite, epidote-zoisite, carbonate, quartz, chlorite; carbonate-prehnite-quartz-actinolite-epidote-zoisite zoned lenses 8-15 mm; epidote veins 0.1-0.3 mm",Ilmenite-pyrite-pentlandite-pyrrhotite-chalcopyrite paragenesis (weak); sulfide micro-lenses 0.2-0.8 mm associated with epidote-chlorite lenses/veins; ilmenite-pyrite-chalcopyrite micro-disseminations,Field: altered mineralized gabbro. Plagioclase and fresh mon.pyroxene phenocrysts (15-20%) in like groundmass; weak sulfide mineralisation tied to late epidote-dominated veins/lenses.,,
"27 р цооног 12ш.docx (hole OVD27, 12 samples)",1vPXAWelQlX_bfjQp1jOqa8xwVMsp91U6,OVD27-78-80 (47197),OVD27,78.0,80.0,,polished thin section (ӨТШ),"Strongly mineralised, altered melanocratic gabbro porphyry","Хүчтэй хүдэржиж, хувирсан меланократ габбро порфир","Porphyritic; groundmass ophitic, poikilo-ophitic, locally gabbro-like; taxitic",Plagioclase:35-40; Hornblende:15-20; Talc-serpentine pseudomorph:15-20; Biotite:3-5; Mon. pyroxene:3-5; Actinolite-chlorite pseudomorph:8-10; Pyrrhotite:5-8; Pentlandite:0.5-1.0; Chalcopyrite:3-5; Magnetite:1-2; Ilmenite:0.5-1.0,"Saussurite (strong, on plagioclase phenocrysts), serpentine, talc, pelite, chlorite, actinolite",Ilmenite-magnetite-pentlandite-pyrrhotite-chalcopyrite paragenesis; abundant sulfide lenses 0.5-15 mm associated with alteration chlorite and talc-serpentine pseudomorphs; magnetite veinlets along olivine cleavage,"Field: mineralized gabbro. Phenocrysts (40-45%) of saussuritized plagioclase, hornblende and talc-serpentine pseudomorphs after olivine; strongly mineralised with large pentlandite-bearing lenses.",,
"27 р цооног 12ш.docx (hole OVD27, 12 samples)",1vPXAWelQlX_bfjQp1jOqa8xwVMsp91U6,OVD27-80-82 (47198),OVD27,80.0,82.0,,polished thin section (ӨТШ),"Mineralised, altered uneven-grained pyroxene-olivine-hornblende melanocratic gabbro (hornblende peridotite)","Хүдэржиж, хувирсан жигд биш ширхэгтэй пироксен-оливин-эвэр хуурмагт меланократ габбро","Panidiomorphic, poikilo-ophitic, subophitic; massive, lenticular",Hornblende:20-25; Altered olivine:20-25; Mon. pyroxene:10-15; Altered plagioclase:10-15; Biotite:5-8; Actinolite-chlorite pseudomorph:5; Magnetite:3-5; Chromite:few; Chalcopyrite:3-5; Pyrrhotite:8-10; Pentlandite:3-5,"Serpentine, iddingsite, saussurite, actinolite, chlorite, talc, fuchsite, carbonate; olivine mostly to full pseudomorphs",Chromite-magnetite-pentlandite-pyrrhotite-chalcopyrite paragenesis; chalcopyrite-pentlandite-pyrrhotite lenses up to 0.8x21 mm occupying ~20-25% of the rock; magnetite mesh veinlets,Field: mineralized gabbro. Iddingsite-serpentine pseudomorphed olivine with hornblende and pyroxene; strongly mineralised — sulfide lenses make up a fifth to a quarter of the slide.,,
"27 р цооног 12ш.docx (hole OVD27, 12 samples)",1vPXAWelQlX_bfjQp1jOqa8xwVMsp91U6,OVD27-94-96 (47199),OVD27,94.0,96.0,,polished thin section (ӨТШ),"Mineralised, altered uneven-grained pyroxene-olivine-hornblende melanocratic gabbro","Хүдэржиж, хувирсан жигд биш ширхэгтэй пироксен-оливин-эвэр хуурмагт меланократ габбро","Panidiomorphic, poikilo-ophitic, subophitic; massive, lenticular, taxitic tendency",Hornblende:20-25; Altered olivine:20-25; Altered plagioclase:20-25; Mon. pyroxene:5-8; Biotite:1-3; Actinolite-chlorite pseudomorph:5-8; Magnetite:5; Chalcopyrite:3-5; Pyrrhotite:5-8; Pentlandite:3-5; Apatite:0.5,"Serpentine, iddingsite, saussurite, actinolite, chlorite, talc, fuchsite-muscovite, carbonate",Magnetite-pentlandite-pyrrhotite-chalcopyrite paragenesis; sulfide lenses up to 0.5x12 mm occupying ~15-20% of the rock; chalcopyrite veinlets crosscutting pentlandite-pyrrhotite; magnetite mesh veinlets 0.01-0.03 mm,"Field: mineralized gabbro. Same rock as 47198; strongly mineralised, sulfide lens network 15-20% of slide.",,
"27 р цооног 12ш.docx (hole OVD27, 12 samples)",1vPXAWelQlX_bfjQp1jOqa8xwVMsp91U6,OVD27-98.15-99 (47200),OVD27,98.15,99.0,,polished thin section (ӨТШ),Mineralised coarse- to medium-grained hornblende gabbro (gabbrodiorite),Хүдэржсэн том дунд ширхэгтэй эвэрхуурмагт габбро (Габбродиорит),"Gabbroic, subophitic, panidiomorphic; massive",Plagioclase:70-75; Hornblende:20-25; Chlorite (titanite-bearing) pseudomorph:few; Pentlandite:few; Chalcopyrite:1-3; Magnetite:few; Titanite/ilmenite:few; Apatite:1-2; Sphene:0.5; Actinolite+sericite+pelite (secondary):5-10; Epidote+chlorite+carbonate (secondary):5-10,"Sericite, pelite, epidote on plagioclase; actinolite-chlorite on hornblende; late chlorite-epidote(-carbonate) lenses/veins 0.05-0.4 mm controlling the mineralisation","Magnetite-ilmenite-pentlandite-chalcopyrite paragenesis; chalcopyrite dominant as 0.2-3.0 mm lens clusters with pentlandite grains, associated with chlorite-epidote lenses; skeletal titanite in chlorite pseudomorphs",Field: massive sulphide (host to it). Coarse plagioclase-hornblende gabbro; chalcopyrite(-pentlandite) mineralisation tied to late chlorite-epidote veins; abundant sphene and apatite.,,
"27 р цооног 12ш.docx (hole OVD27, 12 samples)",1vPXAWelQlX_bfjQp1jOqa8xwVMsp91U6,OVD27-99-100 (47091),OVD27,99.0,100.0,,polished thin section (ӨТШ),Massive magnetite-chalcopyrite-millerite-pyrrhotite ore,Магнетит-халькопирит-миллерит-пирротиноос тогтсон цул хүдэр,"Hypidiomorphic; veined, lenticular",Chalcopyrite:15-20; Pyrrhotite:60-65; Magnetite:8-10; Millerite?:5-8; Platinum?/silver?:2 grains; Carbonate:single grains; Serpentine:few,Essentially no gangue; rare carbonate and serpentine chips 0.1-0.2 mm,Magnetite-millerite-pyrrhotite-chalcopyrite(-platinum) paragenesis; pyrrhotite massive matrix cut/replaced by chalcopyrite and millerite micro-lenses/veins (millerite veins 0.2-1.0 mm); magnetite disseminated grains 0.3-1.0 mm (very chromite-like — flagged for re-check); 2 bright-white grains 0.03-0.05 mm of possible platinum or silver requiring detailed analysis,"Field: massive sulphide. Massive Ni-Cu sulfide ore dominated by pyrrhotite with chalcopyrite and probable millerite; note in header ""XRD — ask about submitting""; possible precious-metal grains observed.",,
"27 р цооног 12ш.docx (hole OVD27, 12 samples)",1vPXAWelQlX_bfjQp1jOqa8xwVMsp91U6,OVD27-108-110 (47092),OVD27,108.0,110.0,,polished thin section (ӨТШ),"Mineralised, altered uneven-grained pyroxene-olivine-hornblende melanocratic gabbro (hornblende peridotite)","Хүдэржиж, хувирсан жигд биш ширхэгтэй пироксен-оливин-эвэр хуурмагт меланократ габбро","Panidiomorphic, poikilo-ophitic, subophitic; massive, lenticular",Hornblende:20-25; Altered olivine:45-50; Altered plagioclase:10-15; Biotite:5-8; Pyroxene:few; Actinolite-chlorite pseudomorph:3-5; Magnetite:3-5; Chromite:few; Chalcopyrite:5-8; Pyrrhotite:10-15; Pentlandite:3-5,"Serpentine, iddingsite, talc, fuchsite, saussurite, actinolite, chlorite, carbonate; variable olivine alteration degree",Chromite-magnetite-pentlandite-pyrrhotite-chalcopyrite paragenesis; sulfide lenses 0.5x10 mm occupying ~30-35% of the rock — chalcopyrite replaces/cuts pentlandite and pyrrhotite; magnetite mesh veinlets,Field: mineralized gabbro. Olivine-rich variant of 47198/47199; the most heavily lens-mineralised host rock in the hole (30-35% sulfide lenses).,,
"27 р цооног 12ш.docx (hole OVD27, 12 samples)",1vPXAWelQlX_bfjQp1jOqa8xwVMsp91U6,OVD27-116-117.8 (47093),OVD27,116.0,117.8,,polished thin section (ӨТШ),"Mineralised, altered uneven-grained pyroxene-olivine-hornblende melanocratic gabbro","Хүдэржиж, хувирсан жигд биш ширхэгтэй пироксен-оливин-эвэр хуурмагт меланократ габбро","Panidiomorphic, poikilo-ophitic, subophitic; massive, lenticular, taxitic tendency",Altered olivine:35-40; Hornblende:20-25; Altered plagioclase:10-15; Mon. pyroxene:10-15; Biotite:5; Actinolite-chlorite pseudomorph:5-8; Magnetite:5-8; Chalcopyrite:1-3; Pyrrhotite:3-5; Serpentine+iddingsite+talc etc. (secondary):10-15,"Iddingsite, talc, serpentine (talc relatively abundant), saussurite, actinolite, chlorite, fuchsite, carbonate",Magnetite-pyrrhotite-chalcopyrite paragenesis; chalcopyrite-pyrrhotite lenses 0.5x8 mm occupying ~10-15%; magnetite disseminations 0.05-0.4 mm and mesh veinlets 0.01-0.1 mm,Field: mineralized gabbro. Like 47092 but more pyroxene and talc; moderate sulfide lens mineralisation.,,
"27 р цооног 12ш.docx (hole OVD27, 12 samples)",1vPXAWelQlX_bfjQp1jOqa8xwVMsp91U6,OVD27-119.5-121.5 (47094),OVD27,119.5,121.5,,polished thin section (ӨТШ),"Mineralised, altered uneven-grained pyroxene-olivine-hornblende melanocratic gabbro","Хүдэржиж, хувирсан жигд биш ширхэгтэй пироксен-оливин-эвэр хуурмагт меланократ габбро","Panidiomorphic, poikilo-ophitic, subophitic; massive, lenticular, taxitic tendency",Altered olivine:35-40; Hornblende:20-25; Altered plagioclase:10-15; Mon. pyroxene:8-10; Biotite:5; Actinolite-chlorite pseudomorph:5-8; Magnetite:5-8; Chalcopyrite:1-3; Pyrrhotite:3-5; Pentlandite:0.5; Millerite:0.5-1.0,"Serpentine, iddingsite, talc, saussurite, actinolite, chlorite, carbonate",Magnetite-pentlandite-pyrrhotite-millerite?-chalcopyrite paragenesis; sulfide lenses 0.5x9 mm (~10-15% of rock) with pale-yellow millerite micro-grains rimmed by chalcopyrite; magnetite mesh veinlets 0.01-0.05 mm,Field: mineralized gabbro. Same as 47093; distinctive millerite within the chalcopyrite-pentlandite-pyrrhotite lenses.,,
"27 р цооног 12ш.docx (hole OVD27, 12 samples)",1vPXAWelQlX_bfjQp1jOqa8xwVMsp91U6,OVD27-135-137 (47095),OVD27,135.0,137.0,,polished thin section (ӨТШ),Carbonatised plagioclase-epidote-pyroxene micro-gneiss? (garnet-bearing skarn-like rock),Карбонатчлагдсан плагиоклаз-эпидот-пироксент бичил гнейс?,"Micronematogranoblastic, relict hypidiomorphic; lenticular, banded",Mon. pyroxene:45-50; Epidote:10-15; Amphibole:8-10; Carbonate:5; Garnet:1-3; Plagioclase:10-15; Pyrrhotite:3-5; Chalcopyrite:few; Pyrite:few; Carbonate+chlorite+epidote+albite (epigenetic):5-10,Carbonatisation and albitisation; two carbonate generations (skarn calcite; late coarse carbonate-albite-chlorite-epidote veins 0.5-2.5 mm); actinolite lenses,"Pyrite-pyrrhotite-chalcopyrite paragenesis (modest); pyrrhotite disseminations, micro-lenses and discontinuous veinlets 0.2-0.5 mm; pyrite mostly in late carbonate veins; sulfides concentrated in relict gabbro bands",Field: mineralized gabbro. Fine granoblastic pyroxene-plagioclase-epidote(-garnet-calcite) rock (skarn-like micro-gneiss) with relict gabbro/gabbrodiorite bands; weakly-modestly mineralised.,,
"28 ба 29 р цооног 9ш.docx (holes OVD28 + OVD29, 9 samples)",1ZwejH5NIjLSqTYBmuRyl5PoCSmgAdsMR,OVD28-15-17 (47096),OVD28,15.0,17.0,,polished thin section (ӨТШ),"Mineralised, altered uneven-grained pyroxene-olivine-hornblende melanocratic gabbro (hornblende peridotite)","Хүдэржиж, хувирсан жигд биш ширхэгтэй пироксен-оливин-эвэр хуурмагт меланократ габбро","Panidiomorphic, poikilo-ophitic, subophitic; massive, lenticular, trachytic tendency",Hornblende:20-25; Talc-serpentine pseudomorph:40-45; Altered plagioclase:10-15; Biotite:5-8; Pyroxene:5-10; Actinolite-chlorite pseudomorph:5-10; Magnetite:3-5; Chalcopyrite:1-2; Pyrrhotite:3-5; Pentlandite:0.5-1.0; Goethite-hydrogoethite:0.5-1.0; Carbonate (epigenetic):3-5,"Serpentine, iddingsite, talc, saussurite, actinolite, chlorite; carbonate veinlets 0.1-0.4 mm with goethite-hydrogoethite along fractures",Magnetite-pentlandite-pyrrhotite-chalcopyrite paragenesis plus supergene goethite; sulfide lenses 0.3x8 mm occupying ~5-8%; magnetite mesh veinlets 0.01-0.1 mm,Field: mineralized gabbro. Similar to OVD27 samples 47198/47092; olivine fully pseudomorphed; moderate sulfide mineralisation with incipient oxidation.,,
"28 ба 29 р цооног 9ш.docx (holes OVD28 + OVD29, 9 samples)",1ZwejH5NIjLSqTYBmuRyl5PoCSmgAdsMR,OVD28-19-21.25 (47097),OVD28,19.0,21.25,,polished thin section (ӨТШ),"Altered, oxidised uneven-grained olivine-hornblende melanocratic gabbro (hornblende peridotite)","Хувирч, исэлдсэн жигд биш ширхэгтэй оливин-эвэр хуурмагт меланократ габбро","Panidiomorphic, poikilo-ophitic, subophitic; massive, lenticular, trachytic tendency",Talc-serpentine pseudomorph:50-55; Altered hornblende:10-15; Altered plagioclase:10-15; Biotite:10-15; Actinolite-chlorite pseudomorph:5-10; Magnetite:few; Pyrrhotite:few; Hematite:1-2; Goethite-hydrogoethite:3-5; Apatite:0.5; Carbonate (epigenetic):3-5,"Strong oxidation: iron hydroxides along fractures (orange-brown); serpentine, talc, iddingsite, saussurite; carbonate veinlets 0.02-0.2 mm",Magnetite-hematite-goethite-hydrogoethite paragenesis; hematite disseminations 0.05-0.2 mm probably after magnetite; zoned goethite lens 0.2-0.4 mm; sparse magnetite in olivine mesh,"Field: mineralized gabbro. Fractured, strongly oxidised peridotitic gabbro; only oxide mineralisation remains, sulfides largely destroyed.",,
"28 ба 29 р цооног 9ш.docx (holes OVD28 + OVD29, 9 samples)",1ZwejH5NIjLSqTYBmuRyl5PoCSmgAdsMR,OVD28-22.9-25 (47098),OVD28,22.9,25.0,,polished thin section (ӨТШ),Mineralised chlorite-carbonate metasomatite,Хүдэржсэн хлорит-карбонатат метасоматит,"Lepidogranoblastic; massive, lenticular",Carbonate:60-65; Chlorite:20-25; Pyrite+pyrrhotite:10-15; Chalcopyrite:few; Pentlandite:few; Chromite:few; Titanite:1-3; Biotite:5-8; Quartz:,"Complete replacement of probable gabbrodiorite: carbonate after plagioclase, chlorite after mafics",Chromite-pyrrhotite-pentlandite-chalcopyrite paragenesis; even pyrrhotite disseminations 0.02-0.3 mm plus 0.5x2.5 mm pyrrhotite lenses cut by chalcopyrite micro-lenses; pentlandite micro-grains; sparse chromite,"Field: mineralized gabbro. Header in source reads ""OVD22.9-25"" (missing hole number - hole 28 by position). Fully carbonate-chlorite-replaced intrusive still carrying Ni-Cu sulfide disseminations and lenses.",,
"28 ба 29 р цооног 9ш.docx (holes OVD28 + OVD29, 9 samples)",1ZwejH5NIjLSqTYBmuRyl5PoCSmgAdsMR,OVD28-26.4-28.15 (47099),OVD28,26.4,28.15,,polished thin section (ӨТШ),"Mineralised, altered uneven-grained hornblende peridotite (with altered gabbrodiorite schlieren)","Хүдэржиж, хувирсан жигд биш ширхэгтэй эвэр хуурмагт перидотит (Хувирсан габбродиоритын шлиртэй)","Panidiomorphic, poikilo-ophitic, subophitic; massive, lenticular",Talc-serpentine pseudomorph:40-45; Hornblende:30-35; Biotite:5-8; Altered plagioclase:5; Actinolite-chlorite pseudomorph:5-10; Magnetite:few; Chalcopyrite:3-5; Pyrrhotite:5-8; Pentlandite:1-3,"Serpentine, talc, saussurite, actinolite, chlorite; late chlorite-carbonate lenses/veins 0.1-0.5 mm rimming the ore lenses","Magnetite-pentlandite-pyrrhotite-chalcopyrite paragenesis; pentlandite-chalcopyrite-pyrrhotite lenses 0.4-5.0 mm evenly distributed, rimmed by late chlorite-carbonate; growth order magnetite-pentlandite-pyrrhotite-chalcopyrite",Field: breccia. Typical mineralised hornblende peridotite hosting weakly-mineralised metasomatically altered microgabbrodiorite schlieren (sericitized plagioclase + biotite with ilmenite-pyrrhotite-chalcopyrite micrograins).,,
"28 ба 29 р цооног 9ш.docx (holes OVD28 + OVD29, 9 samples)",1ZwejH5NIjLSqTYBmuRyl5PoCSmgAdsMR,OVD28-28.5-30.0 (47100),OVD28,28.5,30.0,,polished thin section (ӨТШ),"Mineralised, altered porphyritic-like fine-grained pyroxene-olivine-hornblende melanocratic gabbro","Хүдэржиж, хувирсан шигтгээ маягийн жижиг ширхэгтэй пироксен-оливин-эвэр хуурмагт меланократ габбро","Porphyritic-like, panidiomorphic, poikilo-ophitic, subophitic; massive, lenticular",Talc-serpentine pseudomorph:25-30; Hornblende:20-25; Altered plagioclase:30-35; Biotite:5-8; Pyroxene:few; Actinolite-chlorite pseudomorph:8-10; Magnetite:0.5-1.0; Ilmenite:1-2; Chalcopyrite:1-2; Pyrrhotite:3-5; Pentlandite:0.5-1.0; Pyrite:3-5; Carbonate (epigenetic):3-5; Quartz (epigenetic):few,"Serpentine, saussurite, actinolite, chlorite, talc, leucoxene, hydrogoethite; late quartz-carbonate lenses/veins 0.1-0.3 mm rimming ore lenses",Ilmenite-magnetite-pyrite-pentlandite-pyrrhotite-chalcopyrite paragenesis; pyrite-pentlandite-chalcopyrite-pyrrhotite lenses 0.4-15 mm evenly distributed; ilmenite partly leucoxenised; magnetite in olivine relict cleavage,Field: mineralized gabbro. Phenocryst-like talc-serpentine pseudomorphs and hornblende (65-70%) in a plagioclase-dominated subophitic groundmass; strongly mineralised; contains a weakly-mineralised strongly-altered gabbrodiorite-porphyry schlieren.,,
"28 ба 29 р цооног 9ш.docx (holes OVD28 + OVD29, 9 samples)",1ZwejH5NIjLSqTYBmuRyl5PoCSmgAdsMR,OVD028-38 (33.14-35),OVD28,33.14,35.0,,polished thin section (ӨТШ),Uneven-grained feldspathic gravelly greywacke sandstone,Жигд биш ширхэгтэй хээрийн жоншт гравелитлаг граувакк элсжин,Psepho-psammitic; lamellar/contact-type microlepidoblastic cement; weakly parallel,Altered plagioclase (fragments):40-45; Altered mon. pyroxene (fragments):5; Altered hornblende and olivine (fragments):3-5; Andesite (fragments):8-10; Albitophyre/rhyolite/microquartzite (fragments):10-15; Argillite/meta-siltstone (fragments):5-10; Pyrite:few; Pyrrhotite:few; Chalcopyrite:single grains; Actinolite-chlorite cement:10-15; Carbonate (epigenetic):,"Fragments sericite-pelite-carbonate altered, partly recrystallized; carbonate lenses/veins 0.05-0.5 mm","Ilmenite-magnetite-pyrite-pyrrhotite-chalcopyrite; sulfide micro-grains 0.05-0.2 mm hosted in mafic mineral fragments (hornblende, olivine pseudomorphs)",Field: gravelly sandstone. Clast-supported greywacke (85-90%) with abundant volcanic and mafic-ultramafic clasts carrying sulfide micrograins; sample number written as OVD028-38 with interval 33.14-35 m.,,
"28 ба 29 р цооног 9ш.docx (holes OVD28 + OVD29, 9 samples)",1ZwejH5NIjLSqTYBmuRyl5PoCSmgAdsMR,OVD029-4,OVD29,,,4.0,polished thin section (ӨТШ),Fine- to medium-grained biotite granodiorite,Жижиг дунд ширхэгтэй биотитот гранодиорит,"Hypidiomorphic, locally pegmatitic; parallel",Plagioclase (oligoclase An29-30):50-55; Quartz:15-20; K-feldspar:10-15; Altered mafic mineral (after biotite):10-15; Magnetite:1-3; Hematite:few; Goethite:few; Sphene:few; Apatite:few; Cassiterite:single grains,"Sericite, epidote, albite, pelite, chlorite, carbonate; biotite fully carbonate-chlorite pseudomorphed; K-feldspar albitized","Magnetite-hematite-hydrogoethite paragenesis; magnetite 0.05-0.4 mm with chlorite pseudomorphs, martitized to hematite, rimmed by goethite; leucoxenised titanite; single cassiterite grains","Granodiorite from the top of hole OVD29: oligoclase, quartz(-K-feldspar micropegmatite) and chloritized biotite; oxide-only accessory mineralisation. No 47xxx lab number given.",,
"28 ба 29 р цооног 9ш.docx (holes OVD28 + OVD29, 9 samples)",1ZwejH5NIjLSqTYBmuRyl5PoCSmgAdsMR,OVD029-122.4 (123-124.5),OVD29,123.0,124.5,,polished thin section (ӨТШ),"Strongly carbonatised, chloritized gabbrodiorite porphyry","Хүчтэй карбонатчлагдаж, хлоритжсон габбродиорит порфир","Porphyritic; groundmass subophitic, prismatic granular; taxitic, lenticular, veined",Altered plagioclase:45-50; Chlorite pseudomorph:30-35; Titanite:0.5-1.0; Magnetite:few; Pyrrhotite:few; Pyrite:0.5; Chalcopyrite:few; Sphene:few; Apatite:0.5,"Strong carbonatisation (discontinuous carbonate(-quartz) veinlets/lenses 0.1-0.5 mm); sericite, chlorite, leucoxene; phenocrysts fully chlorite-pseudomorphed (after hornblende/biotite)",Titanite-magnetite-pyrite-pyrrhotite-chalcopyrite paragenesis (weak); strongly leucoxenised titanite 0.1-0.3 mm; cubic pyrite 0.05-0.1 mm in quartz-carbonate lenses; single magnetite/pyrrhotite/chalcopyrite micrograins with chlorite pseudomorphs,Field: unmineralized gabbro. Chlorite-pseudomorph phenocrysts (30-35%) in altered plagioclase-chlorite groundmass; essentially barren. Sample labelled 122.4 but interval 123-124.5 m; microphoto captions read 122.7.,,
"28 ба 29 р цооног 9ш.docx (holes OVD28 + OVD29, 9 samples)",1ZwejH5NIjLSqTYBmuRyl5PoCSmgAdsMR,OVD029-129.4 (129-131),OVD29,129.0,131.0,,polished thin section (ӨТШ),Mineralised chlorite-carbonate metasomatite (after gabbrodiorite),Хүдэржсэн хлорит-карбонатат метасоматит (Габбродиоритоор үүссэн),"Lepidogranoblastic, relict micro-hypidiomorphic?; weakly parallel, lenticular",Carbonate:50-55; Chlorite:30-35; Pyrite:3-5; Pyrrhotite:3-5; Chalcopyrite:1-2; Pentlandite:0.5; Chromite/magnetite:few; Titanite:few; Arsenopyrite:few; Quartz:5-8,Complete chlorite-carbonate replacement of gabbrodiorite; late coarse carbonate veins/lenses 0.2-1.0 mm controlling mineralisation; leucoxenised titanite lenses,Chromite-pyrite-pyrrhotite-pentlandite-chalcopyrite-arsenopyrite paragenesis; sulfide lenses 0.5x10 mm in late carbonate veins occupying ~8-10% of rock; arsenopyrite 0.01-0.2 mm rims on pyrite-chalcopyrite lenses; chromite-chalcopyrite micrograins in chlorite lenses,Field: hydrothermal breccia. Chlorite-carbonate metasomatite whose late carbonate veins host pyrite-pentlandite-pyrrhotite-chalcopyrite lenses with arsenopyrite rims — remobilised mineralisation.,,
"15ш пет-мин бичиглэл. 09.02. (2 петрографи, 13 пет-мин бичиглэл) (1).docx",17UhBmihR8HYhLMbUo0qz-myjvxNi7G6y,40340,,,,,"thin section (шлиф, petrography only)",Altered gabbrodiorite porphyry,Хувирсан габбродиорит порфир,"Porphyritic; groundmass prismatic granular, subophitic; massive",Plagioclase:70-75; Mon. pyroxene:10-15; Altered volcanic glass:10-15; Quartz:few; Ore mineral (accessory):0.5; Apatite:0.5; Sphene:few; Zircon:single grains,"Sericite, pelite, epidote, carbonate on plagioclase",Accessory ore-mineral grains 0.02-0.2 mm associated with pyroxene and biotite,"Petrographic description only. Altered plagioclase phenocrysts (5-10%) in subophitic groundmass of plagioclase prisms, fresh mon.pyroxene and red-brown biotite.",,2025-09-02 (inferred from file name)
"15ш пет-мин бичиглэл. 09.02. (2 петрографи, 13 пет-мин бичиглэл) (1).docx",17UhBmihR8HYhLMbUo0qz-myjvxNi7G6y,40341,,,,,"thin section (шлиф, petrography only)",Altered amygdaloidal basalt,Хувирсан базальт (миндалинлаг),Porphyritic; groundmass intersertal; amygdaloidal,Plagioclase:55-60; Mon. pyroxene:20-25; Altered olivine:10; Ore mineral:5-8; Volcanic glass:3-5; Apatite:0.5; Sphene:few,"Olivine phenocrysts fully iddingsite-biotite(-serpentine-carbonate) pseudomorphed; sericite, pelite; carbonate-quartz-iron-oxide amygdules 0.2-2.5 mm (15-20%)","Euhedral ore-mineral grains in intersertal groundmass, from devitrified glass",Petrographic description only. Basalt with iddingsitized olivine phenocrysts (8-10%) in plagioclase-microlite/pyroxene/glass intersertal groundmass; abundant amygdules.,,2025-09-02 (inferred from file name)
"15ш пет-мин бичиглэл. 09.02. (2 петрографи, 13 пет-мин бичиглэл) (1).docx",17UhBmihR8HYhLMbUo0qz-myjvxNi7G6y,41304,,,,,polished thin section (ӨТШ),Altered medium- to fine-grained hornblende-pyroxene gabbro,Хувирсан дунд жижиг ширхэгтэй эвэр хуурмаг-пироксент габбро,"Ophitic, subophitic; massive, lenticular",Altered plagioclase:20-25; Mon. pyroxene:20-25; Altered amphibole:5-8; Altered olivine:1-3; Ilmenite:0.5; Titanite:0.5; Apatite:few,"Sericite, pelite, chlorite, actinolite, leucoxene, iddingsite, iron hydroxides, carbonate; hydrogoethite-limonite along micro-fractures","Ilmenite-titanite-iron-hydroxide paragenesis; prismatic ilmenite 0.1-0.2 mm evenly distributed with mafics, leucoxene-rimmed",Ophitic gabbro of strongly altered plagioclase and fresh mon.pyroxene rimmed by pale-green hornblende; chlorite-actinolite pseudomorphs after amphibole and iddingsite-iron-oxide pseudomorphs after olivine. Weak oxide mineralisation only.,,2025-09-02 (inferred from file name)
"15ш пет-мин бичиглэл. 09.02. (2 петрографи, 13 пет-мин бичиглэл) (1).docx",17UhBmihR8HYhLMbUo0qz-myjvxNi7G6y,41253,,,,,polished thin section (ӨТШ),Mineralised spinel-bearing epidote-pyroxene micro-gneiss (skarn?),Хүдэржсэн шпинельтэй эпидот-пироксент бичил гнейс (скарн?),"Lepidogranoblastic; massive, lenticular",Hornblende:25-30; Clinopyroxene:25-30; Muscovite:20-25; Quartz:few; Biotite:few; Magnetite:15-20; Hematite:1-3; Goethite-hydrogoethite:; Spinel:5,,"Magnetite-hematite-goethite-hydrogoethite paragenesis; magnetite 0.05-1.0 mm disseminations and lens clusters cementing silicates, partly martitized and goethite-rimmed; even green spinel disseminations 0.1-0.3 mm",Fine hornblende-clinopyroxene-muscovite granoblastic rock with abundant magnetite and green spinel; analyst notes rock naming is difficult and asks geologists to judge from geological context (microphoto captions call it pyroxene-muscovite-amphibole metasomatite/micro-gneiss).,,2025-09-02 (inferred from file name)
"15ш пет-мин бичиглэл. 09.02. (2 петрографи, 13 пет-мин бичиглэл) (1).docx",17UhBmihR8HYhLMbUo0qz-myjvxNi7G6y,41330,,,,,polished thin section (ӨТШ),Altered gabbrodiorite porphyry,Хувирсан габбродиорит порфир,"Porphyritic; groundmass prismatic granular, subophitic, poikilo-ophitic; massive",Altered plagioclase:; Altered hornblende:; Altered biotite:5-10; Magnetite:0.5-1.0; Hematite:few; Apatite:single grains,"Sericite (strong, on plagioclase), chlorite pseudomorphs after biotite, leucoxene, rutile","Magnetite-hematite paragenesis; even euhedral magnetite 0.02-0.2 mm with mafics, weakly martitized",Porphyry with altered plagioclase and fresh hornblende phenocrysts (15-20%) in fine plagioclase-chlorite groundmass. NOTE: main-mineral percentages missing from the source table. Oxide-only mineralisation.,,2025-09-02 (inferred from file name)
"15ш пет-мин бичиглэл. 09.02. (2 петрографи, 13 пет-мин бичиглэл) (1).docx",17UhBmihR8HYhLMbUo0qz-myjvxNi7G6y,41331,,,,,polished thin section (ӨТШ),Strongly mineralised (ferruginous) quartzite,Хүчтэй хүдэржсэн (төмөржсөн) кварцит,"Granoblastic; lenticular, veined, banded (zoned)",Quartz:50-55; Magnetite:15-20; Hematite:3-5; Goethite:5-10; Chlorite:3-5; Epidote:8-10; Muscovite-sericite:5-8,"Muscovite-sericite, chlorite and epidote-zoisite lenses intergrown with the ore lenses",Magnetite-hematite-goethite-hydrogoethite paragenesis; magnetite lenses/veins 2-10 mm rimmed and replaced by hematite (martite) and goethite-hydrogoethite; ore veins 0.2-3.0 mm cut the quartzite,Iron-oxide-mineralised quartzite: granoblastic quartz cut by numerous magnetite-hematite-goethite lenses/veins with zoned (banded) textures intergrown with muscovite-chlorite-epidote lenses.,,2025-09-02 (inferred from file name)
"15ш пет-мин бичиглэл. 09.02. (2 петрографи, 13 пет-мин бичиглэл) (1).docx",17UhBmihR8HYhLMbUo0qz-myjvxNi7G6y,41334,,,,,polished thin section (ӨТШ),Strongly mineralised garnet-quartz vein,Хүчтэй хүдэржсэн гранат-кварцын судал,"Granoblastic; lenticular, veined, zoned",Quartz:45-50; Garnet:25-30; Magnetite:3-5; Hematite:5-8; Goethite:10-15; Malachite:1-3; Hydrogoethite:3-5; Amphibole:few; Epidote:few; Pyrite:relicts,,Magnetite-hematite-goethite-hydrogoethite-malachite paragenesis; zoned oxide lenses/veins 0.1-10 mm rimmed by garnet; pyrite relicts 0.02-0.1 mm inside; late malachite(-azurite) veinlets 0.01-0.3 mm,"Coarse quartz-garnet vein material cut by strongly oxidised ore lenses (magnetite-hematite-goethite-hydrogoethite-malachite in growth order), ore usually rimmed by garnet — oxidised Cu-bearing skarn-vein.",,2025-09-02 (inferred from file name)
"15ш пет-мин бичиглэл. 09.02. (2 петрографи, 13 пет-мин бичиглэл) (1).docx",17UhBmihR8HYhLMbUo0qz-myjvxNi7G6y,41336,,,,,polished thin section (ӨТШ),Altered medium- to fine-grained biotite-hornblende gabbrodiorite,Хувирсан дунд жижиг ширхэгтэй биотит-эвэр хуурмагт габбродиорит,"Hypidiomorphic, occasionally poikilitic; massive",Altered plagioclase:60-65; Hornblende:25-30; Chlorite pseudomorph (after biotite):8-10; Quartz:few; Ilmenite-hematite:1-2; Titanite-sphene:0.5; Apatite:few,"Sericite, pelite, chlorite, rutile, epidote","Ilmenite-hematite paragenesis; euhedral ilmenite 0.1-0.3 mm evenly distributed with mafics, partly hematized and sphene-rimmed",Zoned intermediate-basic plagioclase with fresh green hornblende and chlorite pseudomorphs after biotite (rutile-bearing); oxide accessory mineralisation only.,,2025-09-02 (inferred from file name)
"15ш пет-мин бичиглэл. 09.02. (2 петрографи, 13 пет-мин бичиглэл) (1).docx",17UhBmihR8HYhLMbUo0qz-myjvxNi7G6y,41337,,,,,polished thin section (ӨТШ),"Fine- to medium-grained hornblende quartz diorite (gabbrodiorite), weakly gneissose",Жижиг дунд ширхэгтэй эвэр хуурмагт кварцат диорит (габбродиорит),"Hypidiomorphic, locally micro-granonematoblastic; weakly parallel",Altered plagioclase:60-65; Hornblende:25-30; Quartz:3-5; Magnetite-hematite:few; Titanite-sphene:1-2; Apatite:0.5-1.0,Sericite-epidote cores in zoned plagioclase (fresh rims); hornblende partly recrystallized to nematoblastic aggregate/actinolite; epigenetic pelitomorphic carbonate veinlets 0.05-0.1 mm,"Ilmenite/magnetite-hematite; magnetite micrograins 0.02-0.1 mm mostly with epidotized plagioclase, partly hematized",Weakly gneissose quartz diorite: zoned plagioclase with sericite-epidote cores and recrystallized green hornblende; poikilitic coarse quartz. Barren apart from accessory oxides.,,2025-09-02 (inferred from file name)
"15ш пет-мин бичиглэл. 09.02. (2 петрографи, 13 пет-мин бичиглэл) (1).docx",17UhBmihR8HYhLMbUo0qz-myjvxNi7G6y,41339,,,,,polished thin section (ӨТШ),Fine- to medium-grained biotite-hornblende-pyroxene gabbro,Жижиг дунд ширхэгтэй биотит-эвэр хуурмаг-пироксент габбро,"Gabbroic, subophitic; weakly parallel",Altered plagioclase:55-60; Mon. pyroxene:15-20; Hornblende:10-15; Biotite:5-8; Magnetite:3-5; Hematite-goethite:few,Very weak sericite in plagioclase cores,"Magnetite-hematite-goethite paragenesis; even euhedral magnetite 0.1-0.5 mm with mafic clots, weakly martitized; minor hematite-goethite grains","Fresh-looking gabbro: weakly aligned zoned plagioclase with clotted mon.pyroxene, brown-green hornblende and biotite. Accessory magnetite only.",,2025-09-02 (inferred from file name)
"15ш пет-мин бичиглэл. 09.02. (2 петрографи, 13 пет-мин бичиглэл) (1).docx",17UhBmihR8HYhLMbUo0qz-myjvxNi7G6y,41348,,,,,polished thin section (ӨТШ),Fine- to medium-grained olivine-pyroxene gabbro,Жижиг дунд ширхэгтэй оливин-пироксент габбро,"Ophitic, subophitic; massive, lenticular",Altered plagioclase:20-25; Mon. pyroxene:10-15; Olivine:5-8; Biotite:1-3; Ilmenite:1-3; Titanite:few; Chalcopyrite:single grains,Nearly fresh; plagioclase almost unaltered,"Ilmenite-titanite paragenesis; euhedral ilmenite 0.1-0.4 mm evenly distributed, often biotite-rimmed, clustered with mafic lenses; single chalcopyrite grains","Fresh olivine gabbro: zoned plagioclase, unaltered mon.pyroxene and olivine (0.2-2.0 mm) with red-brown biotite rims on ore minerals; near-barren.",,2025-09-02 (inferred from file name)
"15ш пет-мин бичиглэл. 09.02. (2 петрографи, 13 пет-мин бичиглэл) (1).docx",17UhBmihR8HYhLMbUo0qz-myjvxNi7G6y,41349,,,,,polished thin section (ӨТШ),Mineralised quartz-carbonate vein (oxidised Cu),Хүдэржсэн кварц-карбонатын судал,"Granoblastic; veined, lenticular, zoned",Carbonate:70-75; Quartz:15-20; Chalcopyrite:0.5-1.0; Covellite:1-2; Goethite-hydrogoethite:1-3; Malachite:1-3; Azurite:0.5-1.0; Sphalerite:few; Pyrite:few; Arsenopyrite:single grains,Supergene oxidation of sulfides,Pyrite-sphalerite-chalcopyrite -> covellite-goethite-hydrogoethite-malachite-azurite sequence; chalcopyrite relicts 0.01-0.2 mm within covellite-goethite-malachite veinlets; malachite-azurite lenses 0.1-1.5 mm; grey sphalerite 0.2-0.5 mm; rare arsenopyrite,"Quartz-carbonate vein with oxidised copper mineralisation: chalcopyrite largely replaced by covellite, iron hydroxides, malachite and azurite; sphalerite and arsenopyrite accessories.",,2025-09-02 (inferred from file name)
"15ш пет-мин бичиглэл. 09.02. (2 петрографи, 13 пет-мин бичиглэл) (1).docx",17UhBmihR8HYhLMbUo0qz-myjvxNi7G6y,41362,,,,,polished thin section (ӨТШ),Fine- to medium-grained biotite granite,Жижиг дунд ширхэгтэй биотитот боржин,Granitic; massive,Quartz:25-30; K-feldspar:45-50; Plagioclase:15-20; Biotite:3-5; Muscovite:few; Magnetite:few; Hematite:single grains; Sphene:single grains; Apatite:few,"Albite, pelite on K-feldspar","Magnetite-hematite paragenesis; sparse magnetite 0.1-0.8 mm with biotite, slightly martitized",K-feldspar-dominant biotite granite with local porphyritic K-feldspar segregations 4-5 mm; accessory oxide mineralisation only.,,2025-09-02 (inferred from file name)
"15ш пет-мин бичиглэл. 09.02. (2 петрографи, 13 пет-мин бичиглэл) (1).docx",17UhBmihR8HYhLMbUo0qz-myjvxNi7G6y,41363,,,,,polished thin section (ӨТШ),Coarse- to medium-grained biotite granite,Том дунд ширхэгтэй биотитот боржин,"Hypidiomorphic, locally poikilitic; massive",Quartz:25-30; K-feldspar:40-45; Plagioclase (oligoclase):25-30; Biotite:3-5; Magnetite:few; Hematite:single grains; Sphene:single grains; Zircon:single grains; Apatite:few,"Albite, pelite, sericite, chlorite (with rutile) on biotite","Magnetite-hematite paragenesis; sparse euhedral magnetite 0.1-0.2 mm, weakly hematized","Coarse biotite granite; K-feldspar strongly albite-pelite altered, poikilitically enclosing quartz and plagioclase. Accessory oxides only.",,2025-09-02 (inferred from file name)
"15ш пет-мин бичиглэл. 09.02. (2 петрографи, 13 пет-мин бичиглэл) (1).docx",17UhBmihR8HYhLMbUo0qz-myjvxNi7G6y,43816 (OVD-009-126.6),OVD009,,,126.6,polished thin section (ӨТШ),"Strongly altered, weakly mineralised uneven-grained olivine-pyroxene peridotite","Хүчтэй хувирч, сулавтар хүдэржсэн жигд биш ширхэгтэй оливин-пироксент перидотит","Panidiomorphic, poikilitic, subophitic; massive",Talc-serpentine pseudomorph after olivine:45-50; Mon. pyroxene:20-25; Hornblende:10; Altered plagioclase:5-8; Biotite:5; Magnetite:3-5; Chromite:few; Chalcopyrite:few; Pyrrhotite:1-2,"Serpentine, talc, actinolite, chlorite, saussurite; olivine mesh texture with magnetite-chromite veinlets",Magnetite/chromite-pyrrhotite-chalcopyrite paragenesis; magnetite disseminations 0.05-0.4 mm and mesh veinlets; magnetite-chalcopyrite-pyrrhotite micro-lenses 0.05-0.2 mm with talc-serpentine,The only hole-tagged sample in this 2025 set: OVD-009 at 126.6 m. Serpentinized olivine-pyroxene peridotite with weak disseminated/micro-lens sulfide mineralisation.,,2025-09-02 (inferred from file name)
5 петрографи баттерей (2).docx,1JSiTRfddzTDCi4VRso_BGmQKA_S6WVB7,43460,,,,,"thin section (шлиф, petrography only)",Amphibolitized pyroxenite,Амфиболитжсон пироксенит,"Lepidonematoblastic, relict panidiomorphic; weakly parallel, lenticular",Clinopyroxene:55-60; Hornblende:40-45; Biotite:few; Ore mineral (accessory):few; Sphene:few,"Amphibolitization (hornblende after pyroxene); actinolite, chlorite, rutile; epigenetic carbonate and actinolite veins 0.1-0.4 mm; some hornblende fully pseudomorphed by actinolite-chlorite",Ore mineral and sphene grains 0.02-0.2 mm released within actinolite-chlorite pseudomorphs,Field: gabbro. Pyroxenite strongly overprinted by amphibolitization: fresh clinopyroxene relics within pale-green hornblende (locally could be called amphibolite after pyroxenite); cut by actinolite and carbonate veins.,,
5 петрографи баттерей (2).docx,1JSiTRfddzTDCi4VRso_BGmQKA_S6WVB7,43471,,,,,"thin section (шлиф, petrography only)",Altered medium- to coarse-grained pyroxenite,Хувирсан дунд том ширхэгтэй пироксенит,"Panidiomorphic; massive, lenticular",Clinopyroxene:65-70; Serpentine pseudomorph:20-25; Hornblende:5-10; Ore mineral:5-8; Carbonate (epigenetic):2-3,"Serpentinization (pseudomorphs after olivine, some after pyroxene); actinolite-chlorite on hornblende; carbonate veinlets 0.1-0.3 mm","Ore-mineral veinlets 0.01-0.2 mm along relict cleavage of serpentine pseudomorphs, intersecting; mineralisation linked to the carbonate veinlet system","Field: ""purely mineralized pyroxenite"". Very coarse clinopyroxene (grains up to 10-15 mm dominant) with interstitial serpentine pseudomorphs whose relict cleavage carries interconnected ore veinlets.",,
5 петрографи баттерей (2).docx,1JSiTRfddzTDCi4VRso_BGmQKA_S6WVB7,43477,,,,,"thin section (шлиф, petrography only)",Altered pyroxenite porphyry (vein pyroxenite),Хувирсан пироксенит порфир (Судлын пироксенит),"Porphyritic; groundmass finely crystalline; massive, lenticular",Mon. pyroxene:60-65; Chlorite pseudomorph:30-35; Ore mineral:1-2,"Chlorite pseudomorphs (after hornblende or pyroxene), both as phenocrysts and in groundmass","Even euhedral ore-mineral grains 0.03-0.2 mm in the groundmass, mostly associated with chlorite pseudomorphs",Field: dunite. Porphyritic vein pyroxenite: chlorite-pseudomorph and minor fresh mon.pyroxene phenocrysts (30-35%) in a fully crystallized fine mon.pyroxene-chlorite groundmass.,,
5 петрографи баттерей (2).docx,1JSiTRfddzTDCi4VRso_BGmQKA_S6WVB7,43494,,,,,"thin section (шлиф, petrography only)",Altered uneven-grained peridotite,Хувирсан жигд биш ширхэгтэй перидотит,"Panidiomorphic, locally poikilitic; massive",Mon. pyroxene:55-60; Serpentinized olivine:30-35; Altered hornblende:3-5; Biotite:3-5; Ore mineral:5-8,"Serpentinization with mesh texture; actinolite, chlorite, carbonate","Ore minerals (magnetite) as intersecting mesh veinlets along olivine relict cleavage together with serpentine, plus micro-disseminations",Field: peridotite. Fresh coarse mon.pyroxene poikilitically enclosing serpentinized olivine (mesh-textured with magnetite veinlets); phlogopite plates; considerable oxide mineralisation along the mesh.,,
5 петрографи баттерей (2).docx,1JSiTRfddzTDCi4VRso_BGmQKA_S6WVB7,43515,,,,,"thin section (шлиф, petrography only)",Altered uneven-grained peridotite,Хувирсан жигд биш ширхэгтэй перидотит,"Panidiomorphic, locally poikilitic; massive",Mon. pyroxene:50-55; Serpentinized olivine:30-35; Altered hornblende:5-10; Biotite:3-5; Ore mineral:5,"Serpentinization (minor talc), actinolite, chlorite, carbonate; carbonate veinlets 0.02-0.1 mm","Ore-mineral mesh veinlets 0.01-0.1 mm with serpentine along olivine relict cleavage, plus notable micro-disseminations",Field: peridotite. Generally identical to 43494: coarse fresh mon.pyroxene (0.7-7.0 mm) with mesh-serpentinized olivine relicts and phlogopite; oxide mineralisation along the serpentine mesh.,,
"Report_ABM 2025.09.09 final.pdf (MUST lab, 22 samples, SEM-EDX)",1el3ET8WvDjbohD0oJyQJ1CU4Lo7h-0-Z,46459,,,,,polished thin section (drill-core sample; hole/depth not stated),Olivine gabbro,Оливинт габбро,"Uneven-grained, poikilitic; massive; ore texture disseminated, spotted",Olivine:30-35; Plagioclase:25-30; Hornblende:15-20; Clinopyroxene (augite):10-15; Biotite:5; Ore minerals total:10-12; Magnetite:3-5; Pyrite:2-4; Chalcopyrrhotite:2-4; Heazlewoodite:1-2; Isoferroplatinum:<1,Olivine fully pseudomorphed by fibrous talc with serpentine-magnetite along fractures; hornblende and biotite weakly chloritized,"Sequence platinum - magnetite - pyrite - heazlewoodite - chalcopyrrhotite; pyrite (clusters to 6 mm) hosts heazlewoodite droplets; chalcopyrrhotite (to 4.1 mm) replaces pyrite; isoferroplatinum (Pt3Fe) crystals to 0.2 mm at altered olivine margins, confirmed by SEM-EDX","Olivine gabbro with talc-pseudomorphed olivine. Distinctive pyrite-chalcopyrrhotite-heazlewoodite association: heazlewoodite (Ni3S2, up to Ni 73.3%) as droplets in pyrite plus SEM-confirmed isoferroplatinum — interpreted as Ni-rich low-fS2 assemblage from serpentinization of ultramafic-mafic rocks, analogous to Noril'sk/Sudbury associations.","MUST (ШУТИС) Mineral Resource Research professor team — B.Enkhjargal (PhD), T.Oyunchimeg (PhD), N.Bolorchimeg (PhD), B.Altanzul (PhD); client: Ragnarok Investment LLC | T.Oyunchimeg, B.Enkhjargal",2025-09-09
"Report_ABM 2025.09.09 final.pdf (MUST lab, 22 samples, SEM-EDX)",1el3ET8WvDjbohD0oJyQJ1CU4Lo7h-0-Z,41508,,,,,polished thin section (drill-core sample; hole/depth not stated),Olivine-bearing gabbronorite,Оливинтой габбронорит,Uneven-grained; massive,Clinopyroxene (augite):20-25; Orthopyroxene:10-15; Olivine:10-15; Plagioclase (labradorite An52-54):25-30; Hornblende:20-25; Biotite:5; Ore minerals:2-3,Olivine fully serpentine-talc-carbonate replaced (shape preserved); hornblende and biotite weakly to strongly chloritized,"Accessory ore minerals only (2-3%), intergrown with hornblende",Fresh two-pyroxene gabbronorite with pseudomorphed olivine; labradorite An52-54; low ore content.,"MUST (ШУТИС) Mineral Resource Research professor team — B.Enkhjargal (PhD), T.Oyunchimeg (PhD), N.Bolorchimeg (PhD), B.Altanzul (PhD); client: Ragnarok Investment LLC | T.Oyunchimeg",2025-09-09
"Report_ABM 2025.09.09 final.pdf (MUST lab, 22 samples, SEM-EDX)",1el3ET8WvDjbohD0oJyQJ1CU4Lo7h-0-Z,43333,,,,,polished thin section (drill-core sample; hole/depth not stated),Diabase (olivine-bearing),Диабаз,"Prismatic granular, ophitic; massive",Plagioclase (labradorite An58-60):50-55; Clinopyroxene (augite):10-15; Orthopyroxene:5; Olivine:10-15; Hornblende:5-10; Biotite:5; Ore minerals:5,Plagioclase weakly sericitized; olivine fully serpentine-talc(-iddingsite) replaced; hornblende/biotite chloritized,Skeletal ore-mineral grains to 1 mm intergrown with clinopyroxene; ~5%,"Ophitic diabase: lath plagioclase with interstitial augite, minor opx, pseudomorphed olivine; hornblende and biotite late; moderate accessory oxides.","MUST (ШУТИС) Mineral Resource Research professor team — B.Enkhjargal (PhD), T.Oyunchimeg (PhD), N.Bolorchimeg (PhD), B.Altanzul (PhD); client: Ragnarok Investment LLC | T.Oyunchimeg",2025-09-09
"Report_ABM 2025.09.09 final.pdf (MUST lab, 22 samples, SEM-EDX)",1el3ET8WvDjbohD0oJyQJ1CU4Lo7h-0-Z,43632,,,,,polished thin section (drill-core sample; hole/depth not stated),Pyroxene hornfels,Пироксент роговик,"Acicular, replacement structure; massive; ore spotted, disseminated, veined",Pyroxene:35-40; Plagioclase:30-35; Chlorite:10-15; Quartz:5-10; Pyrite:2-3; Pyrrhotite:1; Chalcopyrite:1; Magnetite:1,Contact metamorphism (all minerals secondary); marcasite minor,"Pyrite (to 0.25 mm, spotted/disseminated/veined, locally with marcasite and chalcopyrite), magnetite (0.05 mm), chalcopyrite and pyrrhotite (to 0.1 mm); SEM-EDX confirmed pyrite and chalcopyrite compositions",Very fine acicular pyroxene-plagioclase hornfels formed by high-T contact metamorphism; sulfides interpreted as combining sedimentary sulfur with magma-derived metals.,"MUST (ШУТИС) Mineral Resource Research professor team — B.Enkhjargal (PhD), T.Oyunchimeg (PhD), N.Bolorchimeg (PhD), B.Altanzul (PhD); client: Ragnarok Investment LLC | N.Bolorchimeg",2025-09-09
"Report_ABM 2025.09.09 final.pdf (MUST lab, 22 samples, SEM-EDX)",1el3ET8WvDjbohD0oJyQJ1CU4Lo7h-0-Z,46363,,,,,polished thin section (drill-core sample; hole/depth not stated),Gabbrodiorite,Габбродиорит,"Hypidiomorphic granular; massive, weakly brecciated",Plagioclase:55-60; Clinopyroxene:15-20; Hornblende:20-25; Biotite:5; Ore minerals:5,Strong: plagioclase fully pelite-sericite; cpx replaced by epidote-chlorite dust; biotite chlorite-leucoxene replaced; cut by 1 mm iron-hydroxide-quartz and carbonate-epidote veins (brecciated),Cubic ore grains 0.1-0.3 mm intergrown with mafics; apatite accessory,Strongly altered gabbrodiorite crosscut by epidote-carbonate-ore veinlets.,"MUST (ШУТИС) Mineral Resource Research professor team — B.Enkhjargal (PhD), T.Oyunchimeg (PhD), N.Bolorchimeg (PhD), B.Altanzul (PhD); client: Ragnarok Investment LLC | T.Oyunchimeg",2025-09-09
"Report_ABM 2025.09.09 final.pdf (MUST lab, 22 samples, SEM-EDX)",1el3ET8WvDjbohD0oJyQJ1CU4Lo7h-0-Z,46381,,,,,polished thin section (drill-core sample; hole/depth not stated),Picrite,Пикрит,"Porphyritic, mesh (гогцоолог), cryptic; massive; ore disseminated",Olivine:75-80; Clinopyroxene (augite/titanaugite):15-20; Phlogopite:2-3; Ore minerals:5-10; Magnetite:2-3; Pyrrhotite:1-2; Chalcopyrrhotite:1-2; Pentlandite:<1; Rutile:<1,Olivine strongly serpentine-talc(-tremolite) altered with serpentine mesh; groundmass glass fully chloritized; secondary carbonate,"Sequence magnetite - pyrrhotite - chalcopyrrhotite - pentlandite; pyrrhotite-chalcopyrrhotite clusters to 2.2 mm; euhedral pentlandite to 0.1 mm associated with talc-carbonate after olivine; SEM-EDX confirmed chalcopyrrhotite, pentlandite, ilmenite, Fe-Cr magnetite, pyrrhotite",Ultramafic volcanic (picrite): olivine phenocrysts 75-80% in cryptocrystalline serpentine-talc groundmass; magmatic Ni-Cu sulfide disseminations with pentlandite tied to carbonate-talc alteration of olivine.,"MUST (ШУТИС) Mineral Resource Research professor team — B.Enkhjargal (PhD), T.Oyunchimeg (PhD), N.Bolorchimeg (PhD), B.Altanzul (PhD); client: Ragnarok Investment LLC | T.Oyunchimeg, B.Enkhjargal, B.Altanzul (SEM)",2025-09-09
"Report_ABM 2025.09.09 final.pdf (MUST lab, 22 samples, SEM-EDX)",1el3ET8WvDjbohD0oJyQJ1CU4Lo7h-0-Z,46393,,,,,polished thin section (drill-core sample; hole/depth not stated),Altered olivine gabbro,Хувирсан оливинт габбро,"Poikilitic; massive; ore spotted, disseminated",Plagioclase:25-30; Hornblende (amphibole):20-25; Olivine:20-25; Phlogopite:5-10; Ore minerals:8-10; Pyrite:2-3; Chalcopyrite:1-2; Ilmenite:4-5; Apatite:accessory,Olivine fully talc-serpentine(-calcite) pseudomorphed; plagioclase saussuritized; amphibole marginal chloritization,"Pyrite (to 1 mm, spotted/disseminated) with chalcopyrite (to 1 mm, spotted); ilmenite 4-5% disseminated with amphibole (interpreted as released Fe-Ti from amphibole); sulfides possibly from sulfide-silicate liquation",Altered olivine gabbro with talc-serpentine pseudomorphs; pyrite-chalcopyrite-ilmenite assemblage mostly linked to amphibole and phlogopite.,"MUST (ШУТИС) Mineral Resource Research professor team — B.Enkhjargal (PhD), T.Oyunchimeg (PhD), N.Bolorchimeg (PhD), B.Altanzul (PhD); client: Ragnarok Investment LLC | N.Bolorchimeg",2025-09-09
"Report_ABM 2025.09.09 final.pdf (MUST lab, 22 samples, SEM-EDX)",1el3ET8WvDjbohD0oJyQJ1CU4Lo7h-0-Z,46451,,,,,polished thin section (drill-core sample; hole/depth not stated),Altered gabbro,Хувирсан габбро,"Poikilitic; massive; ore spotted, disseminated, droplet",Clinopyroxene:40-45; Orthopyroxene:7; Plagioclase:30-35; Hornblende:5-10; Phlogopite:3; Ore minerals:5; Calcite (secondary):; Quartz (secondary):,Plagioclase strongly saussuritized (zoisite-amphibole-chlorite-carbonate-magnetite-quartz); calcite veinlets with secondary apatite,"Chalcopyrite (to 4 cm! disseminated/spotted, droplets in pyrite), millerite (to 0.25 mm), pyrite (to 3 mm), ilmenite (0.15 mm) with magnetite; EDS: millerite Ni 63%, chalcopyrite, pyrite, Mn-bearing ilmenite, titanite; sulfides likely from liquation of S-saturated basic magma; CO2-bearing fluid role noted (ore with secondary calcite)",Coarse altered gabbro with very large chalcopyrite clusters and millerite — SEM-confirmed Ni-Cu assemblage associated with secondary calcite.,"MUST (ШУТИС) Mineral Resource Research professor team — B.Enkhjargal (PhD), T.Oyunchimeg (PhD), N.Bolorchimeg (PhD), B.Altanzul (PhD); client: Ragnarok Investment LLC | N.Bolorchimeg (petro+minera+SEM)",2025-09-09
"Report_ABM 2025.09.09 final.pdf (MUST lab, 22 samples, SEM-EDX)",1el3ET8WvDjbohD0oJyQJ1CU4Lo7h-0-Z,46511,,,,,polished thin section (drill-core sample; hole/depth not stated),Andesite,Андезит,Porphyritic; groundmass microlitic; massive,Plagioclase (andesine An45-46):60-65; Hornblende:10-15; Biotite:3-5; Volcanic glass:15-20; Ore minerals:accessory; Zircon:accessory; Apatite:accessory,Plagioclase partly epidote-zoisite-carbonate; hornblende nearly fully epidote-chlorite replaced; glass to leucoxene-magnetite-chlorite,Accessory only: elongated isometric grains 0.03-0.05 mm with groundmass biotite,"Andesite with 15-20% phenocrysts (andesine, altered hornblende) in fine plagioclase-microlite groundmass; essentially barren.","MUST (ШУТИС) Mineral Resource Research professor team — B.Enkhjargal (PhD), T.Oyunchimeg (PhD), N.Bolorchimeg (PhD), B.Altanzul (PhD); client: Ragnarok Investment LLC | T.Oyunchimeg",2025-09-09
"Report_ABM 2025.09.09 final.pdf (MUST lab, 22 samples, SEM-EDX)",1el3ET8WvDjbohD0oJyQJ1CU4Lo7h-0-Z,46545,,,,,polished thin section (drill-core sample; hole/depth not stated),Wehrlite,Верлит,"Poikilitic, drusitic (opx-cpx coronas on olivine); massive; ore disseminated, spotted, replacement",Olivine:50-55; Clinopyroxene (augite):20-25; Orthopyroxene:10-15; Plagioclase (labradorite An52):5-10; Biotite:5; Ore minerals:2-5; Chalcopyrrhotite:1-2; Pyrrhotite:2-3; Pentlandite:<1; Magnetite:3-5; Galena:<1; Millerite:<1,Olivine partly bowlingite/serpentine replaced with serpentine-ore veinlet bands; biotite weakly chloritized,"Sequence platinum - magnetite - pyrrhotite - chalcopyrrhotite - millerite - galena - magnetite; chalcopyrrhotite clusters to 4.4 mm; two magnetite generations (interstitial Cr-bearing disseminated; olivine-breakdown); SEM-EDX confirmed Cr-magnetite, millerite, platinum and a rare galena grain",Wehrlite with drusitic coronas; Ni-Cu sulfide disseminations plus SEM-confirmed platinum and exotic galena (rare in ultramafics; noted as reported in small amounts at Noril'sk).,"MUST (ШУТИС) Mineral Resource Research professor team — B.Enkhjargal (PhD), T.Oyunchimeg (PhD), N.Bolorchimeg (PhD), B.Altanzul (PhD); client: Ragnarok Investment LLC | T.Oyunchimeg, B.Enkhjargal, B.Altanzul (SEM)",2025-09-09
"Report_ABM 2025.09.09 final.pdf (MUST lab, 22 samples, SEM-EDX)",1el3ET8WvDjbohD0oJyQJ1CU4Lo7h-0-Z,46564,,,,,polished thin section (drill-core sample; hole/depth not stated),Hornblende peridotite,Эвэрхуурмагт перидотит,"Poikilitic, hypidiomorphic granular; massive",Olivine:30-35; Clinopyroxene (diopside):20-25; Hornblende:20-25; Plagioclase:5-10; Orthopyroxene (bastite-altered):0-5; Biotite:5-8; Ore minerals:10-15; Magnetite:3-5; Pyrrhotite:3-5; Chalcopyrrhotite:2-4; Pentlandite:1-3; Platinum:<1,Olivine serpentine-antigorite replaced with mesh-textured serpentine-ore veinlets; opx bastitized; hornblende weakly chloritized; actinolite,"Sequence platinum - magnetite - pyrrhotite - chalcopyrrhotite - pentlandite - magnetite; pyrrhotite dominant (clusters to 3 mm) hosting chalcopyrrhotite and pentlandite; two magnetite generations, disseminated one carries up to 20% Cr (SEM); SEM-EDX newly identified platinum/ferroan platinum; Co-bearing pentlandite","Hornblende peridotite with 10-15% ore: pyrrhotite-chalcopyrrhotite-pentlandite Ni-Cu assemblage plus SEM-confirmed Pt; interstitial Cr-magnetite vs Fe-only magnetite after olivine. Ni chiefly in pentlandite, Cu in chalcopyrrhotite.","MUST (ШУТИС) Mineral Resource Research professor team — B.Enkhjargal (PhD), T.Oyunchimeg (PhD), N.Bolorchimeg (PhD), B.Altanzul (PhD); client: Ragnarok Investment LLC | T.Oyunchimeg, B.Enkhjargal, B.Altanzul (SEM)",2025-09-09
"Report_ABM 2025.09.09 final.pdf (MUST lab, 22 samples, SEM-EDX)",1el3ET8WvDjbohD0oJyQJ1CU4Lo7h-0-Z,46342,,,,,polished thin section (drill-core sample; hole/depth not stated),Hornblende gabbrodiorite,Эвэрхуурмагт габбродиорит,"Hypidiomorphic granular, poikilo-ophitic; massive; ore disseminated, spotted",Plagioclase:40-45; Clinopyroxene (diopside-hedenbergite):15-20; Hornblende:30-35; Ore minerals:5-10; Pyrite:2-3; Magnetite:3-5; Chalcopyrite:<1; Platinum:<1,Plagioclase fully carbonate-sericite replaced; hornblende weakly chlorite-carbonate; late quartz-carbonate clots,"Magnetite dominant (to 0.8 mm); pyrite clusters to 0.7 mm; fine chalcopyrite 0.05 mm; platinum as isolated disseminated grains to 0.25 mm — no mutual spatial relations, growth sequence indeterminate",Altered hornblende gabbrodiorite carrying isolated platinum grains alongside disseminated magnetite-pyrite-chalcopyrite.,"MUST (ШУТИС) Mineral Resource Research professor team — B.Enkhjargal (PhD), T.Oyunchimeg (PhD), N.Bolorchimeg (PhD), B.Altanzul (PhD); client: Ragnarok Investment LLC | T.Oyunchimeg, B.Enkhjargal",2025-09-09
"Report_ABM 2025.09.09 final.pdf (MUST lab, 22 samples, SEM-EDX)",1el3ET8WvDjbohD0oJyQJ1CU4Lo7h-0-Z,46592,,,,,polished thin section (drill-core sample; hole/depth not stated),Olivine-bearing websterite,Оливинтой вебстерит,"Uneven-grained; massive; ore disseminated, spotted",Clinopyroxene (diopside):20-25; Orthopyroxene (bastite-rimmed):10-15; Olivine:20-25; Plagioclase (labradorite An50-52):15-20; Hornblende:15-20; Biotite:3-5; Ore minerals:5-10; Magnetite:3-5; Chalcopyrrhotite:<1; Pyrrhotite:<1; Pentlandite:<1; Millerite:<1; Platinum:<1,Olivine fully serpentine-talc pseudomorphed (shape kept) with ore-dust bands; opx bastite; hornblende weakly chloritized,Platinum disseminations to 0.2 mm with altered olivine; magnetite interstitial and corroding chalcopyrrhotite; chalcopyrrhotite replacing pyrrhotite (to 1 mm); euhedral pentlandite 0.05 mm; millerite disseminations to 0.5 mm partly replacing magnetite,"Olivine websterite with low-grade but diverse Ni-Cu-PGE assemblage: platinum, millerite, pentlandite, chalcopyrrhotite, pyrrhotite and magnetite.","MUST (ШУТИС) Mineral Resource Research professor team — B.Enkhjargal (PhD), T.Oyunchimeg (PhD), N.Bolorchimeg (PhD), B.Altanzul (PhD); client: Ragnarok Investment LLC | T.Oyunchimeg, B.Enkhjargal",2025-09-09
"Report_ABM 2025.09.09 final.pdf (MUST lab, 22 samples, SEM-EDX)",1el3ET8WvDjbohD0oJyQJ1CU4Lo7h-0-Z,46489,,,,,polished thin section (drill-core sample; hole/depth not stated),Hornblende wehrlite,Эвэрхуурмагт верлит,"Poikilitic; massive; ore disseminated, spotted",Olivine:50-55; Clinopyroxene:10-15; Orthopyroxene:1-2; Hornblende:15-20; Apatite:1-2; Phlogopite:2-3; Plagioclase:2-3; Ore minerals:10-12; Chalcopyrite:1-2; Pyrite:1-2; Pentlandite:~1; Ilmenite:~1; Chromite:1-2; Magnetite:4-5,"Olivine fully talc-serpentine(-calcite) pseudomorphed with magnetite-bearing serpentine veinlets; secondary calcite, chlorite; plagioclase argillized",Chalcopyrite-pyrite-pentlandite association (EDS-confirmed; pentlandite with Ag up to 12.6% in one point analysis); euhedral chromite 0.025 mm and magnetite in olivine pseudomorphs (chromite primary magmatic and secondary from olivine breakdown); ilmenite with amphibole; sulfides from silicate-sulfide melt segregation,Hornblende wehrlite with 10-12% ore minerals; SEM-EDX documents chalcopyrite-pyrite-pentlandite intergrowths and chromite-magnetite in serpentinized olivine.,"MUST (ШУТИС) Mineral Resource Research professor team — B.Enkhjargal (PhD), T.Oyunchimeg (PhD), N.Bolorchimeg (PhD), B.Altanzul (PhD); client: Ragnarok Investment LLC | N.Bolorchimeg (petro+minera+SEM)",2025-09-09
"Report_ABM 2025.09.09 final.pdf (MUST lab, 22 samples, SEM-EDX)",1el3ET8WvDjbohD0oJyQJ1CU4Lo7h-0-Z,46336,,,,,polished thin section (drill-core sample; hole/depth not stated),Diorite,Диорит,Hypidiomorphic granular; massive; ore disseminated,Plagioclase:50-53; Hornblende:40-45; Quartz:few; Apatite:accessory; Ore minerals:5-7; Magnetite:3-4; Pentlandite:1-2; Chalcopyrite:<1; Arsenopyrite:<1,Plagioclase carbonate-sericite replaced; hornblende weakly chloritized; hydrothermal chlorite-carbonate-sericite,"Disseminated magnetite (0.5 mm); euhedral pentlandite to 0.1 mm with talc-carbonate; sparse chalcopyrite 0.1 mm; disseminated arsenopyrite to 0.7 mm; no mutual relations, sequence indeterminate",Hornblende diorite with unusual disseminated pentlandite and arsenopyrite in an intermediate intrusive.,"MUST (ШУТИС) Mineral Resource Research professor team — B.Enkhjargal (PhD), T.Oyunchimeg (PhD), N.Bolorchimeg (PhD), B.Altanzul (PhD); client: Ragnarok Investment LLC | T.Oyunchimeg, B.Enkhjargal",2025-09-09
"Report_ABM 2025.09.09 final.pdf (MUST lab, 22 samples, SEM-EDX)",1el3ET8WvDjbohD0oJyQJ1CU4Lo7h-0-Z,41546,,,,,polished thin section (drill-core sample; hole/depth not stated),Olivine gabbro,Оливинт габбро,"Ophitic, poikilitic; massive",Clinopyroxene (augite):25-30; Olivine:25-30; Plagioclase:20-25; Hornblende:15-20; Biotite:3-5; Ore minerals:5-10; Magnetite:2-3; Chalcopyrrhotite:<1; Pentlandite:<1; Pyrrhotite:1-2; Ilmenite:1-2,Olivine fully talcose (shape kept) with ore-dust bands along fractures; plagioclase sericite-saussurite; hornblende/biotite chloritized; calcite veinlets with secondary apatite,"Pyrrhotite (to 1 mm, spotted) rimmed by chalcopyrrhotite; pentlandite to 0.4 mm intergrown with both; magnetite to 2 mm — SEM-EDX shows it carries Cr and Ti; ilmenite with pyrrhotite",Olivine gabbro with talc-pseudomorphed olivine; disseminated Ni-Cu assemblage (pyrrhotite-chalcopyrrhotite-pentlandite) and Cr-Ti-bearing magnetite.,"MUST (ШУТИС) Mineral Resource Research professor team — B.Enkhjargal (PhD), T.Oyunchimeg (PhD), N.Bolorchimeg (PhD), B.Altanzul (PhD); client: Ragnarok Investment LLC | T.Oyunchimeg, B.Enkhjargal",2025-09-09
"Report_ABM 2025.09.09 final.pdf (MUST lab, 22 samples, SEM-EDX)",1el3ET8WvDjbohD0oJyQJ1CU4Lo7h-0-Z,43542,,,,,polished thin section (drill-core sample; hole/depth not stated),Rhyolite porphyry,Риолит-порфир,Porphyritic (glomeroporphyritic); groundmass microfelsitic; massive,Plagioclase:30-35; K-feldspar (micropertite):30-35; Quartz:30-35; Biotite:3-5; Pyrite:1-2; Hematite:<1; Apatite:accessory,Weak pelite-sericite on feldspars; weak brecciation with biotite + ore dust along fractures; iron-hydroxide staining,Pyrite disseminations to 0.6 mm partly replaced by hematite; hematite hairline veinlets to 0.1 mm; sequence pyrite - hematite,Felsic rhyolite porphyry with glomeroporphyritic feldspar-quartz phenocrysts (65-70%); weak pyrite-hematite mineralisation only.,"MUST (ШУТИС) Mineral Resource Research professor team — B.Enkhjargal (PhD), T.Oyunchimeg (PhD), N.Bolorchimeg (PhD), B.Altanzul (PhD); client: Ragnarok Investment LLC | T.Oyunchimeg, B.Enkhjargal",2025-09-09
"Report_ABM 2025.09.09 final.pdf (MUST lab, 22 samples, SEM-EDX)",1el3ET8WvDjbohD0oJyQJ1CU4Lo7h-0-Z,46470,,,,,polished thin section (drill-core sample; hole/depth not stated),Altered andesite,Хувирсан андезит,"Porphyritic; groundmass lepidogranoblastic (metamorphosed); massive, weakly brecciated; ore disseminated, spotted",Plagioclase:45-50; Hornblende:40-45; Quartz:5; Chalcopyrite:<1; Pyrite:1-2; Magnetite:1-2,"Phenocrysts pseudomorphed: plagioclase to chlorite-epidote-sericite, hornblende to chlorite-tremolite; groundmass recrystallized (lepidogranoblastic); cut by 0.5 mm quartz-carbonate veins",Sequence magnetite - pyrite - chalcopyrite; pyrite to 1.4 mm with chalcopyrite filling its micro-fractures (later); lone chalcopyrite disseminations; isolated magnetite to 1 mm,Metamorphosed/altered andesite with weak pyrite-chalcopyrite mineralisation along recrystallized groundmass and veins.,"MUST (ШУТИС) Mineral Resource Research professor team — B.Enkhjargal (PhD), T.Oyunchimeg (PhD), N.Bolorchimeg (PhD), B.Altanzul (PhD); client: Ragnarok Investment LLC | T.Oyunchimeg, B.Enkhjargal",2025-09-09
"Report_ABM 2025.09.09 final.pdf (MUST lab, 22 samples, SEM-EDX)",1el3ET8WvDjbohD0oJyQJ1CU4Lo7h-0-Z,46369,,,,,polished thin section (drill-core sample; hole/depth not stated),Andesite tuff,Андезитын туф,"Litho-crystalloclastic; matrix microlitic; massive; ore disseminated, spotted",Plagioclase:60-65; Hornblende:10-15; Biotite:3-5; Volcanic glass:15-20; Pyrite:<1; Chalcopyrite:<1; Rutile:1-2; Zircon:accessory; Apatite:accessory,"Hornblende partly carbonate-tremolite-chlorite; glass partly chlorite-epidote; epidote-zoisite, carbonate secondary",Euhedral pyrite 0.3 mm grains and clusters to 1.6 mm; chalcopyrite disseminations to 0.2 mm; no mutual spatial relations; secondary rutile,Crystal-lithic andesite tuff (andesite and dacite clasts 45-50%) with sparse disseminated pyrite-chalcopyrite.,"MUST (ШУТИС) Mineral Resource Research professor team — B.Enkhjargal (PhD), T.Oyunchimeg (PhD), N.Bolorchimeg (PhD), B.Altanzul (PhD); client: Ragnarok Investment LLC | T.Oyunchimeg, B.Enkhjargal",2025-09-09
"Report_ABM 2025.09.09 final.pdf (MUST lab, 22 samples, SEM-EDX)",1el3ET8WvDjbohD0oJyQJ1CU4Lo7h-0-Z,41582,,,,,polished thin section (drill-core sample; hole/depth not stated),Altered quartz diorite,Хувирсан кварцат диорит,"Relict hypidiomorphic; massive, weakly brecciated",Hornblende:40-45; Plagioclase:45-50; Quartz (primary+secondary):5-10; Ore minerals:2-3; Carbonate (secondary):; Chlorite (secondary):,Very strong carbonatisation; plagioclase weakly sericitized; amphibole fully chlorite-carbonate pseudomorphed; secondary quartz-carbonate fills brecciated interstices,Accessory ore grains with altered hornblende; apatite accessory,Strongly carbonatised quartz diorite with pseudomorphed amphibole; near-barren.,"MUST (ШУТИС) Mineral Resource Research professor team — B.Enkhjargal (PhD), T.Oyunchimeg (PhD), N.Bolorchimeg (PhD), B.Altanzul (PhD); client: Ragnarok Investment LLC | T.Oyunchimeg",2025-09-09
"Report_ABM 2025.09.09 final.pdf (MUST lab, 22 samples, SEM-EDX)",1el3ET8WvDjbohD0oJyQJ1CU4Lo7h-0-Z,43664,,,,,polished thin section (drill-core sample; hole/depth not stated),Metasomatically strongly altered andesidacite,Метасоматоз хувиралд хүчтэй орсон андезидацит,"Blastoporphyritic, lepidogranoblastic; massive, porous",Epidote:35-40; Chlorite:35-40; Quartz+plagioclase:10-15; Sericite:10-15; Ore minerals:2-3,Near-total metasomatic replacement: epidote pseudomorphs after amphibole/biotite phenocrysts; quartz-epidote false amygdules; sericite-chlorite groundmass,Accessory only (2-3%),Andesidacite converted to an epidote-chlorite-sericite-quartz metasomatite; ore minerals accessory.,"MUST (ШУТИС) Mineral Resource Research professor team — B.Enkhjargal (PhD), T.Oyunchimeg (PhD), N.Bolorchimeg (PhD), B.Altanzul (PhD); client: Ragnarok Investment LLC | T.Oyunchimeg",2025-09-09
"Report_ABM 2025.09.09 final.pdf (MUST lab, 22 samples, SEM-EDX)",1el3ET8WvDjbohD0oJyQJ1CU4Lo7h-0-Z,43570,,,,,polished thin section (drill-core sample; hole/depth not stated),Plagioclase-quartz-calcite metasomatite,Плагиоклаз-кварц-кальцитын метасоматит,"Relict granitic, metasomatic; weakly schistose",Quartz:50-55; Calcite:15-20; Feldspar:10-15; Biotite:5; Ore minerals:2-3; Apatite:accessory; Fluorite:<1,Silicification (quartz lenses/clots); cataclasis with 0.5 mm quartz-carbonate veins (weak breccia); sericite,Cubic and irregular ore grains 0.1-0.5 mm with carbonate veinlets and scattered; fluorite noted in vein cement,"Silicified, carbonated cataclastic metasomatite over probable granitic protolith; minor disseminated ore and trace fluorite.","MUST (ШУТИС) Mineral Resource Research professor team — B.Enkhjargal (PhD), T.Oyunchimeg (PhD), N.Bolorchimeg (PhD), B.Altanzul (PhD); client: Ragnarok Investment LLC | T.Oyunchimeg",2025-09-09
BayanSair_Drilling Sample Petrography_12 Sample.docx,1XSM2M96NX3-UdzGe8csb3RF95jqecbOD,BS001-111.5 (45616),BS001,,,111.5,polished thin section (ӨТШ),Altered diorite porphyry,Хувирсан диорит порфир,"Porphyritic; groundmass micro-prismatic granular, partly subophitic; massive",Altered plagioclase:75-80; Altered hornblende:20-25; Pyrite:few; Goethite:few; Hydrogoethite:few,"Sericite, pelite, quartz, actinolite; epigenetic quartz and carbonate veinlets 0.03-1.0 mm; hornblende partly silicified",Pyrite-goethite-hydrogoethite paragenesis; disseminated pyrite/goethite 0.02-0.1 mm plus dust-like pyrite micro-lenses; hydrogoethite hairline veinlets along fractures,Field: andesite. Diorite porphyry with 20-25% micro-phenocrysts of altered plagioclase and blue-green hornblende in a micro-prismatic groundmass; weak pyrite + iron-oxide mineralisation. (Report summary lists this sample as 45621; the per-sample header reads 45616.),,
BayanSair_Drilling Sample Petrography_12 Sample.docx,1XSM2M96NX3-UdzGe8csb3RF95jqecbOD,BS001-195.3 (45625),BS001,,,195.3,polished thin section (ӨТШ),Altered medium- to fine-grained hornblende gabbrodiorite,Хувирсан дунд жижиг ширхэгтэй эвэрхуурмагт габбродиорит,"Porphyritic tendency; subophitic, locally prismatic granular to poikilo-ophitic; massive",Altered plagioclase:65-70; Altered hornblende:25-30; Biotite:1-2; Pyrite:3-5; Ilmenite:0.5; Titanite:few,Weak sericite-pelite on plagioclase; hornblende margins to actinolite; leucoxene,Ilmenite-pyrite paragenesis; ilmenite micro-disseminations with hornblende; euhedral pyrite 0.1-0.5 mm as disseminations and micro-lenses,Field: dolerite. Fresh-ish hornblende gabbrodiorite with even pyrite dissemination.,,
BayanSair_Drilling Sample Petrography_12 Sample.docx,1XSM2M96NX3-UdzGe8csb3RF95jqecbOD,BS001-281.2 (45632),BS001,,,281.2,polished thin section (ӨТШ),Altered gabbrodiorite porphyry,Хувирсан габбродиорит порфир,"Porphyritic; groundmass micro-prismatic granular, partly subophitic; massive",Altered plagioclase:55-60; Altered hornblende:30-35; Biotite:1-3; Pyrite:3-5; Magnetite:0.2-0.5; Hematite:few; Ilmenite:few; Titanite:few,"Sericite, pelite, chlorite, actinolite, carbonate; epigenetic carbonate veinlets 0.05-1.5 mm plus quartz-chlorite lenses","Magnetite/ilmenite-hematite-pyrite paragenesis; magnetite micro-disseminations with hornblende, weakly martitized; pyrite 0.1-1.0 mm mostly within chlorite-carbonate lenses and veinlets",Field: gabbro/gabbrodiorite. Gabbrodiorite porphyry (phenocrysts 20-25%) with pyrite in late carbonate veins.,,
BayanSair_Drilling Sample Petrography_12 Sample.docx,1XSM2M96NX3-UdzGe8csb3RF95jqecbOD,BS001-284.2 (45634),BS001,,,284.2,polished thin section (ӨТШ),Altered gabbrodiorite porphyry,Хувирсан габбродиорит порфир,"Porphyritic; groundmass micro-prismatic granular, partly subophitic; massive",Altered plagioclase:70-75; Altered hornblende:25-30; Mon. pyroxene:few; Biotite:1-3; Pyrite:3-5; Ilmenite+magnetite:0.2-0.5; Titanite:few; Carbonate (epigenetic):3-5; Quartz (epigenetic):few,"Sericite, pelite, chlorite; carbonate-chlorite veinlets cutting pyroxene",Titanite-ilmenite-pyrite paragenesis; skeletal (cage-like) ilmenite intergrowths with hornblende; pyrite 0.02-0.6 mm disseminated with mafics plus micro-lenses in carbonate-quartz veins,Same as BS001-281.2 with rare fresh mon.pyroxene phenocrysts; even pyrite dissemination.,,
BayanSair_Drilling Sample Petrography_12 Sample.docx,1XSM2M96NX3-UdzGe8csb3RF95jqecbOD,BS001-287 (45635),BS001,,,287.0,polished thin section (ӨТШ),Altered diorite porphyry,Хувирсан диорит порфир,"Porphyritic; groundmass micro-prismatic granular, locally subophitic; massive",Altered plagioclase:70-75; Altered biotite:10-15; Altered hornblende:3-5; Pyrite:0.5-1.0; Ilmenite:1-3; Titanite:few; Apatite:few,"Sericite, pelite, chlorite, actinolite, carbonate; mafic phenocrysts fully carbonate-bearing chlorite pseudomorphs (after hornblende and biotite); epigenetic carbonate veinlets 0.05-0.2 mm",Titanite-ilmenite-pyrite paragenesis; magmatic skeletal ilmenite disseminated with altered mafics; pyrite 0.02-0.3 mm disseminations (with mafics) and micro-lenses in carbonate lenses,Field: gabbro. Diorite porphyry with chlorite-pseudomorphed mafic phenocrysts; weak pyrite-ilmenite mineralisation.,,
BayanSair_Drilling Sample Petrography_12 Sample.docx,1XSM2M96NX3-UdzGe8csb3RF95jqecbOD,BS001-443 (45656),BS001,,,443.0,polished thin section (ӨТШ),"Carbonatised, silicified altered gabbrodiorite porphyry","Карбонатчлагдаж, цахиуржсан хувирсан габбродиорит порфир","Porphyritic; groundmass micro-prismatic granular, partly subophitic; massive",Altered plagioclase:70-75; Altered hornblende:20-25; Pyrite:1-3; Ilmenite:0.5; Titanite:few; Apatite:few; Chalcopyrite:single grains; Carbonate (epigenetic):5; Quartz (epigenetic):1-3; Chlorite (epigenetic):1-2,"Carbonatisation and silicification: quartz-carbonate(-pyrite) lenses/veinlets 0.05-0.4 mm; sericite, pelite, chlorite, actinolite",Titanite-ilmenite-pyrite paragenesis; pyrite 0.02-0.6 mm disseminated and as 0.2-0.5 mm veinlets with quartz-carbonate veins; rare chalcopyrite micrograins 0.03-0.1 mm,Field: dacite. Quartz-pyrite veined gabbrodiorite porphyry; weak Cu (single chalcopyrite grains).,,
BayanSair_Drilling Sample Petrography_12 Sample.docx,1XSM2M96NX3-UdzGe8csb3RF95jqecbOD,BS001-460.3 (45659),BS001,,,460.3,polished thin section (ӨТШ),Strongly altered gabbrodiorite porphyry,Хүчтэй хувирсан габбродиорит порфир,"Porphyritic; groundmass micro-prismatic granular, subophitic, partly micronematolepidoblastic; massive",Altered plagioclase:65-70; Altered hornblende:20-25; Biotite:3-5; Pyrite:1; Ilmenite+magnetite:0.5-1; Titanite:few; Chalcopyrite:few,"Sericite, pelite, chlorite, actinolite; epigenetic carbonate, quartz, chlorite, actinolite, muscovite veinlets 0.05-0.1 mm; biotite-chlorite aggregates replacing hornblende",Titanite-ilmenite-chalcopyrite-pyrite paragenesis; pyrite 0.02-0.5 mm intergrown with altered hornblende and chloritized biotite; chalcopyrite 0.05-0.2 mm replaced by pyrite; biotite-chlorite+chalcopyrite-pyrite micro-lenses,"Field: gabbrodiorite (alkalic gabbro). Strongly altered porphyry; chemistry plots as alkalic gabbrodiorite on TAS, attributed to K-bearing biotite/muscovite; chalcopyrite-pyrite lenses with biotite-chlorite.",,
BayanSair_Drilling Sample Petrography_12 Sample.docx,1XSM2M96NX3-UdzGe8csb3RF95jqecbOD,BS001-483.5 (45663),BS001,,,483.5,polished thin section (ӨТШ),Altered diorite porphyry,Хувирсан диорит порфир,Porphyritic; groundmass micro-prismatic granular; massive,Altered plagioclase:75-80; Altered hornblende:15-20; Pyrite:few; Magnetite:1-3; Titanite:few,"Sericite, epidote, pelite, actinolite; hornblende to radiating actinolite micronematoblastic aggregates; epigenetic quartz-amphibole-epidote veinlets 0.05-2.5 mm",Titanite-magnetite-pyrite paragenesis; magnetite micro-disseminations 0.01-0.1 mm with titanite and actinolitized hornblende; pyrite 0.02-0.3 mm disseminations,Field: gabbrodiorite (diorite). Diorite porphyry with actinolitized hornblende; oxide-dominant weak mineralisation.,,
BayanSair_Drilling Sample Petrography_12 Sample.docx,1XSM2M96NX3-UdzGe8csb3RF95jqecbOD,BS001-501.2 (45675),BS001,,,501.2,polished thin section (ӨТШ),Altered (actinolitized) gabbrodiorite porphyry,Хувирсан (актинолитжсан) габбродиорит порфир,"Porphyritic; groundmass micro-prismatic granular, partly subophitic; massive",Altered plagioclase:70-75; Altered hornblende:25-30; Altered biotite:few; Pyrite:0.5-1.0; Magnetite:1-2; Titanite:few; Chalcopyrite:single grains; Quartz+carbonate (epigenetic):3-5,"Actinolitization (hornblende and plagioclase both replaced by acicular actinolite aggregates); sericite, carbonate, epidote; carbonate-quartz veinlets 0.05-1.0 mm",Titanite-magnetite-chalcopyrite-pyrite paragenesis; magnetite 0.01-0.2 mm with titanite and actinolitized hornblende; pyrite 0.02-0.3 mm; single chalcopyrite micrograins 0.02-0.1 mm inside pyrite-rich lens patches,Field: gabbrodiorite (gabbro). Actinolitized porphyry with weak magnetite-pyrite(-chalcopyrite) dissemination.,,
BayanSair_Drilling Sample Petrography_12 Sample.docx,1XSM2M96NX3-UdzGe8csb3RF95jqecbOD,BS001-510.2 (45681),BS001,,,510.2,polished thin section (ӨТШ),Altered (strongly actinolitized) gabbrodiorite porphyry,Хувирсан (хүчтэй актинолитжсан) габбродиорит порфир,"Porphyritic; groundmass micro-prismatic granular, occasionally subophitic; massive",Altered plagioclase:75-80; Altered hornblende:25-30; Pyrite:0.5; Magnetite:0.5-1.0; Titanite:few; Chalcopyrite:few; Quartz+epidote (epigenetic):20-25,"Strong actinolitization (acicular actinolite nematoblastic aggregate ~40% of rock, after both hornblende and plagioclase); sericite, chlorite, epidote (relatively abundant); quartz-epidote veinlets 0.05-2.0 mm",Titanite-magnetite-pyrite paragenesis; magnetite 0.01-0.2 mm titanite-rimmed; pyrite 0.02-0.3 mm; chalcopyrite micro-clusters 0.01-0.1 mm inside fine pyrite,Like BS001-501.2 but more intensely actinolitized and epidotized; weak sulfide-oxide mineralisation.,,
BayanSair_Drilling Sample Petrography_12 Sample.docx,1XSM2M96NX3-UdzGe8csb3RF95jqecbOD,BS001-380.5 (45652),BS001,,,380.5,polished thin section (ӨТШ),"Silicified, pyritized silty argillite","Цахиуржиж, пиритжсэн алевритлаг аргиллит","Blastoaleuropelitic; matrix cryptolepidoblastic; weakly schistose, lenticular, banded",Clayey-micaceous aggregate:80-85; Silt/sand relict fragments:3-5; Microdiorite fragments/lenses:1-3; Quartz (epigenetic):5-8; Carbonate (epigenetic):1-3; Pyrite:5-8; Goethite:few,Silicification; quartz-carbonate lenses/veinlets 0.1-2.0 mm; quartz-sericite bands 1-2 mm with pyrite; XRD suggested for the cryptocrystalline clay-mica aggregate,Pyrite-goethite paragenesis; pyrite lenses/veins 0.1-1.5 mm within quartz-carbonate veinlets and in quartz-sericite bands; single goethite grains,Field: siltstone. Cryptolepidoblastic clay-sericite argillite with albite/microdiorite chips (possible xenoliths); pyritization tied to late quartz-carbonate.,,
BayanSair_Drilling Sample Petrography_12 Sample.docx,1XSM2M96NX3-UdzGe8csb3RF95jqecbOD,BS001-380.8 (45652/45653),BS001,,,380.8,polished thin section (ӨТШ),"Silicified, carbonatised, pyritized silty argillite (phyllite)","Цахиуржиж, карбонатчлагдаж, пиритжсэн алевритлаг аргиллит (филлит)","Blastoaleuropelitic; matrix cryptolepidoblastic; weakly schistose, lenticular, banded",Clayey-siliceous-sericite aggregate:80-85; Silt/sand relict fragments:1-3; Microdiorite fragments/lenses:1-3; Quartz (epigenetic):5-8; Carbonate (epigenetic):1-3; Pyrite:8-10; Pyrrhotite?:few; Goethite:few,Strong silicification and carbonatisation; carbonate-quartz lenses/veins 0.05-5 mm; strongly pyritized sericite-quartz bands 1-3 mm,"Pyrite dominant: veinlets of 0.1-0.3 mm grains plus standalone lenses/veins 5-8 mm wide, locally intergrown with muscovite; sparse pyrrhotite within pyrite lenses","Like BS001-380.5 but more strongly veined and pyritized. Lab number printed as 45652 for both 380.5 and 380.8 (report summary lists 45652, 45653 — likely 45653 here).",,
MS3_Outcrop Sample_Петрографи-минераграфи 4ш.docx,1pdeSCucBLmStH5nrRrOUaMwXzr_KpQK-,46811,,,,,"polished thin section (ӨТШ), outcrop sample (MS3)",Fine-grained pyroxene-hornblende gabbrodiorite,Жижиг ширхэгтэй пироксен-эвэрхуурмагт габбродиорит,"Ophitic, subophitic, locally poikilo-ophitic; massive",Altered plagioclase:65-70; Mon. pyroxene:10-15; Hornblende:10-15; Biotite:1-2; Pyrite:few; Magnetite:3-5; Ilmenite:0.5; Hematite:0.5; Goethite:few,"Sericite (plagioclase cores), actinolite, chlorite, carbonate","Magnetite/ilmenite-hematite-pyrite-goethite paragenesis; magnetite dominant, even disseminations 0.02-0.2 mm with pyroxene/hornblende, ~10-15% martitized to hematite; sparse pyrite 0.01-0.1 mm; rare goethite grains/veinlets","Field: gabbrodiorite. Subophitic gabbrodiorite of zoned plagioclase, fresh mon.pyroxene and pale-green hornblende; oxide-dominated accessory mineralisation.",,
MS3_Outcrop Sample_Петрографи-минераграфи 4ш.docx,1pdeSCucBLmStH5nrRrOUaMwXzr_KpQK-,46810,,,,,"polished thin section (ӨТШ), outcrop sample (MS3)",Altered gabbrodiorite porphyry,Хувирсан габбродиорит-порфир,"Porphyritic; groundmass subophitic, locally poikilo-ophitic; massive",Altered plagioclase:65-70; Mon. pyroxene:15-20; Hornblende:8-10; Biotite:5-8; Pyrite:few; Magnetite:2-3; Hematite:few; Ilmenite:few; Goethite:0.5; Apatite:single grains,Sericite; hornblende strongly actinolitized; biotite chloritized; weak hydrogoethite staining along fractures,"Magnetite-hematite-pyrite-goethite paragenesis; magnetite/ilmenite disseminations 0.02-0.2 mm with mafics, 15-20% martitized; zoned goethite grains 0.05-0.2 mm containing pyrite relicts",Field: oxidized gabbro? Porphyritic gabbrodiorite (plagioclase phenocrysts 10-15%) with weakly oxidised magnetite-dominated accessory mineralisation; pyrite preserved as relicts in goethite.,,
MS3_Outcrop Sample_Петрографи-минераграфи 4ш.docx,1pdeSCucBLmStH5nrRrOUaMwXzr_KpQK-,46808,,,,,"polished thin section (ӨТШ), outcrop sample (MS3)",Fine- to medium-grained pyroxene-hornblende gabbrodiorite,Жижиг дунд ширхэгтэй пироксен-эвэрхуурмагт габбродиорит,"Ophitic, subophitic, locally poikilo-ophitic; massive",Altered plagioclase:65-70; Mon. pyroxene:15-20; Hornblende:8-10; Biotite:5-8; Magnetite:3-5; Hematite:few; Goethite:few; Pyrite:single grains; Hydrogoethite:few,Sericite with earthy epidote in plagioclase cores; hornblende strongly actinolitized; biotite partly to fully chlorite pseudomorphed with hydrogoethite along cleavage,"Magnetite-hematite-pyrite-goethite-hydrogoethite paragenesis; magnetite disseminations 0.05-0.2 mm slightly martitized; goethite replacing magnetite, hosting single pyrite relicts; very weak oxidation overall",Field: oxidized gabbro? Subophitic gabbrodiorite very similar to 46811/46810; weakly oxidised oxide-dominant mineralisation.,,
MS3_Outcrop Sample_Петрографи-минераграфи 4ш.docx,1pdeSCucBLmStH5nrRrOUaMwXzr_KpQK-,46812,,,,,"polished thin section (ӨТШ), outcrop sample (MS3)",Spotted meta-siltstone,Толболог метаалевролит,"Blastoaleuritic, microlepidoblastic; schistose, spotted, weakly folded",Quartz (silt fragments):25-30; Plagioclase (fragments):few; Clayey-sericite matrix:70-75; Goethite:1-2; Hydrogoethite:3-5; Pyrite:few,Sericite spots 0.6-1.0 mm (35-40% of rock); iron-hydroxide staining,Pyrite-goethite-hydrogoethite paragenesis; goethite-hydrogoethite grains 0.01-0.2 mm and crosscutting veinlets; sparse pyrite dust,Field: spotted rock. Spotted meta-siltstone: aligned clay-sericite matrix with coarse sericite spot clusters and silt quartz fragments; only iron-oxide veinlets with pyrite dust.,,
